id_student,ciclo,id_assessment,total_clicks,cluster,perfil,silhueta
31296,1,34899,45,1,Cluster 1 (com=0.70),0.3775000535708603
35747,1,34899,491,0,Cluster 0 (com=0.51),0.11352082759005465
35796,1,34899,277,0,Cluster 0 (com=0.51),0.44534422427477816
40857,1,34899,207,1,Cluster 1 (com=0.70),-0.029450927977806057
40878,1,34899,345,0,Cluster 0 (com=0.51),0.5163119386241218
42552,1,34899,500,0,Cluster 0 (com=0.51),0.3712194466801821
43958,1,34899,297,0,Cluster 0 (com=0.51),0.42225531084215673
45423,1,34899,807,0,Cluster 0 (com=0.51),0.38545215393392257
47861,1,34899,2276,0,Cluster 0 (com=0.51),0.5000425403905134
56637,1,34899,1140,0,Cluster 0 (com=0.51),0.48570761965970954
56667,1,34899,54,1,Cluster 1 (com=0.70),0.4007931352762398
58884,1,34899,667,0,Cluster 0 (com=0.51),0.3941645292230279
63112,1,34899,126,1,Cluster 1 (com=0.70),0.03296566657977391
64427,1,34899,415,0,Cluster 0 (com=0.51),0.41329053601567295
66892,1,34899,81,0,Cluster 0 (com=0.51),0.3044959958019039
69439,1,34899,229,0,Cluster 0 (com=0.51),0.32156685279774394
71159,1,34899,459,0,Cluster 0 (com=0.51),0.2367771680156152
74165,1,34899,461,0,Cluster 0 (com=0.51),0.37870985863585305
75107,1,34899,938,0,Cluster 0 (com=0.51),0.5222620905673504
77692,1,34899,600,1,Cluster 1 (com=0.70),0.38673330008981344
77995,1,34899,103,1,Cluster 1 (com=0.70),0.027092777928749732
79610,1,34899,304,1,Cluster 1 (com=0.70),-0.05978095961983216
80438,1,34899,903,0,Cluster 0 (com=0.51),0.5207214882269516
84604,1,34899,710,0,Cluster 0 (com=0.51),0.40874910981989815
85241,1,34899,142,0,Cluster 0 (com=0.51),0.3530259196729958
87264,1,34899,500,0,Cluster 0 (com=0.51),0.34858660390431895
87322,1,34899,88,0,Cluster 0 (com=0.51),0.34159983365633706
91801,1,34899,795,0,Cluster 0 (com=0.51),0.44903236925988327
94749,1,34899,584,0,Cluster 0 (com=0.51),0.46787867481033585
98256,1,34899,164,0,Cluster 0 (com=0.51),0.31580724641410224
101217,1,34899,62,0,Cluster 0 (com=0.51),0.25680483449879365
102854,1,34899,610,0,Cluster 0 (com=0.51),0.5264771272806844
105125,1,34899,388,0,Cluster 0 (com=0.51),0.3773715211358743
105939,1,34899,265,0,Cluster 0 (com=0.51),0.2503430087040124
107455,1,34899,252,0,Cluster 0 (com=0.51),0.3446842614248779
109577,1,34899,143,0,Cluster 0 (com=0.51),0.24291601094301418
110820,1,34899,471,0,Cluster 0 (com=0.51),0.4611022316520364
113702,1,34899,973,0,Cluster 0 (com=0.51),0.47583068564748576
116529,1,34899,11,0,Cluster 0 (com=0.51),0.21722922330056643
119310,1,34899,232,0,Cluster 0 (com=0.51),0.24135786901445622
119865,1,34899,410,0,Cluster 0 (com=0.51),0.302021071193195
125063,1,34899,490,0,Cluster 0 (com=0.51),0.3106031670992113
129907,1,34899,639,1,Cluster 1 (com=0.70),-0.027266931361320298
131597,1,34899,60,0,Cluster 0 (com=0.51),0.23447482541981737
132423,1,34899,278,0,Cluster 0 (com=0.51),0.26786555827490105
132475,1,34899,590,0,Cluster 0 (com=0.51),0.3816364549305404
135280,1,34899,863,0,Cluster 0 (com=0.51),0.06393810683198486
136944,1,34899,6,0,Cluster 0 (com=0.51),0.21495122911023126
139206,1,34899,627,0,Cluster 0 (com=0.51),0.3821901379825019
142310,1,34899,244,0,Cluster 0 (com=0.51),0.5095214356907267
143755,1,34899,1129,0,Cluster 0 (com=0.51),0.31567471865635394
144959,1,34899,66,1,Cluster 1 (com=0.70),0.032535282225155636
149178,1,34899,532,0,Cluster 0 (com=0.51),0.5373587407147934
150282,1,34899,168,0,Cluster 0 (com=0.51),0.18086930827105382
152524,1,34899,964,0,Cluster 0 (com=0.51),0.5491446377265551
152917,1,34899,694,0,Cluster 0 (com=0.51),0.4202882039405776
155938,1,34899,557,0,Cluster 0 (com=0.51),0.42332718403559294
157225,1,34899,201,1,Cluster 1 (com=0.70),0.2514267754335979
159906,1,34899,266,0,Cluster 0 (com=0.51),0.38614577966648067
159947,1,34899,129,1,Cluster 1 (com=0.70),0.33700846713642746
164148,1,34899,306,1,Cluster 1 (com=0.70),0.19680712597023262
166123,1,34899,339,1,Cluster 1 (com=0.70),0.074214318619977
169596,1,34899,336,0,Cluster 0 (com=0.51),0.42483759097156226
170874,1,34899,336,0,Cluster 0 (com=0.51),0.48908354406952903
172493,1,34899,458,0,Cluster 0 (com=0.51),0.2637076341784954
177492,1,34899,908,0,Cluster 0 (com=0.51),0.5158409465841997
184627,1,34899,315,1,Cluster 1 (com=0.70),-0.0474620215263654
184720,1,34899,323,0,Cluster 0 (com=0.51),0.3683506491228173
185994,1,34899,330,0,Cluster 0 (com=0.51),0.42876034768874055
191504,1,34899,178,0,Cluster 0 (com=0.51),0.40648473882785346
194163,1,34899,369,1,Cluster 1 (com=0.70),-0.11466314988780184
195246,1,34899,558,0,Cluster 0 (com=0.51),0.4534458375910151
195552,1,34899,474,0,Cluster 0 (com=0.51),0.3030340375802265
199009,1,34899,354,0,Cluster 0 (com=0.51),0.340156543124197
204117,1,34899,386,0,Cluster 0 (com=0.51),0.33357971299514866
226955,1,34899,721,0,Cluster 0 (com=0.51),0.49173687077588396
228633,1,34899,602,0,Cluster 0 (com=0.51),0.4946479389931764
229498,1,34899,682,0,Cluster 0 (com=0.51),0.5225032857378619
230947,1,34899,101,1,Cluster 1 (com=0.70),0.09616292954411275
232173,1,34899,1155,0,Cluster 0 (com=0.51),0.421825294359904
234661,1,34899,466,0,Cluster 0 (com=0.51),0.4587981374073602
235747,1,34899,136,1,Cluster 1 (com=0.70),0.36869475155961956
235768,1,34899,410,1,Cluster 1 (com=0.70),0.1165479297068979
235971,1,34899,693,0,Cluster 0 (com=0.51),0.3566036889361756
236090,1,34899,558,0,Cluster 0 (com=0.51),0.5097943399856933
237891,1,34899,217,0,Cluster 0 (com=0.51),0.12029740117925672
249357,1,34899,410,1,Cluster 1 (com=0.70),0.3933302420575084
251166,1,34899,560,0,Cluster 0 (com=0.51),0.5178709137033612
253633,1,34899,370,0,Cluster 0 (com=0.51),0.3604886833881457
253763,1,34899,1234,0,Cluster 0 (com=0.51),0.5498432552857344
258245,1,34899,377,0,Cluster 0 (com=0.51),0.3314924126320793
258509,1,34899,311,0,Cluster 0 (com=0.51),0.2261855953505528
258978,1,34899,343,0,Cluster 0 (com=0.51),0.317279966666252
261863,1,34899,228,0,Cluster 0 (com=0.51),0.3200439158812206
262025,1,34899,349,1,Cluster 1 (com=0.70),0.10727244550999954
262394,1,34899,156,0,Cluster 0 (com=0.51),0.3811287655101582
263862,1,34899,262,0,Cluster 0 (com=0.51),0.30101561394410814
265497,1,34899,400,0,Cluster 0 (com=0.51),0.34048971744635503
268823,1,34899,48,1,Cluster 1 (com=0.70),0.14600392841268214
269584,1,34899,140,1,Cluster 1 (com=0.70),-0.04614238837860169
270421,1,34899,124,1,Cluster 1 (com=0.70),0.16978873396380137
275127,1,34899,184,0,Cluster 0 (com=0.51),0.11363657483002992
277384,1,34899,602,0,Cluster 0 (com=0.51),0.3093735220836483
278380,1,34899,564,0,Cluster 0 (com=0.51),0.4694233050961451
279440,1,34899,674,0,Cluster 0 (com=0.51),0.35366286081060905
279653,1,34899,534,0,Cluster 0 (com=0.51),0.5072379697851105
279883,1,34899,136,0,Cluster 0 (com=0.51),0.11887001874652224
281134,1,34899,420,0,Cluster 0 (com=0.51),0.39628156462764863
282849,1,34899,614,0,Cluster 0 (com=0.51),0.5495514996491747
283402,1,34899,1046,0,Cluster 0 (com=0.51),0.505962574975135
286778,1,34899,398,0,Cluster 0 (com=0.51),0.10882429329507665
287079,1,34899,109,0,Cluster 0 (com=0.51),0.3499630516875928
287258,1,34899,446,0,Cluster 0 (com=0.51),0.44451426261082927
289247,1,34899,286,0,Cluster 0 (com=0.51),0.4392872017964215
294112,1,34899,910,0,Cluster 0 (com=0.51),0.4542406588901458
294219,1,34899,1512,0,Cluster 0 (com=0.51),0.5238875540301072
294920,1,34899,1025,0,Cluster 0 (com=0.51),0.3624635830418629
294929,1,34899,800,0,Cluster 0 (com=0.51),0.3956957668808636
297218,1,34899,321,0,Cluster 0 (com=0.51),0.2705575358059508
297341,1,34899,720,0,Cluster 0 (com=0.51),0.3073244038732321
301074,1,34899,463,0,Cluster 0 (com=0.51),0.34708173640888507
301561,1,34899,354,0,Cluster 0 (com=0.51),0.10310258634015329
305064,1,34899,1013,0,Cluster 0 (com=0.51),0.5634211731945796
305659,1,34899,198,0,Cluster 0 (com=0.51),0.32563097957206993
310205,1,34899,739,0,Cluster 0 (com=0.51),0.4391833232293711
312126,1,34899,510,0,Cluster 0 (com=0.51),0.4081131367726213
312231,1,34899,139,0,Cluster 0 (com=0.51),0.2500486510743986
312960,1,34899,27,1,Cluster 1 (com=0.70),0.05490047024969443
315795,1,34899,284,0,Cluster 0 (com=0.51),0.4237273101231126
316082,1,34899,112,0,Cluster 0 (com=0.51),0.11221634008543072
318139,1,34899,515,0,Cluster 0 (com=0.51),0.4614814246125405
318147,1,34899,558,0,Cluster 0 (com=0.51),0.39180737268907223
319073,1,34899,589,0,Cluster 0 (com=0.51),0.5037114560835557
320133,1,34899,997,0,Cluster 0 (com=0.51),0.5409017792755695
320612,1,34899,698,0,Cluster 0 (com=0.51),0.48805892246705734
322499,1,34899,124,0,Cluster 0 (com=0.51),0.36897805206796136
328797,1,34899,212,1,Cluster 1 (com=0.70),0.38183278153268885
331789,1,34899,206,1,Cluster 1 (com=0.70),-0.032422899654071954
332237,1,34899,23,0,Cluster 0 (com=0.51),0.17902315397068283
333993,1,34899,584,0,Cluster 0 (com=0.51),0.4854818916396849
334224,1,34899,96,0,Cluster 0 (com=0.51),0.4408961570111073
335095,1,34899,495,0,Cluster 0 (com=0.51),0.41214070164374356
337000,1,34899,414,0,Cluster 0 (com=0.51),0.5066489183513736
338689,1,34899,40,0,Cluster 0 (com=0.51),0.3926269085846394
338806,1,34899,31,1,Cluster 1 (com=0.70),0.3128073962933417
339519,1,34899,452,0,Cluster 0 (com=0.51),0.34156270217995505
340831,1,34899,55,1,Cluster 1 (com=0.70),0.0755585377624316
341093,1,34899,117,0,Cluster 0 (com=0.51),0.39250837770723274
341457,1,34899,591,0,Cluster 0 (com=0.51),0.10425253498933154
341629,1,34899,381,0,Cluster 0 (com=0.51),0.4566961906274229
343709,1,34899,132,0,Cluster 0 (com=0.51),0.3428709028482946
345271,1,34899,2534,0,Cluster 0 (com=0.51),0.5333167915693271
347197,1,34899,692,0,Cluster 0 (com=0.51),0.4974173406716666
348108,1,34899,207,0,Cluster 0 (com=0.51),0.18462904375480504
348324,1,34899,380,0,Cluster 0 (com=0.51),0.34367640968865126
349515,1,34899,385,0,Cluster 0 (com=0.51),0.37463469312214737
351147,1,34899,261,0,Cluster 0 (com=0.51),0.4198802687835304
354698,1,34899,220,1,Cluster 1 (com=0.70),0.12971213024602227
355293,1,34899,212,1,Cluster 1 (com=0.70),0.28627693183592995
364066,1,34899,954,0,Cluster 0 (com=0.51),0.4276175445314803
366140,1,34899,1052,0,Cluster 0 (com=0.51),0.49838650978534027
367151,1,34899,533,0,Cluster 0 (com=0.51),0.33189342999691085
369242,1,34899,230,0,Cluster 0 (com=0.51),0.2734645251334698
369450,1,34899,612,0,Cluster 0 (com=0.51),0.5125623769741814
369644,1,34899,758,0,Cluster 0 (com=0.51),0.39770856953238093
370735,1,34899,352,0,Cluster 0 (com=0.51),0.22460504791972125
372345,1,34899,518,0,Cluster 0 (com=0.51),0.17026926355659808
372509,1,34899,24,0,Cluster 0 (com=0.51),0.14231686788643613
372511,1,34899,153,1,Cluster 1 (com=0.70),0.04290947571273123
374353,1,34899,696,0,Cluster 0 (com=0.51),0.34027900352478285
375527,1,34899,105,1,Cluster 1 (com=0.70),0.012187366830624762
378705,1,34899,341,0,Cluster 0 (com=0.51),0.3693155451469021
378946,1,34899,1083,0,Cluster 0 (com=0.51),0.4880756601331737
379278,1,34899,1209,0,Cluster 0 (com=0.51),0.4905827643996479
379311,1,34899,160,0,Cluster 0 (com=0.51),0.46610311008897454
379563,1,34899,86,1,Cluster 1 (com=0.70),0.3397333952196728
380952,1,34899,257,0,Cluster 0 (com=0.51),0.3052506543502483
381257,1,34899,778,0,Cluster 0 (com=0.51),0.40340815875048447
381414,1,34899,174,0,Cluster 0 (com=0.51),0.47620411485496295
381428,1,34899,502,0,Cluster 0 (com=0.51),0.45798907277695616
381529,1,34899,435,0,Cluster 0 (com=0.51),0.2526253428701881
383445,1,34899,143,0,Cluster 0 (com=0.51),0.5307779031975467
383602,1,34899,632,0,Cluster 0 (com=0.51),0.34592630591062457
383629,1,34899,58,1,Cluster 1 (com=0.70),0.3959003959655641
384107,1,34899,567,0,Cluster 0 (com=0.51),0.4634505622436191
386121,1,34899,185,0,Cluster 0 (com=0.51),0.1771068983600473
386389,1,34899,291,0,Cluster 0 (com=0.51),0.49183489773292965
386956,1,34899,475,0,Cluster 0 (com=0.51),0.3258619082968368
389853,1,34899,386,0,Cluster 0 (com=0.51),0.0967383119960932
390070,1,34899,361,1,Cluster 1 (com=0.70),0.29562988043706573
393141,1,34899,645,0,Cluster 0 (com=0.51),0.39448848883344306
395758,1,34899,277,0,Cluster 0 (com=0.51),0.18046027619670876
396683,1,34899,1038,0,Cluster 0 (com=0.51),0.5353403139210947
396834,1,34899,70,0,Cluster 0 (com=0.51),0.16537063121970885
396907,1,34899,424,0,Cluster 0 (com=0.51),0.22525742996690612
397219,1,34899,830,0,Cluster 0 (com=0.51),0.5236649857943997
397292,1,34899,115,1,Cluster 1 (com=0.70),0.25152067444120574
397671,1,34899,782,0,Cluster 0 (com=0.51),0.49764586738778455
398550,1,34899,160,0,Cluster 0 (com=0.51),0.3258234298342982
398630,1,34899,123,1,Cluster 1 (com=0.70),0.35181292688485544
399429,1,34899,732,0,Cluster 0 (com=0.51),0.460122399387401
402695,1,34899,227,1,Cluster 1 (com=0.70),0.2568208359791808
405193,1,34899,729,0,Cluster 0 (com=0.51),0.29165149123888345
407232,1,34899,1067,0,Cluster 0 (com=0.51),0.5212915817012749
408499,1,34899,670,0,Cluster 0 (com=0.51),0.4897425842485646
410407,1,34899,889,0,Cluster 0 (com=0.51),0.43048437321648914
410883,1,34899,244,1,Cluster 1 (com=0.70),-0.010389764803819377
411304,1,34899,241,1,Cluster 1 (com=0.70),0.0933092958905589
412353,1,34899,1925,0,Cluster 0 (com=0.51),0.5493825526944759
413180,1,34899,80,1,Cluster 1 (com=0.70),-0.018267062843268025
413709,1,34899,226,0,Cluster 0 (com=0.51),0.4193083426395394
413949,1,34899,505,0,Cluster 0 (com=0.51),0.2394121394779078
416199,1,34899,218,0,Cluster 0 (com=0.51),0.33021964952595667
416407,1,34899,465,0,Cluster 0 (com=0.51),0.09372221924310112
418201,1,34899,781,0,Cluster 0 (com=0.51),0.5184991142228902
419059,1,34899,173,0,Cluster 0 (com=0.51),0.3563773311633568
419081,1,34899,209,0,Cluster 0 (com=0.51),0.11562052482221302
420834,1,34899,900,0,Cluster 0 (com=0.51),0.49124104265059887
421070,1,34899,85,1,Cluster 1 (com=0.70),0.20151511033616498
423210,1,34899,142,1,Cluster 1 (com=0.70),0.03828976347769618
423488,1,34899,553,0,Cluster 0 (com=0.51),0.2671523673900281
423781,1,34899,438,1,Cluster 1 (com=0.70),0.16930772004464098
427256,1,34899,677,0,Cluster 0 (com=0.51),0.424888625574963
429832,1,34899,48,1,Cluster 1 (com=0.70),0.07805160394334232
431139,1,34899,157,0,Cluster 0 (com=0.51),0.2651914777399968
434476,1,34899,1363,0,Cluster 0 (com=0.51),0.523107268939778
438063,1,34899,404,0,Cluster 0 (com=0.51),0.3928405936037576
438644,1,34899,111,0,Cluster 0 (com=0.51),0.28961824932744573
439950,1,34899,174,1,Cluster 1 (com=0.70),0.32623200792684587
439995,1,34899,292,0,Cluster 0 (com=0.51),0.43298651430499874
440818,1,34899,1279,0,Cluster 0 (com=0.51),0.5042940730948695
441165,1,34899,372,0,Cluster 0 (com=0.51),0.4452425609462965
441421,1,34899,524,0,Cluster 0 (com=0.51),0.5033345816893906
442199,1,34899,204,0,Cluster 0 (com=0.51),0.152107705764015
442347,1,34899,438,0,Cluster 0 (com=0.51),0.1666624213914282
442563,1,34899,290,0,Cluster 0 (com=0.51),0.433309109352811
442802,1,34899,526,0,Cluster 0 (com=0.51),0.5149066092931696
443151,1,34899,167,0,Cluster 0 (com=0.51),0.4426280322363927
443514,1,34899,145,1,Cluster 1 (com=0.70),0.11004428582218793
443696,1,34899,539,0,Cluster 0 (com=0.51),0.36550262663538563
444011,1,34899,234,0,Cluster 0 (com=0.51),0.3296671082205687
444619,1,34899,97,1,Cluster 1 (com=0.70),0.14666352371888822
444907,1,34899,448,0,Cluster 0 (com=0.51),0.29977937457046006
445686,1,34899,231,0,Cluster 0 (com=0.51),0.439370243737094
464522,1,34899,376,1,Cluster 1 (com=0.70),0.011876717216240246
465009,1,34899,142,0,Cluster 0 (com=0.51),0.052984689049026576
465078,1,34899,828,0,Cluster 0 (com=0.51),0.35530361663350146
465121,1,34899,246,0,Cluster 0 (com=0.51),0.28095473813246885
465294,1,34899,299,0,Cluster 0 (com=0.51),0.22388833422679508
466120,1,34899,521,0,Cluster 0 (com=0.51),0.384261184450459
466807,1,34899,27,0,Cluster 0 (com=0.51),0.312325770731867
466987,1,34899,331,0,Cluster 0 (com=0.51),0.36770016463552535
467363,1,34899,419,0,Cluster 0 (com=0.51),0.28974627069083564
469499,1,34899,844,0,Cluster 0 (com=0.51),0.5625544942403259
471284,1,34899,356,1,Cluster 1 (com=0.70),0.3670554788957023
474667,1,34899,340,0,Cluster 0 (com=0.51),0.43038049471843914
475015,1,34899,644,0,Cluster 0 (com=0.51),0.4539543484236602
476401,1,34899,656,0,Cluster 0 (com=0.51),0.44290679214661083
476629,1,34899,838,0,Cluster 0 (com=0.51),0.5123252475767228
477833,1,34899,133,0,Cluster 0 (com=0.51),0.41308004812152127
479939,1,34899,763,0,Cluster 0 (com=0.51),0.5042276012072059
480303,1,34899,782,0,Cluster 0 (com=0.51),0.43377989122915617
481240,1,34899,35,1,Cluster 1 (com=0.70),0.38183278153268885
481717,1,34899,901,0,Cluster 0 (com=0.51),0.5075912084947167
482644,1,34899,210,0,Cluster 0 (com=0.51),0.2571694203647623
483037,1,34899,443,0,Cluster 0 (com=0.51),0.38531173037368943
483656,1,34899,460,0,Cluster 0 (com=0.51),0.5032125885435893
484010,1,34899,340,0,Cluster 0 (com=0.51),0.5117710925131024
484494,1,34899,209,0,Cluster 0 (com=0.51),0.3638744248859841
484594,1,34899,1474,0,Cluster 0 (com=0.51),0.4781862965642717
485228,1,34899,678,0,Cluster 0 (com=0.51),0.4451364895040721
486087,1,34899,433,0,Cluster 0 (com=0.51),0.31284905674838676
486964,1,34899,115,0,Cluster 0 (com=0.51),0.36917982181820413
488525,1,34899,273,0,Cluster 0 (com=0.51),0.3761692065129336
489553,1,34899,145,0,Cluster 0 (com=0.51),0.22834639249470415
490297,1,34899,65,0,Cluster 0 (com=0.51),0.2017555326210348
491077,1,34899,302,0,Cluster 0 (com=0.51),0.5383736138556671
491126,1,34899,575,0,Cluster 0 (com=0.51),0.48790419688627695
491863,1,34899,439,0,Cluster 0 (com=0.51),0.2977403005155404
491959,1,34899,468,0,Cluster 0 (com=0.51),0.37747867916089145
492024,1,34899,309,0,Cluster 0 (com=0.51),0.1735639932446048
492557,1,34899,16,0,Cluster 0 (com=0.51),0.31027052763048135
493793,1,34899,286,0,Cluster 0 (com=0.51),0.343617606501311
494046,1,34899,255,0,Cluster 0 (com=0.51),0.2603009062613909
494184,1,34899,217,0,Cluster 0 (com=0.51),0.3159349521430755
496493,1,34899,344,0,Cluster 0 (com=0.51),0.3081627143606688
497415,1,34899,944,0,Cluster 0 (com=0.51),0.3453035844892621
498442,1,34899,515,0,Cluster 0 (com=0.51),0.4543344745478923
499244,1,34899,311,0,Cluster 0 (com=0.51),0.4280068874157255
499404,1,34899,296,0,Cluster 0 (com=0.51),0.3912613398330555
500068,1,34899,325,0,Cluster 0 (com=0.51),0.157732512028841
500618,1,34899,398,0,Cluster 0 (com=0.51),0.5422889993384106
501444,1,34899,412,0,Cluster 0 (com=0.51),0.3025396790696165
501897,1,34899,59,0,Cluster 0 (com=0.51),0.3743014297067123
502011,1,34899,768,0,Cluster 0 (com=0.51),0.42595554899092397
503684,1,34899,57,1,Cluster 1 (com=0.70),0.04442667125259123
505773,1,34899,985,0,Cluster 0 (com=0.51),0.5235386133204357
506705,1,34899,260,0,Cluster 0 (com=0.51),0.21242758995125108
507311,1,34899,254,0,Cluster 0 (com=0.51),0.4490690918285244
507743,1,34899,688,0,Cluster 0 (com=0.51),0.5036030610697966
507935,1,34899,1167,0,Cluster 0 (com=0.51),0.47175618441507167
508626,1,34899,1208,0,Cluster 0 (com=0.51),0.5174446217479183
509536,1,34899,738,0,Cluster 0 (com=0.51),0.3959914784717834
511309,1,34899,511,0,Cluster 0 (com=0.51),0.43423579910162113
511350,1,34899,22,1,Cluster 1 (com=0.70),0.35063060450815914
511981,1,34899,464,0,Cluster 0 (com=0.51),0.5372270628019156
513272,1,34899,79,1,Cluster 1 (com=0.70),0.266965199014144
513422,1,34899,137,0,Cluster 0 (com=0.51),0.30525861840525714
513428,1,34899,183,1,Cluster 1 (com=0.70),0.07883913346361887
514078,1,34899,1024,0,Cluster 0 (com=0.51),0.4046891496635031
514556,1,34899,617,0,Cluster 0 (com=0.51),0.5103164969125131
516602,1,34899,237,0,Cluster 0 (com=0.51),0.35377258590342436
517551,1,34899,127,0,Cluster 0 (com=0.51),0.39534077686229385
519115,1,34899,189,0,Cluster 0 (com=0.51),0.35802401083702745
521032,1,34899,295,0,Cluster 0 (com=0.51),0.43399967949966567
521115,1,34899,317,0,Cluster 0 (com=0.51),0.2676441077719109
521153,1,34899,92,1,Cluster 1 (com=0.70),0.10509997117663132
522082,1,34899,484,0,Cluster 0 (com=0.51),0.5017986574431957
523017,1,34899,344,0,Cluster 0 (com=0.51),0.3923837317319899
523249,1,34899,347,1,Cluster 1 (com=0.70),0.019080939734598543
524827,1,34899,511,0,Cluster 0 (com=0.51),0.44909301066938323
526721,1,34899,865,0,Cluster 0 (com=0.51),0.48496212984992876
526819,1,34899,19,1,Cluster 1 (com=0.70),0.0560526159415692
527619,1,34899,83,0,Cluster 0 (com=0.51),0.251352674487578
529693,1,34899,486,0,Cluster 0 (com=0.51),0.22323266957803145
529991,1,34899,165,1,Cluster 1 (com=0.70),-0.08351484197384162
530148,1,34899,474,0,Cluster 0 (com=0.51),0.3924664828066152
531018,1,34899,575,0,Cluster 0 (com=0.51),0.490842539617348
531871,1,34899,430,1,Cluster 1 (com=0.70),0.09519506604710042
532254,1,34899,819,0,Cluster 0 (com=0.51),0.2226865858451061
533418,1,34899,842,0,Cluster 0 (com=0.51),0.5546867715119697
534018,1,34899,440,0,Cluster 0 (com=0.51),0.4855392099986403
534112,1,34899,364,0,Cluster 0 (com=0.51),0.37506879639991736
534457,1,34899,270,0,Cluster 0 (com=0.51),0.3572992906403923
535542,1,34899,474,0,Cluster 0 (com=0.51),0.4605219602235337
535997,1,34899,203,0,Cluster 0 (com=0.51),0.19889865388809216
536351,1,34899,438,0,Cluster 0 (com=0.51),0.465605648609459
536475,1,34899,473,0,Cluster 0 (com=0.51),0.31953248955863517
536963,1,34899,633,0,Cluster 0 (com=0.51),0.49770016020587904
537322,1,34899,270,0,Cluster 0 (com=0.51),0.21635960564345447
537606,1,34899,264,0,Cluster 0 (com=0.51),0.09093322066508705
537811,1,34899,2515,0,Cluster 0 (com=0.51),0.5434275188900366
539308,1,34899,358,0,Cluster 0 (com=0.51),0.4222913537589566
539945,1,34899,158,0,Cluster 0 (com=0.51),0.3059468251858674
540723,1,34899,894,0,Cluster 0 (com=0.51),0.49773388359045256
541532,1,34899,461,0,Cluster 0 (com=0.51),0.4136682778178156
541921,1,34899,869,0,Cluster 0 (com=0.51),0.5417481429127099
542202,1,34899,991,0,Cluster 0 (com=0.51),0.4051673828423155
542550,1,34899,506,0,Cluster 0 (com=0.51),0.4897281955094565
543010,1,34899,846,0,Cluster 0 (com=0.51),0.3655606992087359
543432,1,34899,588,0,Cluster 0 (com=0.51),0.4609211233661487
544141,1,34899,176,0,Cluster 0 (com=0.51),0.21375292938915302
544745,1,34899,447,0,Cluster 0 (com=0.51),0.47231187857400275
545164,1,34899,315,0,Cluster 0 (com=0.51),0.33070019323050437
545962,1,34899,895,0,Cluster 0 (com=0.51),0.3302112441391328
546547,1,34899,311,1,Cluster 1 (com=0.70),0.2042311512244328
546645,1,34899,666,0,Cluster 0 (com=0.51),0.5609660002017609
547347,1,34899,76,1,Cluster 1 (com=0.70),0.2779373802101093
549219,1,34899,578,0,Cluster 0 (com=0.51),0.34419856395354975
549321,1,34899,179,0,Cluster 0 (com=0.51),0.29333079837417525
549523,1,34899,197,0,Cluster 0 (com=0.51),0.37826703879686363
549847,1,34899,530,0,Cluster 0 (com=0.51),0.37617411827568775
550420,1,34899,376,0,Cluster 0 (com=0.51),0.5277228031459223
550703,1,34899,834,0,Cluster 0 (com=0.51),0.5218604781832278
552173,1,34899,1364,0,Cluster 0 (com=0.51),0.5607348510259287
553031,1,34899,503,1,Cluster 1 (com=0.70),-0.09342299745701962
553284,1,34899,605,0,Cluster 0 (com=0.51),0.5041563202988901
553813,1,34899,98,1,Cluster 1 (com=0.70),0.21678862549774633
554063,1,34899,572,0,Cluster 0 (com=0.51),0.44696063933085406
554525,1,34899,1275,0,Cluster 0 (com=0.51),0.5353643415414274
555049,1,34899,684,0,Cluster 0 (com=0.51),0.3316775683889189
555827,1,34899,200,0,Cluster 0 (com=0.51),0.4156254825825302
556126,1,34899,69,0,Cluster 0 (com=0.51),0.41517713819944313
557085,1,34899,614,0,Cluster 0 (com=0.51),0.5254842062872757
557290,1,34899,690,0,Cluster 0 (com=0.51),0.5157454954950809
557792,1,34899,173,0,Cluster 0 (com=0.51),0.15890803773703902
557830,1,34899,348,0,Cluster 0 (com=0.51),0.3842083065727833
558044,1,34899,293,0,Cluster 0 (com=0.51),0.4902177267730167
558342,1,34899,271,1,Cluster 1 (com=0.70),0.005126324895074378
558764,1,34899,664,0,Cluster 0 (com=0.51),0.4270799661509022
560047,1,34899,207,0,Cluster 0 (com=0.51),0.3664153130256872
560459,1,34899,251,0,Cluster 0 (com=0.51),0.41613648637045064
560645,1,34899,721,0,Cluster 0 (com=0.51),0.2200312088174351
560765,1,34899,486,0,Cluster 0 (com=0.51),0.3519528895806387
561231,1,34899,527,0,Cluster 0 (com=0.51),0.31436177507689494
562754,1,34899,822,0,Cluster 0 (com=0.51),0.46834862370128616
562990,1,34899,351,1,Cluster 1 (com=0.70),0.04444144224389602
563108,1,34899,157,0,Cluster 0 (com=0.51),0.18181710254464697
563414,1,34899,1032,0,Cluster 0 (com=0.51),0.4812261051934689
564243,1,34899,567,0,Cluster 0 (com=0.51),0.47529442521076365
564617,1,34899,1364,0,Cluster 0 (com=0.51),0.502409059759667
564770,1,34899,176,0,Cluster 0 (com=0.51),0.32388578557498293
564821,1,34899,146,0,Cluster 0 (com=0.51),0.30001198462081463
564933,1,34899,476,1,Cluster 1 (com=0.70),0.06500362671169302
565017,1,34899,1239,0,Cluster 0 (com=0.51),0.3275189498936537
566823,1,34899,38,0,Cluster 0 (com=0.51),0.2008419193497864
568987,1,34899,182,0,Cluster 0 (com=0.51),0.32880376289093016
568998,1,34899,66,1,Cluster 1 (com=0.70),0.00715808199458424
569034,1,34899,1701,0,Cluster 0 (com=0.51),0.5365868346016387
569080,1,34899,818,0,Cluster 0 (com=0.51),0.31590536027469074
569108,1,34899,594,0,Cluster 0 (com=0.51),0.2756310771188297
569876,1,34899,922,0,Cluster 0 (com=0.51),0.5201220881250266
570004,1,34899,33,0,Cluster 0 (com=0.51),0.2713559053547904
570213,1,34899,100,1,Cluster 1 (com=0.70),0.2821436066139627
570689,1,34899,121,0,Cluster 0 (com=0.51),0.21290314868598517
571074,1,34899,608,0,Cluster 0 (com=0.51),0.4662798953661837
571950,1,34899,68,0,Cluster 0 (com=0.51),0.3377813025293533
572071,1,34899,118,0,Cluster 0 (com=0.51),0.14665987437887393
572074,1,34899,48,1,Cluster 1 (com=0.70),0.040338945097306345
572213,1,34899,518,0,Cluster 0 (com=0.51),0.45163588373452923
572265,1,34899,97,1,Cluster 1 (com=0.70),0.33959735563380167
573007,1,34899,93,1,Cluster 1 (com=0.70),0.288891808987609
573583,1,34899,303,0,Cluster 0 (com=0.51),0.29868760342153317
573697,1,34899,240,0,Cluster 0 (com=0.51),0.52450458136798
574527,1,34899,631,0,Cluster 0 (com=0.51),0.5278878180108925
574695,1,34899,509,1,Cluster 1 (com=0.70),-0.0001166427455919669
575069,1,34899,495,0,Cluster 0 (com=0.51),0.4259641632439898
575112,1,34899,217,0,Cluster 0 (com=0.51),0.2751227689893476
575302,1,34899,1025,0,Cluster 0 (com=0.51),0.5057362892101007
575685,1,34899,10,1,Cluster 1 (com=0.70),0.25351917603766666
577032,1,34899,262,0,Cluster 0 (com=0.51),0.5076166371676306
577429,1,34899,549,0,Cluster 0 (com=0.51),0.4445468093307468
577533,1,34899,8,1,Cluster 1 (com=0.70),0.02030036195405558
578152,1,34899,132,0,Cluster 0 (com=0.51),0.4314552758952693
578495,1,34899,152,1,Cluster 1 (com=0.70),0.37535230737554043
578847,1,34899,332,0,Cluster 0 (com=0.51),0.317296793449978
579221,1,34899,389,0,Cluster 0 (com=0.51),0.48218972403205884
579660,1,34899,346,0,Cluster 0 (com=0.51),0.44931615676340847
579686,1,34899,96,0,Cluster 0 (com=0.51),0.26593098783448504
580459,1,34899,261,0,Cluster 0 (com=0.51),0.4428925490172673
580834,1,34899,1192,0,Cluster 0 (com=0.51),0.2526105001166549
580845,1,34899,272,0,Cluster 0 (com=0.51),0.36116079703639187
580926,1,34899,64,0,Cluster 0 (com=0.51),0.27045572830227926
581253,1,34899,911,0,Cluster 0 (com=0.51),0.4631597851625201
581659,1,34899,964,0,Cluster 0 (com=0.51),0.33995054920058326
581779,1,34899,149,0,Cluster 0 (com=0.51),0.3226168010205645
582034,1,34899,282,0,Cluster 0 (com=0.51),0.29691713287035876
582117,1,34899,411,0,Cluster 0 (com=0.51),0.4628901370241893
582266,1,34899,130,0,Cluster 0 (com=0.51),0.36728709485843664
582332,1,34899,418,0,Cluster 0 (com=0.51),0.1402822438366188
582530,1,34899,162,1,Cluster 1 (com=0.70),0.33060532426226585
582653,1,34899,210,0,Cluster 0 (com=0.51),0.1890499228325299
582670,1,34899,29,0,Cluster 0 (com=0.51),0.1703829358646875
583056,1,34899,53,0,Cluster 0 (com=0.51),0.36303340482632374
583318,1,34899,19,0,Cluster 0 (com=0.51),0.209761686279098
583487,1,34899,5643,0,Cluster 0 (com=0.51),0.5311433078182834
584515,1,34899,1772,0,Cluster 0 (com=0.51),0.5488408636501969
584673,1,34899,562,0,Cluster 0 (com=0.51),0.49791547979064155
585224,1,34899,727,0,Cluster 0 (com=0.51),0.48563729657813565
585261,1,34899,511,0,Cluster 0 (com=0.51),0.25111339984894826
585284,1,34899,390,0,Cluster 0 (com=0.51),0.4323813548369693
585503,1,34899,1038,0,Cluster 0 (com=0.51),0.5524035044931851
585572,1,34899,1143,0,Cluster 0 (com=0.51),0.515061376934464
585825,1,34899,498,0,Cluster 0 (com=0.51),0.5146962191080636
585958,1,34899,331,0,Cluster 0 (com=0.51),0.34513419385966826
586811,1,34899,224,0,Cluster 0 (com=0.51),0.1510855842440471
586906,1,34899,612,1,Cluster 1 (com=0.70),-0.02813272171654112
587509,1,34899,447,0,Cluster 0 (com=0.51),0.43137480565634984
587571,1,34899,1349,0,Cluster 0 (com=0.51),0.5530528678091612
587654,1,34899,274,1,Cluster 1 (com=0.70),0.3817849320433189
587706,1,34899,415,0,Cluster 0 (com=0.51),0.3012868598907637
588128,1,34899,239,0,Cluster 0 (com=0.51),0.4810943761460023
588628,1,34899,919,0,Cluster 0 (com=0.51),0.34568130394345414
589080,1,34899,832,0,Cluster 0 (com=0.51),0.3421378115010067
589162,1,34899,272,0,Cluster 0 (com=0.51),0.27189204699040614
589332,1,34899,1636,0,Cluster 0 (com=0.51),0.5474396087696084
589389,1,34899,138,0,Cluster 0 (com=0.51),0.17075314909003567
589441,1,34899,80,1,Cluster 1 (com=0.70),0.36900390766015206
589798,1,34899,38,0,Cluster 0 (com=0.51),0.22442558833971202
589828,1,34899,60,1,Cluster 1 (com=0.70),0.11143146443907898
590120,1,34899,631,0,Cluster 0 (com=0.51),0.518654755152836
590462,1,34899,254,0,Cluster 0 (com=0.51),0.3898396220766519
591525,1,34899,505,0,Cluster 0 (com=0.51),0.46218658028387566
591581,1,34899,260,0,Cluster 0 (com=0.51),0.3107668769722353
591746,1,34899,234,0,Cluster 0 (com=0.51),0.44994046475685345
591946,1,34899,520,0,Cluster 0 (com=0.51),0.4382464867796147
592218,1,34899,413,0,Cluster 0 (com=0.51),0.3983195994654936
592295,1,34899,150,1,Cluster 1 (com=0.70),-0.0005317015209920093
592558,1,34899,528,0,Cluster 0 (com=0.51),0.35234651518113125
592939,1,34899,62,1,Cluster 1 (com=0.70),0.11993566752871586
593136,1,34899,669,0,Cluster 0 (com=0.51),0.5020002520192667
593563,1,34899,312,0,Cluster 0 (com=0.51),0.23488756688268897
593722,1,34899,504,1,Cluster 1 (com=0.70),-0.07478724595323129
593796,1,34899,1424,0,Cluster 0 (com=0.51),0.4378295322497933
594065,1,34899,601,0,Cluster 0 (com=0.51),0.4775644055916387
594122,1,34899,334,0,Cluster 0 (com=0.51),0.4307667035379951
594229,1,34899,673,0,Cluster 0 (com=0.51),0.35131913955750543
594258,1,34899,39,1,Cluster 1 (com=0.70),0.07030990058447058
594406,1,34899,140,0,Cluster 0 (com=0.51),0.35273999635479913
594615,1,34899,124,1,Cluster 1 (com=0.70),0.027033579588282276
594636,1,34899,589,0,Cluster 0 (com=0.51),0.4654768469515426
595262,1,34899,549,0,Cluster 0 (com=0.51),0.4825232147850369
595721,1,34899,159,0,Cluster 0 (com=0.51),0.27233262666515645
595943,1,34899,431,0,Cluster 0 (com=0.51),0.2881857149528257
596052,1,34899,452,1,Cluster 1 (com=0.70),-0.035018248013366594
596203,1,34899,370,0,Cluster 0 (com=0.51),0.2886843412053367
596243,1,34899,288,1,Cluster 1 (com=0.70),-0.024072321288759274
596253,1,34899,369,1,Cluster 1 (com=0.70),0.04093635631079251
596464,1,34899,37,0,Cluster 0 (com=0.51),0.33714176220862996
596758,1,34899,581,0,Cluster 0 (com=0.51),0.5001114021625356
596805,1,34899,87,1,Cluster 1 (com=0.70),0.19748129613222154
597740,1,34899,739,0,Cluster 0 (com=0.51),0.2801238901589776
597937,1,34899,243,0,Cluster 0 (com=0.51),0.47776228278925326
598308,1,34899,251,0,Cluster 0 (com=0.51),0.21028155466778217
598540,1,34899,585,0,Cluster 0 (com=0.51),0.4420203861450437
598559,1,34899,395,0,Cluster 0 (com=0.51),0.3876360007852908
598757,1,34899,152,0,Cluster 0 (com=0.51),0.14808308132883033
599297,1,34899,131,0,Cluster 0 (com=0.51),0.335864095329836
599865,1,34899,117,0,Cluster 0 (com=0.51),0.15327235152113555
600071,1,34899,642,0,Cluster 0 (com=0.51),0.5481702444580211
600405,1,34899,444,0,Cluster 0 (com=0.51),0.2306423087432499
600615,1,34899,79,0,Cluster 0 (com=0.51),0.055533788690561345
600773,1,34899,181,0,Cluster 0 (com=0.51),0.39640109231484033
600893,1,34899,31,0,Cluster 0 (com=0.51),0.16735880285510785
601008,1,34899,397,1,Cluster 1 (com=0.70),-0.07014871131633109
601235,1,34899,375,0,Cluster 0 (com=0.51),0.4683688789389827
601271,1,34899,232,0,Cluster 0 (com=0.51),0.4493649905105591
601680,1,34899,308,0,Cluster 0 (com=0.51),0.14725632931627272
601820,1,34899,56,1,Cluster 1 (com=0.70),0.11286239657440625
602594,1,34899,263,0,Cluster 0 (com=0.51),0.2809226089299285
603648,1,34899,568,0,Cluster 0 (com=0.51),0.31345246430512846
603931,1,34899,100,0,Cluster 0 (com=0.51),0.30685718316729355
604567,1,34899,520,1,Cluster 1 (com=0.70),-0.0028183678864464328
604614,1,34899,140,1,Cluster 1 (com=0.70),-0.03212774906249869
604907,1,34899,246,1,Cluster 1 (com=0.70),0.40702058461535495
605180,1,34899,160,1,Cluster 1 (com=0.70),0.020814488292523876
605228,1,34899,301,1,Cluster 1 (com=0.70),0.1499717264444072
605682,1,34899,318,0,Cluster 0 (com=0.51),0.46460256874348166
606257,1,34899,649,0,Cluster 0 (com=0.51),0.4712877184576432
606428,1,34899,723,0,Cluster 0 (com=0.51),0.4769077159740746
606805,1,34899,105,1,Cluster 1 (com=0.70),0.22797960917894444
606904,1,34899,409,0,Cluster 0 (com=0.51),0.2165356699391163
607243,1,34899,1153,0,Cluster 0 (com=0.51),0.5469039127439915
607303,1,34899,686,0,Cluster 0 (com=0.51),0.39314226198318053
607501,1,34899,639,0,Cluster 0 (com=0.51),0.3489862432460766
607679,1,34899,632,0,Cluster 0 (com=0.51),0.49993363507728644
607700,1,34899,442,0,Cluster 0 (com=0.51),0.236637280660747
607733,1,34899,193,0,Cluster 0 (com=0.51),0.3094530534213655
609142,1,34899,1235,0,Cluster 0 (com=0.51),0.5065989362886512
609240,1,34899,815,0,Cluster 0 (com=0.51),0.28649157746376436
611603,1,34899,299,0,Cluster 0 (com=0.51),0.3430137594872666
612842,1,34899,570,0,Cluster 0 (com=0.51),0.5003127953118818
613165,1,34899,1726,0,Cluster 0 (com=0.51),0.27209446804371923
613330,1,34899,1747,0,Cluster 0 (com=0.51),0.45608407917007504
613634,1,34899,176,0,Cluster 0 (com=0.51),0.37296091275987636
613899,1,34899,1416,0,Cluster 0 (com=0.51),0.5523228879169032
613966,1,34899,955,0,Cluster 0 (com=0.51),0.44592324911535275
614059,1,34899,101,0,Cluster 0 (com=0.51),0.1359928832206279
614984,1,34899,256,0,Cluster 0 (com=0.51),0.4603066975294862
615266,1,34899,448,0,Cluster 0 (com=0.51),0.5546226983987406
615299,1,34899,886,0,Cluster 0 (com=0.51),0.4121260876322377
615301,1,34899,281,1,Cluster 1 (com=0.70),0.16052136835896547
615302,1,34899,474,0,Cluster 0 (com=0.51),0.5400079059530605
615306,1,34899,681,0,Cluster 0 (com=0.51),0.47529794372978895
615328,1,34899,511,0,Cluster 0 (com=0.51),0.2564103894012502
615340,1,34899,245,0,Cluster 0 (com=0.51),0.2961879067949498
615342,1,34899,134,1,Cluster 1 (com=0.70),0.2193276930070325
615356,1,34899,371,0,Cluster 0 (com=0.51),0.1936823794653562
616517,1,34899,379,0,Cluster 0 (com=0.51),0.09497049482422625
616912,1,34899,527,0,Cluster 0 (com=0.51),0.3564269749409909
617010,1,34899,430,0,Cluster 0 (com=0.51),0.42239375136055046
617119,1,34899,370,0,Cluster 0 (com=0.51),0.1182572095814468
617150,1,34899,622,0,Cluster 0 (com=0.51),0.4362502186225199
617332,1,34899,197,0,Cluster 0 (com=0.51),0.33021280924284596
617436,1,34899,372,0,Cluster 0 (com=0.51),0.4630610828414053
617580,1,34899,1219,0,Cluster 0 (com=0.51),0.4848132675349426
617783,1,34899,328,0,Cluster 0 (com=0.51),0.3480757107971022
617922,1,34899,401,0,Cluster 0 (com=0.51),0.41769000416145896
618252,1,34899,282,0,Cluster 0 (com=0.51),0.33103984784166035
618663,1,34899,163,1,Cluster 1 (com=0.70),0.0504514577204013
619204,1,34899,144,0,Cluster 0 (com=0.51),0.19227558133986908
619292,1,34899,705,0,Cluster 0 (com=0.51),0.3850143905375175
619321,1,34899,731,0,Cluster 0 (com=0.51),0.2937040291487236
619502,1,34899,231,1,Cluster 1 (com=0.70),0.2866312269837838
620094,1,34899,1233,0,Cluster 0 (com=0.51),0.5193315270873574
620112,1,34899,178,1,Cluster 1 (com=0.70),0.03081848531238479
620269,1,34899,459,0,Cluster 0 (com=0.51),0.46172043204979407
620349,1,34899,606,0,Cluster 0 (com=0.51),0.4789288469536336
620431,1,34899,561,0,Cluster 0 (com=0.51),0.11528468623958057
620740,1,34899,182,0,Cluster 0 (com=0.51),0.2663573195511078
620750,1,34899,409,0,Cluster 0 (com=0.51),0.44941834660044816
620810,1,34899,301,0,Cluster 0 (com=0.51),0.2858271590559612
622275,1,34899,489,0,Cluster 0 (com=0.51),0.27174884844989583
622362,1,34899,152,0,Cluster 0 (com=0.51),0.3628571408752188
622481,1,34899,441,0,Cluster 0 (com=0.51),0.2966587283308857
622760,1,34899,250,0,Cluster 0 (com=0.51),0.410203449615084
622899,1,34899,517,0,Cluster 0 (com=0.51),0.43480093358271177
622934,1,34899,550,0,Cluster 0 (com=0.51),0.28166418988454534
622967,1,34899,178,0,Cluster 0 (com=0.51),0.33346338859786057
623166,1,34899,500,0,Cluster 0 (com=0.51),0.25469122055729265
623230,1,34899,797,0,Cluster 0 (com=0.51),0.48027618785330595
623471,1,34899,766,0,Cluster 0 (com=0.51),0.5473535273852197
623589,1,34899,388,1,Cluster 1 (com=0.70),-0.09744977109056088
623765,1,34899,363,0,Cluster 0 (com=0.51),0.3303854507721563
623917,1,34899,268,0,Cluster 0 (com=0.51),0.17251246763831432
623955,1,34899,100,0,Cluster 0 (com=0.51),0.07682023021377876
624282,1,34899,524,0,Cluster 0 (com=0.51),0.4482943570897179
624864,1,34899,769,0,Cluster 0 (com=0.51),0.35754477565691256
624970,1,34899,545,0,Cluster 0 (com=0.51),0.45622912688449385
625245,1,34899,693,0,Cluster 0 (com=0.51),0.4220911927435068
625330,1,34899,774,0,Cluster 0 (com=0.51),0.5023846491300799
625515,1,34899,82,0,Cluster 0 (com=0.51),0.28867065962024235
625609,1,34899,289,0,Cluster 0 (com=0.51),0.3934234906669221
625743,1,34899,335,1,Cluster 1 (com=0.70),0.1828379252911153
625802,1,34899,288,0,Cluster 0 (com=0.51),0.5001527858624621
625838,1,34899,356,0,Cluster 0 (com=0.51),0.3303505208149709
626033,1,34899,1240,0,Cluster 0 (com=0.51),0.5390935284091453
626349,1,34899,86,0,Cluster 0 (com=0.51),0.3677241609454362
626416,1,34899,442,0,Cluster 0 (com=0.51),0.28483477186001444
626454,1,34899,197,0,Cluster 0 (com=0.51),0.11162141574373562
626477,1,34899,367,0,Cluster 0 (com=0.51),0.35239506960436334
626514,1,34899,1244,0,Cluster 0 (com=0.51),0.48173553565537724
626552,1,34899,307,0,Cluster 0 (com=0.51),0.2239951867322653
626579,1,34899,57,0,Cluster 0 (com=0.51),0.18549597152824793
627365,1,34899,867,0,Cluster 0 (com=0.51),0.4599042245438279
627379,1,34899,150,0,Cluster 0 (com=0.51),0.29611981359960654
627829,1,34899,553,0,Cluster 0 (com=0.51),0.3148573418108931
628149,1,34899,894,0,Cluster 0 (com=0.51),0.5232384142714748
628157,1,34899,114,0,Cluster 0 (com=0.51),0.2562575710171727
628308,1,34899,150,0,Cluster 0 (com=0.51),0.30722896919129766
628383,1,34899,280,0,Cluster 0 (com=0.51),0.29130177382466327
628521,1,34899,79,1,Cluster 1 (com=0.70),-0.04770801181062605
628888,1,34899,348,1,Cluster 1 (com=0.70),0.22986213224391933
628964,1,34899,635,0,Cluster 0 (com=0.51),0.5186661571131792
629029,1,34899,395,0,Cluster 0 (com=0.51),0.31097319058541095
629491,1,34899,740,0,Cluster 0 (com=0.51),0.4995522490146774
629522,1,34899,181,1,Cluster 1 (com=0.70),0.29929435532551246
629594,1,34899,208,0,Cluster 0 (com=0.51),0.39622325024361144
629686,1,34899,73,0,Cluster 0 (com=0.51),0.28620052034454857
629818,1,34899,641,0,Cluster 0 (com=0.51),0.2791265944894128
629922,1,34899,310,0,Cluster 0 (com=0.51),0.21411528665962565
629944,1,34899,332,0,Cluster 0 (com=0.51),0.3412695972885791
630109,1,34899,362,0,Cluster 0 (com=0.51),0.4243941841261085
630158,1,34899,760,0,Cluster 0 (com=0.51),0.35786588322561064
630168,1,34899,387,0,Cluster 0 (com=0.51),0.4944720590729746
630186,1,34899,444,0,Cluster 0 (com=0.51),0.533582399230659
630745,1,34899,511,0,Cluster 0 (com=0.51),0.23392361940027195
630835,1,34899,1511,0,Cluster 0 (com=0.51),0.5086045110395596
630905,1,34899,2066,0,Cluster 0 (com=0.51),0.47798452202978997
630910,1,34899,536,0,Cluster 0 (com=0.51),0.3333646199754273
630992,1,34899,175,0,Cluster 0 (com=0.51),0.30705127456322734
631193,1,34899,168,1,Cluster 1 (com=0.70),0.03621293759920693
631438,1,34899,237,0,Cluster 0 (com=0.51),0.1833556394778433
631524,1,34899,509,0,Cluster 0 (com=0.51),0.20032513221605214
631658,1,34899,1723,0,Cluster 0 (com=0.51),0.533488571967617
631681,1,34899,33,1,Cluster 1 (com=0.70),-0.009254958438133627
631715,1,34899,276,0,Cluster 0 (com=0.51),0.15251068031970783
631740,1,34899,394,1,Cluster 1 (com=0.70),0.026170218086641626
631837,1,34899,759,0,Cluster 0 (com=0.51),0.48205897162460143
631924,1,34899,452,0,Cluster 0 (com=0.51),0.3608201292691665
632074,1,34899,257,0,Cluster 0 (com=0.51),0.19927368013413999
632179,1,34899,281,0,Cluster 0 (com=0.51),0.3982603598219198
632276,1,34899,96,0,Cluster 0 (com=0.51),0.35383223760397703
632290,1,34899,355,0,Cluster 0 (com=0.51),0.39842598753068353
632458,1,34899,761,0,Cluster 0 (com=0.51),0.46030265025227296
632556,1,34899,173,0,Cluster 0 (com=0.51),0.23131542010156267
632597,1,34899,64,1,Cluster 1 (com=0.70),0.3873363416319122
632826,1,34899,1073,0,Cluster 0 (com=0.51),0.5500133402107036
632836,1,34899,194,1,Cluster 1 (com=0.70),0.3616604420827203
633079,1,34899,779,0,Cluster 0 (com=0.51),0.4746812855670773
633516,1,34899,390,0,Cluster 0 (com=0.51),0.24369666544110208
633555,1,34899,607,0,Cluster 0 (com=0.51),0.5268399844718435
633568,1,34899,217,1,Cluster 1 (com=0.70),0.39687751205960065
633628,1,34899,378,0,Cluster 0 (com=0.51),0.37728421150402963
633867,1,34899,389,0,Cluster 0 (com=0.51),0.41480577151722564
633931,1,34899,1146,0,Cluster 0 (com=0.51),0.5421796437255787
634088,1,34899,296,0,Cluster 0 (com=0.51),0.37715558793964127
634114,1,34899,11,0,Cluster 0 (com=0.51),0.2845716722542601
634512,1,34899,146,0,Cluster 0 (com=0.51),0.14572421031775654
634526,1,34899,478,0,Cluster 0 (com=0.51),0.3724538709878522
634601,1,34899,383,0,Cluster 0 (com=0.51),0.4061267848702297
634749,1,34899,1381,0,Cluster 0 (com=0.51),0.5530774513339005
634943,1,34899,222,0,Cluster 0 (com=0.51),0.31683804357927214
635184,1,34899,505,0,Cluster 0 (com=0.51),0.40368186672662065
635410,1,34899,143,0,Cluster 0 (com=0.51),0.33482207791004864
635746,1,34899,191,1,Cluster 1 (com=0.70),-0.020309745267839636
635751,1,34899,188,1,Cluster 1 (com=0.70),0.024088079802338163
635795,1,34899,551,0,Cluster 0 (com=0.51),0.29199266934545537
635903,1,34899,278,0,Cluster 0 (com=0.51),0.3217642416629625
636314,1,34899,779,0,Cluster 0 (com=0.51),0.540556998275094
636375,1,34899,282,0,Cluster 0 (com=0.51),0.4922173754866423
636400,1,34899,766,0,Cluster 0 (com=0.51),0.4093236241647514
636408,1,34899,246,0,Cluster 0 (com=0.51),0.3789914464752143
636469,1,34899,757,0,Cluster 0 (com=0.51),0.5351745672722222
636492,1,34899,276,0,Cluster 0 (com=0.51),0.2895309851475553
636547,1,34899,285,0,Cluster 0 (com=0.51),0.3815113724300295
636565,1,34899,212,1,Cluster 1 (com=0.70),0.07670131645819937
636634,1,34899,406,0,Cluster 0 (com=0.51),0.17380155906236894
636656,1,34899,551,0,Cluster 0 (com=0.51),0.5294811627700702
636704,1,34899,318,0,Cluster 0 (com=0.51),0.38923772520547495
636783,1,34899,414,0,Cluster 0 (com=0.51),0.5259974103610199
636830,1,34899,843,0,Cluster 0 (com=0.51),0.4987200427833025
636832,1,34899,1290,0,Cluster 0 (com=0.51),0.5210468574768002
637004,1,34899,420,0,Cluster 0 (com=0.51),0.35276823363604837
637089,1,34899,182,0,Cluster 0 (com=0.51),0.13569184820581873
637358,1,34899,240,0,Cluster 0 (com=0.51),0.48853067077566964
637509,1,34899,247,1,Cluster 1 (com=0.70),-0.008393525945478791
637514,1,34899,148,1,Cluster 1 (com=0.70),0.25089012717223524
637563,1,34899,422,0,Cluster 0 (com=0.51),0.26670018047427935
637582,1,34899,386,0,Cluster 0 (com=0.51),0.36279471918135686
637708,1,34899,702,0,Cluster 0 (com=0.51),0.5441355401387744
637788,1,34899,155,0,Cluster 0 (com=0.51),0.3332559853918577
637800,1,34899,371,0,Cluster 0 (com=0.51),0.4411231816716042
637906,1,34899,342,0,Cluster 0 (com=0.51),0.5102323068188859
637939,1,34899,394,0,Cluster 0 (com=0.51),0.3264342115902639
637980,1,34899,497,0,Cluster 0 (com=0.51),0.5209550053164869
638034,1,34899,660,0,Cluster 0 (com=0.51),0.4126211667632713
638388,1,34899,373,0,Cluster 0 (com=0.51),0.5199451544755926
638411,1,34899,1198,0,Cluster 0 (com=0.51),0.518537914880989
638498,1,34899,477,0,Cluster 0 (com=0.51),0.4780060588722184
638515,1,34899,210,0,Cluster 0 (com=0.51),0.40527759483179954
638625,1,34899,617,0,Cluster 0 (com=0.51),0.5325357977131407
638655,1,34899,711,0,Cluster 0 (com=0.51),0.3752420648057664
638677,1,34899,326,0,Cluster 0 (com=0.51),0.4256212317658861
638831,1,34899,106,1,Cluster 1 (com=0.70),0.26189378318277196
639028,1,34899,459,0,Cluster 0 (com=0.51),0.462613390720157
639231,1,34899,504,0,Cluster 0 (com=0.51),0.5052550697495319
639234,1,34899,312,0,Cluster 0 (com=0.51),0.36760128902407324
639238,1,34899,348,0,Cluster 0 (com=0.51),0.4313184482881414
639522,1,34899,254,0,Cluster 0 (com=0.51),0.33989222005419795
639919,1,34899,151,0,Cluster 0 (com=0.51),0.266260358657111
640098,1,34899,276,0,Cluster 0 (com=0.51),0.5554943458526569
640278,1,34899,1991,0,Cluster 0 (com=0.51),0.525171767148731
640329,1,34899,688,0,Cluster 0 (com=0.51),0.5090997062363432
640429,1,34899,515,0,Cluster 0 (com=0.51),0.5302342014087718
640552,1,34899,62,0,Cluster 0 (com=0.51),0.37741979687142796
640584,1,34899,101,0,Cluster 0 (com=0.51),0.2937458393641927
640711,1,34899,797,0,Cluster 0 (com=0.51),0.5172487595877399
640848,1,34899,428,0,Cluster 0 (com=0.51),0.4625717121820446
640892,1,34899,257,1,Cluster 1 (com=0.70),0.025577372299525995
640913,1,34899,74,1,Cluster 1 (com=0.70),-0.01037736598989714
640927,1,34899,536,0,Cluster 0 (com=0.51),0.4901859915630205
641085,1,34899,198,0,Cluster 0 (com=0.51),0.2631741141628848
641137,1,34899,457,0,Cluster 0 (com=0.51),0.45326960688701307
641275,1,34899,77,0,Cluster 0 (com=0.51),0.28803191481669504
641309,1,34899,365,0,Cluster 0 (com=0.51),0.271627760356098
641311,1,34899,786,0,Cluster 0 (com=0.51),0.44874029956495093
641363,1,34899,153,0,Cluster 0 (com=0.51),0.23231656902425257
641401,1,34899,454,0,Cluster 0 (com=0.51),0.30712766806709946
641404,1,34899,833,0,Cluster 0 (com=0.51),0.4213343129873871
641433,1,34899,307,0,Cluster 0 (com=0.51),0.37699406797543555
641461,1,34899,352,0,Cluster 0 (com=0.51),0.28590036194853213
641470,1,34899,308,0,Cluster 0 (com=0.51),0.45914599920593574
641547,1,34899,157,1,Cluster 1 (com=0.70),0.1827571880539247
641804,1,34899,117,1,Cluster 1 (com=0.70),0.17886380898656423
641864,1,34899,760,0,Cluster 0 (com=0.51),0.5346933251145565
641914,1,34899,638,0,Cluster 0 (com=0.51),0.38541400429436845
642029,1,34899,299,0,Cluster 0 (com=0.51),0.4950313408082177
642056,1,34899,389,0,Cluster 0 (com=0.51),0.33567908749464287
642375,1,34899,523,0,Cluster 0 (com=0.51),0.5035601313212502
642448,1,34899,719,0,Cluster 0 (com=0.51),0.4938797758885279
642449,1,34899,360,0,Cluster 0 (com=0.51),0.4021965957388495
642493,1,34899,910,0,Cluster 0 (com=0.51),0.2232981079121986
642496,1,34899,378,0,Cluster 0 (com=0.51),0.2915422868351033
642498,1,34899,432,0,Cluster 0 (com=0.51),0.41299349482310455
642551,1,34899,773,0,Cluster 0 (com=0.51),0.5099234917055325
642626,1,34899,556,0,Cluster 0 (com=0.51),0.34376155615168363
642730,1,34899,351,0,Cluster 0 (com=0.51),0.3024233026318503
642740,1,34899,809,0,Cluster 0 (com=0.51),0.48595885295708385
642750,1,34899,386,0,Cluster 0 (com=0.51),0.4669435805772441
642790,1,34899,1041,0,Cluster 0 (com=0.51),0.3037921124640187
642840,1,34899,751,0,Cluster 0 (com=0.51),0.4366744670252857
642843,1,34899,1160,0,Cluster 0 (com=0.51),0.4463085560941776
642872,1,34899,1094,0,Cluster 0 (com=0.51),0.5341460667071456
642909,1,34899,375,0,Cluster 0 (com=0.51),0.39252712527611267
642939,1,34899,689,0,Cluster 0 (com=0.51),0.4959105804629963
643069,1,34899,277,0,Cluster 0 (com=0.51),0.372899273438715
643202,1,34899,599,0,Cluster 0 (com=0.51),0.5186199458511572
643220,1,34899,354,0,Cluster 0 (com=0.51),0.20362354325595378
643273,1,34899,1084,0,Cluster 0 (com=0.51),0.4892940208796783
643326,1,34899,778,0,Cluster 0 (com=0.51),0.36465838461930017
643372,1,34899,265,0,Cluster 0 (com=0.51),0.4823096890812202
643466,1,34899,681,0,Cluster 0 (com=0.51),0.5027011064347925
643477,1,34899,911,0,Cluster 0 (com=0.51),0.3595931298554933
643496,1,34899,627,0,Cluster 0 (com=0.51),0.49197115591346585
643502,1,34899,402,0,Cluster 0 (com=0.51),0.33469295892322504
643591,1,34899,865,0,Cluster 0 (com=0.51),0.4793387974248348
643653,1,34899,357,0,Cluster 0 (com=0.51),0.45143999139306545
643690,1,34899,341,0,Cluster 0 (com=0.51),0.34994390102511347
643696,1,34899,682,0,Cluster 0 (com=0.51),0.4867012049764864
643751,1,34899,775,0,Cluster 0 (com=0.51),0.4702727509249624
643754,1,34899,1173,0,Cluster 0 (com=0.51),0.5242160879284352
643757,1,34899,248,0,Cluster 0 (com=0.51),0.3702164708574149
644025,1,34899,475,0,Cluster 0 (com=0.51),0.4011090096305872
644210,1,34899,462,0,Cluster 0 (com=0.51),0.39592324245296245
644303,1,34899,550,0,Cluster 0 (com=0.51),0.4911092285449844
644343,1,34899,280,0,Cluster 0 (com=0.51),0.3516933827679526
644361,1,34899,2146,0,Cluster 0 (com=0.51),0.5170385042159581
644369,1,34899,59,0,Cluster 0 (com=0.51),0.32450432691810743
644430,1,34899,140,0,Cluster 0 (com=0.51),0.2478651636688007
644450,1,34899,961,0,Cluster 0 (com=0.51),0.5217728521352405
644508,1,34899,822,0,Cluster 0 (com=0.51),0.5165056368886799
644761,1,34899,1032,0,Cluster 0 (com=0.51),0.5099517872504957
644784,1,34899,1059,0,Cluster 0 (com=0.51),0.46399626830188684
644791,1,34899,1251,0,Cluster 0 (com=0.51),0.5339922876796898
644818,1,34899,1067,0,Cluster 0 (com=0.51),0.4607272151890913
644847,1,34899,580,0,Cluster 0 (com=0.51),0.5485734291308856
644871,1,34899,258,0,Cluster 0 (com=0.51),0.3178378497069708
644936,1,34899,256,0,Cluster 0 (com=0.51),0.15990347192824947
644974,1,34899,883,0,Cluster 0 (com=0.51),0.5416280759597617
645003,1,34899,576,0,Cluster 0 (com=0.51),0.29757354840640465
645020,1,34899,517,0,Cluster 0 (com=0.51),0.5400702348047461
645078,1,34899,706,0,Cluster 0 (com=0.51),0.40713461833232123
645145,1,34899,142,0,Cluster 0 (com=0.51),0.19490613466641257
645366,1,34899,599,0,Cluster 0 (com=0.51),0.27370658787206015
645405,1,34899,2059,0,Cluster 0 (com=0.51),0.5011069305688126
645433,1,34899,242,0,Cluster 0 (com=0.51),0.43188282628703956
645496,1,34899,355,0,Cluster 0 (com=0.51),0.2948783620395201
645518,1,34899,875,0,Cluster 0 (com=0.51),0.4225682791429183
645586,1,34899,357,0,Cluster 0 (com=0.51),0.23717046166660313
645705,1,34899,519,0,Cluster 0 (com=0.51),0.447123265808643
645732,1,34899,474,0,Cluster 0 (com=0.51),0.4258296103915088
645784,1,34899,506,0,Cluster 0 (com=0.51),0.5333738380892482
645790,1,34899,34,1,Cluster 1 (com=0.70),0.16678657192935623
645840,1,34899,1472,0,Cluster 0 (com=0.51),0.5573791726892072
645880,1,34899,524,0,Cluster 0 (com=0.51),0.3629015044559871
645948,1,34899,875,0,Cluster 0 (com=0.51),0.4016014094037904
645960,1,34899,395,0,Cluster 0 (com=0.51),0.31860253100466335
645997,1,34899,798,0,Cluster 0 (com=0.51),0.47141136559307323
646015,1,34899,489,0,Cluster 0 (com=0.51),0.384774966103873
646017,1,34899,839,0,Cluster 0 (com=0.51),0.5343761451195327
646053,1,34899,333,1,Cluster 1 (com=0.70),-0.05741252202830691
646074,1,34899,1053,0,Cluster 0 (com=0.51),0.40109193857574865
646085,1,34899,663,0,Cluster 0 (com=0.51),0.49204411430231626
646091,1,34899,246,0,Cluster 0 (com=0.51),0.32659172114393614
646138,1,34899,284,0,Cluster 0 (com=0.51),0.3823283014215203
646313,1,34899,399,1,Cluster 1 (com=0.70),0.027370480319198556
646357,1,34899,990,0,Cluster 0 (com=0.51),0.5267539821058175
646402,1,34899,472,0,Cluster 0 (com=0.51),0.47223517527040954
646460,1,34899,423,0,Cluster 0 (com=0.51),0.4303582022096457
646539,1,34899,258,0,Cluster 0 (com=0.51),0.236334634056626
646540,1,34899,854,0,Cluster 0 (com=0.51),0.4888166706232175
646551,1,34899,288,0,Cluster 0 (com=0.51),0.4650019423189767
646638,1,34899,85,1,Cluster 1 (com=0.70),0.20629948523193978
646670,1,34899,356,1,Cluster 1 (com=0.70),-0.007576015237507669
646734,1,34899,161,1,Cluster 1 (com=0.70),0.02586062615995998
646742,1,34899,158,0,Cluster 0 (com=0.51),0.36918322466070586
646750,1,34899,257,0,Cluster 0 (com=0.51),0.3830725822815979
646778,1,34899,1030,0,Cluster 0 (com=0.51),0.5424928196586782
646807,1,34899,427,0,Cluster 0 (com=0.51),0.43421507546473737
646990,1,34899,552,0,Cluster 0 (com=0.51),0.31903636989000356
647005,1,34899,459,0,Cluster 0 (com=0.51),0.41984011185680403
647033,1,34899,120,1,Cluster 1 (com=0.70),-0.054836348123611836
647040,1,34899,497,0,Cluster 0 (com=0.51),0.2638317533743839
647045,1,34899,913,0,Cluster 0 (com=0.51),0.47376876311374133
647154,1,34899,650,0,Cluster 0 (com=0.51),0.38500694327084145
647169,1,34899,384,0,Cluster 0 (com=0.51),0.5029863116172599
647171,1,34899,195,0,Cluster 0 (com=0.51),0.31410342464443386
647210,1,34899,532,0,Cluster 0 (com=0.51),0.5001307579155755
647320,1,34899,1025,0,Cluster 0 (com=0.51),0.5363401102810793
647324,1,34899,682,0,Cluster 0 (com=0.51),0.32096054939134866
647339,1,34899,196,0,Cluster 0 (com=0.51),0.3982890113014743
647348,1,34899,247,1,Cluster 1 (com=0.70),-0.045830963808357786
647391,1,34899,284,0,Cluster 0 (com=0.51),0.4040323299200987
647398,1,34899,430,0,Cluster 0 (com=0.51),0.548114321342967
647399,1,34899,1594,0,Cluster 0 (com=0.51),0.5516399562186255
647425,1,34899,1300,0,Cluster 0 (com=0.51),0.4891674382055385
647485,1,34899,200,0,Cluster 0 (com=0.51),0.42947321873674615
647496,1,34899,329,0,Cluster 0 (com=0.51),0.4679857540373699
647525,1,34899,456,0,Cluster 0 (com=0.51),0.27326673111448924
647765,1,34899,167,0,Cluster 0 (com=0.51),0.39211050068226966
647784,1,34899,402,0,Cluster 0 (com=0.51),0.2338395352705119
647841,1,34899,585,0,Cluster 0 (com=0.51),0.40718123115564153
647898,1,34899,606,0,Cluster 0 (com=0.51),0.2863733557335193
647910,1,34899,254,1,Cluster 1 (com=0.70),0.19281701232829115
647915,1,34899,330,0,Cluster 0 (com=0.51),0.2651459029557872
647945,1,34899,431,0,Cluster 0 (com=0.51),0.4161221966999327
647987,1,34899,1197,0,Cluster 0 (com=0.51),0.3936538800066118
648027,1,34899,335,0,Cluster 0 (com=0.51),0.3313222376488846
648037,1,34899,1018,0,Cluster 0 (com=0.51),0.4599507344873872
648038,1,34899,605,0,Cluster 0 (com=0.51),0.5151427202982525
648040,1,34899,1784,0,Cluster 0 (com=0.51),0.5286958670956053
648086,1,34899,647,0,Cluster 0 (com=0.51),0.5239093847367846
648105,1,34899,58,1,Cluster 1 (com=0.70),0.04095741175362471
648114,1,34899,611,0,Cluster 0 (com=0.51),0.5227650994844116
648116,1,34899,433,0,Cluster 0 (com=0.51),0.13350212162313657
648140,1,34899,265,0,Cluster 0 (com=0.51),0.2855729442179673
648190,1,34899,176,0,Cluster 0 (com=0.51),0.3175614970884202
648244,1,34899,120,0,Cluster 0 (com=0.51),0.23549616104156748
648254,1,34899,200,0,Cluster 0 (com=0.51),0.3830186518215053
648287,1,34899,320,1,Cluster 1 (com=0.70),-0.016751485171318154
648353,1,34899,290,0,Cluster 0 (com=0.51),0.22414200642876805
648365,1,34899,1273,0,Cluster 0 (com=0.51),0.546159910203219
648366,1,34899,921,0,Cluster 0 (com=0.51),0.4886699005856883
648455,1,34899,16,1,Cluster 1 (com=0.70),0.15028052041914247
648457,1,34899,207,0,Cluster 0 (com=0.51),0.33814476506603686
648470,1,34899,477,0,Cluster 0 (com=0.51),0.4701273674700769
648508,1,34899,93,0,Cluster 0 (com=0.51),0.1757544232543282
648515,1,34899,112,0,Cluster 0 (com=0.51),0.5167432438065113
648531,1,34899,482,0,Cluster 0 (com=0.51),0.5019836680315909
648536,1,34899,795,0,Cluster 0 (com=0.51),0.4338749373404904
648564,1,34899,667,0,Cluster 0 (com=0.51),0.4871727166856431
648571,1,34899,772,0,Cluster 0 (com=0.51),0.46712816787330197
648590,1,34899,408,0,Cluster 0 (com=0.51),0.31470774406129864
648613,1,34899,778,0,Cluster 0 (com=0.51),0.40598115597961837
648661,1,34899,297,0,Cluster 0 (com=0.51),0.38877025337810883
648685,1,34899,456,0,Cluster 0 (com=0.51),0.4786142824228906
648725,1,34899,399,0,Cluster 0 (com=0.51),0.3228977286036574
648804,1,34899,589,0,Cluster 0 (com=0.51),0.5457720247454044
648815,1,34899,951,0,Cluster 0 (com=0.51),0.5331962606640993
648903,1,34899,41,0,Cluster 0 (com=0.51),0.12635885810045577
648927,1,34899,937,0,Cluster 0 (com=0.51),0.47849404765352477
648972,1,34899,143,0,Cluster 0 (com=0.51),0.4276379585379967
648995,1,34899,159,0,Cluster 0 (com=0.51),0.18462702039022402
649004,1,34899,730,0,Cluster 0 (com=0.51),0.4937013508727605
649009,1,34899,57,1,Cluster 1 (com=0.70),0.32197886476889687
649020,1,34899,110,0,Cluster 0 (com=0.51),0.2767754347457843
649036,1,34899,65,1,Cluster 1 (com=0.70),0.12305330125617325
649079,1,34899,1110,0,Cluster 0 (com=0.51),0.5204751419079336
649084,1,34899,607,0,Cluster 0 (com=0.51),0.5321802261658879
649093,1,34899,307,0,Cluster 0 (com=0.51),0.23961604826803468
649118,1,34899,200,1,Cluster 1 (com=0.70),0.37026670714425003
649141,1,34899,413,0,Cluster 0 (com=0.51),0.4142087873232556
649159,1,34899,384,0,Cluster 0 (com=0.51),0.4239000197709043
649165,1,34899,228,0,Cluster 0 (com=0.51),0.5399804442652263
649207,1,34899,544,0,Cluster 0 (com=0.51),0.5562452763703575
649212,1,34899,638,0,Cluster 0 (com=0.51),0.4554536484484397
649230,1,34899,337,0,Cluster 0 (com=0.51),0.4089958465076976
649258,1,34899,230,0,Cluster 0 (com=0.51),0.36760108408695724
649284,1,34899,362,0,Cluster 0 (com=0.51),0.33537529006001293
649325,1,34899,380,1,Cluster 1 (com=0.70),0.022271511847941197
649336,1,34899,108,1,Cluster 1 (com=0.70),0.40552031471788613
649379,1,34899,862,0,Cluster 0 (com=0.51),0.5102811639572428
649385,1,34899,150,0,Cluster 0 (com=0.51),0.32090497098517473
649400,1,34899,454,0,Cluster 0 (com=0.51),0.5337906116588972
649434,1,34899,562,0,Cluster 0 (com=0.51),0.3972332230918227
649435,1,34899,200,0,Cluster 0 (com=0.51),0.2358004397006456
649457,1,34899,755,0,Cluster 0 (com=0.51),0.5049773876433871
649469,1,34899,1233,0,Cluster 0 (com=0.51),0.35547921819321915
649566,1,34899,214,1,Cluster 1 (com=0.70),0.12078675004015536
649580,1,34899,442,0,Cluster 0 (com=0.51),0.49212420117287725
649619,1,34899,537,0,Cluster 0 (com=0.51),0.44347643268312453
649735,1,34899,312,0,Cluster 0 (com=0.51),0.5250991877574698
649806,1,34899,105,0,Cluster 0 (com=0.51),0.2520016802906063
649891,1,34899,188,0,Cluster 0 (com=0.51),0.29784609706006715
649952,1,34899,1203,0,Cluster 0 (com=0.51),0.4840967667079488
649954,1,34899,693,0,Cluster 0 (com=0.51),0.16811129849119824
649979,1,34899,289,0,Cluster 0 (com=0.51),0.35172180727553176
650031,1,34899,437,0,Cluster 0 (com=0.51),0.383976250931426
650048,1,34899,61,1,Cluster 1 (com=0.70),0.011022993886604913
650054,1,34899,355,0,Cluster 0 (com=0.51),0.416213170366302
650085,1,34899,456,0,Cluster 0 (com=0.51),0.11898921864819063
650108,1,34899,562,0,Cluster 0 (com=0.51),0.4362236544908645
650123,1,34899,279,1,Cluster 1 (com=0.70),0.016932531790223446
650148,1,34899,152,0,Cluster 0 (com=0.51),0.15093527504861207
650160,1,34899,433,0,Cluster 0 (com=0.51),0.46825849209414827
650170,1,34899,1348,0,Cluster 0 (com=0.51),0.563659648809988
650251,1,34899,612,0,Cluster 0 (com=0.51),0.40438235937216227
650287,1,34899,1186,0,Cluster 0 (com=0.51),0.4403825918980828
650363,1,34899,115,1,Cluster 1 (com=0.70),0.22732267240512993
650370,1,34899,237,0,Cluster 0 (com=0.51),0.3623245955998785
650424,1,34899,383,0,Cluster 0 (com=0.51),0.3584000856158603
650461,1,34899,331,0,Cluster 0 (com=0.51),0.4122411572217057
650469,1,34899,440,0,Cluster 0 (com=0.51),0.28736130914201
650473,1,34899,691,0,Cluster 0 (com=0.51),0.5170077052410265
650543,1,34899,316,1,Cluster 1 (com=0.70),0.1249624144324792
650570,1,34899,464,0,Cluster 0 (com=0.51),0.44090436591452703
650682,1,34899,374,0,Cluster 0 (com=0.51),0.43008559369717575
650716,1,34899,22,0,Cluster 0 (com=0.51),0.20407219772274723
650717,1,34899,386,1,Cluster 1 (com=0.70),-0.017294208659136657
650758,1,34899,112,0,Cluster 0 (com=0.51),0.32669596463870193
650861,1,34899,143,1,Cluster 1 (com=0.70),0.0760245650103421
650866,1,34899,989,0,Cluster 0 (com=0.51),0.5290271842611252
650923,1,34899,38,0,Cluster 0 (com=0.51),0.17725200002422561
650960,1,34899,76,0,Cluster 0 (com=0.51),0.27505986469544763
651040,1,34899,166,0,Cluster 0 (com=0.51),0.438633672424853
651121,1,34899,794,0,Cluster 0 (com=0.51),0.4082630759866525
651126,1,34899,500,0,Cluster 0 (com=0.51),0.3756678449596864
651182,1,34899,327,0,Cluster 0 (com=0.51),0.4049041990057034
651200,1,34899,28,1,Cluster 1 (com=0.70),0.38183278153268885
651238,1,34899,935,0,Cluster 0 (com=0.51),0.518896173266312
651253,1,34899,227,0,Cluster 0 (com=0.51),0.302084375198224
651330,1,34899,44,1,Cluster 1 (com=0.70),0.10639744653394136
651334,1,34899,174,0,Cluster 0 (com=0.51),0.19554964808392317
651354,1,34899,1046,0,Cluster 0 (com=0.51),0.4941822454313618
651381,1,34899,863,0,Cluster 0 (com=0.51),0.3703075493671159
651398,1,34899,303,0,Cluster 0 (com=0.51),0.4914089365065972
651419,1,34899,742,0,Cluster 0 (com=0.51),0.5086904874561043
651478,1,34899,1121,0,Cluster 0 (com=0.51),0.35393585260286264
651498,1,34899,500,0,Cluster 0 (com=0.51),0.3093692457689611
651555,1,34899,312,0,Cluster 0 (com=0.51),0.2047181318371144
651598,1,34899,319,0,Cluster 0 (com=0.51),0.4164571332209484
651693,1,34899,181,1,Cluster 1 (com=0.70),-0.014051669840097392
651881,1,34899,713,0,Cluster 0 (com=0.51),0.3094736438896105
651886,1,34899,263,0,Cluster 0 (com=0.51),0.3423064902895303
651927,1,34899,185,0,Cluster 0 (com=0.51),0.42883311354255393
651972,1,34899,125,1,Cluster 1 (com=0.70),0.3603101330647647
651990,1,34899,169,0,Cluster 0 (com=0.51),0.47419595508393725
652008,1,34899,434,0,Cluster 0 (com=0.51),0.31935990425218974
652064,1,34899,978,0,Cluster 0 (com=0.51),0.51981031241668
652087,1,34899,142,0,Cluster 0 (com=0.51),0.32973845723145506
652333,1,34899,203,1,Cluster 1 (com=0.70),0.006016126668302423
652335,1,34899,1447,0,Cluster 0 (com=0.51),0.36735056902854163
652336,1,34899,429,0,Cluster 0 (com=0.51),0.410995731437672
652438,1,34899,157,0,Cluster 0 (com=0.51),0.3373417827329898
652576,1,34899,221,1,Cluster 1 (com=0.70),0.11574890810725744
652593,1,34899,130,1,Cluster 1 (com=0.70),-0.05491044983475432
652625,1,34899,454,0,Cluster 0 (com=0.51),0.254922637261758
652647,1,34899,345,0,Cluster 0 (com=0.51),0.5002234562077297
652659,1,34899,498,0,Cluster 0 (com=0.51),0.24933405998877506
652664,1,34899,93,0,Cluster 0 (com=0.51),0.36444126836669727
652672,1,34899,196,1,Cluster 1 (com=0.70),0.14064105341716632
652684,1,34899,1062,0,Cluster 0 (com=0.51),0.4694947603185578
652711,1,34899,962,0,Cluster 0 (com=0.51),0.4294510826766018
652752,1,34899,228,0,Cluster 0 (com=0.51),0.2747486376144371
652753,1,34899,771,0,Cluster 0 (com=0.51),0.5050982248543485
652769,1,34899,136,0,Cluster 0 (com=0.51),0.31315508238857526
652788,1,34899,508,0,Cluster 0 (com=0.51),0.25189202203439837
652801,1,34899,447,0,Cluster 0 (com=0.51),0.38084351474248546
652824,1,34899,20,0,Cluster 0 (com=0.51),0.2430790654637174
652887,1,34899,282,0,Cluster 0 (com=0.51),0.3744229532793949
652890,1,34899,495,0,Cluster 0 (com=0.51),0.47035798767575143
652898,1,34899,776,0,Cluster 0 (com=0.51),0.5211744782221852
652994,1,34899,55,1,Cluster 1 (com=0.70),0.3355820664504128
652998,1,34899,15,0,Cluster 0 (com=0.51),0.20295106000064791
653045,1,34899,710,0,Cluster 0 (com=0.51),0.4281813814414868
653115,1,34899,184,1,Cluster 1 (com=0.70),0.12048851703166455
653144,1,34899,176,0,Cluster 0 (com=0.51),0.4094236077314295
653183,1,34899,244,0,Cluster 0 (com=0.51),0.2085062450458665
653297,1,34899,763,0,Cluster 0 (com=0.51),0.5282512577600178
653301,1,34899,630,0,Cluster 0 (com=0.51),0.4788715594654801
653356,1,34899,478,1,Cluster 1 (com=0.70),-0.041398164920191764
653372,1,34899,398,0,Cluster 0 (com=0.51),0.40613991047337444
653381,1,34899,411,0,Cluster 0 (com=0.51),0.3656982933798381
653417,1,34899,160,0,Cluster 0 (com=0.51),0.34595380539838433
653536,1,34899,314,0,Cluster 0 (com=0.51),0.25690049597081505
653558,1,34899,362,0,Cluster 0 (com=0.51),0.40948738967409337
653567,1,34899,428,0,Cluster 0 (com=0.51),0.32287172582148543
653595,1,34899,343,0,Cluster 0 (com=0.51),0.4194655827838701
653653,1,34899,331,0,Cluster 0 (com=0.51),0.4792436150059751
653659,1,34899,103,0,Cluster 0 (com=0.51),0.15173225727508696
653773,1,34899,832,0,Cluster 0 (com=0.51),0.41946947971566584
653797,1,34899,242,0,Cluster 0 (com=0.51),0.10709951636323391
653841,1,34899,171,0,Cluster 0 (com=0.51),0.13604122449465036
653846,1,34899,384,0,Cluster 0 (com=0.51),0.4616424728170608
653857,1,34899,398,1,Cluster 1 (com=0.70),-0.054112759893810196
653988,1,34899,268,0,Cluster 0 (com=0.51),0.255293793094264
654045,1,34899,264,1,Cluster 1 (com=0.70),0.40238103923378743
654048,1,34899,409,0,Cluster 0 (com=0.51),0.42504814356299814
654112,1,34899,518,0,Cluster 0 (com=0.51),0.3011024152539195
654114,1,34899,414,0,Cluster 0 (com=0.51),0.4423210061537781
654169,1,34899,385,0,Cluster 0 (com=0.51),0.3339544238275669
654217,1,34899,280,0,Cluster 0 (com=0.51),0.4514156606116992
654228,1,34899,440,0,Cluster 0 (com=0.51),0.37609374634110054
654236,1,34899,105,0,Cluster 0 (com=0.51),0.38266121259105296
654260,1,34899,543,0,Cluster 0 (com=0.51),0.49766462675454853
654339,1,34899,357,0,Cluster 0 (com=0.51),0.523758952001992
654351,1,34899,138,1,Cluster 1 (com=0.70),0.05019064548605625
654441,1,34899,578,0,Cluster 0 (com=0.51),0.3432612330957577
654563,1,34899,915,0,Cluster 0 (com=0.51),0.525117297744339
654565,1,34899,139,0,Cluster 0 (com=0.51),0.24791771839018514
654578,1,34899,258,0,Cluster 0 (com=0.51),0.40794801188043534
654597,1,34899,781,0,Cluster 0 (com=0.51),0.5503864386477653
654684,1,34899,69,0,Cluster 0 (com=0.51),0.4127043214362792
654692,1,34899,277,0,Cluster 0 (com=0.51),0.2211249751145949
654738,1,34899,152,0,Cluster 0 (com=0.51),0.25810659576458705
654819,1,34899,1479,0,Cluster 0 (com=0.51),0.4521582792151427
654824,1,34899,1309,0,Cluster 0 (com=0.51),0.5454753518160892
654834,1,34899,871,0,Cluster 0 (com=0.51),0.5254450351066576
654852,1,34899,1123,0,Cluster 0 (com=0.51),0.333781825851935
654867,1,34899,866,0,Cluster 0 (com=0.51),0.5588363675109866
654947,1,34899,173,1,Cluster 1 (com=0.70),-0.011973090845125142
655028,1,34899,46,1,Cluster 1 (com=0.70),0.4010222363898418
655088,1,34899,219,0,Cluster 0 (com=0.51),0.25689895540029567
655113,1,34899,110,0,Cluster 0 (com=0.51),0.40998935016390553
655115,1,34899,572,0,Cluster 0 (com=0.51),0.5177071338534057
655124,1,34899,279,0,Cluster 0 (com=0.51),0.30215586165887265
655127,1,34899,460,0,Cluster 0 (com=0.51),0.4895974630570065
655353,1,34899,1472,0,Cluster 0 (com=0.51),0.5152425184361854
655386,1,34899,658,0,Cluster 0 (com=0.51),0.47720719714532955
655412,1,34899,599,0,Cluster 0 (com=0.51),0.2401672881440596
655416,1,34899,58,0,Cluster 0 (com=0.51),0.21790848379502908
655445,1,34899,316,0,Cluster 0 (com=0.51),0.46349514148208715
655569,1,34899,421,0,Cluster 0 (com=0.51),0.43637402091272515
655629,1,34899,195,1,Cluster 1 (com=0.70),-0.05247807888729622
655796,1,34899,621,0,Cluster 0 (com=0.51),0.2691395173712824
655852,1,34899,183,0,Cluster 0 (com=0.51),0.15261248199880553
655927,1,34899,138,0,Cluster 0 (com=0.51),0.36339427346240544
655981,1,34899,750,0,Cluster 0 (com=0.51),0.4664235316618966
656029,1,34899,386,0,Cluster 0 (com=0.51),0.4320928819646408
656065,1,34899,365,0,Cluster 0 (com=0.51),0.46974706351288803
656086,1,34899,506,0,Cluster 0 (com=0.51),0.401060184407074
656092,1,34899,582,0,Cluster 0 (com=0.51),0.4805513244198332
656107,1,34899,23,1,Cluster 1 (com=0.70),0.226733346924067
656131,1,34899,573,0,Cluster 0 (com=0.51),0.5139386988833756
656145,1,34899,167,0,Cluster 0 (com=0.51),0.49190782547469986
656158,1,34899,565,0,Cluster 0 (com=0.51),0.43131888805660534
656159,1,34899,673,0,Cluster 0 (com=0.51),0.4875899306565778
656165,1,34899,458,1,Cluster 1 (com=0.70),-0.0186618974177676
656234,1,34899,419,0,Cluster 0 (com=0.51),0.4210498922650981
656323,1,34899,376,0,Cluster 0 (com=0.51),0.364450034725336
656353,1,34899,1725,0,Cluster 0 (com=0.51),0.5101460406618602
656360,1,34899,685,0,Cluster 0 (com=0.51),0.36504466420625026
656414,1,34899,360,0,Cluster 0 (com=0.51),0.43473923802710496
656436,1,34899,172,0,Cluster 0 (com=0.51),0.48449683950787814
656510,1,34899,186,1,Cluster 1 (com=0.70),0.06864212420057902
656529,1,34899,808,0,Cluster 0 (com=0.51),0.4595279382634338
656579,1,34899,1232,0,Cluster 0 (com=0.51),0.522910858728386
656607,1,34899,341,0,Cluster 0 (com=0.51),0.21796186824950076
656651,1,34899,299,0,Cluster 0 (com=0.51),0.47101733176218663
656693,1,34899,162,0,Cluster 0 (com=0.51),0.35018732988396895
656734,1,34899,686,0,Cluster 0 (com=0.51),0.5378783660338989
656791,1,34899,1035,0,Cluster 0 (com=0.51),0.4383266462289921
656800,1,34899,227,0,Cluster 0 (com=0.51),0.46480122272982266
656882,1,34899,1107,0,Cluster 0 (com=0.51),0.41680716357955777
656988,1,34899,788,0,Cluster 0 (com=0.51),0.2099320123011883
656996,1,34899,387,0,Cluster 0 (com=0.51),0.4146633139921781
657048,1,34899,194,0,Cluster 0 (com=0.51),0.30700049249476075
657181,1,34899,29,1,Cluster 1 (com=0.70),0.3129049976139389
657220,1,34899,1046,0,Cluster 0 (com=0.51),0.4953217286885556
657330,1,34899,936,0,Cluster 0 (com=0.51),0.4824611052364352
657344,1,34899,788,0,Cluster 0 (com=0.51),0.5150364185700902
674222,1,34899,657,0,Cluster 0 (com=0.51),0.5192816675950549
674226,1,34899,311,0,Cluster 0 (com=0.51),0.3928394313068649
674236,1,34899,121,0,Cluster 0 (com=0.51),0.37719218654955466
674260,1,34899,752,0,Cluster 0 (com=0.51),0.44791845784709444
674262,1,34899,862,0,Cluster 0 (com=0.51),0.523412848538794
674320,1,34899,347,0,Cluster 0 (com=0.51),0.5283544479476501
674387,1,34899,722,0,Cluster 0 (com=0.51),0.4126808498520839
674406,1,34899,307,0,Cluster 0 (com=0.51),0.301462384397927
674451,1,34899,345,0,Cluster 0 (com=0.51),0.5066748261699727
674478,1,34899,270,0,Cluster 0 (com=0.51),0.43206068091802585
674484,1,34899,631,0,Cluster 0 (com=0.51),0.4883962190484385
674497,1,34899,471,0,Cluster 0 (com=0.51),0.4869017216197403
674509,1,34899,741,0,Cluster 0 (com=0.51),0.4028919311712684
674584,1,34899,118,0,Cluster 0 (com=0.51),0.21210074470768783
674594,1,34899,645,0,Cluster 0 (com=0.51),0.4527886119273208
674644,1,34899,531,0,Cluster 0 (com=0.51),0.14519893407116577
674657,1,34899,444,0,Cluster 0 (com=0.51),0.2789701349588361
674671,1,34899,423,1,Cluster 1 (com=0.70),-0.10779914182550977
674691,1,34899,987,0,Cluster 0 (com=0.51),0.4744160548335915
674694,1,34899,754,0,Cluster 0 (com=0.51),0.4026036383587782
674699,1,34899,416,0,Cluster 0 (com=0.51),0.45744033220600666
674751,1,34899,580,0,Cluster 0 (com=0.51),0.472133531635997
674831,1,34899,544,0,Cluster 0 (com=0.51),0.4309050853482654
674870,1,34899,1222,0,Cluster 0 (com=0.51),0.35858011059026135
674921,1,34899,399,1,Cluster 1 (com=0.70),0.22167166571407781
675021,1,34899,488,1,Cluster 1 (com=0.70),0.3227821644824437
675054,1,34899,361,0,Cluster 0 (com=0.51),0.5059814315762975
675193,1,34899,234,0,Cluster 0 (com=0.51),0.39363223639406913
675225,1,34899,234,0,Cluster 0 (com=0.51),0.45509428761764764
675233,1,34899,484,0,Cluster 0 (com=0.51),0.4014478455834349
675261,1,34899,258,0,Cluster 0 (com=0.51),0.4804276788124637
675273,1,34899,207,0,Cluster 0 (com=0.51),0.3605719424117596
675279,1,34899,1736,0,Cluster 0 (com=0.51),0.5245898307177208
675315,1,34899,240,0,Cluster 0 (com=0.51),0.3128347116415259
675328,1,34899,471,0,Cluster 0 (com=0.51),0.4959772686003027
675337,1,34899,178,1,Cluster 1 (com=0.70),0.39277882154038246
675474,1,34899,175,0,Cluster 0 (com=0.51),0.4348356616262642
675486,1,34899,226,0,Cluster 0 (com=0.51),0.3818971864279468
675514,1,34899,115,0,Cluster 0 (com=0.51),0.2289472628994891
675566,1,34899,176,0,Cluster 0 (com=0.51),0.16218617623584833
675577,1,34899,548,0,Cluster 0 (com=0.51),0.4570306281597484
675636,1,34899,553,0,Cluster 0 (com=0.51),0.507553213554794
675710,1,34899,415,0,Cluster 0 (com=0.51),0.4409200509962395
675843,1,34899,453,0,Cluster 0 (com=0.51),0.4224350730642139
675947,1,34899,284,0,Cluster 0 (com=0.51),0.48653669727602566
675989,1,34899,593,0,Cluster 0 (com=0.51),0.5049846683363264
676007,1,34899,289,0,Cluster 0 (com=0.51),0.5433439064310681
676040,1,34899,448,0,Cluster 0 (com=0.51),0.42586063226412013
676064,1,34899,436,0,Cluster 0 (com=0.51),0.436412692381965
676103,1,34899,295,0,Cluster 0 (com=0.51),0.3090280927421137
676139,1,34899,310,0,Cluster 0 (com=0.51),0.4318377036708561
676190,1,34899,606,0,Cluster 0 (com=0.51),0.4392633799052878
676265,1,34899,360,0,Cluster 0 (com=0.51),0.4458261576661341
676272,1,34899,166,0,Cluster 0 (com=0.51),0.11120427116996323
676303,1,34899,181,1,Cluster 1 (com=0.70),0.1262005109283791
676378,1,34899,573,0,Cluster 0 (com=0.51),0.3269308049899709
676444,1,34899,1029,0,Cluster 0 (com=0.51),0.5430400976421673
676458,1,34899,345,0,Cluster 0 (com=0.51),0.20873971644295597
676459,1,34899,992,0,Cluster 0 (com=0.51),0.550359088579536
676478,1,34899,582,0,Cluster 0 (com=0.51),0.4670940723376997
676492,1,34899,1001,0,Cluster 0 (com=0.51),0.5403689026026381
676600,1,34899,514,0,Cluster 0 (com=0.51),0.44277507850851205
676610,1,34899,1024,0,Cluster 0 (com=0.51),0.3929516665310293
676626,1,34899,697,0,Cluster 0 (com=0.51),0.4405526844258502
676627,1,34899,50,0,Cluster 0 (com=0.51),0.21179851946497988
676866,1,34899,423,0,Cluster 0 (com=0.51),0.2884981551416116
676882,1,34899,753,0,Cluster 0 (com=0.51),0.5406617798673493
677081,1,34899,307,0,Cluster 0 (com=0.51),0.43403449431750163
677085,1,34899,122,0,Cluster 0 (com=0.51),0.06111826719021753
677111,1,34899,793,0,Cluster 0 (com=0.51),0.3576681053590195
677138,1,34899,1043,0,Cluster 0 (com=0.51),0.48707217937941116
677155,1,34899,541,0,Cluster 0 (com=0.51),0.28176860348658994
677167,1,34899,1279,0,Cluster 0 (com=0.51),0.503914617967907
677206,1,34899,153,0,Cluster 0 (com=0.51),0.21499556040092216
677221,1,34899,724,0,Cluster 0 (com=0.51),0.522438329910109
677235,1,34899,266,0,Cluster 0 (com=0.51),0.2782951808071488
677327,1,34899,532,0,Cluster 0 (com=0.51),0.2723843160072387
677382,1,34899,233,0,Cluster 0 (com=0.51),0.1199204433596518
677400,1,34899,991,0,Cluster 0 (com=0.51),0.35276838150786255
677436,1,34899,627,0,Cluster 0 (com=0.51),0.4821011480411873
677456,1,34899,893,0,Cluster 0 (com=0.51),0.5095377930633904
677486,1,34899,166,0,Cluster 0 (com=0.51),0.33161163353950884
677546,1,34899,459,0,Cluster 0 (com=0.51),0.4759309870785325
677582,1,34899,270,0,Cluster 0 (com=0.51),0.31200984301583856
677608,1,34899,1623,0,Cluster 0 (com=0.51),0.5254822335916083
677655,1,34899,925,0,Cluster 0 (com=0.51),0.4942480606533329
677687,1,34899,153,1,Cluster 1 (com=0.70),-0.09233578074205254
677701,1,34899,528,0,Cluster 0 (com=0.51),0.3688475366518549
677748,1,34899,277,0,Cluster 0 (com=0.51),0.4067739112944438
677767,1,34899,302,0,Cluster 0 (com=0.51),0.37351911577323893
677833,1,34899,870,0,Cluster 0 (com=0.51),0.40086465139598454
677867,1,34899,334,0,Cluster 0 (com=0.51),0.22675339509285408
677869,1,34899,122,1,Cluster 1 (com=0.70),0.07037465836854184
678088,1,34899,1387,0,Cluster 0 (com=0.51),0.5333757250969995
678203,1,34899,67,1,Cluster 1 (com=0.70),0.22875093550180192
678235,1,34899,734,0,Cluster 0 (com=0.51),0.4545188905004916
678270,1,34899,117,0,Cluster 0 (com=0.51),0.21826570028067055
678381,1,34899,232,0,Cluster 0 (com=0.51),0.19252756510667474
678407,1,34899,588,0,Cluster 0 (com=0.51),0.4845446799311885
678452,1,34899,83,0,Cluster 0 (com=0.51),0.28594330537906465
678528,1,34899,510,0,Cluster 0 (com=0.51),0.3300003165298044
678619,1,34899,162,0,Cluster 0 (com=0.51),0.37571590198919597
678628,1,34899,395,0,Cluster 0 (com=0.51),0.38971264664129074
678639,1,34899,497,0,Cluster 0 (com=0.51),0.37752047385265125
678659,1,34899,345,1,Cluster 1 (com=0.70),0.20415396003797556
678819,1,34899,624,0,Cluster 0 (com=0.51),0.4604175968072237
678831,1,34899,162,0,Cluster 0 (com=0.51),0.479659823159436
678859,1,34899,775,0,Cluster 0 (com=0.51),0.5187563638664588
678877,1,34899,319,0,Cluster 0 (com=0.51),0.29620385120691517
678946,1,34899,1046,0,Cluster 0 (com=0.51),0.544679377243568
678954,1,34899,840,0,Cluster 0 (com=0.51),0.5253471719246146
679019,1,34899,779,0,Cluster 0 (com=0.51),0.40722576832327845
679036,1,34899,1752,0,Cluster 0 (com=0.51),0.5135392095622989
679111,1,34899,498,0,Cluster 0 (com=0.51),0.3377286955502031
679189,1,34899,1171,0,Cluster 0 (com=0.51),0.46562119856018486
679227,1,34899,903,0,Cluster 0 (com=0.51),0.4981382291024764
679237,1,34899,494,1,Cluster 1 (com=0.70),0.22988223150464976
679251,1,34899,278,0,Cluster 0 (com=0.51),0.32845487118349553
679262,1,34899,282,0,Cluster 0 (com=0.51),0.40511680608823425
679269,1,34899,342,0,Cluster 0 (com=0.51),0.28437892837870393
679278,1,34899,563,0,Cluster 0 (com=0.51),0.24867880833100067
679342,1,34899,563,0,Cluster 0 (com=0.51),0.5135437187154341
679384,1,34899,705,0,Cluster 0 (com=0.51),0.4600145953078987
679386,1,34899,296,0,Cluster 0 (com=0.51),0.2996144113868427
679402,1,34899,381,0,Cluster 0 (com=0.51),0.5023249759709766
679445,1,34899,367,0,Cluster 0 (com=0.51),0.28986390387155353
679448,1,34899,938,0,Cluster 0 (com=0.51),0.5097121923542828
679498,1,34899,307,0,Cluster 0 (com=0.51),0.3721601676380671
679502,1,34899,286,0,Cluster 0 (com=0.51),0.34364657863938175
679509,1,34899,833,0,Cluster 0 (com=0.51),0.4866981161360744
679594,1,34899,902,0,Cluster 0 (com=0.51),0.5230350372409269
679676,1,34899,842,0,Cluster 0 (com=0.51),0.406227346216907
679749,1,34899,82,0,Cluster 0 (com=0.51),0.3183757568870167
679788,1,34899,319,0,Cluster 0 (com=0.51),0.27631582617420924
679790,1,34899,70,0,Cluster 0 (com=0.51),0.2764375111951915
679939,1,34899,340,0,Cluster 0 (com=0.51),0.23350866212887925
680014,1,34899,341,0,Cluster 0 (com=0.51),0.46446971697876294
680018,1,34899,424,0,Cluster 0 (com=0.51),0.4563402743456935
680027,1,34899,1172,0,Cluster 0 (com=0.51),0.5160075410346585
680080,1,34899,887,0,Cluster 0 (com=0.51),0.475314122800058
680145,1,34899,162,1,Cluster 1 (com=0.70),0.350078227247686
680212,1,34899,74,0,Cluster 0 (com=0.51),0.08553642004111803
680222,1,34899,88,0,Cluster 0 (com=0.51),0.3007010785903241
680231,1,34899,204,0,Cluster 0 (com=0.51),0.3184184286516011
680255,1,34899,42,1,Cluster 1 (com=0.70),0.015237487517895014
680266,1,34899,727,0,Cluster 0 (com=0.51),0.5064747190715189
680270,1,34899,183,1,Cluster 1 (com=0.70),0.4073247321622216
680273,1,34899,1202,0,Cluster 0 (com=0.51),0.477824843669577
680322,1,34899,620,0,Cluster 0 (com=0.51),0.5432151191431395
680343,1,34899,371,0,Cluster 0 (com=0.51),0.2140516152683316
680348,1,34899,658,0,Cluster 0 (com=0.51),0.5021065552361903
680410,1,34899,224,0,Cluster 0 (com=0.51),0.39388396953737326
680443,1,34899,671,0,Cluster 0 (com=0.51),0.5012547163240828
680464,1,34899,516,0,Cluster 0 (com=0.51),0.3718395953679464
680506,1,34899,214,1,Cluster 1 (com=0.70),0.2308063886882018
680517,1,34899,125,1,Cluster 1 (com=0.70),0.17090188726140373
680572,1,34899,3178,0,Cluster 0 (com=0.51),0.439398020699645
680708,1,34899,239,0,Cluster 0 (com=0.51),0.5033951261814692
680713,1,34899,663,0,Cluster 0 (com=0.51),0.5435935985109813
680747,1,34899,639,0,Cluster 0 (com=0.51),0.444458305839219
680775,1,34899,608,0,Cluster 0 (com=0.51),0.5059523210938203
680810,1,34899,808,0,Cluster 0 (com=0.51),0.41392869601324533
680855,1,34899,138,0,Cluster 0 (com=0.51),0.30070377700232115
680872,1,34899,391,0,Cluster 0 (com=0.51),0.33769351551942456
680912,1,34899,478,0,Cluster 0 (com=0.51),0.5132637003632656
680955,1,34899,538,0,Cluster 0 (com=0.51),0.2978276522200659
680974,1,34899,134,0,Cluster 0 (com=0.51),0.19392616923889092
681004,1,34899,599,0,Cluster 0 (com=0.51),0.4775945801014879
681073,1,34899,418,0,Cluster 0 (com=0.51),0.35717931468553854
681152,1,34899,1143,0,Cluster 0 (com=0.51),0.5339229357700469
681235,1,34899,303,0,Cluster 0 (com=0.51),0.1065585295907698
681277,1,34899,173,1,Cluster 1 (com=0.70),0.10898347790648073
681328,1,34899,663,0,Cluster 0 (com=0.51),0.5115791943668413
681335,1,34899,447,1,Cluster 1 (com=0.70),0.06522464195506285
681341,1,34899,368,0,Cluster 0 (com=0.51),0.36894607120266115
681352,1,34899,283,0,Cluster 0 (com=0.51),0.12588553929405122
681354,1,34899,211,0,Cluster 0 (com=0.51),0.16768199304504747
681452,1,34899,72,0,Cluster 0 (com=0.51),0.21819260700364107
681490,1,34899,790,0,Cluster 0 (com=0.51),0.450203663785603
681608,1,34899,364,1,Cluster 1 (com=0.70),0.2514236818836817
681633,1,34899,650,0,Cluster 0 (com=0.51),0.5039830413137949
681652,1,34899,615,0,Cluster 0 (com=0.51),0.5142358280111439
681655,1,34899,1124,0,Cluster 0 (com=0.51),0.5471619028155823
681658,1,34899,154,0,Cluster 0 (com=0.51),0.3555181698682003
681691,1,34899,57,0,Cluster 0 (com=0.51),0.0777827300748526
681735,1,34899,109,1,Cluster 1 (com=0.70),-0.08350413825112264
681755,1,34899,967,0,Cluster 0 (com=0.51),0.5488052805480104
681763,1,34899,1798,0,Cluster 0 (com=0.51),0.523349376922362
681938,1,34899,570,0,Cluster 0 (com=0.51),0.5382840006710207
681973,1,34899,429,0,Cluster 0 (com=0.51),0.42522102542488105
682015,1,34899,273,0,Cluster 0 (com=0.51),0.4884504431188046
682025,1,34899,131,0,Cluster 0 (com=0.51),0.3549423504420049
682070,1,34899,519,0,Cluster 0 (com=0.51),0.44039622075940693
682276,1,34899,327,0,Cluster 0 (com=0.51),0.36256242653081244
682298,1,34899,612,0,Cluster 0 (com=0.51),0.40262731384242295
682390,1,34899,189,0,Cluster 0 (com=0.51),0.3909027494230401
682391,1,34899,431,1,Cluster 1 (com=0.70),-0.03924274411723052
682436,1,34899,272,0,Cluster 0 (com=0.51),0.31877573188742
682437,1,34899,1046,0,Cluster 0 (com=0.51),0.48682197754933404
682504,1,34899,231,0,Cluster 0 (com=0.51),0.38423422691118264
682511,1,34899,254,1,Cluster 1 (com=0.70),0.24781978853048162
682539,1,34899,468,0,Cluster 0 (com=0.51),0.4339273273866529
682546,1,34899,192,1,Cluster 1 (com=0.70),0.17290803847391034
682569,1,34899,805,0,Cluster 0 (com=0.51),0.40381155406457125
682578,1,34899,532,0,Cluster 0 (com=0.51),0.432781636698458
682588,1,34899,1166,0,Cluster 0 (com=0.51),0.46160775551620425
682613,1,34899,424,1,Cluster 1 (com=0.70),0.1178781527442382
682632,1,34899,1373,0,Cluster 0 (com=0.51),0.5179080312813936
682671,1,34899,327,0,Cluster 0 (com=0.51),0.4246882147649996
682695,1,34899,309,0,Cluster 0 (com=0.51),0.4505149775578704
682753,1,34899,431,0,Cluster 0 (com=0.51),0.5433971817136094
682839,1,34899,927,0,Cluster 0 (com=0.51),0.5201266077950696
682863,1,34899,120,0,Cluster 0 (com=0.51),0.333184366617601
682894,1,34899,448,0,Cluster 0 (com=0.51),0.4229722851026889
682946,1,34899,158,1,Cluster 1 (com=0.70),0.39661133008517274
682963,1,34899,301,0,Cluster 0 (com=0.51),0.2573025649279755
682981,1,34899,603,0,Cluster 0 (com=0.51),0.48077800980932694
682982,1,34899,214,1,Cluster 1 (com=0.70),0.3551685219901975
682983,1,34899,455,0,Cluster 0 (com=0.51),0.3407752950767924
682985,1,34899,189,0,Cluster 0 (com=0.51),0.17194108267747357
682990,1,34899,465,1,Cluster 1 (com=0.70),0.10087191632448239
683033,1,34899,908,0,Cluster 0 (com=0.51),0.5122675334147442
683094,1,34899,136,0,Cluster 0 (com=0.51),0.4106825182217781
683177,1,34899,390,0,Cluster 0 (com=0.51),0.3597632772519681
683178,1,34899,581,0,Cluster 0 (com=0.51),0.5044750077140204
683243,1,34899,79,0,Cluster 0 (com=0.51),0.24260789829355597
683305,1,34899,284,0,Cluster 0 (com=0.51),0.43603184580556714
683323,1,34899,609,0,Cluster 0 (com=0.51),0.37232138264655323
683346,1,34899,735,0,Cluster 0 (com=0.51),0.3285949764662107
683347,1,34899,91,0,Cluster 0 (com=0.51),0.2877886467143699
683352,1,34899,265,0,Cluster 0 (com=0.51),0.451513944695703
683353,1,34899,522,0,Cluster 0 (com=0.51),0.47151135603607564
683375,1,34899,753,0,Cluster 0 (com=0.51),0.43088430002675804
683403,1,34899,661,0,Cluster 0 (com=0.51),0.4926053299344223
683446,1,34899,273,1,Cluster 1 (com=0.70),-0.06807341387653854
683467,1,34899,120,1,Cluster 1 (com=0.70),0.18736722330107855
683508,1,34899,216,0,Cluster 0 (com=0.51),0.46754422885043845
683530,1,34899,1318,0,Cluster 0 (com=0.51),0.17904312464726288
683550,1,34899,188,1,Cluster 1 (com=0.70),-0.012212681757621881
683555,1,34899,124,0,Cluster 0 (com=0.51),0.31143296834940254
683576,1,34899,401,0,Cluster 0 (com=0.51),0.1301640880608922
683604,1,34899,481,0,Cluster 0 (com=0.51),0.39386353481849207
683624,1,34899,1208,0,Cluster 0 (com=0.51),0.5202612130726386
683699,1,34899,316,0,Cluster 0 (com=0.51),0.2848210300907621
683745,1,34899,761,1,Cluster 1 (com=0.70),-0.07242455871933341
683764,1,34899,116,0,Cluster 0 (com=0.51),0.44316465094925933
683772,1,34899,419,0,Cluster 0 (com=0.51),0.20988827972004465
683820,1,34899,1548,0,Cluster 0 (com=0.51),0.5548309264077822
683832,1,34899,329,0,Cluster 0 (com=0.51),0.5272791929081744
683902,1,34899,318,0,Cluster 0 (com=0.51),0.17267232618170836
683934,1,34899,523,0,Cluster 0 (com=0.51),0.46322968906726947
684013,1,34899,1028,1,Cluster 1 (com=0.70),0.19913531585642866
684040,1,34899,430,0,Cluster 0 (com=0.51),0.24079291878511835
684183,1,34899,346,0,Cluster 0 (com=0.51),0.3463202767934749
684311,1,34899,438,0,Cluster 0 (com=0.51),0.4510924612103943
684383,1,34899,503,0,Cluster 0 (com=0.51),0.1226537583034109
684386,1,34899,520,0,Cluster 0 (com=0.51),0.42876794412007047
684526,1,34899,521,0,Cluster 0 (com=0.51),0.3363152747089118
684592,1,34899,327,0,Cluster 0 (com=0.51),0.3795256045661193
684594,1,34899,214,0,Cluster 0 (com=0.51),0.44159779392045867
684671,1,34899,319,1,Cluster 1 (com=0.70),0.08416397649633622
684675,1,34899,352,0,Cluster 0 (com=0.51),0.4475597196516358
684882,1,34899,1471,0,Cluster 0 (com=0.51),0.5091336339846101
684981,1,34899,1136,0,Cluster 0 (com=0.51),0.5366534144913152
685004,1,34899,414,0,Cluster 0 (com=0.51),0.37021672783910237
685100,1,34899,417,0,Cluster 0 (com=0.51),0.4163497198539639
685105,1,34899,9,1,Cluster 1 (com=0.70),0.3510047339382505
685128,1,34899,323,0,Cluster 0 (com=0.51),0.27712213606231506
685140,1,34899,21,0,Cluster 0 (com=0.51),0.0638647084622215
685155,1,34899,646,0,Cluster 0 (com=0.51),0.4483079384734925
685192,1,34899,295,0,Cluster 0 (com=0.51),0.22254149290036676
685212,1,34899,485,0,Cluster 0 (com=0.51),0.3776335963052372
685276,1,34899,894,0,Cluster 0 (com=0.51),0.4997895678334032
685283,1,34899,279,0,Cluster 0 (com=0.51),0.24179203756643622
685330,1,34899,1101,0,Cluster 0 (com=0.51),0.3970954265209125
685339,1,34899,509,1,Cluster 1 (com=0.70),0.07817776194472555
685373,1,34899,365,0,Cluster 0 (com=0.51),0.5554741624769625
685378,1,34899,62,1,Cluster 1 (com=0.70),-0.05638870696289941
685410,1,34899,589,0,Cluster 0 (com=0.51),0.4934671913508837
685619,1,34899,94,0,Cluster 0 (com=0.51),0.07017683197288054
685657,1,34899,163,0,Cluster 0 (com=0.51),0.35397571493006885
685705,1,34899,576,0,Cluster 0 (com=0.51),0.5055539313607033
685708,1,34899,113,0,Cluster 0 (com=0.51),0.4483365718781325
685772,1,34899,656,0,Cluster 0 (com=0.51),0.497129658801761
685831,1,34899,574,0,Cluster 0 (com=0.51),0.545185244428286
685860,1,34899,591,0,Cluster 0 (com=0.51),0.5030815843245082
685928,1,34899,49,0,Cluster 0 (com=0.51),0.14885198155020585
685998,1,34899,424,0,Cluster 0 (com=0.51),0.37707289954316
686065,1,34899,552,0,Cluster 0 (com=0.51),0.4904804646303663
686164,1,34899,68,0,Cluster 0 (com=0.51),0.2894567635897092
686314,1,34899,215,0,Cluster 0 (com=0.51),0.4350795225638932
686317,1,34899,275,0,Cluster 0 (com=0.51),0.3869260870489619
686344,1,34899,999,0,Cluster 0 (com=0.51),0.3737841107555958
686348,1,34899,1557,0,Cluster 0 (com=0.51),0.5578830272620021
686448,1,34899,157,1,Cluster 1 (com=0.70),0.0445772635457232
686498,1,34899,452,0,Cluster 0 (com=0.51),0.4652066621928267
686522,1,34899,565,0,Cluster 0 (com=0.51),0.4205715800616021
686558,1,34899,103,0,Cluster 0 (com=0.51),0.08009561641989958
686700,1,34899,229,0,Cluster 0 (com=0.51),0.08928338907195167
686705,1,34899,318,0,Cluster 0 (com=0.51),0.377715499286444
686786,1,34899,409,0,Cluster 0 (com=0.51),0.31862155535780057
686946,1,34899,160,0,Cluster 0 (com=0.51),0.32780656114963713
687007,1,34899,343,1,Cluster 1 (com=0.70),0.09312679226951114
687033,1,34899,81,1,Cluster 1 (com=0.70),0.4091871953296467
687073,1,34899,565,0,Cluster 0 (com=0.51),0.5065124997211605
687112,1,34899,405,0,Cluster 0 (com=0.51),0.49750269748030534
687115,1,34899,75,0,Cluster 0 (com=0.51),0.24507576748086152
687288,1,34899,231,0,Cluster 0 (com=0.51),0.1432182318527365
687331,1,34899,485,0,Cluster 0 (com=0.51),0.251587994402898
687341,1,34899,358,0,Cluster 0 (com=0.51),0.3177771952042705
687345,1,34899,189,0,Cluster 0 (com=0.51),0.28480968311436783
687351,1,34899,613,0,Cluster 0 (com=0.51),0.40165874128795814
687410,1,34899,191,0,Cluster 0 (com=0.51),0.22958886592652988
687434,1,34899,2276,0,Cluster 0 (com=0.51),0.48207199873888645
687468,1,34899,471,0,Cluster 0 (com=0.51),0.3740774845515965
687485,1,34899,359,0,Cluster 0 (com=0.51),0.36556898898873735
687503,1,34899,824,0,Cluster 0 (com=0.51),0.46852117784926384
687510,1,34899,484,0,Cluster 0 (com=0.51),0.5172488058682495
687511,1,34899,184,0,Cluster 0 (com=0.51),0.432827474506335
687525,1,34899,208,0,Cluster 0 (com=0.51),0.43213087143430445
687686,1,34899,299,0,Cluster 0 (com=0.51),0.4469504206878812
687752,1,34899,177,0,Cluster 0 (com=0.51),0.23099489240021842
687846,1,34899,343,0,Cluster 0 (com=0.51),0.2352511369844766
687910,1,34899,537,0,Cluster 0 (com=0.51),0.497931240905688
687930,1,34899,1069,0,Cluster 0 (com=0.51),0.4816212824310022
687931,1,34899,679,0,Cluster 0 (com=0.51),0.48604229283988903
687988,1,34899,318,0,Cluster 0 (com=0.51),0.46724125300433195
688008,1,34899,487,0,Cluster 0 (com=0.51),0.3340324949926345
688071,1,34899,75,1,Cluster 1 (com=0.70),0.058823297320627015
688127,1,34899,327,0,Cluster 0 (com=0.51),0.30736280630397167
688136,1,34899,2012,0,Cluster 0 (com=0.51),0.5392224703244917
688159,1,34899,456,0,Cluster 0 (com=0.51),0.5063691301165384
688192,1,34899,430,0,Cluster 0 (com=0.51),0.3665439417047393
688225,1,34899,377,1,Cluster 1 (com=0.70),-0.029068701569305744
688250,1,34899,73,0,Cluster 0 (com=0.51),0.29473235621742994
688265,1,34899,78,1,Cluster 1 (com=0.70),-0.008918929574301073
688337,1,34899,470,0,Cluster 0 (com=0.51),0.45836617216391645
688453,1,34899,181,0,Cluster 0 (com=0.51),0.2417514253762081
688470,1,34899,196,0,Cluster 0 (com=0.51),0.43026810056606
688543,1,34899,386,0,Cluster 0 (com=0.51),0.45123136194227853
688664,1,34899,326,0,Cluster 0 (com=0.51),0.42942385012764317
688667,1,34899,1600,0,Cluster 0 (com=0.51),0.5153508083562741
688685,1,34899,716,0,Cluster 0 (com=0.51),0.41943682299282686
688727,1,34899,806,0,Cluster 0 (com=0.51),0.5024442446259398
688881,1,34899,352,0,Cluster 0 (com=0.51),0.47746745911506616
688891,1,34899,370,0,Cluster 0 (com=0.51),0.10176245925194019
688895,1,34899,411,0,Cluster 0 (com=0.51),0.4813449516100807
688904,1,34899,1044,0,Cluster 0 (com=0.51),0.5301542345739593
688976,1,34899,431,0,Cluster 0 (com=0.51),0.3880524978300121
689005,1,34899,283,0,Cluster 0 (com=0.51),0.47143546835426003
689052,1,34899,416,0,Cluster 0 (com=0.51),0.3481320405470299
689056,1,34899,578,0,Cluster 0 (com=0.51),0.45001311291468943
689225,1,34899,436,0,Cluster 0 (com=0.51),0.4592583987053998
689260,1,34899,402,0,Cluster 0 (com=0.51),0.4046086668941623
689280,1,34899,752,0,Cluster 0 (com=0.51),0.5464343284021871
689347,1,34899,592,0,Cluster 0 (com=0.51),0.463231201255444
689444,1,34899,678,0,Cluster 0 (com=0.51),0.361021710424907
689498,1,34899,146,1,Cluster 1 (com=0.70),0.1611555895262951
689626,1,34899,109,1,Cluster 1 (com=0.70),0.14467453094099575
689796,1,34899,885,0,Cluster 0 (com=0.51),0.381838777361941
689827,1,34899,106,1,Cluster 1 (com=0.70),0.02822753943511246
689832,1,34899,294,0,Cluster 0 (com=0.51),0.3058121474654372
689855,1,34899,387,0,Cluster 0 (com=0.51),0.32096682655378284
689924,1,34899,169,0,Cluster 0 (com=0.51),0.4691668283204747
690075,1,34899,110,0,Cluster 0 (com=0.51),0.42705040406101286
690198,1,34899,508,0,Cluster 0 (com=0.51),0.5135413074472348
690296,1,34899,386,0,Cluster 0 (com=0.51),0.3452183709648036
690382,1,34899,42,1,Cluster 1 (com=0.70),0.002408939091156093
690585,1,34899,117,1,Cluster 1 (com=0.70),0.1725124125541481
690628,1,34899,468,0,Cluster 0 (com=0.51),0.18700515193378855
690635,1,34899,66,0,Cluster 0 (com=0.51),0.14969180055140643
690746,1,34899,999,0,Cluster 0 (com=0.51),0.48438261450863734
690832,1,34899,336,0,Cluster 0 (com=0.51),0.2529949241664863
690872,1,34899,138,0,Cluster 0 (com=0.51),0.22118789422059149
690962,1,34899,209,0,Cluster 0 (com=0.51),0.4518721508472744
691269,1,34899,416,1,Cluster 1 (com=0.70),-0.0273607162654769
691280,1,34899,338,0,Cluster 0 (com=0.51),0.33271005037190887
691326,1,34899,994,0,Cluster 0 (com=0.51),0.4453088843346254
691375,1,34899,517,0,Cluster 0 (com=0.51),0.4226389172426981
691465,1,34899,111,0,Cluster 0 (com=0.51),0.35402015674940557
691699,1,34899,349,0,Cluster 0 (com=0.51),0.25307441973796646
691722,1,34899,807,0,Cluster 0 (com=0.51),0.4965105129179692
691805,1,34899,71,0,Cluster 0 (com=0.51),0.2436677066706861
691873,1,34899,224,0,Cluster 0 (com=0.51),0.37400256777215823
691932,1,34899,991,0,Cluster 0 (com=0.51),0.3869391577300521
692010,1,34899,1060,0,Cluster 0 (com=0.51),0.28253868931824627
692097,1,34899,694,0,Cluster 0 (com=0.51),0.499126323817153
692220,1,34899,449,0,Cluster 0 (com=0.51),0.4651184646568747
692297,1,34899,43,1,Cluster 1 (com=0.70),0.17715792937232605
692301,1,34899,195,0,Cluster 0 (com=0.51),0.1387909427777597
692334,1,34899,388,1,Cluster 1 (com=0.70),2.8137809412487923e-05
692454,1,34899,694,0,Cluster 0 (com=0.51),0.48505651876374817
692612,1,34899,534,0,Cluster 0 (com=0.51),0.26881696073961425
692632,1,34899,315,0,Cluster 0 (com=0.51),0.32000893957648024
692893,1,34899,224,0,Cluster 0 (com=0.51),0.3691358733906172
692946,1,34899,118,0,Cluster 0 (com=0.51),0.11389497852580086
692962,1,34899,711,0,Cluster 0 (com=0.51),0.3530651339998175
692968,1,34899,146,1,Cluster 1 (com=0.70),0.0831154301390655
693160,1,34899,548,0,Cluster 0 (com=0.51),0.4939975949142234
693162,1,34899,1091,0,Cluster 0 (com=0.51),0.5469920238738604
693197,1,34899,224,0,Cluster 0 (com=0.51),0.0855771554633315
693236,1,34899,435,0,Cluster 0 (com=0.51),0.3395016762875764
693345,1,34899,354,0,Cluster 0 (com=0.51),0.2989545663939017
693373,1,34899,420,0,Cluster 0 (com=0.51),0.5028486076799825
693497,1,34899,819,0,Cluster 0 (com=0.51),0.3488017461416069
693519,1,34899,296,0,Cluster 0 (com=0.51),0.3744225736789129
693573,1,34899,677,0,Cluster 0 (com=0.51),0.48161522031039955
693628,1,34899,523,0,Cluster 0 (com=0.51),0.49034915272306123
693764,1,34899,60,0,Cluster 0 (com=0.51),0.22743806377137057
693806,1,34899,627,0,Cluster 0 (com=0.51),0.4464447822689794
693812,1,34899,31,1,Cluster 1 (com=0.70),0.34058471348342106
693873,1,34899,417,0,Cluster 0 (com=0.51),0.4528681541944116
693903,1,34899,243,0,Cluster 0 (com=0.51),0.18870205854884248
693906,1,34899,246,0,Cluster 0 (com=0.51),0.3965222145333092
693907,1,34899,449,0,Cluster 0 (com=0.51),0.46901803332569697
694128,1,34899,257,1,Cluster 1 (com=0.70),-0.0599760364247981
694144,1,34899,637,0,Cluster 0 (com=0.51),0.3664034535825706
694221,1,34899,176,0,Cluster 0 (com=0.51),0.4747346245470237
694284,1,34899,96,1,Cluster 1 (com=0.70),0.21473277967687338
694376,1,34899,396,0,Cluster 0 (com=0.51),0.29863400954489683
694428,1,34899,372,1,Cluster 1 (com=0.70),0.2251760424849189
694456,1,34899,606,0,Cluster 0 (com=0.51),0.40929687201768483
694622,1,34899,419,0,Cluster 0 (com=0.51),0.4674020994839127
694716,1,34899,327,1,Cluster 1 (com=0.70),-0.020947640914607293
694827,1,34899,421,0,Cluster 0 (com=0.51),0.39999946691289845
694836,1,34899,479,0,Cluster 0 (com=0.51),0.4112710023712036
694848,1,34899,721,0,Cluster 0 (com=0.51),0.31068447179592906
695090,1,34899,116,0,Cluster 0 (com=0.51),0.047078643659188645
695169,1,34899,356,0,Cluster 0 (com=0.51),0.3550198751900491
695220,1,34899,302,0,Cluster 0 (com=0.51),0.45168573812657253
695250,1,34899,644,0,Cluster 0 (com=0.51),0.5188701293244453
695251,1,34899,535,0,Cluster 0 (com=0.51),0.522927516692589
695369,1,34899,176,0,Cluster 0 (com=0.51),0.47459812142583135
695471,1,34899,279,1,Cluster 1 (com=0.70),-0.07201955345673988
695485,1,34899,315,0,Cluster 0 (com=0.51),0.3407514543387151
695550,1,34899,192,1,Cluster 1 (com=0.70),0.12020025720889957
695637,1,34899,464,0,Cluster 0 (com=0.51),0.529526612917322
695676,1,34899,320,0,Cluster 0 (com=0.51),0.14627726289086024
695700,1,34899,277,0,Cluster 0 (com=0.51),0.2771385345264134
695729,1,34899,765,0,Cluster 0 (com=0.51),0.45363726654183134
695748,1,34899,402,0,Cluster 0 (com=0.51),0.5082587634696837
695803,1,34899,860,0,Cluster 0 (com=0.51),0.40573184466860346
695825,1,34899,729,0,Cluster 0 (com=0.51),0.5433641376264603
695869,1,34899,478,0,Cluster 0 (com=0.51),0.40411691389897786
695879,1,34899,192,0,Cluster 0 (com=0.51),0.5056187095223372
695926,1,34899,440,0,Cluster 0 (com=0.51),0.3555543243777529
695964,1,34899,109,1,Cluster 1 (com=0.70),0.009217614891533396
696039,1,34899,277,0,Cluster 0 (com=0.51),0.3867073719321587
696043,1,34899,126,0,Cluster 0 (com=0.51),0.25057026925571646
696071,1,34899,398,0,Cluster 0 (com=0.51),0.45200473269152597
696082,1,34899,243,0,Cluster 0 (com=0.51),0.31991886552103554
696188,1,34899,204,1,Cluster 1 (com=0.70),0.008553353468992468
696275,1,34899,503,0,Cluster 0 (com=0.51),0.36328523750904124
696318,1,34899,250,0,Cluster 0 (com=0.51),0.4189405066233392
696329,1,34899,959,0,Cluster 0 (com=0.51),0.503384045563205
696347,1,34899,532,0,Cluster 0 (com=0.51),0.4872445611097936
696364,1,34899,440,0,Cluster 0 (com=0.51),0.4059241131846562
696410,1,34899,296,0,Cluster 0 (com=0.51),0.30083116707281626
696456,1,34899,125,0,Cluster 0 (com=0.51),0.12271671991130943
696583,1,34899,283,1,Cluster 1 (com=0.70),0.1657522069480789
696615,1,34899,282,0,Cluster 0 (com=0.51),0.2511379795431391
696653,1,34899,362,0,Cluster 0 (com=0.51),0.40100810903627515
696659,1,34899,117,0,Cluster 0 (com=0.51),0.23472882657804772
696662,1,34899,991,0,Cluster 0 (com=0.51),0.5036720603885666
696666,1,34899,103,0,Cluster 0 (com=0.51),0.2821750947746633
696671,1,34899,257,0,Cluster 0 (com=0.51),0.4004367228724129
696672,1,34899,89,0,Cluster 0 (com=0.51),0.35783439190372796
696674,1,34899,187,0,Cluster 0 (com=0.51),0.34165853240485167
696678,1,34899,246,0,Cluster 0 (com=0.51),0.29595053063986415
696729,1,34899,811,0,Cluster 0 (com=0.51),0.5044970412308281
697027,1,34899,1104,0,Cluster 0 (com=0.51),0.526795626001918
697042,1,34899,769,0,Cluster 0 (com=0.51),0.4517486722311206
697114,1,34899,119,1,Cluster 1 (com=0.70),0.23431149410214355
697160,1,34899,82,0,Cluster 0 (com=0.51),0.31901409183025037
697192,1,34899,188,0,Cluster 0 (com=0.51),0.4182873621999664
697255,1,34899,610,0,Cluster 0 (com=0.51),0.4436583521465511
697299,1,34899,158,0,Cluster 0 (com=0.51),0.31710257628439337
697438,1,34899,632,0,Cluster 0 (com=0.51),0.46467746960152
697478,1,34899,486,0,Cluster 0 (com=0.51),0.43931430791767895
697665,1,34899,89,0,Cluster 0 (com=0.51),0.24770763688055675
697878,1,34899,436,0,Cluster 0 (com=0.51),0.2292526626145569
697998,1,34899,294,0,Cluster 0 (com=0.51),0.4413688376242623
698015,1,34899,87,0,Cluster 0 (com=0.51),0.3476662537349091
698020,1,34899,570,0,Cluster 0 (com=0.51),0.48149451384841047
698112,1,34899,125,0,Cluster 0 (com=0.51),0.31677465135609545
698193,1,34899,140,0,Cluster 0 (com=0.51),0.4051531050338903
698278,1,34899,486,0,Cluster 0 (com=0.51),0.45651872794557247
698384,1,34899,725,0,Cluster 0 (com=0.51),0.5061156771051825
698407,1,34899,74,1,Cluster 1 (com=0.70),-0.005223084128711686
698485,1,34899,259,0,Cluster 0 (com=0.51),0.3022895235842889
698656,1,34899,290,0,Cluster 0 (com=0.51),0.42231502571855556
698762,1,34899,294,0,Cluster 0 (com=0.51),0.35251050297028136
699126,1,34899,89,1,Cluster 1 (com=0.70),0.2805379944920537
699127,1,34899,183,1,Cluster 1 (com=0.70),0.060095689791815836
699128,1,34899,559,0,Cluster 0 (com=0.51),0.4985223109654358
836614,1,34899,357,0,Cluster 0 (com=0.51),0.45533310942215766
884652,1,34899,415,0,Cluster 0 (com=0.51),0.4482731402842498
895524,1,34899,1746,0,Cluster 0 (com=0.51),0.506956829322812
1021350,1,34899,284,0,Cluster 0 (com=0.51),0.23477160257955157
1042726,1,34899,636,0,Cluster 0 (com=0.51),0.30709210371216705
1318759,1,34899,624,1,Cluster 1 (com=0.70),-0.04439942615034028
1348205,1,34899,1806,0,Cluster 0 (com=0.51),0.5297457567639398
1391717,1,34899,224,0,Cluster 0 (com=0.51),0.42122639455138866
1409532,1,34899,531,0,Cluster 0 (com=0.51),0.5305119398199735
1413902,1,34899,617,0,Cluster 0 (com=0.51),0.39656878575340226
1424608,1,34899,209,1,Cluster 1 (com=0.70),0.34626684816294306
1448966,1,34899,281,0,Cluster 0 (com=0.51),0.28761993776950373
1450604,1,34899,416,0,Cluster 0 (com=0.51),0.34907517238613445
1473878,1,34899,507,0,Cluster 0 (com=0.51),0.4178242118090335
1477284,1,34899,234,1,Cluster 1 (com=0.70),0.08086342896285294
1501577,1,34899,639,0,Cluster 0 (com=0.51),0.48987223072171193
1514245,1,34899,107,0,Cluster 0 (com=0.51),0.5016401579166613
1532711,1,34899,203,0,Cluster 0 (com=0.51),0.137522493492175
1585671,1,34899,478,0,Cluster 0 (com=0.51),0.33734314006958543
1588621,1,34899,93,0,Cluster 0 (com=0.51),0.2846375760911541
1603549,1,34899,151,0,Cluster 0 (com=0.51),0.34433734756759304
1631797,1,34899,431,0,Cluster 0 (com=0.51),0.41669491291430333
1639699,1,34899,399,0,Cluster 0 (com=0.51),0.26903231249288057
1640680,1,34899,324,0,Cluster 0 (com=0.51),0.3529823138702993
1658963,1,34899,374,0,Cluster 0 (com=0.51),0.33212753592862204
1677677,1,34899,717,0,Cluster 0 (com=0.51),0.31726156772193853
1683192,1,34899,113,1,Cluster 1 (com=0.70),0.28444210242607837
1722493,1,34899,1590,0,Cluster 0 (com=0.51),0.5120460894811938
1733664,1,34899,3191,0,Cluster 0 (com=0.51),0.5253028944737513
1752994,1,34899,648,0,Cluster 0 (com=0.51),0.4412019347074706
1755594,1,34899,945,0,Cluster 0 (com=0.51),0.5114479001929061
1765045,1,34899,38,0,Cluster 0 (com=0.51),0.19971400644089354
1771775,1,34899,381,0,Cluster 0 (com=0.51),0.2783056179115289
1796402,1,34899,631,0,Cluster 0 (com=0.51),0.19145030784602615
1810759,1,34899,359,0,Cluster 0 (com=0.51),0.3410934683451882
1816458,1,34899,1087,0,Cluster 0 (com=0.51),0.5320642058620734
1817710,1,34899,145,1,Cluster 1 (com=0.70),0.039857606647915565
1818385,1,34899,598,0,Cluster 0 (com=0.51),0.3634115595042441
1836241,1,34899,547,0,Cluster 0 (com=0.51),0.47142702646667733
1837138,1,34899,2382,0,Cluster 0 (com=0.51),0.5315114981601831
1856869,1,34899,260,1,Cluster 1 (com=0.70),0.36097018509369055
1871598,1,34899,3429,0,Cluster 0 (com=0.51),0.5232575687327349
1871684,1,34899,431,0,Cluster 0 (com=0.51),0.5048704173799237
1877902,1,34899,725,0,Cluster 0 (com=0.51),0.21197667063044734
1879321,1,34899,1095,0,Cluster 0 (com=0.51),0.4450832228587832
1881231,1,34899,449,1,Cluster 1 (com=0.70),0.32798345119744376
1887108,1,34899,273,0,Cluster 0 (com=0.51),0.5026493335228626
1889752,1,34899,792,0,Cluster 0 (com=0.51),0.4417603074144396
1944167,1,34899,357,1,Cluster 1 (com=0.70),0.2964499452247229
1948159,1,34899,1226,0,Cluster 0 (com=0.51),0.51451011387277
1962049,1,34899,750,0,Cluster 0 (com=0.51),0.34045782454367357
1962062,1,34899,419,0,Cluster 0 (com=0.51),0.4536642141865641
1972092,1,34899,2078,0,Cluster 0 (com=0.51),0.5236426912765025
1995177,1,34899,830,0,Cluster 0 (com=0.51),0.49056635066625
1998834,1,34899,200,1,Cluster 1 (com=0.70),0.39487850214517134
2017487,1,34899,973,0,Cluster 0 (com=0.51),0.47494013772713034
2020628,1,34899,2605,0,Cluster 0 (com=0.51),0.5546129397803862
2026075,1,34899,482,0,Cluster 0 (com=0.51),0.20946065386622764
2028523,1,34899,609,0,Cluster 0 (com=0.51),0.25676494660362864
2029571,1,34899,585,0,Cluster 0 (com=0.51),0.12843793397152578
2035700,1,34899,741,0,Cluster 0 (com=0.51),0.5527048013895441
2036893,1,34899,790,0,Cluster 0 (com=0.51),0.49931958412996924
2047575,1,34899,706,0,Cluster 0 (com=0.51),0.3810188198848281
2065972,1,34899,454,0,Cluster 0 (com=0.51),0.4102359693593278
2067799,1,34899,424,1,Cluster 1 (com=0.70),-0.01549014694889655
2081123,1,34899,81,0,Cluster 0 (com=0.51),0.3060011256514673
2096251,1,34899,629,0,Cluster 0 (com=0.51),0.3616230156076649
2103552,1,34899,409,0,Cluster 0 (com=0.51),0.4612162725655256
2104819,1,34899,659,0,Cluster 0 (com=0.51),0.41817408416809626
2106955,1,34899,995,0,Cluster 0 (com=0.51),0.471589414566684
2107747,1,34899,504,0,Cluster 0 (com=0.51),0.4670621608548829
2128283,1,34899,702,0,Cluster 0 (com=0.51),0.4620161802726953
2138970,1,34899,300,0,Cluster 0 (com=0.51),0.3597798039832963
2140300,1,34899,634,0,Cluster 0 (com=0.51),0.463361059397443
2143312,1,34899,635,0,Cluster 0 (com=0.51),0.4543344122887129
2143440,1,34899,534,0,Cluster 0 (com=0.51),0.5161493901063535
2154361,1,34899,457,0,Cluster 0 (com=0.51),0.1465979077537301
2160316,1,34899,707,0,Cluster 0 (com=0.51),0.3850603495050415
2161710,1,34899,41,0,Cluster 0 (com=0.51),0.29504083606135795
2178837,1,34899,276,0,Cluster 0 (com=0.51),0.41948670633064683
2180090,1,34899,1046,0,Cluster 0 (com=0.51),0.5508364299012479
2185729,1,34899,942,0,Cluster 0 (com=0.51),0.5302530860055308
2195853,1,34899,391,1,Cluster 1 (com=0.70),0.2079133162143578
2197766,1,34899,318,0,Cluster 0 (com=0.51),0.41733071398400007
2198970,1,34899,197,0,Cluster 0 (com=0.51),0.434251278965954
2223401,1,34899,236,1,Cluster 1 (com=0.70),0.08480256914584466
2254637,1,34899,261,0,Cluster 0 (com=0.51),0.4477667133418523
2256134,1,34899,371,0,Cluster 0 (com=0.51),0.21072026771002705
2272023,1,34899,214,0,Cluster 0 (com=0.51),0.41632106912367334
2274542,1,34899,619,0,Cluster 0 (com=0.51),0.5010868217023039
2278101,1,34899,161,1,Cluster 1 (com=0.70),0.11178098707509812
2282620,1,34899,143,1,Cluster 1 (com=0.70),0.056255893106729335
2283708,1,34899,1873,0,Cluster 0 (com=0.51),0.5097825265790102
2293511,1,34899,794,0,Cluster 0 (com=0.51),0.4775113402061475
2298106,1,34899,170,1,Cluster 1 (com=0.70),0.05638893631145457
2298895,1,34899,674,0,Cluster 0 (com=0.51),0.4326980755341302
2301830,1,34899,982,0,Cluster 0 (com=0.51),0.29747841355705035
2306410,1,34899,455,0,Cluster 0 (com=0.51),0.31548036321221334
2316717,1,34899,361,0,Cluster 0 (com=0.51),0.30670797408867884
2332934,1,34899,172,0,Cluster 0 (com=0.51),0.28376251525412777
2339267,1,34899,499,0,Cluster 0 (com=0.51),0.2125662141167188
2341420,1,34899,885,0,Cluster 0 (com=0.51),0.5375137762152694
2343785,1,34899,709,0,Cluster 0 (com=0.51),0.42651551741552435
2351969,1,34899,235,1,Cluster 1 (com=0.70),-0.06529496773878492
2360559,1,34899,280,0,Cluster 0 (com=0.51),0.33350551824359187
2366656,1,34899,268,0,Cluster 0 (com=0.51),0.2640840104534199
2378208,1,34899,347,1,Cluster 1 (com=0.70),-0.05122943571377039
2386732,1,34899,421,0,Cluster 0 (com=0.51),0.4566010190806524
2395016,1,34899,381,0,Cluster 0 (com=0.51),0.44871077909718166
2399758,1,34899,315,1,Cluster 1 (com=0.70),0.23321890059872827
2403701,1,34899,2492,0,Cluster 0 (com=0.51),0.5240823556500128
2417433,1,34899,158,1,Cluster 1 (com=0.70),0.040270139845676074
2417975,1,34899,381,0,Cluster 0 (com=0.51),0.3809732223275346
2424257,1,34899,261,0,Cluster 0 (com=0.51),0.4706716856011197
2427845,1,34899,462,0,Cluster 0 (com=0.51),0.4202945306644444
2438784,1,34899,712,0,Cluster 0 (com=0.51),0.5161998704616978
2449490,1,34899,173,1,Cluster 1 (com=0.70),0.10997506015764204
2457440,1,34899,154,0,Cluster 0 (com=0.51),0.11618109234752932
2459292,1,34899,111,0,Cluster 0 (com=0.51),0.3972460642767149
2470326,1,34899,280,0,Cluster 0 (com=0.51),0.43390840253176277
2480886,1,34899,718,0,Cluster 0 (com=0.51),0.4856491058352803
2482710,1,34899,623,1,Cluster 1 (com=0.70),0.018881223736170107
2486930,1,34899,158,1,Cluster 1 (com=0.70),0.33409600964337927
2499307,1,34899,338,0,Cluster 0 (com=0.51),0.2773538442395395
2504129,1,34899,167,1,Cluster 1 (com=0.70),0.008041809832608856
2505058,1,34899,128,1,Cluster 1 (com=0.70),0.26602397203754524
2519138,1,34899,798,0,Cluster 0 (com=0.51),0.4441670019942416
2529052,1,34899,234,0,Cluster 0 (com=0.51),0.34068229650523385
2529419,1,34899,725,0,Cluster 0 (com=0.51),0.4800537427381731
2530976,1,34899,411,0,Cluster 0 (com=0.51),0.5005527487153054
2537777,1,34899,433,0,Cluster 0 (com=0.51),0.474846920475285
2540871,1,34899,569,0,Cluster 0 (com=0.51),0.43823788816884374
2542209,1,34899,274,0,Cluster 0 (com=0.51),0.08933742809431504
2544643,1,34899,510,0,Cluster 0 (com=0.51),0.3798224366338097
2544766,1,34899,210,0,Cluster 0 (com=0.51),0.2582940987433873
2546315,1,34899,770,0,Cluster 0 (com=0.51),0.3367801093406861
2550534,1,34899,404,0,Cluster 0 (com=0.51),0.3839883718248181
2557008,1,34899,854,0,Cluster 0 (com=0.51),0.5085536034471312
2559144,1,34899,102,0,Cluster 0 (com=0.51),0.3728368170561283
2563095,1,34899,125,0,Cluster 0 (com=0.51),0.400856054531915
2579891,1,34899,304,1,Cluster 1 (com=0.70),0.2043113499618045
2584244,1,34899,141,0,Cluster 0 (com=0.51),0.09353944808904041
2597117,1,34899,608,0,Cluster 0 (com=0.51),0.23571546403544458
2599162,1,34899,60,1,Cluster 1 (com=0.70),0.2926874112251723
2599883,1,34899,765,0,Cluster 0 (com=0.51),0.4855790836286976
2602542,1,34899,514,0,Cluster 0 (com=0.51),0.2826552571191392
2603027,1,34899,1067,0,Cluster 0 (com=0.51),0.36480524433382366
2612102,1,34899,753,0,Cluster 0 (com=0.51),0.4800593840405238
2612728,1,34899,324,0,Cluster 0 (com=0.51),0.27942228703461514
2624028,1,34899,639,0,Cluster 0 (com=0.51),0.4166861531460448
2641156,1,34899,259,0,Cluster 0 (com=0.51),0.23522837374003405
2642532,1,34899,142,0,Cluster 0 (com=0.51),0.4732694240159932
2643472,1,34899,294,0,Cluster 0 (com=0.51),0.16984505298963712
2643829,1,34899,801,0,Cluster 0 (com=0.51),0.4429235066649906
2649948,1,34899,385,0,Cluster 0 (com=0.51),0.33357462536809745
2657913,1,34899,425,0,Cluster 0 (com=0.51),0.3747163371734121
2658856,1,34899,312,0,Cluster 0 (com=0.51),0.35537339716682087
2667478,1,34899,704,0,Cluster 0 (com=0.51),0.3859680988439206
2678580,1,34899,177,0,Cluster 0 (com=0.51),0.5096972588736143
2681198,1,34899,886,0,Cluster 0 (com=0.51),0.4333668181148798
2682682,1,34899,538,0,Cluster 0 (com=0.51),0.46035436159144283
2683857,1,34899,944,0,Cluster 0 (com=0.51),0.40192115376258364
2684048,1,34899,281,0,Cluster 0 (com=0.51),0.40756237960600644
2686035,1,34899,356,0,Cluster 0 (com=0.51),0.2802777948298492
2693932,1,34899,731,1,Cluster 1 (com=0.70),0.047411291341899225
2694139,1,34899,101,1,Cluster 1 (com=0.70),0.43226973615431097
2697921,1,34899,251,0,Cluster 0 (com=0.51),0.407680937811901
31296,2,34900,42,1,Cluster 1 (com=0.70),0.3983931306078968
40878,2,34900,398,0,Cluster 0 (com=0.51),0.39157145303684626
42552,2,34900,1187,0,Cluster 0 (com=0.51),0.4751820996717706
43958,2,34900,420,0,Cluster 0 (com=0.51),0.43256560741241523
45423,2,34900,698,0,Cluster 0 (com=0.51),0.44427041049994453
47861,2,34900,1491,0,Cluster 0 (com=0.51),0.5274672116946257
56637,2,34900,696,0,Cluster 0 (com=0.51),0.3927837491456438
56667,2,34900,7,1,Cluster 1 (com=0.70),0.3583261400722146
58884,2,34900,678,0,Cluster 0 (com=0.51),0.45396826163720355
63112,2,34900,51,1,Cluster 1 (com=0.70),0.3571305819278953
64427,2,34900,532,0,Cluster 0 (com=0.51),0.4587324806292003
69439,2,34900,49,1,Cluster 1 (com=0.70),0.17717107710940577
71159,2,34900,483,0,Cluster 0 (com=0.51),0.2212885501989789
74165,2,34900,204,0,Cluster 0 (com=0.51),0.27655710750684603
75107,2,34900,642,0,Cluster 0 (com=0.51),0.5471162680490339
77692,2,34900,205,0,Cluster 0 (com=0.51),0.12616240512158633
77995,2,34900,37,1,Cluster 1 (com=0.70),0.17024645450449064
79610,2,34900,456,0,Cluster 0 (com=0.51),0.523860789305755
80438,2,34900,450,0,Cluster 0 (com=0.51),0.2853489968926591
84604,2,34900,1106,0,Cluster 0 (com=0.51),0.49512683264186974
87264,2,34900,1281,0,Cluster 0 (com=0.51),0.5244178458374719
87322,2,34900,259,0,Cluster 0 (com=0.51),0.35752967933562263
94749,2,34900,596,0,Cluster 0 (com=0.51),0.4377440015883061
98256,2,34900,118,1,Cluster 1 (com=0.70),-0.05667922504132937
102854,2,34900,379,0,Cluster 0 (com=0.51),0.4450772582126381
105939,2,34900,409,0,Cluster 0 (com=0.51),0.44514662522271503
107455,2,34900,138,0,Cluster 0 (com=0.51),0.3082867650551064
109577,2,34900,176,0,Cluster 0 (com=0.51),0.20696850599931735
110820,2,34900,378,0,Cluster 0 (com=0.51),0.43902724650883
113702,2,34900,458,0,Cluster 0 (com=0.51),0.3615714953976582
119310,2,34900,333,0,Cluster 0 (com=0.51),0.11455237623456822
119865,2,34900,552,0,Cluster 0 (com=0.51),0.44031781274087817
125063,2,34900,376,0,Cluster 0 (com=0.51),0.5382656764281871
127179,2,34900,347,1,Cluster 1 (com=0.70),-0.04771816479320895
129907,2,34900,446,0,Cluster 0 (com=0.51),0.39533844088282377
130409,2,34900,214,0,Cluster 0 (com=0.51),0.2745541086683546
131597,2,34900,557,0,Cluster 0 (com=0.51),0.3188039917949868
132475,2,34900,519,0,Cluster 0 (com=0.51),0.4320939253066762
135280,2,34900,166,0,Cluster 0 (com=0.51),0.1661581569043837
139206,2,34900,684,0,Cluster 0 (com=0.51),0.474512051286667
142310,2,34900,234,0,Cluster 0 (com=0.51),0.3602140250993509
143755,2,34900,530,0,Cluster 0 (com=0.51),0.5121887432477681
144959,2,34900,53,1,Cluster 1 (com=0.70),0.03568355774909921
149178,2,34900,659,0,Cluster 0 (com=0.51),0.36496493047226464
150282,2,34900,123,0,Cluster 0 (com=0.51),0.32666784142178573
152524,2,34900,1030,0,Cluster 0 (com=0.51),0.5441540445065209
152917,2,34900,894,0,Cluster 0 (com=0.51),0.14375740079047758
155938,2,34900,508,0,Cluster 0 (com=0.51),0.4095207095159012
159906,2,34900,228,0,Cluster 0 (com=0.51),0.4298262696169106
159947,2,34900,659,0,Cluster 0 (com=0.51),0.4593454039257397
164148,2,34900,727,0,Cluster 0 (com=0.51),0.4921138647170021
166123,2,34900,603,0,Cluster 0 (com=0.51),0.4828164782789637
169596,2,34900,216,0,Cluster 0 (com=0.51),0.3686407870290663
170874,2,34900,299,0,Cluster 0 (com=0.51),0.35983928591277364
172493,2,34900,346,0,Cluster 0 (com=0.51),0.38197002243459444
173412,2,34900,47,0,Cluster 0 (com=0.51),0.2206905092216675
177492,2,34900,578,0,Cluster 0 (com=0.51),0.4653254127546439
184720,2,34900,167,0,Cluster 0 (com=0.51),0.46907229952071755
185994,2,34900,505,0,Cluster 0 (com=0.51),0.47960611838957795
194163,2,34900,416,0,Cluster 0 (com=0.51),0.4588607825331312
195246,2,34900,208,0,Cluster 0 (com=0.51),0.4567275253539932
195552,2,34900,587,0,Cluster 0 (com=0.51),0.46815557268729535
197536,2,34900,376,1,Cluster 1 (com=0.70),0.18936163471057732
199009,2,34900,196,0,Cluster 0 (com=0.51),0.38763170421467863
204117,2,34900,351,0,Cluster 0 (com=0.51),0.264079150180234
226955,2,34900,81,0,Cluster 0 (com=0.51),0.11756750410604641
228633,2,34900,518,0,Cluster 0 (com=0.51),0.499098600402773
229498,2,34900,722,0,Cluster 0 (com=0.51),0.4414802661151398
232173,2,34900,437,0,Cluster 0 (com=0.51),0.5052351598433668
234661,2,34900,644,0,Cluster 0 (com=0.51),0.45935276955308146
235768,2,34900,508,0,Cluster 0 (com=0.51),0.38801495847250544
235971,2,34900,653,0,Cluster 0 (com=0.51),0.5537106986470095
236090,2,34900,587,0,Cluster 0 (com=0.51),0.5452338211688559
237891,2,34900,283,0,Cluster 0 (com=0.51),0.36048766411044647
249357,2,34900,678,0,Cluster 0 (com=0.51),0.4441654949357439
251166,2,34900,746,0,Cluster 0 (com=0.51),0.4323493719574831
253633,2,34900,453,0,Cluster 0 (com=0.51),0.4119342522629269
253763,2,34900,957,0,Cluster 0 (com=0.51),0.5196859594596394
258245,2,34900,380,0,Cluster 0 (com=0.51),0.3930616376696115
258509,2,34900,459,0,Cluster 0 (com=0.51),0.15262116371527545
258978,2,34900,277,0,Cluster 0 (com=0.51),0.3744882884223806
261863,2,34900,191,0,Cluster 0 (com=0.51),0.09853510555958624
262025,2,34900,230,0,Cluster 0 (com=0.51),0.23575836997030025
262394,2,34900,117,1,Cluster 1 (com=0.70),0.13762522804321495
263862,2,34900,247,0,Cluster 0 (com=0.51),0.27018233969573935
265497,2,34900,151,0,Cluster 0 (com=0.51),0.2964848247497282
269584,2,34900,252,1,Cluster 1 (com=0.70),0.2168926997649542
270421,2,34900,116,1,Cluster 1 (com=0.70),0.39817908361715687
276337,2,34900,33,0,Cluster 0 (com=0.51),0.3122567542900704
277384,2,34900,590,0,Cluster 0 (com=0.51),0.29554848651882903
278380,2,34900,372,0,Cluster 0 (com=0.51),0.32030878898243986
279440,2,34900,232,0,Cluster 0 (com=0.51),0.45863007552916873
279653,2,34900,499,0,Cluster 0 (com=0.51),0.3719561376997538
281134,2,34900,542,0,Cluster 0 (com=0.51),0.45570861968386805
282849,2,34900,734,0,Cluster 0 (com=0.51),0.502174782136029
283402,2,34900,631,0,Cluster 0 (com=0.51),0.22186415250746117
286778,2,34900,583,0,Cluster 0 (com=0.51),0.43151315257038286
287079,2,34900,787,0,Cluster 0 (com=0.51),0.4553761019660852
287258,2,34900,392,0,Cluster 0 (com=0.51),0.41876748467059105
289247,2,34900,471,0,Cluster 0 (com=0.51),0.3192250003359738
294112,2,34900,550,0,Cluster 0 (com=0.51),0.3828893112379306
294219,2,34900,516,0,Cluster 0 (com=0.51),0.5329511090677171
294920,2,34900,898,0,Cluster 0 (com=0.51),0.3383678877837185
294929,2,34900,739,0,Cluster 0 (com=0.51),0.3696075040299865
295893,2,34900,79,1,Cluster 1 (com=0.70),0.23789179249655937
297218,2,34900,87,0,Cluster 0 (com=0.51),0.20252080372453568
297341,2,34900,427,0,Cluster 0 (com=0.51),0.3378674000826689
301074,2,34900,235,0,Cluster 0 (com=0.51),0.44086875809231496
301561,2,34900,42,1,Cluster 1 (com=0.70),0.31733675547777096
305064,2,34900,565,0,Cluster 0 (com=0.51),0.5162300742303977
305659,2,34900,193,1,Cluster 1 (com=0.70),0.009251444835113963
310205,2,34900,462,0,Cluster 0 (com=0.51),0.4413780721556298
312126,2,34900,216,0,Cluster 0 (com=0.51),0.28420745877353304
312231,2,34900,102,1,Cluster 1 (com=0.70),0.1749393340818299
312960,2,34900,52,0,Cluster 0 (com=0.51),0.2550598528013355
315795,2,34900,55,0,Cluster 0 (com=0.51),0.2746849839180052
316082,2,34900,413,0,Cluster 0 (com=0.51),0.4214649161396519
318139,2,34900,86,0,Cluster 0 (com=0.51),0.36194518674499593
318147,2,34900,412,0,Cluster 0 (com=0.51),0.28915716309834155
319073,2,34900,379,0,Cluster 0 (com=0.51),0.34891942790460134
320133,2,34900,791,0,Cluster 0 (com=0.51),0.5467642907429399
320612,2,34900,727,0,Cluster 0 (com=0.51),0.5153287119524991
322499,2,34900,375,0,Cluster 0 (com=0.51),0.337501214097257
328797,2,34900,407,1,Cluster 1 (com=0.70),0.3521242886714113
329895,2,34900,68,1,Cluster 1 (com=0.70),0.39306320969910563
331789,2,34900,457,0,Cluster 0 (com=0.51),0.43939446730488096
333993,2,34900,635,0,Cluster 0 (com=0.51),0.4861231440806677
334224,2,34900,32,0,Cluster 0 (com=0.51),0.29517620973795144
335095,2,34900,464,0,Cluster 0 (com=0.51),0.4778433397250058
337000,2,34900,300,0,Cluster 0 (com=0.51),0.5168896342545076
338689,2,34900,129,0,Cluster 0 (com=0.51),0.08861846039222543
339519,2,34900,520,0,Cluster 0 (com=0.51),0.43217132037085715
341457,2,34900,403,0,Cluster 0 (com=0.51),0.18146415278068595
341629,2,34900,137,0,Cluster 0 (com=0.51),0.4435893920805644
345271,2,34900,1678,0,Cluster 0 (com=0.51),0.5337938038601677
347197,2,34900,354,0,Cluster 0 (com=0.51),0.14910192406161227
348108,2,34900,102,1,Cluster 1 (com=0.70),0.41120837158961454
348324,2,34900,94,1,Cluster 1 (com=0.70),0.08940827848903996
349515,2,34900,500,0,Cluster 0 (com=0.51),0.30214856595047523
351147,2,34900,274,0,Cluster 0 (com=0.51),0.44467599064555496
354698,2,34900,174,0,Cluster 0 (com=0.51),0.28492598020908283
355293,2,34900,5,0,Cluster 0 (com=0.51),0.14243613267400673
364066,2,34900,1185,0,Cluster 0 (com=0.51),0.5437504737665053
366140,2,34900,538,0,Cluster 0 (com=0.51),0.4159990734676914
367151,2,34900,519,0,Cluster 0 (com=0.51),0.5129585864090244
369242,2,34900,216,0,Cluster 0 (com=0.51),0.35755651199078115
369450,2,34900,707,0,Cluster 0 (com=0.51),0.44118145755821486
369644,2,34900,249,1,Cluster 1 (com=0.70),0.03379364529817492
370735,2,34900,385,0,Cluster 0 (com=0.51),0.3621302373391771
372345,2,34900,432,1,Cluster 1 (com=0.70),0.08639100247605616
372509,2,34900,153,0,Cluster 0 (com=0.51),0.36664846238321996
372511,2,34900,117,0,Cluster 0 (com=0.51),0.08007319070669766
374353,2,34900,168,0,Cluster 0 (com=0.51),0.16595349878613533
378705,2,34900,247,0,Cluster 0 (com=0.51),0.2288771882359619
378946,2,34900,861,0,Cluster 0 (com=0.51),0.5429759918071441
379278,2,34900,1348,0,Cluster 0 (com=0.51),0.5273816763250225
379311,2,34900,89,1,Cluster 1 (com=0.70),0.1503266562166384
381257,2,34900,546,0,Cluster 0 (com=0.51),0.49570503420470485
381414,2,34900,60,0,Cluster 0 (com=0.51),0.4838887598039608
381428,2,34900,216,0,Cluster 0 (com=0.51),0.4102524105445531
383445,2,34900,121,0,Cluster 0 (com=0.51),0.07500818562265624
383602,2,34900,735,1,Cluster 1 (com=0.70),0.11921311316547445
383629,2,34900,174,0,Cluster 0 (com=0.51),0.31014372512643695
384107,2,34900,377,0,Cluster 0 (com=0.51),0.3978631884889851
386389,2,34900,389,0,Cluster 0 (com=0.51),0.3630597409855468
386956,2,34900,248,0,Cluster 0 (com=0.51),0.105791288807352
389853,2,34900,68,0,Cluster 0 (com=0.51),0.2540125463182023
390070,2,34900,105,1,Cluster 1 (com=0.70),0.10931451363252706
393141,2,34900,27,1,Cluster 1 (com=0.70),0.043302726163388365
395758,2,34900,108,0,Cluster 0 (com=0.51),0.1461534826214032
396683,2,34900,211,0,Cluster 0 (com=0.51),0.3854397564739758
396834,2,34900,222,0,Cluster 0 (com=0.51),0.11590345045453507
396907,2,34900,544,0,Cluster 0 (com=0.51),0.353630463773912
397219,2,34900,925,0,Cluster 0 (com=0.51),0.5247769944030106
397292,2,34900,220,1,Cluster 1 (com=0.70),0.29197018213382236
397671,2,34900,381,0,Cluster 0 (com=0.51),0.49350266573977664
398550,2,34900,409,0,Cluster 0 (com=0.51),0.3657321259053323
398630,2,34900,205,0,Cluster 0 (com=0.51),0.40804163783824643
399429,2,34900,721,0,Cluster 0 (com=0.51),0.4842586645056929
402695,2,34900,339,0,Cluster 0 (com=0.51),0.44885109930553335
405193,2,34900,757,0,Cluster 0 (com=0.51),0.4644940085103388
407232,2,34900,897,0,Cluster 0 (com=0.51),0.48061609095023555
408499,2,34900,580,0,Cluster 0 (com=0.51),0.4126740873992278
410407,2,34900,1233,0,Cluster 0 (com=0.51),0.5476092717749449
410883,2,34900,247,1,Cluster 1 (com=0.70),0.3111668083732471
411304,2,34900,249,0,Cluster 0 (com=0.51),0.2712035280117283
412353,2,34900,1483,0,Cluster 0 (com=0.51),0.5066418404050523
413180,2,34900,130,0,Cluster 0 (com=0.51),0.42166857570362654
413709,2,34900,172,0,Cluster 0 (com=0.51),0.26591317826780025
413949,2,34900,530,0,Cluster 0 (com=0.51),0.37731934418369806
416199,2,34900,736,0,Cluster 0 (com=0.51),0.1718991276428584
416407,2,34900,391,0,Cluster 0 (com=0.51),0.5355675621590218
418201,2,34900,407,0,Cluster 0 (com=0.51),0.4456054669735706
419059,2,34900,319,0,Cluster 0 (com=0.51),0.2637239070330021
419081,2,34900,317,1,Cluster 1 (com=0.70),-0.015495409927323504
421070,2,34900,226,0,Cluster 0 (com=0.51),0.2857291075842622
423210,2,34900,74,1,Cluster 1 (com=0.70),0.39136039908473785
423488,2,34900,311,1,Cluster 1 (com=0.70),0.08857163376985071
423781,2,34900,325,0,Cluster 0 (com=0.51),0.3440023405190845
427256,2,34900,422,0,Cluster 0 (com=0.51),0.48047440863271723
429832,2,34900,42,1,Cluster 1 (com=0.70),0.00908812758463144
431139,2,34900,266,0,Cluster 0 (com=0.51),0.3432866291060166
434476,2,34900,1947,0,Cluster 0 (com=0.51),0.5528241351053623
438063,2,34900,44,0,Cluster 0 (com=0.51),0.3855196826781223
438644,2,34900,13,0,Cluster 0 (com=0.51),0.31844946901140525
439950,2,34900,178,1,Cluster 1 (com=0.70),0.3462077315510852
439995,2,34900,293,0,Cluster 0 (com=0.51),0.436868509406024
440818,2,34900,1143,0,Cluster 0 (com=0.51),0.51995821736465
441165,2,34900,324,0,Cluster 0 (com=0.51),0.4883021658501094
441421,2,34900,116,1,Cluster 1 (com=0.70),0.09589782166084604
442563,2,34900,338,0,Cluster 0 (com=0.51),0.4256663883630052
442802,2,34900,921,0,Cluster 0 (com=0.51),0.48236243680960894
443151,2,34900,252,0,Cluster 0 (com=0.51),0.1654409364266526
443514,2,34900,416,0,Cluster 0 (com=0.51),0.4821391119875263
443696,2,34900,213,1,Cluster 1 (com=0.70),0.04840505609753457
444011,2,34900,338,0,Cluster 0 (com=0.51),0.5167050960580116
444619,2,34900,78,1,Cluster 1 (com=0.70),0.34725190180685156
444907,2,34900,268,0,Cluster 0 (com=0.51),0.2121039980759096
445686,2,34900,104,0,Cluster 0 (com=0.51),0.3517099138326366
465078,2,34900,465,0,Cluster 0 (com=0.51),0.4197146411106461
465121,2,34900,150,1,Cluster 1 (com=0.70),0.2293454992990692
465294,2,34900,619,0,Cluster 0 (com=0.51),0.3114845146176589
466120,2,34900,342,0,Cluster 0 (com=0.51),0.4603936775354057
466807,2,34900,35,1,Cluster 1 (com=0.70),0.31189700801823217
466987,2,34900,393,0,Cluster 0 (com=0.51),0.4277394046667867
467363,2,34900,54,0,Cluster 0 (com=0.51),0.07870033653876665
469499,2,34900,673,0,Cluster 0 (com=0.51),0.4553784499514256
471284,2,34900,38,0,Cluster 0 (com=0.51),0.24937144265300884
474667,2,34900,403,0,Cluster 0 (com=0.51),0.15265470242743315
475015,2,34900,500,0,Cluster 0 (com=0.51),0.4944684522895323
476401,2,34900,1659,0,Cluster 0 (com=0.51),0.5380850118706437
476629,2,34900,392,0,Cluster 0 (com=0.51),0.41635258185720914
477833,2,34900,446,0,Cluster 0 (com=0.51),0.5208743261234371
479939,2,34900,749,0,Cluster 0 (com=0.51),0.46128341216986685
480303,2,34900,316,0,Cluster 0 (com=0.51),0.41930856306722225
481717,2,34900,752,0,Cluster 0 (com=0.51),0.5099630875154053
482644,2,34900,320,0,Cluster 0 (com=0.51),0.21066338121390327
483037,2,34900,664,0,Cluster 0 (com=0.51),0.4320325894326355
483656,2,34900,147,0,Cluster 0 (com=0.51),0.21583500237195302
484010,2,34900,399,0,Cluster 0 (com=0.51),0.36868007426839294
484594,2,34900,1606,0,Cluster 0 (com=0.51),0.521903585198748
485228,2,34900,477,0,Cluster 0 (com=0.51),0.4703216756255274
486087,2,34900,271,0,Cluster 0 (com=0.51),0.4331528700399505
486964,2,34900,119,0,Cluster 0 (com=0.51),0.3120316474733165
488525,2,34900,129,0,Cluster 0 (com=0.51),0.407290036572777
489553,2,34900,140,1,Cluster 1 (com=0.70),-0.06030852524064697
491126,2,34900,422,0,Cluster 0 (com=0.51),0.5024159638361686
491863,2,34900,139,0,Cluster 0 (com=0.51),0.35450355507888376
492024,2,34900,134,1,Cluster 1 (com=0.70),0.08130752795036196
492557,2,34900,15,0,Cluster 0 (com=0.51),0.31330382417114
493793,2,34900,171,0,Cluster 0 (com=0.51),0.46442188889475333
494046,2,34900,418,0,Cluster 0 (com=0.51),0.2530380962311029
494184,2,34900,319,0,Cluster 0 (com=0.51),0.4979627063132021
496493,2,34900,42,0,Cluster 0 (com=0.51),0.2445630837121357
497415,2,34900,806,0,Cluster 0 (com=0.51),0.49074629706006834
498442,2,34900,669,0,Cluster 0 (com=0.51),0.48900003710670537
499244,2,34900,134,1,Cluster 1 (com=0.70),-0.025819255793657497
499404,2,34900,500,0,Cluster 0 (com=0.51),0.4912288980620808
500068,2,34900,812,0,Cluster 0 (com=0.51),0.4277056833028819
500618,2,34900,126,0,Cluster 0 (com=0.51),0.4630987165031443
501444,2,34900,314,0,Cluster 0 (com=0.51),0.229226180760564
501897,2,34900,383,0,Cluster 0 (com=0.51),0.3949450980893552
502011,2,34900,425,0,Cluster 0 (com=0.51),0.49588298224869093
504270,2,34900,69,1,Cluster 1 (com=0.70),0.017533325159350202
505773,2,34900,377,0,Cluster 0 (com=0.51),0.3958084429670623
506705,2,34900,220,0,Cluster 0 (com=0.51),0.3275858103287044
507743,2,34900,734,0,Cluster 0 (com=0.51),0.3959680851837805
507935,2,34900,969,0,Cluster 0 (com=0.51),0.44771045248511926
508626,2,34900,1207,0,Cluster 0 (com=0.51),0.5391123415259002
509536,2,34900,682,0,Cluster 0 (com=0.51),0.4888862722125358
511309,2,34900,213,0,Cluster 0 (com=0.51),0.34020364958483346
511350,2,34900,42,1,Cluster 1 (com=0.70),0.36239003397150743
511981,2,34900,217,0,Cluster 0 (com=0.51),0.18834768677585179
513272,2,34900,62,1,Cluster 1 (com=0.70),-0.010472323898181752
513422,2,34900,164,1,Cluster 1 (com=0.70),-0.060029969764445044
513428,2,34900,105,0,Cluster 0 (com=0.51),0.3257460339818987
514078,2,34900,415,0,Cluster 0 (com=0.51),0.47540770347385763
514556,2,34900,208,0,Cluster 0 (com=0.51),0.36987896344603194
516602,2,34900,114,0,Cluster 0 (com=0.51),0.21821740553402927
517551,2,34900,260,0,Cluster 0 (com=0.51),0.3544230463981825
519115,2,34900,88,0,Cluster 0 (com=0.51),0.23815322774642914
521115,2,34900,405,0,Cluster 0 (com=0.51),0.5409774097700434
521153,2,34900,66,1,Cluster 1 (com=0.70),0.39784007514093767
522082,2,34900,319,0,Cluster 0 (com=0.51),0.4917659615833498
523017,2,34900,300,0,Cluster 0 (com=0.51),0.44788724151918097
523249,2,34900,225,1,Cluster 1 (com=0.70),0.30775981641683314
524827,2,34900,166,0,Cluster 0 (com=0.51),0.19495340813727577
526721,2,34900,814,0,Cluster 0 (com=0.51),0.45963411985127794
526819,2,34900,178,0,Cluster 0 (com=0.51),0.33637601585496785
529693,2,34900,139,1,Cluster 1 (com=0.70),0.10780559900402913
529991,2,34900,252,1,Cluster 1 (com=0.70),-0.06595580425561313
530148,2,34900,226,0,Cluster 0 (com=0.51),0.41424401221030266
531018,2,34900,519,0,Cluster 0 (com=0.51),0.35341656501740654
531871,2,34900,410,0,Cluster 0 (com=0.51),0.3897168453428842
532254,2,34900,466,0,Cluster 0 (com=0.51),0.4126001964921687
533418,2,34900,403,0,Cluster 0 (com=0.51),0.5116080352256335
534112,2,34900,347,0,Cluster 0 (com=0.51),0.4162178303194393
534457,2,34900,271,0,Cluster 0 (com=0.51),0.2951417382878439
535671,2,34900,99,0,Cluster 0 (com=0.51),0.2576430893272673
536351,2,34900,609,0,Cluster 0 (com=0.51),0.4089246475742409
536475,2,34900,126,1,Cluster 1 (com=0.70),0.260366659684144
536963,2,34900,266,0,Cluster 0 (com=0.51),0.26976333624840687
537322,2,34900,342,0,Cluster 0 (com=0.51),0.285017437190993
537606,2,34900,373,0,Cluster 0 (com=0.51),0.13200826859045758
537811,2,34900,2087,0,Cluster 0 (com=0.51),0.5316333033585221
539308,2,34900,283,0,Cluster 0 (com=0.51),0.5431490368973396
539945,2,34900,471,0,Cluster 0 (com=0.51),0.15131268836665937
540723,2,34900,1089,0,Cluster 0 (com=0.51),0.5325034301001768
541532,2,34900,419,0,Cluster 0 (com=0.51),0.4095767902412722
541921,2,34900,1011,0,Cluster 0 (com=0.51),0.5374618966290172
542202,2,34900,565,0,Cluster 0 (com=0.51),0.5039640994419073
542550,2,34900,21,0,Cluster 0 (com=0.51),0.23394143630872355
543010,2,34900,430,0,Cluster 0 (com=0.51),0.4730812666240222
543432,2,34900,419,0,Cluster 0 (com=0.51),0.4500873952105353
544141,2,34900,219,0,Cluster 0 (com=0.51),0.33149058275421717
544745,2,34900,219,0,Cluster 0 (com=0.51),0.481030344928715
545164,2,34900,489,0,Cluster 0 (com=0.51),0.3838174406955486
545962,2,34900,758,0,Cluster 0 (com=0.51),0.506494779840744
546547,2,34900,977,0,Cluster 0 (com=0.51),0.5000445332094084
546645,2,34900,630,0,Cluster 0 (com=0.51),0.5298910674165319
547347,2,34900,43,0,Cluster 0 (com=0.51),0.19736194539667948
549219,2,34900,435,0,Cluster 0 (com=0.51),0.10155440827105307
549321,2,34900,526,0,Cluster 0 (com=0.51),0.3083497312269688
549523,2,34900,900,0,Cluster 0 (com=0.51),0.38322148837115394
549847,2,34900,554,0,Cluster 0 (com=0.51),0.5183344518222966
550420,2,34900,492,0,Cluster 0 (com=0.51),0.473262432992868
550703,2,34900,385,0,Cluster 0 (com=0.51),0.4752795706018054
552173,2,34900,1157,0,Cluster 0 (com=0.51),0.517549832449753
553031,2,34900,591,0,Cluster 0 (com=0.51),0.521217863041636
553284,2,34900,764,0,Cluster 0 (com=0.51),0.46188506087598474
553813,2,34900,153,1,Cluster 1 (com=0.70),0.25639574363198364
554063,2,34900,724,0,Cluster 0 (com=0.51),0.3606242003573955
554525,2,34900,476,0,Cluster 0 (com=0.51),0.47631696163955967
555049,2,34900,472,0,Cluster 0 (com=0.51),0.4959905616472201
555827,2,34900,38,0,Cluster 0 (com=0.51),0.4078727433452609
557085,2,34900,972,0,Cluster 0 (com=0.51),0.4336756663479105
557290,2,34900,321,0,Cluster 0 (com=0.51),0.5056750901297072
558044,2,34900,408,0,Cluster 0 (com=0.51),0.4762842770813797
558342,2,34900,102,0,Cluster 0 (com=0.51),0.1881221079093743
558764,2,34900,528,0,Cluster 0 (com=0.51),0.4456655780834848
560047,2,34900,370,0,Cluster 0 (com=0.51),0.4479341559847476
560459,2,34900,219,0,Cluster 0 (com=0.51),0.18373203514938977
560645,2,34900,519,0,Cluster 0 (com=0.51),0.28327468329215694
561231,2,34900,654,0,Cluster 0 (com=0.51),0.5314373541472035
562754,2,34900,528,0,Cluster 0 (com=0.51),0.5573958093039139
562990,2,34900,201,0,Cluster 0 (com=0.51),0.37549376572276083
563108,2,34900,135,0,Cluster 0 (com=0.51),0.2266980860659767
563414,2,34900,779,0,Cluster 0 (com=0.51),0.3835048817420488
564243,2,34900,691,0,Cluster 0 (com=0.51),0.41125130019563777
564617,2,34900,1034,0,Cluster 0 (com=0.51),0.49772430649978416
564933,2,34900,195,0,Cluster 0 (com=0.51),0.3687605654201197
565017,2,34900,607,0,Cluster 0 (com=0.51),0.47716405588257776
566823,2,34900,177,1,Cluster 1 (com=0.70),0.37849047634248617
568987,2,34900,85,1,Cluster 1 (com=0.70),0.33802955437282334
568998,2,34900,166,1,Cluster 1 (com=0.70),0.26793108260669646
569034,2,34900,1536,0,Cluster 0 (com=0.51),0.5324678932762476
569080,2,34900,507,0,Cluster 0 (com=0.51),0.39514330704059425
569108,2,34900,351,0,Cluster 0 (com=0.51),0.4040779871978159
569876,2,34900,984,0,Cluster 0 (com=0.51),0.47307701195413887
570004,2,34900,42,0,Cluster 0 (com=0.51),0.35083115074937415
570213,2,34900,703,0,Cluster 0 (com=0.51),0.3847473083215992
570689,2,34900,55,0,Cluster 0 (com=0.51),0.1362573165402875
571074,2,34900,528,0,Cluster 0 (com=0.51),0.39216043029275344
572074,2,34900,1334,1,Cluster 1 (com=0.70),0.1158731315724678
572213,2,34900,172,0,Cluster 0 (com=0.51),0.3976284879259246
572265,2,34900,70,1,Cluster 1 (com=0.70),0.18843475134577675
573583,2,34900,131,1,Cluster 1 (com=0.70),0.3887548090240807
573697,2,34900,50,0,Cluster 0 (com=0.51),0.37064184857412436
574527,2,34900,554,0,Cluster 0 (com=0.51),0.48049092734966187
575069,2,34900,278,0,Cluster 0 (com=0.51),0.3468897804093702
575112,2,34900,174,0,Cluster 0 (com=0.51),0.24761277440495633
575302,2,34900,663,0,Cluster 0 (com=0.51),0.4714912898200549
575685,2,34900,167,0,Cluster 0 (com=0.51),0.3137388542387396
577032,2,34900,263,0,Cluster 0 (com=0.51),0.4862384306005196
577429,2,34900,445,0,Cluster 0 (com=0.51),0.3782520400296709
578152,2,34900,167,0,Cluster 0 (com=0.51),0.43453022909139655
578847,2,34900,821,0,Cluster 0 (com=0.51),0.4856475477329185
579221,2,34900,413,0,Cluster 0 (com=0.51),0.443965752879281
579660,2,34900,267,0,Cluster 0 (com=0.51),0.3556425524274356
579686,2,34900,142,0,Cluster 0 (com=0.51),0.1794048718563506
580459,2,34900,314,0,Cluster 0 (com=0.51),0.42416114073678957
580834,2,34900,1175,0,Cluster 0 (com=0.51),0.47650961724491436
580845,2,34900,181,0,Cluster 0 (com=0.51),0.4856115081038332
580926,2,34900,46,0,Cluster 0 (com=0.51),0.1937968421359918
581253,2,34900,476,0,Cluster 0 (com=0.51),0.4505175353213022
581659,2,34900,946,0,Cluster 0 (com=0.51),0.5056312593104401
581779,2,34900,351,0,Cluster 0 (com=0.51),0.35371670227573765
582034,2,34900,446,0,Cluster 0 (com=0.51),0.4109898592525507
582117,2,34900,280,0,Cluster 0 (com=0.51),0.46111498259065514
582266,2,34900,328,0,Cluster 0 (com=0.51),0.22760346320257596
582332,2,34900,311,0,Cluster 0 (com=0.51),0.41189969870026305
582530,2,34900,119,1,Cluster 1 (com=0.70),0.18197404780786958
582653,2,34900,119,0,Cluster 0 (com=0.51),0.23895374243631112
582670,2,34900,222,1,Cluster 1 (com=0.70),0.08721154607678996
583056,2,34900,20,0,Cluster 0 (com=0.51),0.0986622518756918
583318,2,34900,109,1,Cluster 1 (com=0.70),0.3731890392093713
583487,2,34900,3774,0,Cluster 0 (com=0.51),0.5503148165001993
584515,2,34900,543,0,Cluster 0 (com=0.51),0.5014686555410416
584673,2,34900,272,0,Cluster 0 (com=0.51),0.3623160068206706
585224,2,34900,440,0,Cluster 0 (com=0.51),0.31832070151103237
585261,2,34900,1123,0,Cluster 0 (com=0.51),0.5559178407189043
585284,2,34900,143,0,Cluster 0 (com=0.51),0.3609737358734409
585503,2,34900,805,0,Cluster 0 (com=0.51),0.42219012406334067
585572,2,34900,837,0,Cluster 0 (com=0.51),0.4837148972011199
585825,2,34900,401,0,Cluster 0 (com=0.51),0.4776857814925476
585958,2,34900,99,0,Cluster 0 (com=0.51),0.46405399237955963
586906,2,34900,455,0,Cluster 0 (com=0.51),0.3609787585362336
587571,2,34900,1232,0,Cluster 0 (com=0.51),0.5497079317442872
587654,2,34900,398,0,Cluster 0 (com=0.51),0.2647166190455401
587706,2,34900,156,1,Cluster 1 (com=0.70),0.3596679284965225
588128,2,34900,153,0,Cluster 0 (com=0.51),0.3460120235833447
588628,2,34900,918,0,Cluster 0 (com=0.51),0.5140112021109542
589080,2,34900,1182,0,Cluster 0 (com=0.51),0.44409980662379844
589162,2,34900,574,0,Cluster 0 (com=0.51),0.42911557656664373
589332,2,34900,939,0,Cluster 0 (com=0.51),0.5113899645286253
589389,2,34900,42,0,Cluster 0 (com=0.51),0.36546383597209015
589441,2,34900,99,1,Cluster 1 (com=0.70),0.352910641631169
589828,2,34900,40,1,Cluster 1 (com=0.70),0.13268827935163469
590120,2,34900,525,0,Cluster 0 (com=0.51),0.5209082588481115
591525,2,34900,151,0,Cluster 0 (com=0.51),0.4066623536131511
591581,2,34900,227,0,Cluster 0 (com=0.51),0.44925740206203907
591746,2,34900,235,0,Cluster 0 (com=0.51),0.44350776933552577
591946,2,34900,318,0,Cluster 0 (com=0.51),0.46571227235266377
592218,2,34900,338,0,Cluster 0 (com=0.51),0.43835218684230576
592295,2,34900,157,0,Cluster 0 (com=0.51),0.2914166470472279
592558,2,34900,605,0,Cluster 0 (com=0.51),0.3860193122022746
592939,2,34900,144,1,Cluster 1 (com=0.70),-0.07038467175202416
593136,2,34900,693,0,Cluster 0 (com=0.51),0.52612084510879
593563,2,34900,518,0,Cluster 0 (com=0.51),0.45103795032521676
593722,2,34900,528,0,Cluster 0 (com=0.51),0.3995609691599657
593796,2,34900,1349,0,Cluster 0 (com=0.51),0.4741123408698758
594065,2,34900,399,0,Cluster 0 (com=0.51),0.44237054739145826
594122,2,34900,470,0,Cluster 0 (com=0.51),0.4746364010400543
594229,2,34900,457,0,Cluster 0 (com=0.51),0.46310599295669497
594258,2,34900,38,0,Cluster 0 (com=0.51),0.29769864666502344
594406,2,34900,476,0,Cluster 0 (com=0.51),0.5137616485120031
594615,2,34900,110,0,Cluster 0 (com=0.51),0.0763263387536367
594636,2,34900,562,0,Cluster 0 (com=0.51),0.4799278817718564
595262,2,34900,247,0,Cluster 0 (com=0.51),0.38948668464178837
595721,2,34900,249,0,Cluster 0 (com=0.51),0.21270443508129136
595943,2,34900,513,0,Cluster 0 (com=0.51),0.39052640666371896
596243,2,34900,73,0,Cluster 0 (com=0.51),0.24040338113333737
596253,2,34900,634,0,Cluster 0 (com=0.51),0.3084178475607128
596758,2,34900,199,0,Cluster 0 (com=0.51),0.38297800129615367
596805,2,34900,97,0,Cluster 0 (com=0.51),0.17217663909679634
597740,2,34900,393,0,Cluster 0 (com=0.51),0.4573850003332972
597937,2,34900,539,0,Cluster 0 (com=0.51),0.5482162389747884
598308,2,34900,275,0,Cluster 0 (com=0.51),0.36998820302883423
598540,2,34900,868,0,Cluster 0 (com=0.51),0.507924462783132
598559,2,34900,521,0,Cluster 0 (com=0.51),0.4324161371542098
599297,2,34900,14,0,Cluster 0 (com=0.51),0.2419439134113724
600071,2,34900,539,0,Cluster 0 (com=0.51),0.4434296407487312
600405,2,34900,441,0,Cluster 0 (com=0.51),0.43288159250422764
600615,2,34900,7,0,Cluster 0 (com=0.51),0.14231686788643613
600773,2,34900,876,0,Cluster 0 (com=0.51),0.5292153384746195
601008,2,34900,183,1,Cluster 1 (com=0.70),0.3901142525984757
601235,2,34900,421,0,Cluster 0 (com=0.51),0.4156568917562333
601271,2,34900,332,0,Cluster 0 (com=0.51),0.5237666765861199
601680,2,34900,336,0,Cluster 0 (com=0.51),0.28461306707152867
601820,2,34900,112,1,Cluster 1 (com=0.70),0.3128050083203679
602594,2,34900,275,0,Cluster 0 (com=0.51),0.35120648256024034
603648,2,34900,509,0,Cluster 0 (com=0.51),0.2594473925576747
603931,2,34900,9,0,Cluster 0 (com=0.51),0.23324841234841634
604567,2,34900,207,0,Cluster 0 (com=0.51),0.26491985743739827
604614,2,34900,205,1,Cluster 1 (com=0.70),0.013590218449438822
605180,2,34900,184,0,Cluster 0 (com=0.51),0.11830248765477482
605394,2,34900,144,1,Cluster 1 (com=0.70),0.35281812614043295
605682,2,34900,241,0,Cluster 0 (com=0.51),0.44081312662519945
606257,2,34900,529,0,Cluster 0 (com=0.51),0.5055253164557756
606428,2,34900,125,1,Cluster 1 (com=0.70),0.04009338352865374
606805,2,34900,237,1,Cluster 1 (com=0.70),-0.021098383192173966
606904,2,34900,69,1,Cluster 1 (com=0.70),0.4247591490563255
607243,2,34900,1074,0,Cluster 0 (com=0.51),0.5205880390062226
607303,2,34900,409,0,Cluster 0 (com=0.51),0.4056519104408301
607501,2,34900,1068,0,Cluster 0 (com=0.51),0.5001111858288473
607679,2,34900,564,0,Cluster 0 (com=0.51),0.40225333953437326
607700,2,34900,189,0,Cluster 0 (com=0.51),0.3874027409594337
609142,2,34900,907,0,Cluster 0 (com=0.51),0.5530491713743625
609240,2,34900,461,0,Cluster 0 (com=0.51),0.479188327293743
611603,2,34900,141,0,Cluster 0 (com=0.51),0.358657898156554
612842,2,34900,174,1,Cluster 1 (com=0.70),0.319176671199761
613165,2,34900,283,1,Cluster 1 (com=0.70),0.03498330798284048
613330,2,34900,566,0,Cluster 0 (com=0.51),0.4820750074106708
613634,2,34900,536,0,Cluster 0 (com=0.51),0.44379146400382075
613899,2,34900,1327,0,Cluster 0 (com=0.51),0.515059944521422
613966,2,34900,677,0,Cluster 0 (com=0.51),0.49645982295316504
614059,2,34900,344,0,Cluster 0 (com=0.51),0.3822668032214749
614984,2,34900,309,0,Cluster 0 (com=0.51),0.39033774540864075
615266,2,34900,801,0,Cluster 0 (com=0.51),0.5227750217732798
615299,2,34900,978,0,Cluster 0 (com=0.51),0.49762430155026094
615301,2,34900,970,0,Cluster 0 (com=0.51),0.2519313272488863
615302,2,34900,626,0,Cluster 0 (com=0.51),0.4683878347453946
615306,2,34900,444,0,Cluster 0 (com=0.51),0.4572065904235579
615328,2,34900,310,0,Cluster 0 (com=0.51),0.1904069731023078
615340,2,34900,27,0,Cluster 0 (com=0.51),0.16641287865939797
615342,2,34900,49,1,Cluster 1 (com=0.70),-0.04690135801295088
615356,2,34900,301,0,Cluster 0 (com=0.51),0.45236492415175866
616517,2,34900,644,0,Cluster 0 (com=0.51),0.48942778686344
616912,2,34900,336,0,Cluster 0 (com=0.51),0.32838250115153755
617010,2,34900,475,0,Cluster 0 (com=0.51),0.48289938708807956
617119,2,34900,603,0,Cluster 0 (com=0.51),0.36791167405771596
617150,2,34900,549,0,Cluster 0 (com=0.51),0.386530435499111
617436,2,34900,481,0,Cluster 0 (com=0.51),0.4166537626441882
617580,2,34900,1604,0,Cluster 0 (com=0.51),0.5406133947857316
617783,2,34900,194,0,Cluster 0 (com=0.51),0.2377525588413419
617922,2,34900,574,0,Cluster 0 (com=0.51),0.4890387427538957
618663,2,34900,118,1,Cluster 1 (com=0.70),0.045537774206791205
619204,2,34900,160,0,Cluster 0 (com=0.51),0.2942311870994321
619292,2,34900,737,0,Cluster 0 (com=0.51),0.45239172067454264
619321,2,34900,676,0,Cluster 0 (com=0.51),0.5145531617286849
619502,2,34900,250,1,Cluster 1 (com=0.70),0.34928328939988773
620094,2,34900,1455,0,Cluster 0 (com=0.51),0.5268405247853303
620112,2,34900,165,1,Cluster 1 (com=0.70),0.04664492458278858
620269,2,34900,247,0,Cluster 0 (com=0.51),0.30501771013937456
620349,2,34900,557,0,Cluster 0 (com=0.51),0.48214152348609135
620431,2,34900,961,0,Cluster 0 (com=0.51),0.4245872024694657
620740,2,34900,156,1,Cluster 1 (com=0.70),0.09824024758308603
620750,2,34900,344,0,Cluster 0 (com=0.51),0.49869637133057304
620810,2,34900,207,1,Cluster 1 (com=0.70),0.33779573193366597
622275,2,34900,609,0,Cluster 0 (com=0.51),0.31234395199411197
622481,2,34900,498,0,Cluster 0 (com=0.51),0.2527322171989663
622760,2,34900,372,0,Cluster 0 (com=0.51),0.26049578645545707
622934,2,34900,531,1,Cluster 1 (com=0.70),-0.03980948208562481
622967,2,34900,204,1,Cluster 1 (com=0.70),0.015414142593341366
623166,2,34900,583,0,Cluster 0 (com=0.51),0.4790669483648585
623230,2,34900,433,0,Cluster 0 (com=0.51),0.31774992069796065
623471,2,34900,534,0,Cluster 0 (com=0.51),0.5364919087647989
623589,2,34900,358,0,Cluster 0 (com=0.51),0.47252222259208676
623765,2,34900,548,0,Cluster 0 (com=0.51),0.4229170583743219
624282,2,34900,490,0,Cluster 0 (com=0.51),0.36639074188034715
624864,2,34900,428,0,Cluster 0 (com=0.51),0.44666913252412377
624970,2,34900,553,0,Cluster 0 (com=0.51),0.3828912863001371
625245,2,34900,498,0,Cluster 0 (com=0.51),0.3354770849516811
625330,2,34900,284,0,Cluster 0 (com=0.51),0.40573371031116695
625515,2,34900,326,0,Cluster 0 (com=0.51),0.34801906602839905
625609,2,34900,161,0,Cluster 0 (com=0.51),0.4512145385520667
625743,2,34900,505,0,Cluster 0 (com=0.51),0.35151747133649275
625802,2,34900,575,0,Cluster 0 (com=0.51),0.28445729704239736
625838,2,34900,687,0,Cluster 0 (com=0.51),0.49652141549158674
626033,2,34900,1432,0,Cluster 0 (com=0.51),0.5471421008032344
626416,2,34900,433,0,Cluster 0 (com=0.51),0.4254339061036385
626454,2,34900,427,0,Cluster 0 (com=0.51),0.3418322278771445
626477,2,34900,205,0,Cluster 0 (com=0.51),0.4136218381816592
626514,2,34900,1159,0,Cluster 0 (com=0.51),0.5053695752909271
626539,2,34900,58,0,Cluster 0 (com=0.51),0.20558811596502385
626552,2,34900,279,0,Cluster 0 (com=0.51),0.47614464011297775
626579,2,34900,101,1,Cluster 1 (com=0.70),0.3881834939816845
627365,2,34900,669,0,Cluster 0 (com=0.51),0.5156437839245379
627829,2,34900,488,0,Cluster 0 (com=0.51),0.4286899051637471
628149,2,34900,929,0,Cluster 0 (com=0.51),0.482496633553134
628157,2,34900,75,1,Cluster 1 (com=0.70),0.10117459840299825
628308,2,34900,158,0,Cluster 0 (com=0.51),0.38751632850644996
628383,2,34900,354,0,Cluster 0 (com=0.51),0.4415651583354367
628521,2,34900,275,0,Cluster 0 (com=0.51),0.31457097550529345
628888,2,34900,337,0,Cluster 0 (com=0.51),0.23796916096690526
628964,2,34900,611,0,Cluster 0 (com=0.51),0.5073301744387206
629029,2,34900,351,0,Cluster 0 (com=0.51),0.47034747383061204
629182,2,34900,20,0,Cluster 0 (com=0.51),0.19939426458455736
629491,2,34900,564,0,Cluster 0 (com=0.51),0.3477345031701206
629522,2,34900,487,0,Cluster 0 (com=0.51),0.483779205077092
629594,2,34900,79,0,Cluster 0 (com=0.51),0.06978254899832365
629818,2,34900,397,0,Cluster 0 (com=0.51),0.4528471356573051
629922,2,34900,739,0,Cluster 0 (com=0.51),0.11750688103334926
629944,2,34900,315,1,Cluster 1 (com=0.70),0.27987177848232775
630109,2,34900,485,0,Cluster 0 (com=0.51),0.22507229796646044
630158,2,34900,502,0,Cluster 0 (com=0.51),0.49041584468158644
630745,2,34900,367,0,Cluster 0 (com=0.51),0.4328014185433348
630835,2,34900,1411,0,Cluster 0 (com=0.51),0.5022200080383096
630905,2,34900,1960,0,Cluster 0 (com=0.51),0.5516603741496745
630910,2,34900,429,0,Cluster 0 (com=0.51),0.35044857361637516
630992,2,34900,20,0,Cluster 0 (com=0.51),0.24409568131301837
631524,2,34900,906,0,Cluster 0 (com=0.51),0.4173710575200388
631658,2,34900,1999,0,Cluster 0 (com=0.51),0.521481912788219
631681,2,34900,158,0,Cluster 0 (com=0.51),0.23613551569166272
631715,2,34900,219,0,Cluster 0 (com=0.51),0.21923742363266274
631740,2,34900,336,0,Cluster 0 (com=0.51),0.353504492077187
631837,2,34900,552,0,Cluster 0 (com=0.51),0.48462334571295324
631924,2,34900,560,0,Cluster 0 (com=0.51),0.4445148109017217
632074,2,34900,401,0,Cluster 0 (com=0.51),0.42157437882078436
632179,2,34900,45,1,Cluster 1 (com=0.70),0.1362557982168495
632290,2,34900,235,0,Cluster 0 (com=0.51),0.33606494431038236
632458,2,34900,689,0,Cluster 0 (com=0.51),0.5135386568930995
632556,2,34900,164,0,Cluster 0 (com=0.51),0.19468637657604188
632597,2,34900,24,1,Cluster 1 (com=0.70),0.38183278153268885
632826,2,34900,378,0,Cluster 0 (com=0.51),0.1935253696330515
632836,2,34900,519,0,Cluster 0 (com=0.51),0.395257030267743
633079,2,34900,317,0,Cluster 0 (com=0.51),0.10902407430744886
633516,2,34900,141,0,Cluster 0 (com=0.51),0.35448714541183146
633555,2,34900,599,0,Cluster 0 (com=0.51),0.43580965143918704
633568,2,34900,500,0,Cluster 0 (com=0.51),0.4971168814391211
633628,2,34900,106,0,Cluster 0 (com=0.51),0.3616293817390289
633867,2,34900,499,0,Cluster 0 (com=0.51),0.47650623177444557
633931,2,34900,918,0,Cluster 0 (com=0.51),0.5186245979331697
634088,2,34900,287,0,Cluster 0 (com=0.51),0.28711499360633014
634114,2,34900,6,0,Cluster 0 (com=0.51),0.4015628113150927
634512,2,34900,340,0,Cluster 0 (com=0.51),0.27704970177456173
634526,2,34900,608,0,Cluster 0 (com=0.51),0.24242009353760027
634601,2,34900,205,1,Cluster 1 (com=0.70),0.15147951011017055
634749,2,34900,1723,0,Cluster 0 (com=0.51),0.5338753671739217
635184,2,34900,246,0,Cluster 0 (com=0.51),0.27350966077297867
635751,2,34900,127,0,Cluster 0 (com=0.51),0.273480590272361
635795,2,34900,827,0,Cluster 0 (com=0.51),0.46805362585975047
635903,2,34900,241,0,Cluster 0 (com=0.51),0.269168238195863
635985,2,34900,81,1,Cluster 1 (com=0.70),0.2764455630471302
636314,2,34900,836,0,Cluster 0 (com=0.51),0.5021723371687515
636375,2,34900,331,0,Cluster 0 (com=0.51),0.3757189653371441
636400,2,34900,282,0,Cluster 0 (com=0.51),0.40037065327562743
636408,2,34900,139,0,Cluster 0 (com=0.51),0.22975355690885796
636469,2,34900,267,0,Cluster 0 (com=0.51),0.5393460594782631
636547,2,34900,11,0,Cluster 0 (com=0.51),0.2562553264340587
636565,2,34900,65,1,Cluster 1 (com=0.70),0.24979191881417442
636656,2,34900,388,0,Cluster 0 (com=0.51),0.330599150830175
636704,2,34900,153,0,Cluster 0 (com=0.51),0.24127742128823926
636783,2,34900,752,0,Cluster 0 (com=0.51),0.3604799721536538
636830,2,34900,929,0,Cluster 0 (com=0.51),0.5195336570281972
636832,2,34900,669,0,Cluster 0 (com=0.51),0.5310385817797055
637004,2,34900,596,0,Cluster 0 (com=0.51),0.43807802503034043
637358,2,34900,388,0,Cluster 0 (com=0.51),0.33920385780994194
637563,2,34900,346,0,Cluster 0 (com=0.51),0.1988179843850916
637582,2,34900,269,0,Cluster 0 (com=0.51),0.4733159624418715
637708,2,34900,406,0,Cluster 0 (com=0.51),0.39491956268829836
637788,2,34900,40,0,Cluster 0 (com=0.51),0.05579734919234965
637906,2,34900,403,0,Cluster 0 (com=0.51),0.4728344759637293
637939,2,34900,153,1,Cluster 1 (com=0.70),0.4130311577005896
637980,2,34900,293,0,Cluster 0 (com=0.51),0.454595796733959
638034,2,34900,605,0,Cluster 0 (com=0.51),0.39709614369301266
638388,2,34900,179,0,Cluster 0 (com=0.51),0.24792659981299445
638411,2,34900,1738,0,Cluster 0 (com=0.51),0.4240121220629473
638498,2,34900,362,0,Cluster 0 (com=0.51),0.49793904860927923
638515,2,34900,230,0,Cluster 0 (com=0.51),0.2123336649183904
638625,2,34900,684,0,Cluster 0 (com=0.51),0.5317101108981338
638655,2,34900,436,0,Cluster 0 (com=0.51),0.3219448899023034
638677,2,34900,365,0,Cluster 0 (com=0.51),0.30094987779183335
639028,2,34900,393,0,Cluster 0 (com=0.51),0.43358409191144615
639231,2,34900,175,0,Cluster 0 (com=0.51),0.44387532070441804
639234,2,34900,436,0,Cluster 0 (com=0.51),0.4302769000152068
639238,2,34900,399,0,Cluster 0 (com=0.51),0.5349129437451994
639522,2,34900,239,1,Cluster 1 (com=0.70),0.09773070840876481
640098,2,34900,440,0,Cluster 0 (com=0.51),0.4599818629861371
640278,2,34900,1735,0,Cluster 0 (com=0.51),0.5378807543375106
640329,2,34900,429,0,Cluster 0 (com=0.51),0.5139444573618073
640429,2,34900,911,0,Cluster 0 (com=0.51),0.44736252945939536
640584,2,34900,86,1,Cluster 1 (com=0.70),0.3761589459427304
640711,2,34900,248,0,Cluster 0 (com=0.51),0.4124537003740289
640752,2,34900,768,0,Cluster 0 (com=0.51),0.46839236799312917
640848,2,34900,74,0,Cluster 0 (com=0.51),0.20917651808864549
640892,2,34900,279,0,Cluster 0 (com=0.51),0.4016762470160584
640913,2,34900,90,1,Cluster 1 (com=0.70),0.29862194929299524
640927,2,34900,358,0,Cluster 0 (com=0.51),0.2827825912810984
641085,2,34900,33,0,Cluster 0 (com=0.51),0.18659532782997618
641137,2,34900,194,0,Cluster 0 (com=0.51),0.1381990711668302
641309,2,34900,492,0,Cluster 0 (com=0.51),0.3962262312203609
641311,2,34900,790,0,Cluster 0 (com=0.51),0.4129602727434039
641363,2,34900,53,1,Cluster 1 (com=0.70),0.41180177734880175
641401,2,34900,234,1,Cluster 1 (com=0.70),0.036787359003196095
641433,2,34900,193,0,Cluster 0 (com=0.51),0.21173857803721005
641461,2,34900,181,0,Cluster 0 (com=0.51),0.36746055326874166
641470,2,34900,96,0,Cluster 0 (com=0.51),0.22865793450317726
641547,2,34900,60,0,Cluster 0 (com=0.51),0.2535536953770698
641804,2,34900,81,0,Cluster 0 (com=0.51),0.17835613799223363
641864,2,34900,408,0,Cluster 0 (com=0.51),0.3882646840536145
641914,2,34900,637,0,Cluster 0 (com=0.51),0.445384671606121
642029,2,34900,469,0,Cluster 0 (com=0.51),0.507689528110633
642056,2,34900,284,0,Cluster 0 (com=0.51),0.34137181754946727
642375,2,34900,288,0,Cluster 0 (com=0.51),0.3448025729412506
642448,2,34900,583,0,Cluster 0 (com=0.51),0.4791771991154302
642449,2,34900,190,0,Cluster 0 (com=0.51),0.3654402845881128
642493,2,34900,663,0,Cluster 0 (com=0.51),0.3023900824813035
642496,2,34900,177,1,Cluster 1 (com=0.70),0.1223807135000694
642498,2,34900,412,0,Cluster 0 (com=0.51),0.5407779765490989
642551,2,34900,340,0,Cluster 0 (com=0.51),0.519884844629028
642626,2,34900,307,0,Cluster 0 (com=0.51),0.4225250374075355
642740,2,34900,622,0,Cluster 0 (com=0.51),0.39453078809952147
642750,2,34900,667,0,Cluster 0 (com=0.51),0.47771522596435223
642790,2,34900,291,0,Cluster 0 (com=0.51),0.37340564514902663
642840,2,34900,483,0,Cluster 0 (com=0.51),0.3311560054848429
642843,2,34900,906,0,Cluster 0 (com=0.51),0.5265806181614203
642872,2,34900,463,0,Cluster 0 (com=0.51),0.5454030117183746
642909,2,34900,109,0,Cluster 0 (com=0.51),0.13639910521567006
643069,2,34900,134,0,Cluster 0 (com=0.51),0.3799671086004454
643202,2,34900,249,0,Cluster 0 (com=0.51),0.4222270751999912
643220,2,34900,178,1,Cluster 1 (com=0.70),0.3141000124602228
643273,2,34900,527,0,Cluster 0 (com=0.51),0.519108012105213
643326,2,34900,1361,0,Cluster 0 (com=0.51),0.5368978686280625
643372,2,34900,150,0,Cluster 0 (com=0.51),0.28766301874098177
643466,2,34900,248,0,Cluster 0 (com=0.51),0.4437195069742299
643477,2,34900,783,0,Cluster 0 (com=0.51),0.39775684848677395
643496,2,34900,1028,0,Cluster 0 (com=0.51),0.5101543489687517
643502,2,34900,203,0,Cluster 0 (com=0.51),0.1445796584077536
643591,2,34900,973,0,Cluster 0 (com=0.51),0.4542459469444207
643653,2,34900,394,0,Cluster 0 (com=0.51),0.3977591434572863
643696,2,34900,370,0,Cluster 0 (com=0.51),0.25727329085770173
643751,2,34900,590,0,Cluster 0 (com=0.51),0.4834852081955678
643754,2,34900,658,0,Cluster 0 (com=0.51),0.5392094597033686
643757,2,34900,89,0,Cluster 0 (com=0.51),0.36531247867195993
644025,2,34900,540,0,Cluster 0 (com=0.51),0.47968952648089563
644210,2,34900,226,0,Cluster 0 (com=0.51),0.3888890205727384
644343,2,34900,198,1,Cluster 1 (com=0.70),0.18412035165086676
644361,2,34900,2152,0,Cluster 0 (com=0.51),0.5559945878514614
644369,2,34900,67,0,Cluster 0 (com=0.51),0.3075308177562006
644450,2,34900,935,0,Cluster 0 (com=0.51),0.4936978061076565
644508,2,34900,1901,0,Cluster 0 (com=0.51),0.37086344429956297
644761,2,34900,873,0,Cluster 0 (com=0.51),0.5317195168037719
644784,2,34900,1086,0,Cluster 0 (com=0.51),0.49972922635976763
644791,2,34900,657,0,Cluster 0 (com=0.51),0.4778513103632821
644818,2,34900,374,0,Cluster 0 (com=0.51),0.4675125277234189
644847,2,34900,216,1,Cluster 1 (com=0.70),0.000758885162975239
644936,2,34900,71,0,Cluster 0 (com=0.51),0.25413070573322327
644974,2,34900,826,0,Cluster 0 (com=0.51),0.5176480457488802
645003,2,34900,410,0,Cluster 0 (com=0.51),0.35263287581449876
645020,2,34900,475,0,Cluster 0 (com=0.51),0.5447257452397698
645078,2,34900,395,0,Cluster 0 (com=0.51),0.4342012818956522
645145,2,34900,116,0,Cluster 0 (com=0.51),0.3453181711693324
645405,2,34900,1361,0,Cluster 0 (com=0.51),0.44245031031543897
645433,2,34900,143,0,Cluster 0 (com=0.51),0.22872813075135695
645496,2,34900,409,0,Cluster 0 (com=0.51),0.3652569607574508
645518,2,34900,843,0,Cluster 0 (com=0.51),0.31380388477939025
645586,2,34900,277,1,Cluster 1 (com=0.70),0.016307926382801305
645705,2,34900,292,0,Cluster 0 (com=0.51),0.33878680484328816
645732,2,34900,156,0,Cluster 0 (com=0.51),0.3795227260424492
645784,2,34900,385,0,Cluster 0 (com=0.51),0.3652034686170235
645790,2,34900,12,0,Cluster 0 (com=0.51),0.22173093830173915
645840,2,34900,788,0,Cluster 0 (com=0.51),0.5528376331855743
645880,2,34900,72,1,Cluster 1 (com=0.70),0.266384696843554
645948,2,34900,656,0,Cluster 0 (com=0.51),0.48643473582077024
645960,2,34900,232,0,Cluster 0 (com=0.51),0.15543657314170323
645997,2,34900,603,0,Cluster 0 (com=0.51),0.5248761299656526
646015,2,34900,350,0,Cluster 0 (com=0.51),0.47424269366405697
646017,2,34900,1005,0,Cluster 0 (com=0.51),0.5121864145198588
646053,2,34900,635,0,Cluster 0 (com=0.51),0.4718309150476784
646074,2,34900,825,0,Cluster 0 (com=0.51),0.440269349580998
646085,2,34900,552,0,Cluster 0 (com=0.51),0.4130952067657342
646138,2,34900,202,0,Cluster 0 (com=0.51),0.15691911733815095
646313,2,34900,516,0,Cluster 0 (com=0.51),0.22166853028129424
646357,2,34900,758,0,Cluster 0 (com=0.51),0.5019072117517812
646402,2,34900,576,0,Cluster 0 (com=0.51),0.5286099104559719
646460,2,34900,436,0,Cluster 0 (com=0.51),0.21410852691105747
646539,2,34900,254,0,Cluster 0 (com=0.51),0.44018621106870726
646540,2,34900,493,0,Cluster 0 (com=0.51),0.34722924877649725
646551,2,34900,825,0,Cluster 0 (com=0.51),0.46112342079770974
646638,2,34900,106,0,Cluster 0 (com=0.51),0.15804862068207043
646670,2,34900,275,0,Cluster 0 (com=0.51),0.2589947469831026
646734,2,34900,108,1,Cluster 1 (com=0.70),0.1648145879277088
646750,2,34900,379,0,Cluster 0 (com=0.51),0.398387747181456
646778,2,34900,537,0,Cluster 0 (com=0.51),0.5081895736067861
646807,2,34900,480,0,Cluster 0 (com=0.51),0.4595576260017994
646990,2,34900,434,0,Cluster 0 (com=0.51),0.47093393547865986
647005,2,34900,425,0,Cluster 0 (com=0.51),0.41764824310848
647040,2,34900,828,0,Cluster 0 (com=0.51),0.392295979289344
647154,2,34900,384,0,Cluster 0 (com=0.51),0.2064546629905055
647169,2,34900,331,0,Cluster 0 (com=0.51),0.3521354581233313
647320,2,34900,829,0,Cluster 0 (com=0.51),0.537808888647331
647324,2,34900,709,0,Cluster 0 (com=0.51),0.46748717953767804
647339,2,34900,45,1,Cluster 1 (com=0.70),0.060665310461550104
647348,2,34900,85,1,Cluster 1 (com=0.70),0.3637882797203428
647391,2,34900,133,0,Cluster 0 (com=0.51),0.21484606335679696
647398,2,34900,496,0,Cluster 0 (com=0.51),0.5477080623148353
647399,2,34900,926,0,Cluster 0 (com=0.51),0.49358535207085397
647425,2,34900,1275,0,Cluster 0 (com=0.51),0.5260548105798352
647485,2,34900,216,0,Cluster 0 (com=0.51),0.1804700050383683
647496,2,34900,169,0,Cluster 0 (com=0.51),0.2825128047492483
647765,2,34900,312,0,Cluster 0 (com=0.51),0.12577658779183737
647841,2,34900,508,0,Cluster 0 (com=0.51),0.36223140650131774
647898,2,34900,187,0,Cluster 0 (com=0.51),0.25830114848995184
647910,2,34900,651,1,Cluster 1 (com=0.70),0.08797900430072375
647945,2,34900,304,0,Cluster 0 (com=0.51),0.49363815779438186
647987,2,34900,693,0,Cluster 0 (com=0.51),0.4623723732531319
648027,2,34900,302,0,Cluster 0 (com=0.51),0.19191435553680353
648037,2,34900,1234,0,Cluster 0 (com=0.51),0.5456533479959867
648038,2,34900,495,0,Cluster 0 (com=0.51),0.42832284392793435
648040,2,34900,653,0,Cluster 0 (com=0.51),0.4525300710555742
648086,2,34900,178,0,Cluster 0 (com=0.51),0.494506320667068
648105,2,34900,550,0,Cluster 0 (com=0.51),0.2793368424191268
648114,2,34900,574,0,Cluster 0 (com=0.51),0.5076765762634731
648116,2,34900,505,0,Cluster 0 (com=0.51),0.4584971477760685
648140,2,34900,261,0,Cluster 0 (com=0.51),0.3774303567673192
648244,2,34900,87,1,Cluster 1 (com=0.70),0.26233124916146483
648254,2,34900,358,0,Cluster 0 (com=0.51),0.4800637063465039
648287,2,34900,522,0,Cluster 0 (com=0.51),0.45639238981664093
648353,2,34900,118,0,Cluster 0 (com=0.51),0.37973441051529494
648365,2,34900,1236,0,Cluster 0 (com=0.51),0.5219857252410662
648366,2,34900,722,0,Cluster 0 (com=0.51),0.47979341748818544
648457,2,34900,362,0,Cluster 0 (com=0.51),0.4739554215393997
648470,2,34900,795,0,Cluster 0 (com=0.51),0.484998075301846
648508,2,34900,18,0,Cluster 0 (com=0.51),0.23767953656386884
648515,2,34900,219,0,Cluster 0 (com=0.51),0.42459548822974413
648531,2,34900,479,0,Cluster 0 (com=0.51),0.511070443802593
648536,2,34900,498,0,Cluster 0 (com=0.51),0.5070004275078765
648564,2,34900,656,0,Cluster 0 (com=0.51),0.3199078421699538
648571,2,34900,433,0,Cluster 0 (com=0.51),0.4260520971450665
648590,2,34900,280,0,Cluster 0 (com=0.51),0.4311390627797611
648613,2,34900,145,0,Cluster 0 (com=0.51),0.29992581685138436
648661,2,34900,116,0,Cluster 0 (com=0.51),0.13438053456162455
648685,2,34900,769,0,Cluster 0 (com=0.51),0.3177540309140901
648804,2,34900,374,0,Cluster 0 (com=0.51),0.4560744501760929
648815,2,34900,745,0,Cluster 0 (com=0.51),0.43677648677039094
648903,2,34900,553,0,Cluster 0 (com=0.51),0.4521764273120498
648972,2,34900,117,0,Cluster 0 (com=0.51),0.2754939772476585
648995,2,34900,218,0,Cluster 0 (com=0.51),0.41461034645238287
649004,2,34900,1408,0,Cluster 0 (com=0.51),0.5181057823066505
649009,2,34900,69,1,Cluster 1 (com=0.70),0.2760072215135276
649036,2,34900,60,1,Cluster 1 (com=0.70),0.1053868833062933
649079,2,34900,1017,0,Cluster 0 (com=0.51),0.5401693984737793
649084,2,34900,513,0,Cluster 0 (com=0.51),0.5269844454683961
649093,2,34900,275,0,Cluster 0 (com=0.51),0.4843620309166944
649118,2,34900,313,0,Cluster 0 (com=0.51),0.13074617756909046
649141,2,34900,358,0,Cluster 0 (com=0.51),0.4675740637633223
649159,2,34900,400,0,Cluster 0 (com=0.51),0.4821362755748777
649165,2,34900,387,0,Cluster 0 (com=0.51),0.3175867003426525
649207,2,34900,606,0,Cluster 0 (com=0.51),0.5184344331890145
649212,2,34900,256,0,Cluster 0 (com=0.51),0.3426204560823639
649230,2,34900,298,0,Cluster 0 (com=0.51),0.2997484650649406
649258,2,34900,133,0,Cluster 0 (com=0.51),0.12550990127671452
649284,2,34900,281,0,Cluster 0 (com=0.51),0.36953755687964696
649325,2,34900,67,0,Cluster 0 (com=0.51),0.17244024467981517
649336,2,34900,196,1,Cluster 1 (com=0.70),0.3982851195214975
649379,2,34900,651,0,Cluster 0 (com=0.51),0.5148858300961465
649385,2,34900,89,0,Cluster 0 (com=0.51),0.22571349492213783
649400,2,34900,103,0,Cluster 0 (com=0.51),0.4479871025236048
649434,2,34900,429,0,Cluster 0 (com=0.51),0.41002913924334644
649435,2,34900,60,0,Cluster 0 (com=0.51),0.36657294140078
649457,2,34900,869,0,Cluster 0 (com=0.51),0.5087793752227724
649469,2,34900,713,0,Cluster 0 (com=0.51),0.5418574248808063
649566,2,34900,35,1,Cluster 1 (com=0.70),0.28156013495135557
649619,2,34900,467,0,Cluster 0 (com=0.51),0.4568135981836162
649735,2,34900,175,0,Cluster 0 (com=0.51),0.217090582276515
649806,2,34900,168,0,Cluster 0 (com=0.51),0.21102668307881475
649891,2,34900,160,1,Cluster 1 (com=0.70),0.22066926337423787
649952,2,34900,399,0,Cluster 0 (com=0.51),0.372239202539902
649954,2,34900,512,0,Cluster 0 (com=0.51),0.27530183811842285
649979,2,34900,280,0,Cluster 0 (com=0.51),0.37329046298835067
650031,2,34900,396,0,Cluster 0 (com=0.51),0.4888489209577834
650054,2,34900,451,0,Cluster 0 (com=0.51),0.46562357196563237
650108,2,34900,757,0,Cluster 0 (com=0.51),0.41979751554603767
650123,2,34900,355,0,Cluster 0 (com=0.51),0.08877229638364383
650148,2,34900,61,1,Cluster 1 (com=0.70),0.12032938590947308
650160,2,34900,503,0,Cluster 0 (com=0.51),0.41577340918226363
650170,2,34900,1044,0,Cluster 0 (com=0.51),0.45998310565817196
650251,2,34900,478,0,Cluster 0 (com=0.51),0.3604199254050941
650287,2,34900,681,0,Cluster 0 (com=0.51),0.33263161505159344
650363,2,34900,75,1,Cluster 1 (com=0.70),0.037066921841888846
650370,2,34900,212,0,Cluster 0 (com=0.51),0.19290442414621586
650424,2,34900,488,0,Cluster 0 (com=0.51),0.5108145304252922
650461,2,34900,137,1,Cluster 1 (com=0.70),0.20039135071674877
650469,2,34900,312,0,Cluster 0 (com=0.51),0.49058063487316717
650473,2,34900,389,0,Cluster 0 (com=0.51),0.49498441859652575
650570,2,34900,348,0,Cluster 0 (com=0.51),0.4383965874826361
650682,2,34900,356,0,Cluster 0 (com=0.51),0.3991317378427062
650717,2,34900,637,0,Cluster 0 (com=0.51),0.5118018509530315
650758,2,34900,109,1,Cluster 1 (com=0.70),0.2209048663485497
650861,2,34900,19,1,Cluster 1 (com=0.70),0.38183278153268885
650866,2,34900,1131,0,Cluster 0 (com=0.51),0.5349414380516235
650923,2,34900,144,0,Cluster 0 (com=0.51),0.3298881663864521
650960,2,34900,39,0,Cluster 0 (com=0.51),0.18751140446559034
651040,2,34900,107,0,Cluster 0 (com=0.51),0.38392707382579355
651121,2,34900,340,0,Cluster 0 (com=0.51),0.4026152888026316
651126,2,34900,125,0,Cluster 0 (com=0.51),0.4495344495348763
651182,2,34900,99,1,Cluster 1 (com=0.70),0.19649898355556544
651200,2,34900,152,0,Cluster 0 (com=0.51),0.23741817996132536
651238,2,34900,717,0,Cluster 0 (com=0.51),0.42790564950620286
651253,2,34900,390,0,Cluster 0 (com=0.51),0.3842553726655652
651330,2,34900,61,1,Cluster 1 (com=0.70),0.3981302984297301
651334,2,34900,105,0,Cluster 0 (com=0.51),0.29073392978989954
651354,2,34900,625,0,Cluster 0 (com=0.51),0.5010419821615236
651381,2,34900,533,0,Cluster 0 (com=0.51),0.33770793380826747
651419,2,34900,598,0,Cluster 0 (com=0.51),0.5301785888376128
651478,2,34900,1282,0,Cluster 0 (com=0.51),0.5368471958461741
651498,2,34900,419,0,Cluster 0 (com=0.51),0.3646862875509817
651555,2,34900,219,1,Cluster 1 (com=0.70),-0.008930499386831565
651598,2,34900,440,0,Cluster 0 (com=0.51),0.5516143483943421
651881,2,34900,385,0,Cluster 0 (com=0.51),0.490299191923239
651886,2,34900,231,0,Cluster 0 (com=0.51),0.3094267877509458
651927,2,34900,169,0,Cluster 0 (com=0.51),0.44153924586347687
651990,2,34900,343,0,Cluster 0 (com=0.51),0.4502768736005562
652008,2,34900,384,0,Cluster 0 (com=0.51),0.42543580241006734
652064,2,34900,682,0,Cluster 0 (com=0.51),0.3478400326691331
652087,2,34900,273,0,Cluster 0 (com=0.51),0.3796098381890599
652333,2,34900,190,0,Cluster 0 (com=0.51),0.2822470012248756
652335,2,34900,642,0,Cluster 0 (com=0.51),0.3476454814755323
652438,2,34900,216,0,Cluster 0 (com=0.51),0.4357122065901498
652576,2,34900,383,0,Cluster 0 (com=0.51),0.36892610944096993
652625,2,34900,428,0,Cluster 0 (com=0.51),0.2662846172312014
652647,2,34900,187,0,Cluster 0 (com=0.51),0.4475150372249007
652659,2,34900,251,1,Cluster 1 (com=0.70),-0.10009367836068234
652664,2,34900,87,0,Cluster 0 (com=0.51),0.12837629637160056
652672,2,34900,262,0,Cluster 0 (com=0.51),0.3640948752173768
652684,2,34900,1320,0,Cluster 0 (com=0.51),0.511775541849952
652711,2,34900,361,0,Cluster 0 (com=0.51),0.1402329258927032
652753,2,34900,1081,0,Cluster 0 (com=0.51),0.506131359941454
652769,2,34900,51,1,Cluster 1 (com=0.70),0.045950720729665134
652788,2,34900,507,0,Cluster 0 (com=0.51),0.44331496147261784
652801,2,34900,464,0,Cluster 0 (com=0.51),0.5029880464103585
652832,2,34900,132,0,Cluster 0 (com=0.51),0.14963350513323317
652887,2,34900,290,0,Cluster 0 (com=0.51),0.38367263595785694
652890,2,34900,113,0,Cluster 0 (com=0.51),0.11018691939791767
652898,2,34900,666,0,Cluster 0 (com=0.51),0.46587692526396407
652994,2,34900,79,1,Cluster 1 (com=0.70),0.22283464102483486
653045,2,34900,765,0,Cluster 0 (com=0.51),0.5326336332522527
653115,2,34900,35,1,Cluster 1 (com=0.70),0.399188368640008
653144,2,34900,189,0,Cluster 0 (com=0.51),0.26312464421279286
653297,2,34900,321,0,Cluster 0 (com=0.51),0.3240180589242054
653301,2,34900,459,0,Cluster 0 (com=0.51),0.5073608189712719
653356,2,34900,226,1,Cluster 1 (com=0.70),0.06968623685480455
653372,2,34900,44,1,Cluster 1 (com=0.70),0.09090983476507035
653381,2,34900,397,0,Cluster 0 (com=0.51),0.500429115401157
653417,2,34900,96,1,Cluster 1 (com=0.70),0.050258706171819614
653536,2,34900,251,0,Cluster 0 (com=0.51),0.41173032878937715
653558,2,34900,575,0,Cluster 0 (com=0.51),0.4598609023555222
653567,2,34900,375,0,Cluster 0 (com=0.51),0.4694875862315047
653595,2,34900,439,0,Cluster 0 (com=0.51),0.4497365381252224
653653,2,34900,149,0,Cluster 0 (com=0.51),0.2726227280021388
653659,2,34900,55,1,Cluster 1 (com=0.70),0.32661113441109707
653773,2,34900,520,0,Cluster 0 (com=0.51),0.3852598750301251
653797,2,34900,458,0,Cluster 0 (com=0.51),0.4499166330544943
653841,2,34900,388,1,Cluster 1 (com=0.70),0.046742657434214054
653857,2,34900,266,1,Cluster 1 (com=0.70),0.0807946737552621
654045,2,34900,325,1,Cluster 1 (com=0.70),0.17495614315599647
654048,2,34900,276,0,Cluster 0 (com=0.51),0.46705482925567976
654094,2,34900,125,0,Cluster 0 (com=0.51),0.41736285035715875
654114,2,34900,536,0,Cluster 0 (com=0.51),0.48825504448761925
654169,2,34900,408,0,Cluster 0 (com=0.51),0.31575945999694016
654217,2,34900,271,0,Cluster 0 (com=0.51),0.4664673073697046
654228,2,34900,79,0,Cluster 0 (com=0.51),0.3698950202697161
654236,2,34900,251,0,Cluster 0 (com=0.51),0.32676023300037593
654260,2,34900,183,0,Cluster 0 (com=0.51),0.11596371930298477
654339,2,34900,130,0,Cluster 0 (com=0.51),0.4506980029433629
654441,2,34900,894,0,Cluster 0 (com=0.51),0.45887362224176315
654563,2,34900,332,0,Cluster 0 (com=0.51),0.3924368679900845
654565,2,34900,79,0,Cluster 0 (com=0.51),0.2082750211774314
654578,2,34900,373,0,Cluster 0 (com=0.51),0.18571320740709135
654597,2,34900,421,0,Cluster 0 (com=0.51),0.40169687102043394
654692,2,34900,402,0,Cluster 0 (com=0.51),0.4179559417430306
654819,2,34900,1674,0,Cluster 0 (com=0.51),0.549918134163225
654824,2,34900,801,0,Cluster 0 (com=0.51),0.5473356995693918
654834,2,34900,673,0,Cluster 0 (com=0.51),0.4583354130837786
654852,2,34900,481,0,Cluster 0 (com=0.51),0.4848513689527099
654867,2,34900,520,0,Cluster 0 (com=0.51),0.42691510394018095
654947,2,34900,425,1,Cluster 1 (com=0.70),0.22623790503201713
655028,2,34900,249,1,Cluster 1 (com=0.70),-0.011141171575476849
655115,2,34900,616,0,Cluster 0 (com=0.51),0.39665131398403414
655124,2,34900,17,1,Cluster 1 (com=0.70),0.23625410376695097
655127,2,34900,528,0,Cluster 0 (com=0.51),0.44367880962788375
655353,2,34900,870,0,Cluster 0 (com=0.51),0.5523951243750562
655386,2,34900,766,0,Cluster 0 (com=0.51),0.4016607528761764
655412,2,34900,234,1,Cluster 1 (com=0.70),-0.030500746888996896
655416,2,34900,86,0,Cluster 0 (com=0.51),0.2349614745901244
655445,2,34900,402,0,Cluster 0 (com=0.51),0.48654155408877764
655569,2,34900,201,0,Cluster 0 (com=0.51),0.3850479668074738
655796,2,34900,205,0,Cluster 0 (com=0.51),0.18710691790259304
655927,2,34900,146,1,Cluster 1 (com=0.70),0.13137013144166718
655981,2,34900,151,0,Cluster 0 (com=0.51),0.12616723663365376
656065,2,34900,429,0,Cluster 0 (com=0.51),0.5279832955967377
656086,2,34900,468,0,Cluster 0 (com=0.51),0.4900015211258513
656092,2,34900,427,0,Cluster 0 (com=0.51),0.48757182623988715
656131,2,34900,308,0,Cluster 0 (com=0.51),0.39532965544958854
656145,2,34900,20,1,Cluster 1 (com=0.70),0.29607675952154583
656158,2,34900,719,0,Cluster 0 (com=0.51),0.518267073374148
656159,2,34900,325,0,Cluster 0 (com=0.51),0.33941820718856247
656165,2,34900,288,0,Cluster 0 (com=0.51),0.3726265783727762
656234,2,34900,499,0,Cluster 0 (com=0.51),0.45449437881801164
656323,2,34900,486,0,Cluster 0 (com=0.51),0.25818653036636807
656353,2,34900,564,0,Cluster 0 (com=0.51),0.549434175933691
656360,2,34900,422,0,Cluster 0 (com=0.51),0.30423537229075337
656414,2,34900,346,0,Cluster 0 (com=0.51),0.41883338212801496
656436,2,34900,186,0,Cluster 0 (com=0.51),0.2685733778939005
656529,2,34900,829,0,Cluster 0 (com=0.51),0.5100989033900992
656579,2,34900,356,0,Cluster 0 (com=0.51),0.47708955621404875
656607,2,34900,274,0,Cluster 0 (com=0.51),0.3726036188365542
656651,2,34900,156,0,Cluster 0 (com=0.51),0.4702198255576551
656734,2,34900,881,0,Cluster 0 (com=0.51),0.5178359879275024
656791,2,34900,1190,0,Cluster 0 (com=0.51),0.5383010559130464
656800,2,34900,189,1,Cluster 1 (com=0.70),0.08984807240828985
656882,2,34900,1001,0,Cluster 0 (com=0.51),0.4883449703024546
656988,2,34900,367,0,Cluster 0 (com=0.51),0.48646325027293136
656996,2,34900,311,0,Cluster 0 (com=0.51),0.42168926106033516
657048,2,34900,263,0,Cluster 0 (com=0.51),0.41043324743229753
657220,2,34900,220,0,Cluster 0 (com=0.51),0.3521857882235084
657330,2,34900,470,0,Cluster 0 (com=0.51),0.48089433817464655
657344,2,34900,574,0,Cluster 0 (com=0.51),0.5233394055089002
674222,2,34900,412,0,Cluster 0 (com=0.51),0.5235366036845186
674226,2,34900,442,0,Cluster 0 (com=0.51),0.43847316931620367
674236,2,34900,143,0,Cluster 0 (com=0.51),0.37585172574045933
674262,2,34900,737,0,Cluster 0 (com=0.51),0.5339601649941763
674320,2,34900,306,0,Cluster 0 (com=0.51),0.4431723724708232
674387,2,34900,680,0,Cluster 0 (com=0.51),0.4853569564101419
674406,2,34900,223,1,Cluster 1 (com=0.70),0.06536508171767932
674451,2,34900,235,0,Cluster 0 (com=0.51),0.44744739369126674
674478,2,34900,336,1,Cluster 1 (com=0.70),0.09609671050435753
674484,2,34900,519,0,Cluster 0 (com=0.51),0.34811182256751383
674497,2,34900,321,0,Cluster 0 (com=0.51),0.3916647970964847
674509,2,34900,1357,0,Cluster 0 (com=0.51),0.5296914458458285
674584,2,34900,382,0,Cluster 0 (com=0.51),0.3346528783440984
674594,2,34900,296,0,Cluster 0 (com=0.51),0.4669497284968173
674644,2,34900,423,0,Cluster 0 (com=0.51),0.42903319057797196
674657,2,34900,511,0,Cluster 0 (com=0.51),0.4857001932315263
674671,2,34900,455,0,Cluster 0 (com=0.51),0.4369576991306317
674691,2,34900,733,0,Cluster 0 (com=0.51),0.39923084768350175
674694,2,34900,369,0,Cluster 0 (com=0.51),0.42956813687488515
674699,2,34900,432,0,Cluster 0 (com=0.51),0.4623235523530649
674751,2,34900,291,0,Cluster 0 (com=0.51),0.16145019210188302
674831,2,34900,342,0,Cluster 0 (com=0.51),0.5362261569667877
674870,2,34900,951,0,Cluster 0 (com=0.51),0.48022374029303405
674921,2,34900,673,0,Cluster 0 (com=0.51),0.4115071404528165
675021,2,34900,546,0,Cluster 0 (com=0.51),0.5148094751341022
675054,2,34900,216,0,Cluster 0 (com=0.51),0.2608996008817096
675193,2,34900,232,0,Cluster 0 (com=0.51),0.41001279939345797
675225,2,34900,409,0,Cluster 0 (com=0.51),0.384150872411432
675233,2,34900,470,0,Cluster 0 (com=0.51),0.445578519643074
675261,2,34900,201,1,Cluster 1 (com=0.70),0.18397711990587023
675273,2,34900,89,0,Cluster 0 (com=0.51),0.3440217044286746
675279,2,34900,1639,0,Cluster 0 (com=0.51),0.5483313816444945
675315,2,34900,572,0,Cluster 0 (com=0.51),0.2846929264880625
675328,2,34900,337,0,Cluster 0 (com=0.51),0.39990489661704154
675474,2,34900,75,1,Cluster 1 (com=0.70),0.049778696463207955
675566,2,34900,284,0,Cluster 0 (com=0.51),0.28867970440320156
675577,2,34900,278,0,Cluster 0 (com=0.51),0.4031232254791026
675636,2,34900,471,0,Cluster 0 (com=0.51),0.42782270490368285
675710,2,34900,498,0,Cluster 0 (com=0.51),0.5515431787067652
675989,2,34900,684,0,Cluster 0 (com=0.51),0.5282706398558275
676007,2,34900,228,0,Cluster 0 (com=0.51),0.4864169450750674
676040,2,34900,285,0,Cluster 0 (com=0.51),0.38513652700577716
676064,2,34900,528,0,Cluster 0 (com=0.51),0.4416390027937323
676103,2,34900,341,1,Cluster 1 (com=0.70),0.01983457175020224
676139,2,34900,368,0,Cluster 0 (com=0.51),0.44992947300472097
676190,2,34900,534,0,Cluster 0 (com=0.51),0.38167431351973
676265,2,34900,316,0,Cluster 0 (com=0.51),0.48953793074159496
676303,2,34900,92,1,Cluster 1 (com=0.70),0.2848001764517318
676378,2,34900,336,0,Cluster 0 (com=0.51),0.38060307583701064
676444,2,34900,1107,0,Cluster 0 (com=0.51),0.48899057591778683
676458,2,34900,417,0,Cluster 0 (com=0.51),0.37502914719477637
676459,2,34900,389,0,Cluster 0 (com=0.51),0.5148522244377034
676478,2,34900,350,0,Cluster 0 (com=0.51),0.455495440490075
676492,2,34900,822,0,Cluster 0 (com=0.51),0.49001780447974724
676610,2,34900,913,0,Cluster 0 (com=0.51),0.5380588482723773
676626,2,34900,618,0,Cluster 0 (com=0.51),0.46444968248382
676866,2,34900,812,0,Cluster 0 (com=0.51),0.2761685674945497
676882,2,34900,352,0,Cluster 0 (com=0.51),0.5175272132326604
677085,2,34900,301,0,Cluster 0 (com=0.51),0.42380788679390347
677111,2,34900,616,0,Cluster 0 (com=0.51),0.46060387458828955
677138,2,34900,520,0,Cluster 0 (com=0.51),0.4053053115716405
677155,2,34900,602,0,Cluster 0 (com=0.51),0.1650635570620269
677167,2,34900,231,0,Cluster 0 (com=0.51),0.4144182540709105
677206,2,34900,272,0,Cluster 0 (com=0.51),0.4100723930946743
677221,2,34900,617,0,Cluster 0 (com=0.51),0.5357181283954646
677235,2,34900,34,0,Cluster 0 (com=0.51),0.38463769046347146
677382,2,34900,666,0,Cluster 0 (com=0.51),0.19712592828499484
677400,2,34900,558,0,Cluster 0 (com=0.51),0.5056094672474668
677436,2,34900,430,0,Cluster 0 (com=0.51),0.48977235521166085
677456,2,34900,703,0,Cluster 0 (com=0.51),0.47050476168513267
677486,2,34900,352,0,Cluster 0 (com=0.51),0.24987427800204565
677546,2,34900,199,0,Cluster 0 (com=0.51),0.34893191385248556
677582,2,34900,490,0,Cluster 0 (com=0.51),0.48977078840118743
677655,2,34900,681,0,Cluster 0 (com=0.51),0.47699587027328244
677687,2,34900,104,0,Cluster 0 (com=0.51),0.14297260985182283
677748,2,34900,363,0,Cluster 0 (com=0.51),0.43355350333536846
677767,2,34900,299,0,Cluster 0 (com=0.51),0.22338764306856093
677833,2,34900,702,0,Cluster 0 (com=0.51),0.25230530496058184
677867,2,34900,1039,0,Cluster 0 (com=0.51),0.5035846866023195
678088,2,34900,1662,0,Cluster 0 (com=0.51),0.5579216210439529
678203,2,34900,179,1,Cluster 1 (com=0.70),0.32555505077943636
678235,2,34900,1190,0,Cluster 0 (com=0.51),0.5264394544260692
678270,2,34900,35,0,Cluster 0 (com=0.51),0.3727246492223946
678381,2,34900,276,0,Cluster 0 (com=0.51),0.38931187225151404
678407,2,34900,669,0,Cluster 0 (com=0.51),0.5144898892784202
678452,2,34900,92,0,Cluster 0 (com=0.51),0.25319636816610686
678528,2,34900,650,0,Cluster 0 (com=0.51),0.5109057743961181
678619,2,34900,204,0,Cluster 0 (com=0.51),0.45567368635105254
678628,2,34900,216,0,Cluster 0 (com=0.51),0.27729025442806576
678659,2,34900,225,0,Cluster 0 (com=0.51),0.309336387733564
678819,2,34900,448,0,Cluster 0 (com=0.51),0.5027208850171152
678831,2,34900,46,0,Cluster 0 (com=0.51),0.2580869355883456
678859,2,34900,585,0,Cluster 0 (com=0.51),0.42258651870291847
678877,2,34900,352,0,Cluster 0 (com=0.51),0.4400996094468531
678946,2,34900,701,0,Cluster 0 (com=0.51),0.5118645414889125
678954,2,34900,591,0,Cluster 0 (com=0.51),0.4292860381829049
679019,2,34900,120,0,Cluster 0 (com=0.51),0.2597159400229677
679036,2,34900,2804,0,Cluster 0 (com=0.51),0.5244962575813841
679111,2,34900,317,0,Cluster 0 (com=0.51),0.3684973606127302
679189,2,34900,715,0,Cluster 0 (com=0.51),0.4783526801930395
679227,2,34900,576,0,Cluster 0 (com=0.51),0.47358949461551725
679237,2,34900,592,0,Cluster 0 (com=0.51),0.1748620675078432
679251,2,34900,119,0,Cluster 0 (com=0.51),0.11750417535934317
679262,2,34900,197,0,Cluster 0 (com=0.51),0.23906990192305347
679278,2,34900,224,0,Cluster 0 (com=0.51),0.12347884213856032
679342,2,34900,453,0,Cluster 0 (com=0.51),0.39882228381778456
679384,2,34900,494,0,Cluster 0 (com=0.51),0.5057460889530803
679386,2,34900,133,0,Cluster 0 (com=0.51),0.19744418098855812
679402,2,34900,238,0,Cluster 0 (com=0.51),0.4792445773284335
679445,2,34900,337,0,Cluster 0 (com=0.51),0.26241696142889126
679448,2,34900,741,0,Cluster 0 (com=0.51),0.43105791277260924
679498,2,34900,186,0,Cluster 0 (com=0.51),0.2949941036789682
679509,2,34900,203,0,Cluster 0 (com=0.51),0.25460933837578453
679594,2,34900,839,0,Cluster 0 (com=0.51),0.5492621907914632
679676,2,34900,900,0,Cluster 0 (com=0.51),0.542765239407884
679788,2,34900,129,0,Cluster 0 (com=0.51),0.4144727052662143
679790,2,34900,505,0,Cluster 0 (com=0.51),0.12286350337466144
679939,2,34900,152,0,Cluster 0 (com=0.51),0.30825348289890797
680014,2,34900,594,0,Cluster 0 (com=0.51),0.5488910136543687
680018,2,34900,247,0,Cluster 0 (com=0.51),0.4307986406374951
680027,2,34900,1299,0,Cluster 0 (com=0.51),0.5404148864695173
680080,2,34900,830,0,Cluster 0 (com=0.51),0.46578917595191077
680145,2,34900,71,1,Cluster 1 (com=0.70),0.32520779372213066
680212,2,34900,465,0,Cluster 0 (com=0.51),0.27496228217464863
680231,2,34900,225,0,Cluster 0 (com=0.51),0.14832391168599626
680266,2,34900,488,0,Cluster 0 (com=0.51),0.4024715291879191
680270,2,34900,607,0,Cluster 0 (com=0.51),0.49536591490370696
680273,2,34900,898,0,Cluster 0 (com=0.51),0.5038167712822933
680322,2,34900,468,0,Cluster 0 (com=0.51),0.5333759861178407
680343,2,34900,799,0,Cluster 0 (com=0.51),0.41812983243966345
680348,2,34900,447,0,Cluster 0 (com=0.51),0.39002765378687415
680443,2,34900,855,0,Cluster 0 (com=0.51),0.5023876690895679
680464,2,34900,312,0,Cluster 0 (com=0.51),0.43380864687125076
680506,2,34900,71,1,Cluster 1 (com=0.70),0.33252376233064457
680572,2,34900,1448,0,Cluster 0 (com=0.51),0.5550311964788491
680708,2,34900,234,0,Cluster 0 (com=0.51),0.18276825032739136
680713,2,34900,573,0,Cluster 0 (com=0.51),0.50930656366781
680747,2,34900,351,0,Cluster 0 (com=0.51),0.3795578414016718
680775,2,34900,128,0,Cluster 0 (com=0.51),0.30671967165483627
680810,2,34900,1252,0,Cluster 0 (com=0.51),0.4281741959267729
680872,2,34900,135,0,Cluster 0 (com=0.51),0.398305151500529
680912,2,34900,301,0,Cluster 0 (com=0.51),0.45595762446565
680955,2,34900,624,0,Cluster 0 (com=0.51),0.4690988451455165
680974,2,34900,172,0,Cluster 0 (com=0.51),0.20806184713852505
681004,2,34900,476,0,Cluster 0 (com=0.51),0.39791113153878593
681152,2,34900,317,0,Cluster 0 (com=0.51),0.40608106714119885
681235,2,34900,282,0,Cluster 0 (com=0.51),0.2876710085050395
681277,2,34900,55,1,Cluster 1 (com=0.70),0.4154352820507736
681328,2,34900,581,0,Cluster 0 (com=0.51),0.5045884868608348
681341,2,34900,96,0,Cluster 0 (com=0.51),0.22291685176265327
681352,2,34900,336,0,Cluster 0 (com=0.51),0.3662678913130761
681354,2,34900,100,0,Cluster 0 (com=0.51),0.12352611355961257
681452,2,34900,39,1,Cluster 1 (com=0.70),0.37817789047004474
681490,2,34900,730,0,Cluster 0 (com=0.51),0.4203115251969386
681608,2,34900,106,0,Cluster 0 (com=0.51),0.258279589979231
681633,2,34900,464,0,Cluster 0 (com=0.51),0.2999481218412912
681652,2,34900,373,0,Cluster 0 (com=0.51),0.44949245250381015
681655,2,34900,376,0,Cluster 0 (com=0.51),0.4226222999989981
681658,2,34900,415,0,Cluster 0 (com=0.51),0.48799774663906814
681735,2,34900,152,0,Cluster 0 (com=0.51),0.504343986076657
681755,2,34900,201,0,Cluster 0 (com=0.51),0.5175157654190333
681763,2,34900,836,0,Cluster 0 (com=0.51),0.34248098617450906
681938,2,34900,254,0,Cluster 0 (com=0.51),0.39931342381359247
681973,2,34900,194,1,Cluster 1 (com=0.70),0.29776825925445194
682019,2,34900,226,1,Cluster 1 (com=0.70),-0.0767628049004803
682025,2,34900,106,1,Cluster 1 (com=0.70),0.05224344461735991
682070,2,34900,509,0,Cluster 0 (com=0.51),0.5330298586932061
682276,2,34900,372,0,Cluster 0 (com=0.51),0.48908215168360475
682298,2,34900,411,0,Cluster 0 (com=0.51),0.378946290790025
682358,2,34900,359,0,Cluster 0 (com=0.51),0.19585739341105582
682390,2,34900,80,1,Cluster 1 (com=0.70),0.023148060784911932
682391,2,34900,248,0,Cluster 0 (com=0.51),0.45257212576599865
682436,2,34900,451,0,Cluster 0 (com=0.51),0.4182871154683888
682437,2,34900,918,0,Cluster 0 (com=0.51),0.5289650890950331
682504,2,34900,145,1,Cluster 1 (com=0.70),-0.058464727157720144
682511,2,34900,297,0,Cluster 0 (com=0.51),0.26841348928308856
682539,2,34900,644,0,Cluster 0 (com=0.51),0.3926055142710583
682569,2,34900,819,0,Cluster 0 (com=0.51),0.43136530697764197
682588,2,34900,632,0,Cluster 0 (com=0.51),0.5161404933995449
682613,2,34900,871,0,Cluster 0 (com=0.51),0.44956495249148576
682632,2,34900,865,0,Cluster 0 (com=0.51),0.49393670663494227
682695,2,34900,348,0,Cluster 0 (com=0.51),0.5164097398856701
682753,2,34900,521,0,Cluster 0 (com=0.51),0.5180806802318209
682839,2,34900,846,0,Cluster 0 (com=0.51),0.42287795981250315
682863,2,34900,217,0,Cluster 0 (com=0.51),0.43187061486966627
682894,2,34900,555,0,Cluster 0 (com=0.51),0.40370599168435134
682963,2,34900,324,0,Cluster 0 (com=0.51),0.37225936589678377
682981,2,34900,548,0,Cluster 0 (com=0.51),0.3929692840040622
682983,2,34900,293,0,Cluster 0 (com=0.51),0.4291463526210072
682985,2,34900,240,1,Cluster 1 (com=0.70),0.06426652210809447
682990,2,34900,758,0,Cluster 0 (com=0.51),0.44265015604809393
683033,2,34900,707,0,Cluster 0 (com=0.51),0.4544425714037226
683094,2,34900,98,0,Cluster 0 (com=0.51),0.49285560159124886
683177,2,34900,410,1,Cluster 1 (com=0.70),0.02691563489789394
683178,2,34900,487,0,Cluster 0 (com=0.51),0.3568164295272135
683243,2,34900,179,0,Cluster 0 (com=0.51),0.3584116069017549
683305,2,34900,95,1,Cluster 1 (com=0.70),-0.02828473941610846
683346,2,34900,583,0,Cluster 0 (com=0.51),0.42819329932906336
683352,2,34900,446,0,Cluster 0 (com=0.51),0.3761875606835961
683353,2,34900,455,0,Cluster 0 (com=0.51),0.2737641779466843
683375,2,34900,326,0,Cluster 0 (com=0.51),0.47991223403351707
683403,2,34900,775,0,Cluster 0 (com=0.51),0.4931073003257073
683446,2,34900,214,0,Cluster 0 (com=0.51),0.2947048849965793
683467,2,34900,86,1,Cluster 1 (com=0.70),0.33236088687176524
683530,2,34900,1446,0,Cluster 0 (com=0.51),0.5241280449014301
683550,2,34900,74,0,Cluster 0 (com=0.51),0.09813532516833719
683555,2,34900,102,1,Cluster 1 (com=0.70),0.030030264784976866
683604,2,34900,682,0,Cluster 0 (com=0.51),0.5047954118223719
683624,2,34900,1374,0,Cluster 0 (com=0.51),0.5196043406046109
683699,2,34900,127,0,Cluster 0 (com=0.51),0.3116611257058977
683745,2,34900,386,0,Cluster 0 (com=0.51),0.47459313382584856
683764,2,34900,197,0,Cluster 0 (com=0.51),0.37808343821412893
683772,2,34900,431,0,Cluster 0 (com=0.51),0.2318208481843927
683820,2,34900,327,0,Cluster 0 (com=0.51),0.5525926382116942
683832,2,34900,239,0,Cluster 0 (com=0.51),0.10932456254999187
683902,2,34900,105,0,Cluster 0 (com=0.51),0.2934172164868207
683934,2,34900,600,0,Cluster 0 (com=0.51),0.43993426987781903
684013,2,34900,509,0,Cluster 0 (com=0.51),0.5017653676276599
684040,2,34900,473,0,Cluster 0 (com=0.51),0.4246831307827812
684183,2,34900,524,0,Cluster 0 (com=0.51),0.4837290362288048
684311,2,34900,228,0,Cluster 0 (com=0.51),0.30499965970784315
684383,2,34900,518,0,Cluster 0 (com=0.51),0.4006646915689643
684386,2,34900,624,0,Cluster 0 (com=0.51),0.5200389341389625
684526,2,34900,540,0,Cluster 0 (com=0.51),0.42722293884605894
684592,2,34900,290,0,Cluster 0 (com=0.51),0.4956218150077264
684671,2,34900,556,0,Cluster 0 (com=0.51),0.4495734268965474
684675,2,34900,127,0,Cluster 0 (com=0.51),0.3947348712850888
684882,2,34900,1889,0,Cluster 0 (com=0.51),0.5233893561575826
684981,2,34900,1184,0,Cluster 0 (com=0.51),0.4710545031280904
685004,2,34900,222,0,Cluster 0 (com=0.51),0.20078637003489436
685105,2,34900,56,1,Cluster 1 (com=0.70),0.34176929913901277
685128,2,34900,310,0,Cluster 0 (com=0.51),0.4368244365110511
685140,2,34900,224,0,Cluster 0 (com=0.51),0.29487557797452696
685155,2,34900,414,0,Cluster 0 (com=0.51),0.39667818489145984
685212,2,34900,678,0,Cluster 0 (com=0.51),0.4518213105131706
685276,2,34900,482,0,Cluster 0 (com=0.51),0.3488370407502462
685283,2,34900,97,1,Cluster 1 (com=0.70),0.18570901207830004
685330,2,34900,1366,0,Cluster 0 (com=0.51),0.43301935489546967
685339,2,34900,258,0,Cluster 0 (com=0.51),0.4820240108344547
685367,2,34900,416,0,Cluster 0 (com=0.51),0.12018524601231295
685373,2,34900,537,0,Cluster 0 (com=0.51),0.42834740089952605
685378,2,34900,45,1,Cluster 1 (com=0.70),-0.0512999037907486
685410,2,34900,811,0,Cluster 0 (com=0.51),0.3452419138071226
685619,2,34900,127,1,Cluster 1 (com=0.70),0.3713110062395969
685657,2,34900,161,0,Cluster 0 (com=0.51),0.3261830866260053
685705,2,34900,452,0,Cluster 0 (com=0.51),0.4021033417772112
685708,2,34900,197,0,Cluster 0 (com=0.51),0.3104500506841272
685772,2,34900,535,0,Cluster 0 (com=0.51),0.45088570710597925
685831,2,34900,310,0,Cluster 0 (com=0.51),0.40275546162546066
685860,2,34900,441,0,Cluster 0 (com=0.51),0.40726624201202816
686065,2,34900,576,0,Cluster 0 (com=0.51),0.4568845018667893
686314,2,34900,123,1,Cluster 1 (com=0.70),-0.0315132772946321
686317,2,34900,168,1,Cluster 1 (com=0.70),0.2146294697924653
686344,2,34900,542,0,Cluster 0 (com=0.51),0.41729848339362013
686348,2,34900,940,0,Cluster 0 (com=0.51),0.4745715409833886
686498,2,34900,404,0,Cluster 0 (com=0.51),0.5192166622792174
686522,2,34900,345,0,Cluster 0 (com=0.51),0.42274299534559384
686558,2,34900,137,0,Cluster 0 (com=0.51),0.3150379060989985
686700,2,34900,72,1,Cluster 1 (com=0.70),0.2664018716082242
686705,2,34900,227,0,Cluster 0 (com=0.51),0.40505542974648084
686786,2,34900,189,0,Cluster 0 (com=0.51),0.34920723250351005
686946,2,34900,131,1,Cluster 1 (com=0.70),-0.008112668407409073
687033,2,34900,150,1,Cluster 1 (com=0.70),0.33192203259492536
687073,2,34900,307,0,Cluster 0 (com=0.51),0.46697298311095553
687112,2,34900,548,0,Cluster 0 (com=0.51),0.20257794370984472
687115,2,34900,119,1,Cluster 1 (com=0.70),0.27751719628436994
687288,2,34900,398,0,Cluster 0 (com=0.51),0.39709337337029155
687304,2,34900,281,0,Cluster 0 (com=0.51),0.2847626012661967
687341,2,34900,231,0,Cluster 0 (com=0.51),0.46449742759081564
687345,2,34900,126,0,Cluster 0 (com=0.51),0.41467159244628565
687351,2,34900,471,1,Cluster 1 (com=0.70),-0.07826858459134212
687410,2,34900,288,0,Cluster 0 (com=0.51),0.38111396588640695
687434,2,34900,1210,0,Cluster 0 (com=0.51),0.39581150940733834
687468,2,34900,411,0,Cluster 0 (com=0.51),0.4374914867218051
687485,2,34900,598,0,Cluster 0 (com=0.51),0.487789611946167
687503,2,34900,655,0,Cluster 0 (com=0.51),0.4211360486980921
687510,2,34900,50,0,Cluster 0 (com=0.51),0.2774029925514412
687511,2,34900,146,0,Cluster 0 (com=0.51),0.21686058142818213
687525,2,34900,227,0,Cluster 0 (com=0.51),0.31212053005054363
687686,2,34900,251,0,Cluster 0 (com=0.51),0.1939767025997222
687752,2,34900,79,1,Cluster 1 (com=0.70),0.24957180606656884
687846,2,34900,154,1,Cluster 1 (com=0.70),0.3271449803349455
687910,2,34900,460,0,Cluster 0 (com=0.51),0.313485825518196
687930,2,34900,857,0,Cluster 0 (com=0.51),0.5399216064306531
687931,2,34900,484,0,Cluster 0 (com=0.51),0.5225728448979292
687988,2,34900,380,0,Cluster 0 (com=0.51),0.479332476725306
688008,2,34900,371,0,Cluster 0 (com=0.51),0.3178390233336924
688127,2,34900,567,0,Cluster 0 (com=0.51),0.3766922264551081
688136,2,34900,979,0,Cluster 0 (com=0.51),0.5557371239021522
688159,2,34900,495,0,Cluster 0 (com=0.51),0.5040540801814856
688192,2,34900,391,0,Cluster 0 (com=0.51),0.46059889911232044
688225,2,34900,543,0,Cluster 0 (com=0.51),0.5063787713558858
688250,2,34900,42,1,Cluster 1 (com=0.70),0.01923321289768287
688265,2,34900,315,0,Cluster 0 (com=0.51),0.447252968122542
688337,2,34900,318,0,Cluster 0 (com=0.51),0.3946085520805553
688470,2,34900,105,1,Cluster 1 (com=0.70),0.21730721929909566
688543,2,34900,638,0,Cluster 0 (com=0.51),0.5266060311550421
688667,2,34900,782,0,Cluster 0 (com=0.51),0.49287732576296484
688685,2,34900,351,0,Cluster 0 (com=0.51),0.4677843164659206
688727,2,34900,1174,0,Cluster 0 (com=0.51),0.5272648372448074
688881,2,34900,208,0,Cluster 0 (com=0.51),0.2554509718220336
688891,2,34900,70,0,Cluster 0 (com=0.51),0.24066367904889022
688895,2,34900,776,0,Cluster 0 (com=0.51),0.4033053772298547
688904,2,34900,765,0,Cluster 0 (com=0.51),0.36761296197097043
688976,2,34900,245,0,Cluster 0 (com=0.51),0.24135882116128518
689005,2,34900,115,0,Cluster 0 (com=0.51),0.29411866808082304
689052,2,34900,40,0,Cluster 0 (com=0.51),0.15804179699583457
689056,2,34900,239,0,Cluster 0 (com=0.51),0.5059925058065988
689260,2,34900,235,0,Cluster 0 (com=0.51),0.2939326032023256
689280,2,34900,649,0,Cluster 0 (com=0.51),0.4792042044593896
689347,2,34900,221,0,Cluster 0 (com=0.51),0.39575138083787464
689444,2,34900,557,0,Cluster 0 (com=0.51),0.39414433292421086
689796,2,34900,878,0,Cluster 0 (com=0.51),0.4132967578994186
689832,2,34900,234,0,Cluster 0 (com=0.51),0.3881904211274763
689855,2,34900,316,0,Cluster 0 (com=0.51),0.5244507408265583
689924,2,34900,485,1,Cluster 1 (com=0.70),0.16286587699692873
690075,2,34900,250,0,Cluster 0 (com=0.51),0.3102361335697919
690198,2,34900,516,0,Cluster 0 (com=0.51),0.3861500852539051
690296,2,34900,238,0,Cluster 0 (com=0.51),0.2451385977911539
690382,2,34900,310,1,Cluster 1 (com=0.70),-0.04023738826092994
690628,2,34900,416,0,Cluster 0 (com=0.51),0.4388774518408432
690635,2,34900,126,1,Cluster 1 (com=0.70),0.157616474271165
690746,2,34900,957,0,Cluster 0 (com=0.51),0.5147016718828807
690832,2,34900,1191,0,Cluster 0 (com=0.51),0.5141501866184451
690872,2,34900,351,0,Cluster 0 (com=0.51),0.276612460129866
690962,2,34900,95,0,Cluster 0 (com=0.51),0.46107998779864395
691269,2,34900,382,0,Cluster 0 (com=0.51),0.24206746742443588
691280,2,34900,26,0,Cluster 0 (com=0.51),0.08486782822533129
691326,2,34900,1493,0,Cluster 0 (com=0.51),0.5465274093033584
691375,2,34900,269,0,Cluster 0 (com=0.51),0.5429764444521618
691465,2,34900,334,0,Cluster 0 (com=0.51),0.5327411377077416
691699,2,34900,306,0,Cluster 0 (com=0.51),0.38839728956904856
691722,2,34900,773,0,Cluster 0 (com=0.51),0.5159879934562477
691873,2,34900,279,0,Cluster 0 (com=0.51),0.5281480195985164
691932,2,34900,555,0,Cluster 0 (com=0.51),0.5411955599884427
692010,2,34900,735,0,Cluster 0 (com=0.51),0.5174876807059847
692097,2,34900,415,0,Cluster 0 (com=0.51),0.47887711151331114
692220,2,34900,217,0,Cluster 0 (com=0.51),0.48771828056921646
692297,2,34900,45,1,Cluster 1 (com=0.70),0.30488023199859104
692301,2,34900,62,1,Cluster 1 (com=0.70),0.1057547096356717
692334,2,34900,474,0,Cluster 0 (com=0.51),0.3664550775224083
692454,2,34900,327,0,Cluster 0 (com=0.51),0.44261941153301054
692612,2,34900,780,0,Cluster 0 (com=0.51),0.5523167255131619
692632,2,34900,291,1,Cluster 1 (com=0.70),0.020236285946472657
692893,2,34900,102,0,Cluster 0 (com=0.51),0.2537562324976402
692946,2,34900,40,1,Cluster 1 (com=0.70),0.02884676572585638
692962,2,34900,901,0,Cluster 0 (com=0.51),0.5183583401600513
692968,2,34900,236,0,Cluster 0 (com=0.51),0.39437327778786413
693160,2,34900,302,0,Cluster 0 (com=0.51),0.3268071478811269
693162,2,34900,794,0,Cluster 0 (com=0.51),0.4956827031959475
693197,2,34900,123,0,Cluster 0 (com=0.51),0.40785845630549344
693236,2,34900,448,0,Cluster 0 (com=0.51),0.3800207399197628
693345,2,34900,75,1,Cluster 1 (com=0.70),0.38183278153268885
693373,2,34900,522,0,Cluster 0 (com=0.51),0.4619622293496447
693497,2,34900,764,0,Cluster 0 (com=0.51),0.5161781710977623
693519,2,34900,74,1,Cluster 1 (com=0.70),0.34880066515850977
693573,2,34900,219,0,Cluster 0 (com=0.51),0.26232597953977066
693628,2,34900,519,0,Cluster 0 (com=0.51),0.5139883569271536
693764,2,34900,45,0,Cluster 0 (com=0.51),0.17314153003613933
693806,2,34900,596,0,Cluster 0 (com=0.51),0.4847066416830027
693873,2,34900,272,0,Cluster 0 (com=0.51),0.3126117097987987
693903,2,34900,206,0,Cluster 0 (com=0.51),0.2371111686627018
693906,2,34900,248,0,Cluster 0 (com=0.51),0.45966149273721457
693907,2,34900,451,0,Cluster 0 (com=0.51),0.3955546157898429
694128,2,34900,534,0,Cluster 0 (com=0.51),0.5191285381629308
694144,2,34900,261,0,Cluster 0 (com=0.51),0.4800967916110795
694221,2,34900,139,0,Cluster 0 (com=0.51),0.34272622470185915
694284,2,34900,488,0,Cluster 0 (com=0.51),0.39913343158982
694428,2,34900,116,0,Cluster 0 (com=0.51),0.16451698359688482
694456,2,34900,13,0,Cluster 0 (com=0.51),0.23969402348146004
694622,2,34900,611,0,Cluster 0 (com=0.51),0.5263799875847726
694716,2,34900,214,0,Cluster 0 (com=0.51),0.3275255548272367
694827,2,34900,297,0,Cluster 0 (com=0.51),0.20917674907978917
694836,2,34900,438,0,Cluster 0 (com=0.51),0.40466269510356784
694848,2,34900,603,0,Cluster 0 (com=0.51),0.5214002355706832
695090,2,34900,138,0,Cluster 0 (com=0.51),0.26636886773909
695169,2,34900,366,0,Cluster 0 (com=0.51),0.3418725097909296
695250,2,34900,408,0,Cluster 0 (com=0.51),0.4934670938323646
695471,2,34900,258,0,Cluster 0 (com=0.51),0.31911075112816384
695485,2,34900,387,0,Cluster 0 (com=0.51),0.41328649331425604
695550,2,34900,423,0,Cluster 0 (com=0.51),0.41332161232730485
695637,2,34900,650,0,Cluster 0 (com=0.51),0.5326258943087003
695700,2,34900,212,0,Cluster 0 (com=0.51),0.3061801781542033
695729,2,34900,1038,0,Cluster 0 (com=0.51),0.5098664818444356
695748,2,34900,435,0,Cluster 0 (com=0.51),0.43907492354898464
695803,2,34900,547,0,Cluster 0 (com=0.51),0.5041138508467643
695825,2,34900,679,0,Cluster 0 (com=0.51),0.474958025739463
695869,2,34900,540,0,Cluster 0 (com=0.51),0.4654710213461087
695926,2,34900,347,0,Cluster 0 (com=0.51),0.41532579193780644
696039,2,34900,244,0,Cluster 0 (com=0.51),0.35669624458674626
696043,2,34900,101,0,Cluster 0 (com=0.51),0.2719213236925063
696071,2,34900,367,0,Cluster 0 (com=0.51),0.25249220203049827
696082,2,34900,267,0,Cluster 0 (com=0.51),0.3432593568113187
696188,2,34900,49,1,Cluster 1 (com=0.70),0.32326469391515567
696275,2,34900,1319,0,Cluster 0 (com=0.51),0.43231387036235847
696318,2,34900,316,0,Cluster 0 (com=0.51),0.44227063237903586
696329,2,34900,701,0,Cluster 0 (com=0.51),0.4829228332911947
696347,2,34900,695,0,Cluster 0 (com=0.51),0.3753255773178861
696364,2,34900,265,0,Cluster 0 (com=0.51),0.4180621679647986
696456,2,34900,80,1,Cluster 1 (com=0.70),0.09234005220943556
696583,2,34900,122,1,Cluster 1 (com=0.70),0.14242729041639732
696615,2,34900,99,1,Cluster 1 (com=0.70),0.3558885736228282
696653,2,34900,183,0,Cluster 0 (com=0.51),0.4875764250243639
696659,2,34900,525,0,Cluster 0 (com=0.51),0.35324216030403016
696662,2,34900,1178,0,Cluster 0 (com=0.51),0.4489808393631558
696666,2,34900,95,0,Cluster 0 (com=0.51),0.23040889236709872
696671,2,34900,260,0,Cluster 0 (com=0.51),0.3332702732274683
696674,2,34900,88,0,Cluster 0 (com=0.51),0.3869994004165837
696678,2,34900,277,0,Cluster 0 (com=0.51),0.49726985467299833
696729,2,34900,439,0,Cluster 0 (com=0.51),0.5382957997604794
697027,2,34900,568,0,Cluster 0 (com=0.51),0.5186006010189433
697042,2,34900,721,0,Cluster 0 (com=0.51),0.32713652627970247
697114,2,34900,64,1,Cluster 1 (com=0.70),0.40472007444866837
697255,2,34900,418,0,Cluster 0 (com=0.51),0.4235767244787504
697438,2,34900,453,0,Cluster 0 (com=0.51),0.4917104643327385
697478,2,34900,242,0,Cluster 0 (com=0.51),0.43139274449249343
697878,2,34900,470,0,Cluster 0 (com=0.51),0.4147247739952359
697998,2,34900,215,0,Cluster 0 (com=0.51),0.10911307022739923
698015,2,34900,42,0,Cluster 0 (com=0.51),0.20796530504467978
698384,2,34900,972,0,Cluster 0 (com=0.51),0.5258170502760399
698485,2,34900,310,1,Cluster 1 (com=0.70),0.17313487181050707
698656,2,34900,372,0,Cluster 0 (com=0.51),0.44253351120126305
699126,2,34900,41,1,Cluster 1 (com=0.70),0.38183278153268885
699127,2,34900,116,1,Cluster 1 (com=0.70),0.39717834232740395
699128,2,34900,430,0,Cluster 0 (com=0.51),0.2586322948929201
836614,2,34900,553,0,Cluster 0 (com=0.51),0.20372775317695827
895524,2,34900,876,0,Cluster 0 (com=0.51),0.5074235909822472
1021350,2,34900,47,0,Cluster 0 (com=0.51),0.23878556280664118
1042726,2,34900,485,0,Cluster 0 (com=0.51),0.33913356865322003
1318759,2,34900,1055,0,Cluster 0 (com=0.51),0.5479712299040332
1348205,2,34900,974,0,Cluster 0 (com=0.51),0.5188237626226979
1391717,2,34900,320,0,Cluster 0 (com=0.51),0.4338760356259086
1409532,2,34900,433,0,Cluster 0 (com=0.51),0.40572423532642754
1413902,2,34900,653,0,Cluster 0 (com=0.51),0.34340279561180415
1448966,2,34900,99,1,Cluster 1 (com=0.70),0.2930421093981166
1450604,2,34900,412,0,Cluster 0 (com=0.51),0.1827315670409241
1473878,2,34900,438,0,Cluster 0 (com=0.51),0.5090419469132372
1477284,2,34900,401,0,Cluster 0 (com=0.51),0.44036185023645474
1501577,2,34900,269,0,Cluster 0 (com=0.51),0.4570279379688903
1514245,2,34900,181,0,Cluster 0 (com=0.51),0.32404569668127853
1532711,2,34900,168,1,Cluster 1 (com=0.70),0.2856121563171281
1585671,2,34900,458,0,Cluster 0 (com=0.51),0.2046178359707035
1603549,2,34900,258,0,Cluster 0 (com=0.51),0.23857730290821566
1631797,2,34900,417,0,Cluster 0 (com=0.51),0.2529360109150411
1639699,2,34900,481,0,Cluster 0 (com=0.51),0.48303133444486335
1640680,2,34900,147,0,Cluster 0 (com=0.51),0.2540857420582009
1658963,2,34900,172,1,Cluster 1 (com=0.70),0.2948152744618897
1677677,2,34900,423,0,Cluster 0 (com=0.51),0.4107503602802824
1722493,2,34900,1116,0,Cluster 0 (com=0.51),0.5139550454448912
1733664,2,34900,967,0,Cluster 0 (com=0.51),0.41307987192244167
1752994,2,34900,477,0,Cluster 0 (com=0.51),0.34642667908143665
1755594,2,34900,424,0,Cluster 0 (com=0.51),0.5066599495737869
1771775,2,34900,332,0,Cluster 0 (com=0.51),0.2706541518127813
1796402,2,34900,569,0,Cluster 0 (com=0.51),0.5027461136558565
1810759,2,34900,321,0,Cluster 0 (com=0.51),0.25694052394887196
1816458,2,34900,659,0,Cluster 0 (com=0.51),0.4973939746407341
1817710,2,34900,372,0,Cluster 0 (com=0.51),0.2923056478436159
1818385,2,34900,295,0,Cluster 0 (com=0.51),0.49609429301211816
1836241,2,34900,583,0,Cluster 0 (com=0.51),0.4703642445484945
1837138,2,34900,1848,0,Cluster 0 (com=0.51),0.5203579780114331
1856869,2,34900,203,0,Cluster 0 (com=0.51),0.3196745243139589
1871598,2,34900,3264,0,Cluster 0 (com=0.51),0.5428598811552966
1871684,2,34900,252,0,Cluster 0 (com=0.51),0.46558563988127244
1877902,2,34900,464,0,Cluster 0 (com=0.51),0.43861150791773607
1879321,2,34900,1164,0,Cluster 0 (com=0.51),0.5486642429457246
1881231,2,34900,146,0,Cluster 0 (com=0.51),0.3229601401498503
1887108,2,34900,715,0,Cluster 0 (com=0.51),0.49517857414293526
1889752,2,34900,1092,0,Cluster 0 (com=0.51),0.4146073677324254
1944167,2,34900,125,1,Cluster 1 (com=0.70),0.05577098888567786
1948159,2,34900,351,0,Cluster 0 (com=0.51),0.2990842724286993
1962049,2,34900,1126,0,Cluster 0 (com=0.51),0.4506673917480593
1962062,2,34900,302,0,Cluster 0 (com=0.51),0.13033562078257063
1972092,2,34900,1420,0,Cluster 0 (com=0.51),0.5363845198059194
1995177,2,34900,909,0,Cluster 0 (com=0.51),0.4671708836184663
1998834,2,34900,101,1,Cluster 1 (com=0.70),0.06860622448929507
2017487,2,34900,671,0,Cluster 0 (com=0.51),0.5251259522679282
2020628,2,34900,3904,0,Cluster 0 (com=0.51),0.4841890651222615
2026075,2,34900,681,0,Cluster 0 (com=0.51),0.5269063193654207
2029571,2,34900,800,0,Cluster 0 (com=0.51),0.527935348492534
2035700,2,34900,956,0,Cluster 0 (com=0.51),0.523886463932367
2047575,2,34900,875,0,Cluster 0 (com=0.51),0.5263503276370464
2065972,2,34900,302,0,Cluster 0 (com=0.51),0.4077431804469089
2067799,2,34900,129,1,Cluster 1 (com=0.70),0.4057054034397951
2081123,2,34900,138,0,Cluster 0 (com=0.51),0.27436159528143367
2096251,2,34900,544,0,Cluster 0 (com=0.51),0.4698574046966532
2103552,2,34900,422,0,Cluster 0 (com=0.51),0.5189079374289117
2104819,2,34900,354,0,Cluster 0 (com=0.51),0.2193998313901812
2106955,2,34900,770,0,Cluster 0 (com=0.51),0.49696622302050786
2107747,2,34900,288,0,Cluster 0 (com=0.51),0.39358378345754613
2128283,2,34900,575,0,Cluster 0 (com=0.51),0.4918193873085192
2138970,2,34900,151,0,Cluster 0 (com=0.51),0.345008729685364
2140300,2,34900,740,0,Cluster 0 (com=0.51),0.4070273442966804
2143312,2,34900,345,0,Cluster 0 (com=0.51),0.414049720054668
2143440,2,34900,436,0,Cluster 0 (com=0.51),0.4695285052758651
2154361,2,34900,248,0,Cluster 0 (com=0.51),0.24726730282397363
2160316,2,34900,629,0,Cluster 0 (com=0.51),0.4072406293488062
2178837,2,34900,349,0,Cluster 0 (com=0.51),0.3129627979482118
2180090,2,34900,1079,0,Cluster 0 (com=0.51),0.5598802624475455
2185729,2,34900,484,0,Cluster 0 (com=0.51),0.4859243647768131
2197766,2,34900,663,0,Cluster 0 (com=0.51),0.23482334087073586
2198970,2,34900,289,1,Cluster 1 (com=0.70),0.2012591606550466
2254637,2,34900,270,0,Cluster 0 (com=0.51),0.3632215331806952
2256134,2,34900,694,0,Cluster 0 (com=0.51),0.33093744378954026
2272023,2,34900,137,1,Cluster 1 (com=0.70),0.2037472622559567
2274542,2,34900,685,0,Cluster 0 (com=0.51),0.5278361599464332
2278101,2,34900,265,0,Cluster 0 (com=0.51),0.19207012401134185
2282620,2,34900,1091,0,Cluster 0 (com=0.51),0.46205225178627696
2283708,2,34900,898,0,Cluster 0 (com=0.51),0.3936685293559
2293511,2,34900,719,0,Cluster 0 (com=0.51),0.44549107539306604
2298106,2,34900,156,1,Cluster 1 (com=0.70),0.32429697784237266
2298895,2,34900,417,0,Cluster 0 (com=0.51),0.5021792555443988
2301830,2,34900,1163,0,Cluster 0 (com=0.51),0.5506533457703243
2306410,2,34900,391,0,Cluster 0 (com=0.51),0.501576654189792
2316717,2,34900,609,0,Cluster 0 (com=0.51),0.42264014297315117
2332934,2,34900,171,0,Cluster 0 (com=0.51),0.3098072245901558
2339267,2,34900,178,1,Cluster 1 (com=0.70),0.17164299151307183
2341420,2,34900,334,0,Cluster 0 (com=0.51),0.3864935135243611
2343785,2,34900,309,0,Cluster 0 (com=0.51),0.4117570589023421
2351969,2,34900,189,0,Cluster 0 (com=0.51),0.30349574494385473
2360559,2,34900,1090,0,Cluster 0 (com=0.51),0.44328146432569443
2366656,2,34900,415,0,Cluster 0 (com=0.51),0.4068000892288023
2378208,2,34900,157,1,Cluster 1 (com=0.70),-0.03821669059428636
2386732,2,34900,854,0,Cluster 0 (com=0.51),0.5502278731828952
2399758,2,34900,615,0,Cluster 0 (com=0.51),0.5475694464960813
2403701,2,34900,1714,0,Cluster 0 (com=0.51),0.5357748321775022
2417975,2,34900,705,0,Cluster 0 (com=0.51),0.31719631549172816
2424257,2,34900,440,0,Cluster 0 (com=0.51),0.414009263455726
2427845,2,34900,498,0,Cluster 0 (com=0.51),0.5173718977695154
2438784,2,34900,152,0,Cluster 0 (com=0.51),0.3683239679572941
2457440,2,34900,504,0,Cluster 0 (com=0.51),0.3819028453333724
2459292,2,34900,18,0,Cluster 0 (com=0.51),0.18171810242320616
2470326,2,34900,20,0,Cluster 0 (com=0.51),0.08219830652517944
2480886,2,34900,398,0,Cluster 0 (com=0.51),0.4509496296290909
2482710,2,34900,623,0,Cluster 0 (com=0.51),0.40781593168085734
2486930,2,34900,28,0,Cluster 0 (com=0.51),0.29431034900054437
2499307,2,34900,194,0,Cluster 0 (com=0.51),0.42380932968782864
2504129,2,34900,93,1,Cluster 1 (com=0.70),0.16526317105794464
2519138,2,34900,931,0,Cluster 0 (com=0.51),0.5050853022787114
2529052,2,34900,58,1,Cluster 1 (com=0.70),0.37752267669541845
2529419,2,34900,351,1,Cluster 1 (com=0.70),0.07115539242613135
2530976,2,34900,274,0,Cluster 0 (com=0.51),0.5201770624003156
2537777,2,34900,292,0,Cluster 0 (com=0.51),0.33723918876476816
2540871,2,34900,585,0,Cluster 0 (com=0.51),0.5159543713899684
2542209,2,34900,683,0,Cluster 0 (com=0.51),0.47420963557680734
2544643,2,34900,887,0,Cluster 0 (com=0.51),0.48467580837097873
2544766,2,34900,44,1,Cluster 1 (com=0.70),0.12477070570675793
2546315,2,34900,419,0,Cluster 0 (com=0.51),0.3414413074952487
2550534,2,34900,317,0,Cluster 0 (com=0.51),0.4462532321552929
2557008,2,34900,1027,0,Cluster 0 (com=0.51),0.31915599147487034
2558365,2,34900,127,1,Cluster 1 (com=0.70),0.04916379328863649
2559144,2,34900,73,0,Cluster 0 (com=0.51),0.33755969722003676
2563095,2,34900,344,0,Cluster 0 (com=0.51),0.4654834749367648
2579891,2,34900,320,0,Cluster 0 (com=0.51),0.5022798037005825
2584244,2,34900,301,1,Cluster 1 (com=0.70),0.39023099651300447
2597117,2,34900,529,0,Cluster 0 (com=0.51),0.3365757138186109
2599883,2,34900,457,0,Cluster 0 (com=0.51),0.3704484851881002
2602542,2,34900,606,0,Cluster 0 (com=0.51),0.3955275500013466
2603027,2,34900,937,0,Cluster 0 (com=0.51),0.45670854833490715
2612102,2,34900,355,0,Cluster 0 (com=0.51),0.47380956022459925
2624028,2,34900,727,0,Cluster 0 (com=0.51),0.4838471378604942
2630284,2,34900,197,0,Cluster 0 (com=0.51),0.30305822550283973
2641156,2,34900,130,1,Cluster 1 (com=0.70),0.10727191484804371
2642532,2,34900,105,0,Cluster 0 (com=0.51),0.08720700164823898
2643472,2,34900,134,1,Cluster 1 (com=0.70),0.38183278153268885
2643829,2,34900,474,0,Cluster 0 (com=0.51),0.2760808206679861
2649948,2,34900,284,0,Cluster 0 (com=0.51),0.09644592469691521
2657913,2,34900,396,0,Cluster 0 (com=0.51),0.534054776076456
2658856,2,34900,276,0,Cluster 0 (com=0.51),0.4761086919117519
2667478,2,34900,483,0,Cluster 0 (com=0.51),0.30023129657993586
2678580,2,34900,81,0,Cluster 0 (com=0.51),0.29808956748039395
2681198,2,34900,536,0,Cluster 0 (com=0.51),0.51943455900833
2682682,2,34900,339,0,Cluster 0 (com=0.51),0.4249642834932725
2683857,2,34900,418,0,Cluster 0 (com=0.51),0.37130254764179815
2686035,2,34900,174,0,Cluster 0 (com=0.51),0.3468133573727257
2693932,2,34900,405,0,Cluster 0 (com=0.51),0.3901708903045587
2694139,2,34900,263,1,Cluster 1 (com=0.70),0.09397376040426557
2697921,2,34900,108,1,Cluster 1 (com=0.70),0.2836921181117467
31296,3,34901,171,1,Cluster 1 (com=0.70),0.17002885072691334
40878,3,34901,357,0,Cluster 0 (com=0.51),0.3414090865015223
42552,3,34901,339,0,Cluster 0 (com=0.51),0.19639545839716585
43958,3,34901,357,0,Cluster 0 (com=0.51),0.495776097714399
45423,3,34901,830,1,Cluster 1 (com=0.70),0.1175856239497929
47861,3,34901,555,0,Cluster 0 (com=0.51),0.4635995056679445
56637,3,34901,1151,0,Cluster 0 (com=0.51),0.5176943685078795
56667,3,34901,17,0,Cluster 0 (com=0.51),0.28385368012461326
58884,3,34901,327,0,Cluster 0 (com=0.51),0.45646275538041486
63112,3,34901,77,1,Cluster 1 (com=0.70),0.34137710701534096
64427,3,34901,834,0,Cluster 0 (com=0.51),0.49014270250467756
71159,3,34901,656,1,Cluster 1 (com=0.70),-0.029928331203199206
74165,3,34901,387,1,Cluster 1 (com=0.70),0.1342214058343702
75107,3,34901,687,0,Cluster 0 (com=0.51),0.5130119421587289
77692,3,34901,171,1,Cluster 1 (com=0.70),0.40940602941035553
79610,3,34901,157,1,Cluster 1 (com=0.70),0.13224161794803058
80438,3,34901,234,0,Cluster 0 (com=0.51),0.40464610242444093
84604,3,34901,1160,0,Cluster 0 (com=0.51),0.501155589180431
87264,3,34901,350,1,Cluster 1 (com=0.70),0.34898283177738215
87322,3,34901,68,1,Cluster 1 (com=0.70),0.3406116757570843
94749,3,34901,232,0,Cluster 0 (com=0.51),0.4627040156824187
102854,3,34901,774,0,Cluster 0 (com=0.51),0.5000615812974161
105939,3,34901,400,0,Cluster 0 (com=0.51),0.5064686389200359
107455,3,34901,98,1,Cluster 1 (com=0.70),0.3409448888191428
108949,3,34901,20,0,Cluster 0 (com=0.51),0.2060306864319293
109577,3,34901,113,1,Cluster 1 (com=0.70),0.37719980852956175
116529,3,34901,38,0,Cluster 0 (com=0.51),0.21091842420384174
119310,3,34901,203,1,Cluster 1 (com=0.70),0.006430679882216271
119865,3,34901,167,0,Cluster 0 (com=0.51),0.339994322428904
125063,3,34901,371,0,Cluster 0 (com=0.51),0.1896839388604014
129907,3,34901,669,0,Cluster 0 (com=0.51),0.22889321241514002
130409,3,34901,10,1,Cluster 1 (com=0.70),0.07201670149375788
131597,3,34901,222,0,Cluster 0 (com=0.51),0.49993279631174464
132475,3,34901,544,0,Cluster 0 (com=0.51),0.4741164160226809
135280,3,34901,180,1,Cluster 1 (com=0.70),0.16960623122760826
136944,3,34901,30,1,Cluster 1 (com=0.70),0.28313904448661453
139206,3,34901,816,0,Cluster 0 (com=0.51),0.4451431386666459
142310,3,34901,225,0,Cluster 0 (com=0.51),0.3324666194878031
143755,3,34901,579,1,Cluster 1 (com=0.70),-0.046498973556323896
149178,3,34901,558,0,Cluster 0 (com=0.51),0.4481380279813497
150282,3,34901,120,0,Cluster 0 (com=0.51),0.1457227735295437
152524,3,34901,1159,0,Cluster 0 (com=0.51),0.51494026581763
152917,3,34901,577,0,Cluster 0 (com=0.51),0.4627869921486134
155938,3,34901,325,0,Cluster 0 (com=0.51),0.42691698951786894
159906,3,34901,69,1,Cluster 1 (com=0.70),0.12262665498002322
159947,3,34901,263,0,Cluster 0 (com=0.51),0.27205194731156385
164148,3,34901,1036,0,Cluster 0 (com=0.51),0.5334950030477453
166123,3,34901,273,0,Cluster 0 (com=0.51),0.3645447275671651
169596,3,34901,334,1,Cluster 1 (com=0.70),-0.006766380090758228
170874,3,34901,463,1,Cluster 1 (com=0.70),-0.008425156087491835
171692,3,34901,29,1,Cluster 1 (com=0.70),0.005061676426917568
172493,3,34901,605,0,Cluster 0 (com=0.51),0.4455122281523837
177492,3,34901,378,0,Cluster 0 (com=0.51),0.37675169177613405
185994,3,34901,339,0,Cluster 0 (com=0.51),0.30884330143342725
194163,3,34901,352,0,Cluster 0 (com=0.51),0.4082766849312707
195246,3,34901,69,0,Cluster 0 (com=0.51),0.42749555670260697
195552,3,34901,477,1,Cluster 1 (com=0.70),0.15816599949243784
197536,3,34901,139,0,Cluster 0 (com=0.51),0.2586673257774122
199009,3,34901,326,0,Cluster 0 (com=0.51),0.4063977874215064
226955,3,34901,321,1,Cluster 1 (com=0.70),0.3148311365287958
228633,3,34901,208,0,Cluster 0 (com=0.51),0.29515994592969386
229498,3,34901,412,0,Cluster 0 (com=0.51),0.49844551618927696
232173,3,34901,733,0,Cluster 0 (com=0.51),0.4619472359433011
234661,3,34901,509,1,Cluster 1 (com=0.70),0.05576230069230811
235768,3,34901,211,0,Cluster 0 (com=0.51),0.22265719787047056
235971,3,34901,344,0,Cluster 0 (com=0.51),0.5027292232214406
236090,3,34901,834,0,Cluster 0 (com=0.51),0.47163015197144514
237891,3,34901,128,0,Cluster 0 (com=0.51),0.15845799974998542
249357,3,34901,122,1,Cluster 1 (com=0.70),-0.0019198712612643405
251166,3,34901,359,0,Cluster 0 (com=0.51),0.27033923644471847
253633,3,34901,492,0,Cluster 0 (com=0.51),0.4438739600828603
253763,3,34901,895,0,Cluster 0 (com=0.51),0.4735312373607242
258245,3,34901,330,1,Cluster 1 (com=0.70),0.058587144020668065
258509,3,34901,379,0,Cluster 0 (com=0.51),0.4971435911829506
258978,3,34901,232,1,Cluster 1 (com=0.70),0.09731887461447353
261863,3,34901,46,1,Cluster 1 (com=0.70),0.12004893913526338
262025,3,34901,297,1,Cluster 1 (com=0.70),0.374552452607996
262394,3,34901,140,1,Cluster 1 (com=0.70),0.40650809940582483
263862,3,34901,115,1,Cluster 1 (com=0.70),0.33398364281082865
265497,3,34901,129,1,Cluster 1 (com=0.70),0.12981181870934871
269584,3,34901,206,0,Cluster 0 (com=0.51),0.21967079817863006
270421,3,34901,102,1,Cluster 1 (com=0.70),0.38183278153268885
276265,3,34901,14,1,Cluster 1 (com=0.70),0.19731336669344307
278380,3,34901,64,1,Cluster 1 (com=0.70),0.09475715587423128
279440,3,34901,454,0,Cluster 0 (com=0.51),0.1371206239768417
279653,3,34901,776,0,Cluster 0 (com=0.51),0.3808796659320205
281134,3,34901,323,0,Cluster 0 (com=0.51),0.3467970158125547
282849,3,34901,959,0,Cluster 0 (com=0.51),0.46278190622285836
283402,3,34901,1151,0,Cluster 0 (com=0.51),0.40514950098681235
286778,3,34901,218,1,Cluster 1 (com=0.70),0.3980114938428454
287079,3,34901,309,0,Cluster 0 (com=0.51),0.45041550675701875
287258,3,34901,377,0,Cluster 0 (com=0.51),0.4342134989367833
289247,3,34901,304,0,Cluster 0 (com=0.51),0.3378216627952091
294219,3,34901,258,1,Cluster 1 (com=0.70),-0.04641093577114693
294929,3,34901,301,0,Cluster 0 (com=0.51),0.43738159794113085
297218,3,34901,20,0,Cluster 0 (com=0.51),0.3072970737764543
297341,3,34901,129,0,Cluster 0 (com=0.51),0.33947257914804074
301074,3,34901,434,0,Cluster 0 (com=0.51),0.3432862592769751
305064,3,34901,1155,0,Cluster 0 (com=0.51),0.47025026149913
305659,3,34901,52,1,Cluster 1 (com=0.70),0.38183278153268885
310205,3,34901,572,0,Cluster 0 (com=0.51),0.4101680688221104
312960,3,34901,85,1,Cluster 1 (com=0.70),0.3830523795437391
315795,3,34901,194,0,Cluster 0 (com=0.51),0.2864791998015357
316082,3,34901,89,1,Cluster 1 (com=0.70),0.02882299437628768
318147,3,34901,832,0,Cluster 0 (com=0.51),0.484940445790721
319073,3,34901,404,0,Cluster 0 (com=0.51),0.3481410981460798
320133,3,34901,1152,0,Cluster 0 (com=0.51),0.496636615785082
320612,3,34901,861,0,Cluster 0 (com=0.51),0.32787865919549425
328797,3,34901,195,1,Cluster 1 (com=0.70),0.26158285746541016
329895,3,34901,14,0,Cluster 0 (com=0.51),0.28327514547486937
331789,3,34901,651,0,Cluster 0 (com=0.51),0.4616708019518532
333993,3,34901,295,1,Cluster 1 (com=0.70),0.2748996894787956
334224,3,34901,175,0,Cluster 0 (com=0.51),0.15379266276385767
335095,3,34901,602,0,Cluster 0 (com=0.51),0.48012924202422563
337000,3,34901,217,0,Cluster 0 (com=0.51),0.40151498273030434
338689,3,34901,176,1,Cluster 1 (com=0.70),0.35868752390123726
339519,3,34901,213,1,Cluster 1 (com=0.70),0.3510856779669245
341457,3,34901,363,1,Cluster 1 (com=0.70),0.11069820762214151
341629,3,34901,375,0,Cluster 0 (com=0.51),0.13734060717489216
343709,3,34901,140,1,Cluster 1 (com=0.70),0.29839460726369205
345271,3,34901,977,0,Cluster 0 (com=0.51),0.4940709133816591
347197,3,34901,180,0,Cluster 0 (com=0.51),0.32725708064695325
348108,3,34901,126,1,Cluster 1 (com=0.70),0.40863122543303904
348324,3,34901,49,0,Cluster 0 (com=0.51),0.2704871574267816
349515,3,34901,134,1,Cluster 1 (com=0.70),0.394829735101173
351147,3,34901,484,0,Cluster 0 (com=0.51),0.31858417008435014
354698,3,34901,141,1,Cluster 1 (com=0.70),0.38183278153268885
355293,3,34901,56,1,Cluster 1 (com=0.70),0.15770603014975537
364066,3,34901,856,0,Cluster 0 (com=0.51),0.45645056516696336
366140,3,34901,1064,0,Cluster 0 (com=0.51),0.4754380367982564
367151,3,34901,560,0,Cluster 0 (com=0.51),0.23151535884610888
369242,3,34901,443,0,Cluster 0 (com=0.51),0.5325687510741257
369450,3,34901,669,0,Cluster 0 (com=0.51),0.5312411056077093
370735,3,34901,322,1,Cluster 1 (com=0.70),-0.0806049333361317
372345,3,34901,258,1,Cluster 1 (com=0.70),0.40840558782031616
372509,3,34901,226,1,Cluster 1 (com=0.70),0.18934923797019407
372511,3,34901,128,1,Cluster 1 (com=0.70),0.22031049602527591
375527,3,34901,178,0,Cluster 0 (com=0.51),0.3116783680097555
378946,3,34901,1391,0,Cluster 0 (com=0.51),0.4429189324295033
379278,3,34901,1109,0,Cluster 0 (com=0.51),0.3108443206239522
380952,3,34901,88,1,Cluster 1 (com=0.70),0.39367231073165476
381257,3,34901,252,0,Cluster 0 (com=0.51),0.36662574874772347
381414,3,34901,153,0,Cluster 0 (com=0.51),0.2993052822063074
383445,3,34901,43,1,Cluster 1 (com=0.70),0.21845024270144522
383602,3,34901,629,1,Cluster 1 (com=0.70),0.37172596791845225
383629,3,34901,130,0,Cluster 0 (com=0.51),0.41876031768651106
384107,3,34901,64,1,Cluster 1 (com=0.70),0.22274974528089558
386389,3,34901,201,1,Cluster 1 (com=0.70),0.22793377449742905
390070,3,34901,275,1,Cluster 1 (com=0.70),0.3129806345275992
396683,3,34901,198,1,Cluster 1 (com=0.70),0.08909170169233042
396834,3,34901,95,1,Cluster 1 (com=0.70),0.3610279376615742
397219,3,34901,1147,0,Cluster 0 (com=0.51),0.34568410417290274
397671,3,34901,984,0,Cluster 0 (com=0.51),0.4916477658902467
398550,3,34901,264,0,Cluster 0 (com=0.51),0.4317371771044685
398630,3,34901,146,1,Cluster 1 (com=0.70),0.38037519111290075
399429,3,34901,609,0,Cluster 0 (com=0.51),0.38312750980077653
402695,3,34901,143,0,Cluster 0 (com=0.51),0.3163669197992126
405193,3,34901,705,0,Cluster 0 (com=0.51),0.2927431907361681
407232,3,34901,797,0,Cluster 0 (com=0.51),0.3211619734551616
410407,3,34901,1179,0,Cluster 0 (com=0.51),0.5105495177266882
410883,3,34901,148,1,Cluster 1 (com=0.70),0.40655059052900405
411304,3,34901,246,1,Cluster 1 (com=0.70),0.0023010331360123503
412353,3,34901,368,0,Cluster 0 (com=0.51),0.41533364432781944
413180,3,34901,57,1,Cluster 1 (com=0.70),-0.04035022791353227
413709,3,34901,574,0,Cluster 0 (com=0.51),0.4348661383040225
413949,3,34901,599,0,Cluster 0 (com=0.51),0.489086283765538
416199,3,34901,661,0,Cluster 0 (com=0.51),0.3022221252287965
416407,3,34901,205,0,Cluster 0 (com=0.51),0.4468634238271491
418201,3,34901,138,0,Cluster 0 (com=0.51),0.42188304367274976
419059,3,34901,772,0,Cluster 0 (com=0.51),0.44509235943679737
423210,3,34901,262,1,Cluster 1 (com=0.70),0.2091242358515991
423488,3,34901,345,1,Cluster 1 (com=0.70),0.3004616395611483
423781,3,34901,378,0,Cluster 0 (com=0.51),0.09924414199131043
427256,3,34901,367,0,Cluster 0 (com=0.51),0.39419834489517397
429832,3,34901,49,1,Cluster 1 (com=0.70),0.24978699997064482
431139,3,34901,67,0,Cluster 0 (com=0.51),0.33305617371897517
434476,3,34901,2660,0,Cluster 0 (com=0.51),0.5195859769467792
439995,3,34901,326,0,Cluster 0 (com=0.51),0.44293431946661
440818,3,34901,1059,0,Cluster 0 (com=0.51),0.5277481755144504
441165,3,34901,184,0,Cluster 0 (com=0.51),0.33288580655693034
441421,3,34901,218,1,Cluster 1 (com=0.70),0.20859289210821821
442199,3,34901,100,1,Cluster 1 (com=0.70),0.3795252987707255
442563,3,34901,176,0,Cluster 0 (com=0.51),0.136764863436354
442802,3,34901,596,0,Cluster 0 (com=0.51),0.29307372979024027
443151,3,34901,89,1,Cluster 1 (com=0.70),0.10231442428682666
443514,3,34901,250,0,Cluster 0 (com=0.51),0.3203722758985234
443696,3,34901,227,0,Cluster 0 (com=0.51),0.23114025050495526
444011,3,34901,45,1,Cluster 1 (com=0.70),0.19613252920414984
444619,3,34901,944,0,Cluster 0 (com=0.51),0.2931096180934075
444907,3,34901,87,1,Cluster 1 (com=0.70),0.10255298221283482
465121,3,34901,113,1,Cluster 1 (com=0.70),-0.03512434003155928
465294,3,34901,332,0,Cluster 0 (com=0.51),0.3660406855595699
466120,3,34901,171,1,Cluster 1 (com=0.70),0.10788340658931433
466807,3,34901,167,1,Cluster 1 (com=0.70),0.23843545982923092
466987,3,34901,475,0,Cluster 0 (com=0.51),0.5004405117553862
467363,3,34901,359,0,Cluster 0 (com=0.51),0.2636363403699823
469499,3,34901,1955,0,Cluster 0 (com=0.51),0.38577183436425755
471284,3,34901,389,1,Cluster 1 (com=0.70),0.21642918264627292
474667,3,34901,251,1,Cluster 1 (com=0.70),0.28144930726393774
475015,3,34901,568,0,Cluster 0 (com=0.51),0.5120764947502926
476401,3,34901,1412,0,Cluster 0 (com=0.51),0.4662045878758735
476629,3,34901,82,0,Cluster 0 (com=0.51),0.34871940565859066
477833,3,34901,329,0,Cluster 0 (com=0.51),0.3943922510341199
479939,3,34901,1586,0,Cluster 0 (com=0.51),0.48810629314129717
481717,3,34901,774,0,Cluster 0 (com=0.51),0.4745085974487332
482644,3,34901,617,0,Cluster 0 (com=0.51),0.4994097138575692
483037,3,34901,421,0,Cluster 0 (com=0.51),0.5046464525552087
484010,3,34901,61,1,Cluster 1 (com=0.70),0.34211640725963705
484594,3,34901,1205,0,Cluster 0 (com=0.51),0.41678908276834736
485228,3,34901,199,0,Cluster 0 (com=0.51),0.30864207346654293
486087,3,34901,77,1,Cluster 1 (com=0.70),-0.07505587966097176
486964,3,34901,25,1,Cluster 1 (com=0.70),0.3689281008190937
488525,3,34901,158,1,Cluster 1 (com=0.70),0.20298159861742723
489553,3,34901,23,1,Cluster 1 (com=0.70),0.007019867252696119
491126,3,34901,561,1,Cluster 1 (com=0.70),0.05597776254896172
491756,3,34901,6,0,Cluster 0 (com=0.51),0.07001294540741626
491863,3,34901,202,0,Cluster 0 (com=0.51),0.43209142614635243
492024,3,34901,129,1,Cluster 1 (com=0.70),0.38205668489874306
493793,3,34901,418,1,Cluster 1 (com=0.70),0.2034645490722216
494046,3,34901,558,0,Cluster 0 (com=0.51),0.22708276858379509
494184,3,34901,253,0,Cluster 0 (com=0.51),0.27272034377571175
497415,3,34901,589,0,Cluster 0 (com=0.51),0.4016713140200102
498442,3,34901,1183,0,Cluster 0 (com=0.51),0.3383610351352642
499404,3,34901,647,0,Cluster 0 (com=0.51),0.3902774868652617
500068,3,34901,872,0,Cluster 0 (com=0.51),0.3380231063542976
500618,3,34901,29,1,Cluster 1 (com=0.70),0.3655962703862657
501444,3,34901,648,0,Cluster 0 (com=0.51),0.4888818071809485
501897,3,34901,422,0,Cluster 0 (com=0.51),0.4796398266103341
502011,3,34901,621,0,Cluster 0 (com=0.51),0.4507800188532314
505773,3,34901,863,0,Cluster 0 (com=0.51),0.4490631059682722
506705,3,34901,175,1,Cluster 1 (com=0.70),0.1437816027418457
507743,3,34901,1028,0,Cluster 0 (com=0.51),0.37463767056947367
507935,3,34901,828,0,Cluster 0 (com=0.51),0.434786410369256
508626,3,34901,1225,0,Cluster 0 (com=0.51),0.5525417022271722
509536,3,34901,330,0,Cluster 0 (com=0.51),0.270934912319743
511309,3,34901,90,0,Cluster 0 (com=0.51),0.35344745260188903
511350,3,34901,28,1,Cluster 1 (com=0.70),0.38183278153268885
511981,3,34901,107,0,Cluster 0 (com=0.51),0.3846416010356649
513422,3,34901,111,0,Cluster 0 (com=0.51),0.18497221439168698
513428,3,34901,236,1,Cluster 1 (com=0.70),0.3504721999257985
514078,3,34901,903,0,Cluster 0 (com=0.51),0.38194988755753045
514556,3,34901,44,1,Cluster 1 (com=0.70),0.2838162313709389
516602,3,34901,66,1,Cluster 1 (com=0.70),0.37657409175279016
517551,3,34901,294,0,Cluster 0 (com=0.51),0.1559175109111467
519115,3,34901,94,0,Cluster 0 (com=0.51),0.2154006065365896
521115,3,34901,351,1,Cluster 1 (com=0.70),-0.08331329040239671
522082,3,34901,104,0,Cluster 0 (com=0.51),0.2746742413004251
523017,3,34901,326,0,Cluster 0 (com=0.51),0.4073606721371852
523249,3,34901,336,1,Cluster 1 (com=0.70),0.2828498119913453
526721,3,34901,625,0,Cluster 0 (com=0.51),0.4526839683460739
526819,3,34901,100,1,Cluster 1 (com=0.70),0.3022683890601872
529693,3,34901,538,1,Cluster 1 (com=0.70),0.3622676111484484
529991,3,34901,441,0,Cluster 0 (com=0.51),0.33825428041486927
530148,3,34901,35,1,Cluster 1 (com=0.70),0.3017951750231082
531018,3,34901,340,1,Cluster 1 (com=0.70),-0.07290837178290133
531871,3,34901,368,1,Cluster 1 (com=0.70),-0.031159386255769066
532254,3,34901,60,0,Cluster 0 (com=0.51),0.320837982692953
533418,3,34901,304,0,Cluster 0 (com=0.51),0.36739270963701814
534112,3,34901,122,0,Cluster 0 (com=0.51),0.3409699361205743
534457,3,34901,220,1,Cluster 1 (com=0.70),0.4169313482075646
535671,3,34901,156,1,Cluster 1 (com=0.70),-0.016796355550294594
535997,3,34901,46,0,Cluster 0 (com=0.51),0.2675418100733102
536351,3,34901,231,1,Cluster 1 (com=0.70),0.42275204726377097
536475,3,34901,158,1,Cluster 1 (com=0.70),0.3998975489263261
536963,3,34901,152,1,Cluster 1 (com=0.70),0.32705804449253717
537322,3,34901,543,0,Cluster 0 (com=0.51),0.2924492944564651
537811,3,34901,994,0,Cluster 0 (com=0.51),0.5317325582614237
539308,3,34901,333,0,Cluster 0 (com=0.51),0.485348569435254
539945,3,34901,646,0,Cluster 0 (com=0.51),0.33372030112952944
540723,3,34901,1390,0,Cluster 0 (com=0.51),0.40326113723791907
541532,3,34901,281,0,Cluster 0 (com=0.51),0.45319671463958344
541921,3,34901,529,0,Cluster 0 (com=0.51),0.08761275605420775
542202,3,34901,643,0,Cluster 0 (com=0.51),0.4948345968531612
543010,3,34901,619,0,Cluster 0 (com=0.51),0.32769622505309043
543432,3,34901,409,0,Cluster 0 (com=0.51),0.28641496022687235
544745,3,34901,540,1,Cluster 1 (com=0.70),0.1649517702299533
545164,3,34901,322,0,Cluster 0 (com=0.51),0.35716207740996503
545962,3,34901,696,0,Cluster 0 (com=0.51),0.33468042785905094
546547,3,34901,586,1,Cluster 1 (com=0.70),-0.006124097774100693
546645,3,34901,249,0,Cluster 0 (com=0.51),0.36343430786460806
547347,3,34901,126,0,Cluster 0 (com=0.51),0.19213120070727108
549219,3,34901,487,0,Cluster 0 (com=0.51),0.18090650495415364
549321,3,34901,186,0,Cluster 0 (com=0.51),0.2174703113204961
549847,3,34901,495,0,Cluster 0 (com=0.51),0.4232900539362532
550420,3,34901,717,0,Cluster 0 (com=0.51),0.367634996326532
550703,3,34901,442,0,Cluster 0 (com=0.51),0.18103952167075169
552173,3,34901,741,0,Cluster 0 (com=0.51),0.5096068599852144
553031,3,34901,1043,0,Cluster 0 (com=0.51),0.38238590582573173
553284,3,34901,663,0,Cluster 0 (com=0.51),0.44255012985837977
553813,3,34901,325,1,Cluster 1 (com=0.70),0.03662647601625202
554063,3,34901,289,0,Cluster 0 (com=0.51),0.34136202327534365
554525,3,34901,631,0,Cluster 0 (com=0.51),0.34290313297888947
555049,3,34901,725,0,Cluster 0 (com=0.51),0.4121191143839389
555827,3,34901,17,1,Cluster 1 (com=0.70),0.03113582175658603
556126,3,34901,31,1,Cluster 1 (com=0.70),-0.006166170808204667
557085,3,34901,1158,0,Cluster 0 (com=0.51),0.46561313756024186
557290,3,34901,256,0,Cluster 0 (com=0.51),0.4094544945555246
558044,3,34901,650,0,Cluster 0 (com=0.51),0.4356478063358647
558764,3,34901,477,0,Cluster 0 (com=0.51),0.14649344465283123
560047,3,34901,516,0,Cluster 0 (com=0.51),0.3293157480541138
560459,3,34901,134,1,Cluster 1 (com=0.70),0.14980970099283
560645,3,34901,1242,0,Cluster 0 (com=0.51),0.5240266458214479
561231,3,34901,434,1,Cluster 1 (com=0.70),-0.03915120607203026
562064,3,34901,300,1,Cluster 1 (com=0.70),0.34212432421516253
562754,3,34901,197,0,Cluster 0 (com=0.51),0.4624440162379212
562990,3,34901,262,1,Cluster 1 (com=0.70),0.019295278650360296
563108,3,34901,25,1,Cluster 1 (com=0.70),0.07216908455657792
563414,3,34901,1172,0,Cluster 0 (com=0.51),0.4724998531776523
564243,3,34901,1202,0,Cluster 0 (com=0.51),0.5166315409587324
564617,3,34901,724,0,Cluster 0 (com=0.51),0.5249119560233068
564933,3,34901,222,1,Cluster 1 (com=0.70),-0.029741595156862994
565017,3,34901,1144,0,Cluster 0 (com=0.51),0.37120772065006896
568987,3,34901,46,1,Cluster 1 (com=0.70),0.39028263624834864
569034,3,34901,824,0,Cluster 0 (com=0.51),0.5274046447200196
569080,3,34901,1042,0,Cluster 0 (com=0.51),0.48183724096044667
569108,3,34901,672,0,Cluster 0 (com=0.51),0.29670244148841995
569876,3,34901,1480,0,Cluster 0 (com=0.51),0.4585413320818845
570004,3,34901,93,0,Cluster 0 (com=0.51),0.2785715722751928
570213,3,34901,359,0,Cluster 0 (com=0.51),0.44237357020064244
571074,3,34901,748,1,Cluster 1 (com=0.70),0.08328034684480727
572074,3,34901,181,0,Cluster 0 (com=0.51),0.41346610565121283
572213,3,34901,183,1,Cluster 1 (com=0.70),0.36579913135183106
573583,3,34901,387,1,Cluster 1 (com=0.70),0.4282044680056301
574527,3,34901,646,0,Cluster 0 (com=0.51),0.5203921448694235
575069,3,34901,238,0,Cluster 0 (com=0.51),0.19132504235568767
575112,3,34901,593,0,Cluster 0 (com=0.51),0.41586051198046725
575302,3,34901,1018,0,Cluster 0 (com=0.51),0.44443591312107117
575685,3,34901,49,1,Cluster 1 (com=0.70),-0.013382025836936944
577032,3,34901,126,0,Cluster 0 (com=0.51),0.10940321964832438
577429,3,34901,944,0,Cluster 0 (com=0.51),0.4540551119833635
577533,3,34901,79,1,Cluster 1 (com=0.70),0.38910587636096594
578152,3,34901,44,0,Cluster 0 (com=0.51),0.3465352054897221
578847,3,34901,86,1,Cluster 1 (com=0.70),0.23258617329385162
579660,3,34901,260,1,Cluster 1 (com=0.70),0.20206125463949476
579686,3,34901,278,0,Cluster 0 (com=0.51),0.3294247395288274
580459,3,34901,462,0,Cluster 0 (com=0.51),0.45393545431920773
580834,3,34901,1377,0,Cluster 0 (com=0.51),0.4149184403596537
580845,3,34901,133,1,Cluster 1 (com=0.70),0.3635498781782111
581253,3,34901,1262,0,Cluster 0 (com=0.51),0.5007951668322536
581659,3,34901,916,0,Cluster 0 (com=0.51),0.5069156181155752
581779,3,34901,494,0,Cluster 0 (com=0.51),0.49670743523144173
582034,3,34901,444,0,Cluster 0 (com=0.51),0.39863656303842065
582117,3,34901,229,1,Cluster 1 (com=0.70),0.026101214043521778
582266,3,34901,45,1,Cluster 1 (com=0.70),0.08897365422432622
582332,3,34901,592,0,Cluster 0 (com=0.51),0.38952297066126995
582653,3,34901,36,1,Cluster 1 (com=0.70),0.4301932709214489
582670,3,34901,65,0,Cluster 0 (com=0.51),0.049158550830745634
583056,3,34901,692,1,Cluster 1 (com=0.70),0.31659397644702236
583318,3,34901,8,1,Cluster 1 (com=0.70),0.10793919402827493
583487,3,34901,2037,0,Cluster 0 (com=0.51),0.5053561229674521
584515,3,34901,101,0,Cluster 0 (com=0.51),0.4563990855750775
585224,3,34901,766,0,Cluster 0 (com=0.51),0.372513934009748
585261,3,34901,417,0,Cluster 0 (com=0.51),0.28418228494505987
585284,3,34901,337,1,Cluster 1 (com=0.70),0.09922514595626825
585503,3,34901,1275,0,Cluster 0 (com=0.51),0.5062344132987994
585572,3,34901,132,0,Cluster 0 (com=0.51),0.34748202583667537
585825,3,34901,883,0,Cluster 0 (com=0.51),0.4543269540628374
585958,3,34901,280,0,Cluster 0 (com=0.51),0.3984549885990822
586906,3,34901,250,0,Cluster 0 (com=0.51),0.3009809677473768
587571,3,34901,1305,0,Cluster 0 (com=0.51),0.533467672982118
588128,3,34901,146,0,Cluster 0 (com=0.51),0.17603265470302165
588628,3,34901,509,0,Cluster 0 (com=0.51),0.4411383904636282
589080,3,34901,671,0,Cluster 0 (com=0.51),0.5265804430039817
589162,3,34901,597,0,Cluster 0 (com=0.51),0.4943655398534862
589332,3,34901,822,0,Cluster 0 (com=0.51),0.3916794995842109
589389,3,34901,132,1,Cluster 1 (com=0.70),0.26505702116089996
589828,3,34901,29,0,Cluster 0 (com=0.51),0.18617705767630316
590120,3,34901,452,0,Cluster 0 (com=0.51),0.41469804544761657
591525,3,34901,299,0,Cluster 0 (com=0.51),0.3743498109142668
591581,3,34901,163,0,Cluster 0 (com=0.51),0.3803720561261906
591746,3,34901,582,1,Cluster 1 (com=0.70),-0.04441532539111016
591946,3,34901,585,0,Cluster 0 (com=0.51),0.430173167312969
592218,3,34901,444,0,Cluster 0 (com=0.51),0.26936118488122646
592295,3,34901,110,0,Cluster 0 (com=0.51),0.40286211182713455
592558,3,34901,463,1,Cluster 1 (com=0.70),0.12611107009910216
592939,3,34901,40,1,Cluster 1 (com=0.70),-0.038436816349714645
593136,3,34901,164,0,Cluster 0 (com=0.51),0.158421937362938
593563,3,34901,514,0,Cluster 0 (com=0.51),0.4916398451265792
593722,3,34901,252,0,Cluster 0 (com=0.51),0.4159896528020238
593796,3,34901,1184,0,Cluster 0 (com=0.51),0.4665494349201133
594065,3,34901,248,0,Cluster 0 (com=0.51),0.31285238817428596
594122,3,34901,321,0,Cluster 0 (com=0.51),0.4405178227332208
594229,3,34901,462,0,Cluster 0 (com=0.51),0.32746453738707476
594258,3,34901,17,1,Cluster 1 (com=0.70),0.27175507462852516
594406,3,34901,139,1,Cluster 1 (com=0.70),0.03424511744739358
594636,3,34901,497,0,Cluster 0 (com=0.51),0.4889711216664417
595262,3,34901,236,0,Cluster 0 (com=0.51),0.39917700149622876
595721,3,34901,152,1,Cluster 1 (com=0.70),0.03841762614986755
595943,3,34901,447,0,Cluster 0 (com=0.51),0.36381593022575426
596243,3,34901,330,1,Cluster 1 (com=0.70),0.22953324785425025
596253,3,34901,360,1,Cluster 1 (com=0.70),0.18670446310258723
596758,3,34901,572,0,Cluster 0 (com=0.51),0.48533793588396273
597740,3,34901,231,1,Cluster 1 (com=0.70),-0.0546992598511236
597937,3,34901,636,0,Cluster 0 (com=0.51),0.537038653606731
598308,3,34901,522,0,Cluster 0 (com=0.51),0.47181662361013554
598540,3,34901,537,0,Cluster 0 (com=0.51),0.5084755578356419
598559,3,34901,880,0,Cluster 0 (com=0.51),0.5494935786574376
600071,3,34901,590,0,Cluster 0 (com=0.51),0.2881026253006457
600773,3,34901,368,0,Cluster 0 (com=0.51),0.3715124946905491
601008,3,34901,249,1,Cluster 1 (com=0.70),0.39646595188493194
601235,3,34901,603,0,Cluster 0 (com=0.51),0.43692908791689783
601271,3,34901,145,0,Cluster 0 (com=0.51),0.30664157392781477
601680,3,34901,107,1,Cluster 1 (com=0.70),0.22240225216577914
602594,3,34901,669,0,Cluster 0 (com=0.51),0.41227470533263205
603648,3,34901,550,0,Cluster 0 (com=0.51),0.3818335023462044
604567,3,34901,351,0,Cluster 0 (com=0.51),0.2633294797722817
604614,3,34901,103,0,Cluster 0 (com=0.51),0.3598966518855557
605180,3,34901,28,1,Cluster 1 (com=0.70),0.38183278153268885
605228,3,34901,42,0,Cluster 0 (com=0.51),0.2729851268064791
605394,3,34901,36,1,Cluster 1 (com=0.70),0.39902137017807643
605682,3,34901,493,0,Cluster 0 (com=0.51),0.4846765987340788
606257,3,34901,1637,0,Cluster 0 (com=0.51),0.49093054015724913
606805,3,34901,168,1,Cluster 1 (com=0.70),0.37122100866225927
606904,3,34901,268,0,Cluster 0 (com=0.51),0.23954965799001907
607243,3,34901,1191,0,Cluster 0 (com=0.51),0.48280847808874755
607303,3,34901,386,0,Cluster 0 (com=0.51),0.43231749632968963
607501,3,34901,566,0,Cluster 0 (com=0.51),0.3235299420887316
607679,3,34901,551,0,Cluster 0 (com=0.51),0.4798282749296958
607700,3,34901,245,0,Cluster 0 (com=0.51),0.13745485390672307
609142,3,34901,502,0,Cluster 0 (com=0.51),0.3398762118369087
609240,3,34901,329,1,Cluster 1 (com=0.70),-0.06111717514168058
611603,3,34901,96,0,Cluster 0 (com=0.51),0.1954895924352477
612842,3,34901,130,0,Cluster 0 (com=0.51),0.23434093294858616
613165,3,34901,281,0,Cluster 0 (com=0.51),0.44200986291209665
613330,3,34901,690,0,Cluster 0 (com=0.51),0.4095326853457225
613634,3,34901,214,0,Cluster 0 (com=0.51),0.2378723814537203
613899,3,34901,1942,0,Cluster 0 (com=0.51),0.5069242028744437
614059,3,34901,72,0,Cluster 0 (com=0.51),0.21774454400968862
614984,3,34901,380,0,Cluster 0 (com=0.51),0.43730200310361517
615266,3,34901,769,0,Cluster 0 (com=0.51),0.4200154352994177
615299,3,34901,743,0,Cluster 0 (com=0.51),0.3653542183799833
615301,3,34901,1148,0,Cluster 0 (com=0.51),0.483008231755045
615302,3,34901,766,0,Cluster 0 (com=0.51),0.4686161350921257
615306,3,34901,892,0,Cluster 0 (com=0.51),0.46080305721725817
615328,3,34901,265,1,Cluster 1 (com=0.70),0.1765910516116147
615340,3,34901,113,1,Cluster 1 (com=0.70),-0.007685553361224199
615342,3,34901,315,0,Cluster 0 (com=0.51),0.41230584568434886
615356,3,34901,353,0,Cluster 0 (com=0.51),0.4233678344548454
616517,3,34901,511,0,Cluster 0 (com=0.51),0.461684238261088
616912,3,34901,278,0,Cluster 0 (com=0.51),0.4770361764556845
617010,3,34901,715,0,Cluster 0 (com=0.51),0.4465779691841557
617119,3,34901,384,1,Cluster 1 (com=0.70),0.07381184856104202
617436,3,34901,420,1,Cluster 1 (com=0.70),0.20195233276261995
617580,3,34901,1145,0,Cluster 0 (com=0.51),0.5332473293106226
617783,3,34901,231,1,Cluster 1 (com=0.70),0.33484177250913894
617922,3,34901,272,0,Cluster 0 (com=0.51),0.48996041730611717
618663,3,34901,477,1,Cluster 1 (com=0.70),0.08488765858233727
619204,3,34901,58,1,Cluster 1 (com=0.70),0.28232794077816176
619292,3,34901,1149,0,Cluster 0 (com=0.51),0.35886178544886727
619321,3,34901,569,0,Cluster 0 (com=0.51),0.47761722264450485
619502,3,34901,296,1,Cluster 1 (com=0.70),0.4064303738491756
620094,3,34901,2462,0,Cluster 0 (com=0.51),0.5603576812734963
620269,3,34901,246,0,Cluster 0 (com=0.51),0.39952997339862417
620349,3,34901,933,0,Cluster 0 (com=0.51),0.5165591940572059
620431,3,34901,311,0,Cluster 0 (com=0.51),0.20946809787403983
620740,3,34901,44,1,Cluster 1 (com=0.70),0.19316124964791373
620810,3,34901,443,1,Cluster 1 (com=0.70),0.2617880307514083
622275,3,34901,546,0,Cluster 0 (com=0.51),0.4043552548494417
622481,3,34901,574,0,Cluster 0 (com=0.51),0.4750154710047844
622760,3,34901,185,1,Cluster 1 (com=0.70),0.013573984324682967
622934,3,34901,720,1,Cluster 1 (com=0.70),0.1938839805086316
622967,3,34901,79,1,Cluster 1 (com=0.70),0.2654118617339102
623471,3,34901,364,0,Cluster 0 (com=0.51),0.5003302559205721
623589,3,34901,463,1,Cluster 1 (com=0.70),0.20814868650562202
623765,3,34901,580,0,Cluster 0 (com=0.51),0.5131192341726003
624282,3,34901,360,0,Cluster 0 (com=0.51),0.17878424905017892
624864,3,34901,748,0,Cluster 0 (com=0.51),0.3306691868794091
624970,3,34901,513,0,Cluster 0 (com=0.51),0.4159303339538411
625245,3,34901,677,0,Cluster 0 (com=0.51),0.4399135914437497
625330,3,34901,655,0,Cluster 0 (com=0.51),0.45403368486517454
625515,3,34901,154,0,Cluster 0 (com=0.51),0.3316855528744738
625743,3,34901,151,1,Cluster 1 (com=0.70),0.24734580325701686
625802,3,34901,202,0,Cluster 0 (com=0.51),0.4802953144415486
625838,3,34901,633,0,Cluster 0 (com=0.51),0.20703191390768755
626033,3,34901,1232,0,Cluster 0 (com=0.51),0.45426578054856814
626349,3,34901,182,0,Cluster 0 (com=0.51),0.4386784969570168
626416,3,34901,421,0,Cluster 0 (com=0.51),0.5114240188421797
626454,3,34901,379,0,Cluster 0 (com=0.51),0.1218605097252787
626477,3,34901,470,0,Cluster 0 (com=0.51),0.4286359926223864
626514,3,34901,838,0,Cluster 0 (com=0.51),0.3127169856226293
626552,3,34901,321,1,Cluster 1 (com=0.70),0.016110435244618068
626579,3,34901,43,1,Cluster 1 (com=0.70),0.2350257919833722
627365,3,34901,383,0,Cluster 0 (com=0.51),0.48028039385865284
627829,3,34901,253,0,Cluster 0 (com=0.51),0.31599356536795786
628149,3,34901,847,0,Cluster 0 (com=0.51),0.45071542799732217
628157,3,34901,41,1,Cluster 1 (com=0.70),0.3677317169096838
628383,3,34901,413,1,Cluster 1 (com=0.70),-0.05617313312503942
628521,3,34901,342,0,Cluster 0 (com=0.51),0.12295338952466647
628888,3,34901,363,0,Cluster 0 (com=0.51),0.19403635350130555
628964,3,34901,620,0,Cluster 0 (com=0.51),0.5360542675748663
629029,3,34901,166,0,Cluster 0 (com=0.51),0.2102855644375287
629491,3,34901,819,0,Cluster 0 (com=0.51),0.4677590653715894
629522,3,34901,156,1,Cluster 1 (com=0.70),0.2430547503488279
629818,3,34901,177,1,Cluster 1 (com=0.70),0.4160391736395827
629922,3,34901,322,1,Cluster 1 (com=0.70),0.27744110808911343
629944,3,34901,451,1,Cluster 1 (com=0.70),0.009002010754518607
630109,3,34901,302,0,Cluster 0 (com=0.51),0.33455432699961346
630158,3,34901,520,0,Cluster 0 (com=0.51),0.19685194114115875
630835,3,34901,1202,0,Cluster 0 (com=0.51),0.5076402744083757
630905,3,34901,1707,0,Cluster 0 (com=0.51),0.5283887835072187
630910,3,34901,617,0,Cluster 0 (com=0.51),0.3221050624084264
630992,3,34901,75,1,Cluster 1 (com=0.70),0.038464571057795736
631524,3,34901,527,0,Cluster 0 (com=0.51),0.4226469667345627
631658,3,34901,1760,0,Cluster 0 (com=0.51),0.49437580591757657
631681,3,34901,205,0,Cluster 0 (com=0.51),0.3557515740342101
631715,3,34901,310,0,Cluster 0 (com=0.51),0.048272863606463476
631740,3,34901,322,0,Cluster 0 (com=0.51),0.2609806496774784
631837,3,34901,806,0,Cluster 0 (com=0.51),0.5417649975358345
631924,3,34901,1141,0,Cluster 0 (com=0.51),0.40162080068402034
632074,3,34901,422,0,Cluster 0 (com=0.51),0.20893303541846814
632290,3,34901,154,1,Cluster 1 (com=0.70),0.046487599777006366
632458,3,34901,944,0,Cluster 0 (com=0.51),0.4728939443251959
632556,3,34901,191,1,Cluster 1 (com=0.70),0.10981053860154437
632597,3,34901,21,1,Cluster 1 (com=0.70),0.41500647391228945
632826,3,34901,583,0,Cluster 0 (com=0.51),0.3478637517386791
632836,3,34901,431,1,Cluster 1 (com=0.70),0.18563248435423155
633079,3,34901,151,1,Cluster 1 (com=0.70),0.22086069252350823
633516,3,34901,139,0,Cluster 0 (com=0.51),0.3724401884641193
633555,3,34901,981,0,Cluster 0 (com=0.51),0.50363738296216
633568,3,34901,566,0,Cluster 0 (com=0.51),0.4887759127563748
633867,3,34901,459,0,Cluster 0 (com=0.51),0.4256887325530872
633931,3,34901,1144,0,Cluster 0 (com=0.51),0.5195243378259492
634088,3,34901,371,0,Cluster 0 (com=0.51),0.2939255778691482
634114,3,34901,11,0,Cluster 0 (com=0.51),0.30855635057967107
634512,3,34901,795,0,Cluster 0 (com=0.51),0.5170472563250097
634526,3,34901,781,0,Cluster 0 (com=0.51),0.396140784994832
634601,3,34901,103,1,Cluster 1 (com=0.70),0.05627077518366035
634749,3,34901,1944,0,Cluster 0 (com=0.51),0.5259917915186285
635184,3,34901,554,0,Cluster 0 (com=0.51),0.4099410787811202
635751,3,34901,74,0,Cluster 0 (com=0.51),0.33900533107693864
635795,3,34901,233,1,Cluster 1 (com=0.70),0.09665798527892971
635903,3,34901,233,1,Cluster 1 (com=0.70),-0.04456263874358488
636314,3,34901,666,0,Cluster 0 (com=0.51),0.42236463489893455
636400,3,34901,185,0,Cluster 0 (com=0.51),0.3417047093660704
636408,3,34901,25,0,Cluster 0 (com=0.51),0.07768042139019585
636469,3,34901,458,0,Cluster 0 (com=0.51),0.4126412942177654
636547,3,34901,201,1,Cluster 1 (com=0.70),0.12354670323005706
636565,3,34901,150,1,Cluster 1 (com=0.70),0.12796270868532872
636656,3,34901,209,0,Cluster 0 (com=0.51),0.43330129338843437
636704,3,34901,135,0,Cluster 0 (com=0.51),0.3923334070145494
636783,3,34901,657,0,Cluster 0 (com=0.51),0.5035052251924531
636830,3,34901,863,0,Cluster 0 (com=0.51),0.5000604044689811
636832,3,34901,1679,0,Cluster 0 (com=0.51),0.4730697643812355
637004,3,34901,387,0,Cluster 0 (com=0.51),0.18272229945009782
637089,3,34901,165,1,Cluster 1 (com=0.70),0.3715710637505755
637358,3,34901,159,0,Cluster 0 (com=0.51),0.4008608269111554
637509,3,34901,82,1,Cluster 1 (com=0.70),0.22491736251606528
637514,3,34901,62,0,Cluster 0 (com=0.51),0.29469831520272366
637582,3,34901,159,0,Cluster 0 (com=0.51),0.2746283529208176
637708,3,34901,527,0,Cluster 0 (com=0.51),0.4912659244983017
637906,3,34901,123,0,Cluster 0 (com=0.51),0.46453400404203654
637939,3,34901,24,1,Cluster 1 (com=0.70),0.38183278153268885
637980,3,34901,535,0,Cluster 0 (com=0.51),0.3150552849881953
638034,3,34901,248,1,Cluster 1 (com=0.70),0.2729710517883877
638388,3,34901,137,0,Cluster 0 (com=0.51),0.08231529085851552
638411,3,34901,1208,0,Cluster 0 (com=0.51),0.3632496852738613
638498,3,34901,402,1,Cluster 1 (com=0.70),-0.08010516061804684
638515,3,34901,65,1,Cluster 1 (com=0.70),0.17216538571439505
638625,3,34901,1196,0,Cluster 0 (com=0.51),0.5112256032032226
638655,3,34901,581,0,Cluster 0 (com=0.51),0.4804061307107127
638677,3,34901,121,0,Cluster 0 (com=0.51),0.18833994151082
638831,3,34901,294,1,Cluster 1 (com=0.70),0.20357088465680132
639028,3,34901,501,0,Cluster 0 (com=0.51),0.321742155216783
639231,3,34901,293,0,Cluster 0 (com=0.51),0.23945208706624535
639234,3,34901,853,0,Cluster 0 (com=0.51),0.3403168365766893
639522,3,34901,58,1,Cluster 1 (com=0.70),0.3935857333463857
640098,3,34901,412,0,Cluster 0 (com=0.51),0.43057317637946113
640278,3,34901,1908,0,Cluster 0 (com=0.51),0.5258603648363629
640329,3,34901,322,0,Cluster 0 (com=0.51),0.29527878662891066
640429,3,34901,1274,0,Cluster 0 (com=0.51),0.33523306621060966
640711,3,34901,818,0,Cluster 0 (com=0.51),0.16140007365675713
640752,3,34901,452,0,Cluster 0 (com=0.51),0.14430710283864193
640848,3,34901,87,1,Cluster 1 (com=0.70),0.3787317403425076
640892,3,34901,192,1,Cluster 1 (com=0.70),0.3781675662768353
640913,3,34901,131,1,Cluster 1 (com=0.70),0.38183278153268885
640927,3,34901,696,0,Cluster 0 (com=0.51),0.45990147645611246
641137,3,34901,146,1,Cluster 1 (com=0.70),-0.03713862168813568
641309,3,34901,307,0,Cluster 0 (com=0.51),0.10612808555584427
641311,3,34901,826,0,Cluster 0 (com=0.51),0.440404021962265
641363,3,34901,42,1,Cluster 1 (com=0.70),0.38183278153268885
641401,3,34901,368,0,Cluster 0 (com=0.51),0.22823504309269058
641461,3,34901,158,0,Cluster 0 (com=0.51),0.31244921566849954
641470,3,34901,64,1,Cluster 1 (com=0.70),-0.041681076162455255
641547,3,34901,369,1,Cluster 1 (com=0.70),0.15690122432604833
641864,3,34901,468,0,Cluster 0 (com=0.51),0.456116076174303
641914,3,34901,1566,0,Cluster 0 (com=0.51),0.41150453821044053
642029,3,34901,59,0,Cluster 0 (com=0.51),0.4755576731662955
642056,3,34901,213,0,Cluster 0 (com=0.51),0.19072221351599697
642375,3,34901,210,0,Cluster 0 (com=0.51),0.5049375772153123
642448,3,34901,230,0,Cluster 0 (com=0.51),0.34753827014094196
642449,3,34901,247,0,Cluster 0 (com=0.51),0.2969269023665429
642493,3,34901,754,1,Cluster 1 (com=0.70),-0.051031690653474536
642498,3,34901,845,0,Cluster 0 (com=0.51),0.4242769719758462
642551,3,34901,639,0,Cluster 0 (com=0.51),0.465035546314552
642740,3,34901,499,0,Cluster 0 (com=0.51),0.20174780915124238
642750,3,34901,290,0,Cluster 0 (com=0.51),0.45307368301301837
642840,3,34901,576,0,Cluster 0 (com=0.51),0.48893063393742264
642843,3,34901,788,0,Cluster 0 (com=0.51),0.39979780181200086
642872,3,34901,357,0,Cluster 0 (com=0.51),0.4022087354687697
642909,3,34901,43,1,Cluster 1 (com=0.70),0.3919021565045997
643069,3,34901,155,0,Cluster 0 (com=0.51),0.31691684153606636
643202,3,34901,740,0,Cluster 0 (com=0.51),0.4785187286164365
643220,3,34901,193,1,Cluster 1 (com=0.70),0.4101454485944733
643273,3,34901,596,0,Cluster 0 (com=0.51),0.4122195144362773
643326,3,34901,374,0,Cluster 0 (com=0.51),0.335221216393893
643466,3,34901,627,0,Cluster 0 (com=0.51),0.2140993180484983
643477,3,34901,1113,0,Cluster 0 (com=0.51),0.5208515806660672
643496,3,34901,1038,0,Cluster 0 (com=0.51),0.3503001094318806
643502,3,34901,158,0,Cluster 0 (com=0.51),0.1955162052374112
643591,3,34901,995,0,Cluster 0 (com=0.51),0.51101570057393
643653,3,34901,505,0,Cluster 0 (com=0.51),0.3657823234248748
643696,3,34901,292,0,Cluster 0 (com=0.51),0.4958106652664395
643751,3,34901,855,0,Cluster 0 (com=0.51),0.4978008487975855
643754,3,34901,588,0,Cluster 0 (com=0.51),0.38810418280563125
644025,3,34901,363,0,Cluster 0 (com=0.51),0.3159089927258016
644210,3,34901,399,0,Cluster 0 (com=0.51),0.26548666298217005
644343,3,34901,68,1,Cluster 1 (com=0.70),0.33404101529246794
644361,3,34901,2971,0,Cluster 0 (com=0.51),0.5384240092285206
644369,3,34901,63,0,Cluster 0 (com=0.51),0.1702566439340898
644450,3,34901,1422,0,Cluster 0 (com=0.51),0.4890449820562686
644508,3,34901,448,0,Cluster 0 (com=0.51),0.36573258983467344
644761,3,34901,405,0,Cluster 0 (com=0.51),0.45440565713969916
644784,3,34901,648,1,Cluster 1 (com=0.70),0.1004588319341145
644791,3,34901,1569,0,Cluster 0 (com=0.51),0.5458977967389372
644818,3,34901,1324,0,Cluster 0 (com=0.51),0.44885010050864643
644847,3,34901,161,0,Cluster 0 (com=0.51),0.42218432671126216
644936,3,34901,230,0,Cluster 0 (com=0.51),0.2250662087838631
644974,3,34901,492,0,Cluster 0 (com=0.51),0.5025601881274581
645003,3,34901,155,0,Cluster 0 (com=0.51),0.3941380584584894
645020,3,34901,179,0,Cluster 0 (com=0.51),0.3097279025789758
645078,3,34901,550,0,Cluster 0 (com=0.51),0.28063293935553485
645145,3,34901,27,0,Cluster 0 (com=0.51),0.40680578478992613
645405,3,34901,1480,0,Cluster 0 (com=0.51),0.27499733795451997
645433,3,34901,112,1,Cluster 1 (com=0.70),0.39231972777116136
645496,3,34901,494,0,Cluster 0 (com=0.51),0.36290403824659007
645518,3,34901,393,0,Cluster 0 (com=0.51),0.3306721803842868
645586,3,34901,324,1,Cluster 1 (com=0.70),0.29284848671891217
645705,3,34901,122,0,Cluster 0 (com=0.51),0.08697182739146653
645732,3,34901,223,0,Cluster 0 (com=0.51),0.36757488682602013
645784,3,34901,342,0,Cluster 0 (com=0.51),0.3949231157606388
645840,3,34901,586,0,Cluster 0 (com=0.51),0.43906804438255376
645880,3,34901,66,1,Cluster 1 (com=0.70),0.21119433330971218
645948,3,34901,336,0,Cluster 0 (com=0.51),0.3999388807685681
645960,3,34901,133,1,Cluster 1 (com=0.70),0.38704183225191885
645997,3,34901,481,0,Cluster 0 (com=0.51),0.4121931169900814
646015,3,34901,555,0,Cluster 0 (com=0.51),0.4081948710911811
646017,3,34901,1191,0,Cluster 0 (com=0.51),0.49661256229190376
646053,3,34901,483,1,Cluster 1 (com=0.70),0.1405290536194463
646074,3,34901,1038,0,Cluster 0 (com=0.51),0.5133277966502037
646085,3,34901,510,0,Cluster 0 (com=0.51),0.4456044016726904
646138,3,34901,80,0,Cluster 0 (com=0.51),0.2265066454346591
646313,3,34901,89,1,Cluster 1 (com=0.70),-0.02673400887857634
646357,3,34901,539,0,Cluster 0 (com=0.51),0.34842298132164556
646402,3,34901,391,0,Cluster 0 (com=0.51),0.30171294189312553
646460,3,34901,709,0,Cluster 0 (com=0.51),0.436405159441662
646539,3,34901,437,0,Cluster 0 (com=0.51),0.09192337005153843
646540,3,34901,173,0,Cluster 0 (com=0.51),0.10013176693224796
646551,3,34901,1465,0,Cluster 0 (com=0.51),0.43894260433941834
646638,3,34901,57,1,Cluster 1 (com=0.70),0.2759894524392881
646670,3,34901,67,1,Cluster 1 (com=0.70),0.3063177304048875
646734,3,34901,79,1,Cluster 1 (com=0.70),0.3943606738077529
646750,3,34901,162,1,Cluster 1 (com=0.70),-0.027117253133583662
646778,3,34901,681,0,Cluster 0 (com=0.51),0.381115628353147
646807,3,34901,362,0,Cluster 0 (com=0.51),0.261736457539779
646990,3,34901,432,0,Cluster 0 (com=0.51),0.4239926377271786
647040,3,34901,391,0,Cluster 0 (com=0.51),0.3511377813388101
647154,3,34901,103,1,Cluster 1 (com=0.70),0.3832530776932412
647169,3,34901,240,0,Cluster 0 (com=0.51),0.3593158394005761
647320,3,34901,635,1,Cluster 1 (com=0.70),0.13430393849367464
647324,3,34901,572,0,Cluster 0 (com=0.51),0.38102863191088815
647391,3,34901,48,1,Cluster 1 (com=0.70),0.4129854931858354
647398,3,34901,527,0,Cluster 0 (com=0.51),0.12039817224425388
647399,3,34901,1561,0,Cluster 0 (com=0.51),0.5525278275611285
647425,3,34901,1458,0,Cluster 0 (com=0.51),0.4924874978173994
647485,3,34901,217,0,Cluster 0 (com=0.51),0.19622481328083746
647496,3,34901,253,0,Cluster 0 (com=0.51),0.2815673809624275
647765,3,34901,302,0,Cluster 0 (com=0.51),0.14008995090972284
647841,3,34901,683,0,Cluster 0 (com=0.51),0.432142160909234
647898,3,34901,353,0,Cluster 0 (com=0.51),0.4294081330226976
647945,3,34901,444,0,Cluster 0 (com=0.51),0.30084618407870956
647987,3,34901,161,0,Cluster 0 (com=0.51),0.4138982466097853
648027,3,34901,263,1,Cluster 1 (com=0.70),0.24751659159336475
648037,3,34901,361,0,Cluster 0 (com=0.51),0.45293183087451405
648038,3,34901,534,0,Cluster 0 (com=0.51),0.45199510361112255
648040,3,34901,1030,0,Cluster 0 (com=0.51),0.4724728447892557
648086,3,34901,431,1,Cluster 1 (com=0.70),-0.022106416521913957
648105,3,34901,814,0,Cluster 0 (com=0.51),0.45986142035670846
648114,3,34901,545,0,Cluster 0 (com=0.51),0.4589386070594186
648116,3,34901,180,0,Cluster 0 (com=0.51),0.42802044620794083
648140,3,34901,185,1,Cluster 1 (com=0.70),-0.018989896079002352
648254,3,34901,216,1,Cluster 1 (com=0.70),0.10396474760979826
648287,3,34901,448,0,Cluster 0 (com=0.51),0.25874847452364264
648365,3,34901,612,0,Cluster 0 (com=0.51),0.4718788770709923
648366,3,34901,388,0,Cluster 0 (com=0.51),0.4574366533100179
648457,3,34901,137,1,Cluster 1 (com=0.70),0.33052867502874367
648470,3,34901,928,0,Cluster 0 (com=0.51),0.3753380902216233
648531,3,34901,517,0,Cluster 0 (com=0.51),0.41899449152939483
648536,3,34901,197,0,Cluster 0 (com=0.51),0.23779327107843987
648564,3,34901,452,0,Cluster 0 (com=0.51),0.06817092049653235
648571,3,34901,415,0,Cluster 0 (com=0.51),0.4222324194551382
648590,3,34901,43,1,Cluster 1 (com=0.70),0.16735066071395896
648613,3,34901,203,1,Cluster 1 (com=0.70),0.40250360933219376
648685,3,34901,586,0,Cluster 0 (com=0.51),0.19344215870520245
648804,3,34901,515,0,Cluster 0 (com=0.51),0.48513972376078757
648815,3,34901,1180,0,Cluster 0 (com=0.51),0.3951235251821867
648903,3,34901,96,1,Cluster 1 (com=0.70),0.3837483986354131
648972,3,34901,40,1,Cluster 1 (com=0.70),0.37030954882283657
649004,3,34901,1889,0,Cluster 0 (com=0.51),0.5409886003808834
649009,3,34901,9,0,Cluster 0 (com=0.51),0.21615032616183993
649079,3,34901,1802,0,Cluster 0 (com=0.51),0.47476897909310933
649084,3,34901,496,0,Cluster 0 (com=0.51),0.4187225212273859
649093,3,34901,234,0,Cluster 0 (com=0.51),0.3027974298183254
649141,3,34901,280,0,Cluster 0 (com=0.51),0.21593979112697861
649159,3,34901,444,0,Cluster 0 (com=0.51),0.3858239577983425
649165,3,34901,205,1,Cluster 1 (com=0.70),0.3095048232199361
649207,3,34901,892,0,Cluster 0 (com=0.51),0.5045588128914825
649212,3,34901,199,1,Cluster 1 (com=0.70),-0.017811505815207945
649230,3,34901,88,1,Cluster 1 (com=0.70),0.3896421029613548
649258,3,34901,172,1,Cluster 1 (com=0.70),0.3230658004545837
649284,3,34901,183,1,Cluster 1 (com=0.70),0.4009915850654201
649325,3,34901,453,0,Cluster 0 (com=0.51),0.22011350053855963
649379,3,34901,454,0,Cluster 0 (com=0.51),0.5311778723226855
649400,3,34901,143,0,Cluster 0 (com=0.51),0.36700572818187327
649434,3,34901,598,0,Cluster 0 (com=0.51),0.46919906657637106
649435,3,34901,515,0,Cluster 0 (com=0.51),0.39473614352205205
649457,3,34901,659,0,Cluster 0 (com=0.51),0.5087526208628264
649469,3,34901,152,0,Cluster 0 (com=0.51),0.3730664358343742
649619,3,34901,425,0,Cluster 0 (com=0.51),0.3686349333863291
649735,3,34901,105,1,Cluster 1 (com=0.70),0.26777528671904316
649806,3,34901,60,0,Cluster 0 (com=0.51),0.15966762849395402
649891,3,34901,55,1,Cluster 1 (com=0.70),0.14169258514255087
649952,3,34901,1101,0,Cluster 0 (com=0.51),0.4271082414249628
649954,3,34901,1079,0,Cluster 0 (com=0.51),0.2888231064677041
649979,3,34901,185,0,Cluster 0 (com=0.51),0.26772151317321885
650031,3,34901,418,0,Cluster 0 (com=0.51),0.29342977355059263
650054,3,34901,134,0,Cluster 0 (com=0.51),0.3414803138308832
650108,3,34901,723,0,Cluster 0 (com=0.51),0.4087807138660588
650160,3,34901,668,1,Cluster 1 (com=0.70),-0.09786877253763607
650170,3,34901,350,0,Cluster 0 (com=0.51),0.3514524760440185
650251,3,34901,1004,0,Cluster 0 (com=0.51),0.45947831524549615
650363,3,34901,149,1,Cluster 1 (com=0.70),0.24842621477760615
650370,3,34901,210,0,Cluster 0 (com=0.51),0.32760227155950994
650424,3,34901,609,0,Cluster 0 (com=0.51),0.4228117927824754
650469,3,34901,123,0,Cluster 0 (com=0.51),0.39622695516640455
650473,3,34901,925,0,Cluster 0 (com=0.51),0.48435160262218424
650570,3,34901,201,0,Cluster 0 (com=0.51),0.13584969882139938
650682,3,34901,273,0,Cluster 0 (com=0.51),0.32773742887317914
650758,3,34901,119,1,Cluster 1 (com=0.70),0.319245047972928
650861,3,34901,106,1,Cluster 1 (com=0.70),0.40282910488112444
650866,3,34901,1159,0,Cluster 0 (com=0.51),0.5242713251036484
650923,3,34901,60,0,Cluster 0 (com=0.51),0.2369314629890917
650960,3,34901,38,1,Cluster 1 (com=0.70),0.40707667549103077
651040,3,34901,36,1,Cluster 1 (com=0.70),0.2641825576802913
651121,3,34901,937,0,Cluster 0 (com=0.51),0.4614034653853522
651126,3,34901,306,0,Cluster 0 (com=0.51),0.3650242004025115
651182,3,34901,8,0,Cluster 0 (com=0.51),0.22984134737027673
651238,3,34901,537,0,Cluster 0 (com=0.51),0.4090696230369413
651330,3,34901,63,1,Cluster 1 (com=0.70),0.4027947369600644
651354,3,34901,636,0,Cluster 0 (com=0.51),0.39705539440289006
651381,3,34901,629,0,Cluster 0 (com=0.51),0.21257557722445844
651419,3,34901,771,0,Cluster 0 (com=0.51),0.3836146480178121
651478,3,34901,2741,0,Cluster 0 (com=0.51),0.5388966798246003
651498,3,34901,310,0,Cluster 0 (com=0.51),0.4193825375840528
651555,3,34901,74,1,Cluster 1 (com=0.70),0.4119569717792308
651598,3,34901,569,0,Cluster 0 (com=0.51),0.45675911774865086
651693,3,34901,194,1,Cluster 1 (com=0.70),0.38183278153268885
651881,3,34901,176,0,Cluster 0 (com=0.51),0.3501480351436831
651927,3,34901,184,0,Cluster 0 (com=0.51),0.4644096229150925
651990,3,34901,310,0,Cluster 0 (com=0.51),0.45008728371519313
652008,3,34901,360,0,Cluster 0 (com=0.51),0.19246828696567608
652064,3,34901,1144,0,Cluster 0 (com=0.51),0.5083381360661846
652087,3,34901,426,0,Cluster 0 (com=0.51),0.43436666660165746
652333,3,34901,367,1,Cluster 1 (com=0.70),0.01780636514929835
652335,3,34901,1507,0,Cluster 0 (com=0.51),0.5015760621985739
652438,3,34901,95,1,Cluster 1 (com=0.70),0.11789692226200642
652576,3,34901,184,1,Cluster 1 (com=0.70),-0.06623789773134181
652625,3,34901,476,0,Cluster 0 (com=0.51),0.38963050927594145
652659,3,34901,64,1,Cluster 1 (com=0.70),0.29965445136406377
652664,3,34901,62,1,Cluster 1 (com=0.70),0.31823069702055606
652672,3,34901,273,0,Cluster 0 (com=0.51),0.23676008090245695
652684,3,34901,858,0,Cluster 0 (com=0.51),0.2817274182233094
652711,3,34901,522,1,Cluster 1 (com=0.70),0.043208422828126765
652753,3,34901,488,0,Cluster 0 (com=0.51),0.5078388968562311
652788,3,34901,502,0,Cluster 0 (com=0.51),0.2980867275735481
652887,3,34901,406,0,Cluster 0 (com=0.51),0.3586962539303554
652890,3,34901,107,1,Cluster 1 (com=0.70),0.2747485672540587
652898,3,34901,651,0,Cluster 0 (com=0.51),0.24560225746844244
652994,3,34901,57,1,Cluster 1 (com=0.70),0.33491303160257474
653045,3,34901,646,0,Cluster 0 (com=0.51),0.4703945981900806
653115,3,34901,273,1,Cluster 1 (com=0.70),0.06268061725523108
653144,3,34901,264,1,Cluster 1 (com=0.70),0.13547943415471125
653297,3,34901,310,0,Cluster 0 (com=0.51),0.16444800296266096
653301,3,34901,344,0,Cluster 0 (com=0.51),0.35304683813444016
653381,3,34901,138,0,Cluster 0 (com=0.51),0.14148036728180827
653417,3,34901,101,1,Cluster 1 (com=0.70),0.1517598536275765
653536,3,34901,331,1,Cluster 1 (com=0.70),-0.04320012126804527
653558,3,34901,213,0,Cluster 0 (com=0.51),0.2807035723611402
653567,3,34901,181,1,Cluster 1 (com=0.70),0.20727690101966392
653595,3,34901,242,0,Cluster 0 (com=0.51),0.1647811722939052
653653,3,34901,169,0,Cluster 0 (com=0.51),0.08775071036767283
653773,3,34901,556,0,Cluster 0 (com=0.51),0.5053178856651318
653841,3,34901,1038,1,Cluster 1 (com=0.70),-0.05263689740775117
653857,3,34901,548,1,Cluster 1 (com=0.70),0.29719162558390055
654045,3,34901,256,0,Cluster 0 (com=0.51),0.28793385820153006
654114,3,34901,438,0,Cluster 0 (com=0.51),0.42149156718515474
654169,3,34901,337,0,Cluster 0 (com=0.51),0.43467458965625067
654217,3,34901,53,0,Cluster 0 (com=0.51),0.27793278149468903
654236,3,34901,101,0,Cluster 0 (com=0.51),0.38499840409857017
654260,3,34901,502,0,Cluster 0 (com=0.51),0.15839241893946385
654339,3,34901,86,0,Cluster 0 (com=0.51),0.4414268738368856
654441,3,34901,1258,0,Cluster 0 (com=0.51),0.37916058791018187
654565,3,34901,435,1,Cluster 1 (com=0.70),0.25294427246180984
654578,3,34901,576,0,Cluster 0 (com=0.51),0.3029082604684524
654597,3,34901,489,0,Cluster 0 (com=0.51),0.29912187414983793
654684,3,34901,218,1,Cluster 1 (com=0.70),0.21540089871784832
654692,3,34901,217,0,Cluster 0 (com=0.51),0.16664655288794003
654819,3,34901,1139,0,Cluster 0 (com=0.51),0.535392693677483
654824,3,34901,607,0,Cluster 0 (com=0.51),0.4714633969915763
654834,3,34901,897,0,Cluster 0 (com=0.51),0.5417307988049792
654852,3,34901,1185,0,Cluster 0 (com=0.51),0.45310498511860825
654867,3,34901,724,0,Cluster 0 (com=0.51),0.39075690763979803
654947,3,34901,435,1,Cluster 1 (com=0.70),0.10466184880207804
655028,3,34901,106,0,Cluster 0 (com=0.51),0.16481857263825164
655115,3,34901,467,0,Cluster 0 (com=0.51),0.4355171328490627
655124,3,34901,111,1,Cluster 1 (com=0.70),0.3876993399430214
655127,3,34901,590,0,Cluster 0 (com=0.51),0.4792100291254446
655353,3,34901,381,0,Cluster 0 (com=0.51),0.40341788731977263
655386,3,34901,430,0,Cluster 0 (com=0.51),0.4399199056560585
655412,3,34901,488,0,Cluster 0 (com=0.51),0.45078032675893953
655445,3,34901,292,0,Cluster 0 (com=0.51),0.44368906275773523
655569,3,34901,59,0,Cluster 0 (com=0.51),0.29728706650792924
655796,3,34901,25,0,Cluster 0 (com=0.51),0.2692309312322678
655927,3,34901,82,1,Cluster 1 (com=0.70),0.34149246590463556
655981,3,34901,161,0,Cluster 0 (com=0.51),0.32885299045727673
656065,3,34901,179,1,Cluster 1 (com=0.70),0.23047544623561164
656086,3,34901,680,0,Cluster 0 (com=0.51),0.4902321753327438
656092,3,34901,574,0,Cluster 0 (com=0.51),0.5094350362909774
656131,3,34901,337,0,Cluster 0 (com=0.51),0.37692142783998683
656158,3,34901,473,0,Cluster 0 (com=0.51),0.5101365954327828
656159,3,34901,653,0,Cluster 0 (com=0.51),0.3915724891561111
656165,3,34901,342,0,Cluster 0 (com=0.51),0.33949468111473696
656234,3,34901,526,1,Cluster 1 (com=0.70),-0.07735238399365667
656323,3,34901,407,0,Cluster 0 (com=0.51),0.2106503564504946
656353,3,34901,544,0,Cluster 0 (com=0.51),0.40089913101171054
656414,3,34901,153,0,Cluster 0 (com=0.51),0.4302846992204425
656436,3,34901,276,1,Cluster 1 (com=0.70),-0.028887533092511176
656529,3,34901,732,1,Cluster 1 (com=0.70),0.2814937255976472
656579,3,34901,495,1,Cluster 1 (com=0.70),-0.08255732111586907
656607,3,34901,577,0,Cluster 0 (com=0.51),0.2660958044692071
656651,3,34901,139,0,Cluster 0 (com=0.51),0.4701862458600022
656734,3,34901,778,0,Cluster 0 (com=0.51),0.5190783063870485
656791,3,34901,1175,0,Cluster 0 (com=0.51),0.46128878620748853
656882,3,34901,785,0,Cluster 0 (com=0.51),0.48991081421179555
656988,3,34901,170,0,Cluster 0 (com=0.51),0.4642226684055611
656996,3,34901,184,0,Cluster 0 (com=0.51),0.13635925459026066
657048,3,34901,106,1,Cluster 1 (com=0.70),0.42487125687111743
657220,3,34901,75,1,Cluster 1 (com=0.70),0.025009511996464548
657330,3,34901,341,0,Cluster 0 (com=0.51),0.47390082410142653
657344,3,34901,572,0,Cluster 0 (com=0.51),0.500636789719401
674222,3,34901,326,0,Cluster 0 (com=0.51),0.32443734130114815
674226,3,34901,90,1,Cluster 1 (com=0.70),-0.02526115516491329
674236,3,34901,506,0,Cluster 0 (com=0.51),0.14113819090727972
674262,3,34901,604,0,Cluster 0 (com=0.51),0.42951031048215216
674320,3,34901,306,0,Cluster 0 (com=0.51),0.14378063416988326
674387,3,34901,504,0,Cluster 0 (com=0.51),0.4090312071380108
674406,3,34901,189,0,Cluster 0 (com=0.51),0.18532228685271765
674451,3,34901,367,0,Cluster 0 (com=0.51),0.509863609701094
674478,3,34901,208,1,Cluster 1 (com=0.70),0.1656904329724925
674484,3,34901,778,0,Cluster 0 (com=0.51),0.47823560748032584
674497,3,34901,281,0,Cluster 0 (com=0.51),0.45781068198105224
674509,3,34901,1231,0,Cluster 0 (com=0.51),0.5420151294556927
674584,3,34901,371,0,Cluster 0 (com=0.51),0.4108786271706962
674594,3,34901,27,0,Cluster 0 (com=0.51),0.277596496803964
674644,3,34901,359,1,Cluster 1 (com=0.70),0.29336876958962443
674657,3,34901,200,0,Cluster 0 (com=0.51),0.31612315501948085
674671,3,34901,715,0,Cluster 0 (com=0.51),0.21993159170141682
674691,3,34901,778,0,Cluster 0 (com=0.51),0.4468767196975716
674694,3,34901,738,0,Cluster 0 (com=0.51),0.23916088741197272
674699,3,34901,159,0,Cluster 0 (com=0.51),0.2206680698820043
674751,3,34901,351,0,Cluster 0 (com=0.51),0.35319527058541594
674831,3,34901,497,0,Cluster 0 (com=0.51),0.4129963630149952
674870,3,34901,712,0,Cluster 0 (com=0.51),0.17404769942402262
674921,3,34901,689,0,Cluster 0 (com=0.51),0.36550167125627786
675021,3,34901,788,1,Cluster 1 (com=0.70),0.10823203521045958
675054,3,34901,98,0,Cluster 0 (com=0.51),0.2699139187847205
675193,3,34901,551,0,Cluster 0 (com=0.51),0.37330369387773354
675225,3,34901,618,0,Cluster 0 (com=0.51),0.41286226156674405
675233,3,34901,1657,0,Cluster 0 (com=0.51),0.41502208194903983
675261,3,34901,225,0,Cluster 0 (com=0.51),0.28030435521863833
675273,3,34901,78,1,Cluster 1 (com=0.70),0.3968008135175584
675279,3,34901,755,0,Cluster 0 (com=0.51),0.5132482070964709
675315,3,34901,566,0,Cluster 0 (com=0.51),0.4538916452002393
675328,3,34901,477,0,Cluster 0 (com=0.51),0.09880233623914768
675474,3,34901,80,1,Cluster 1 (com=0.70),0.14066954048954344
675566,3,34901,181,1,Cluster 1 (com=0.70),0.31191187205126436
675577,3,34901,215,0,Cluster 0 (com=0.51),0.4569632663938351
675636,3,34901,708,0,Cluster 0 (com=0.51),0.4677187452126834
675710,3,34901,377,0,Cluster 0 (com=0.51),0.3069151926804402
675989,3,34901,857,0,Cluster 0 (com=0.51),0.5247230448900494
676007,3,34901,91,0,Cluster 0 (com=0.51),0.4240890160942337
676064,3,34901,409,0,Cluster 0 (com=0.51),0.33207380807906184
676103,3,34901,596,0,Cluster 0 (com=0.51),0.3007186747482154
676139,3,34901,283,1,Cluster 1 (com=0.70),0.05855475780518528
676190,3,34901,503,0,Cluster 0 (com=0.51),0.42372154008206453
676265,3,34901,639,0,Cluster 0 (com=0.51),0.41718486151585976
676272,3,34901,18,1,Cluster 1 (com=0.70),0.38183278153268885
676303,3,34901,71,1,Cluster 1 (com=0.70),0.3676656837293783
676378,3,34901,509,0,Cluster 0 (com=0.51),0.42760316245104324
676444,3,34901,844,0,Cluster 0 (com=0.51),0.43413806341561473
676458,3,34901,388,0,Cluster 0 (com=0.51),0.23801627880789716
676459,3,34901,625,0,Cluster 0 (com=0.51),0.5169769421165795
676478,3,34901,347,0,Cluster 0 (com=0.51),0.3787054131688568
676492,3,34901,952,0,Cluster 0 (com=0.51),0.4448804085172366
676610,3,34901,423,0,Cluster 0 (com=0.51),0.39864213380591274
676626,3,34901,647,0,Cluster 0 (com=0.51),0.42859909540872976
676866,3,34901,784,0,Cluster 0 (com=0.51),0.48343384212492935
676882,3,34901,418,0,Cluster 0 (com=0.51),0.42257184882464016
677085,3,34901,148,0,Cluster 0 (com=0.51),0.20850647200246317
677111,3,34901,818,0,Cluster 0 (com=0.51),0.2430314270175102
677138,3,34901,429,0,Cluster 0 (com=0.51),0.48096872511913075
677155,3,34901,404,0,Cluster 0 (com=0.51),0.22969303554033865
677167,3,34901,240,1,Cluster 1 (com=0.70),0.15782452340060407
677206,3,34901,131,1,Cluster 1 (com=0.70),-0.062124972132142034
677221,3,34901,699,0,Cluster 0 (com=0.51),0.44388909352637373
677235,3,34901,15,1,Cluster 1 (com=0.70),0.38183278153268885
677382,3,34901,987,0,Cluster 0 (com=0.51),0.2182522030172812
677400,3,34901,324,0,Cluster 0 (com=0.51),0.32326098025291666
677436,3,34901,319,1,Cluster 1 (com=0.70),0.19256020992413903
677456,3,34901,1008,0,Cluster 0 (com=0.51),0.43296704520111856
677546,3,34901,195,0,Cluster 0 (com=0.51),0.30044884015683393
677582,3,34901,369,1,Cluster 1 (com=0.70),-0.05832261269802772
677655,3,34901,245,0,Cluster 0 (com=0.51),0.37488943238639244
677687,3,34901,76,1,Cluster 1 (com=0.70),0.33566301047912944
677748,3,34901,431,0,Cluster 0 (com=0.51),0.38089744876636933
677767,3,34901,166,1,Cluster 1 (com=0.70),0.3830702610213104
677833,3,34901,496,0,Cluster 0 (com=0.51),0.3918956773696716
678088,3,34901,714,0,Cluster 0 (com=0.51),0.5417604503971971
678203,3,34901,42,1,Cluster 1 (com=0.70),0.3590384559488104
678235,3,34901,865,0,Cluster 0 (com=0.51),0.49505188580864057
678270,3,34901,58,0,Cluster 0 (com=0.51),0.3623059940378147
678381,3,34901,111,0,Cluster 0 (com=0.51),0.24434897816193368
678407,3,34901,493,0,Cluster 0 (com=0.51),0.42387633964707483
678452,3,34901,163,1,Cluster 1 (com=0.70),0.06605457411202026
678528,3,34901,369,0,Cluster 0 (com=0.51),0.33334212471586033
678619,3,34901,274,1,Cluster 1 (com=0.70),-0.053621487808125236
678628,3,34901,73,0,Cluster 0 (com=0.51),0.16330861447165523
678659,3,34901,174,0,Cluster 0 (com=0.51),0.2969675547581092
678819,3,34901,479,0,Cluster 0 (com=0.51),0.4837653759446757
678859,3,34901,726,0,Cluster 0 (com=0.51),0.36320483813552906
678946,3,34901,453,0,Cluster 0 (com=0.51),0.46477120492087654
678954,3,34901,784,0,Cluster 0 (com=0.51),0.2556195949515974
679019,3,34901,30,1,Cluster 1 (com=0.70),0.41334224803662806
679036,3,34901,1798,0,Cluster 0 (com=0.51),0.5456091568174299
679111,3,34901,435,0,Cluster 0 (com=0.51),0.36116250100959213
679189,3,34901,627,0,Cluster 0 (com=0.51),0.4770347106156776
679227,3,34901,219,0,Cluster 0 (com=0.51),0.41502184808540227
679237,3,34901,532,1,Cluster 1 (com=0.70),0.38937060751374325
679262,3,34901,52,1,Cluster 1 (com=0.70),0.24576126692813452
679278,3,34901,217,0,Cluster 0 (com=0.51),0.2219213761746263
679342,3,34901,294,0,Cluster 0 (com=0.51),0.45226582903393636
679384,3,34901,874,0,Cluster 0 (com=0.51),0.44299997300612104
679386,3,34901,171,0,Cluster 0 (com=0.51),0.13170940912306767
679402,3,34901,285,0,Cluster 0 (com=0.51),0.44667726197910534
679445,3,34901,627,0,Cluster 0 (com=0.51),0.24761871599162943
679448,3,34901,1175,0,Cluster 0 (com=0.51),0.29018163007646297
679498,3,34901,151,0,Cluster 0 (com=0.51),0.16052492857968104
679509,3,34901,56,1,Cluster 1 (com=0.70),-0.020808025429164614
679594,3,34901,577,0,Cluster 0 (com=0.51),0.48570472227066774
679676,3,34901,686,0,Cluster 0 (com=0.51),0.4567912368476288
679788,3,34901,461,0,Cluster 0 (com=0.51),0.27859593535622884
679790,3,34901,124,0,Cluster 0 (com=0.51),0.2913993905355087
679939,3,34901,110,1,Cluster 1 (com=0.70),0.15554092720223425
680014,3,34901,385,0,Cluster 0 (com=0.51),0.14059058772432723
680018,3,34901,266,1,Cluster 1 (com=0.70),0.1744755561557136
680027,3,34901,1406,0,Cluster 0 (com=0.51),0.5535785969883001
680080,3,34901,968,0,Cluster 0 (com=0.51),0.4160975753929053
680145,3,34901,60,0,Cluster 0 (com=0.51),0.284329282544445
680212,3,34901,22,1,Cluster 1 (com=0.70),0.38183278153268885
680266,3,34901,762,0,Cluster 0 (com=0.51),0.5238594808181077
680270,3,34901,433,1,Cluster 1 (com=0.70),-0.061586574471085266
680322,3,34901,352,0,Cluster 0 (com=0.51),0.21700993052302117
680343,3,34901,536,1,Cluster 1 (com=0.70),0.2247046897481083
680348,3,34901,616,0,Cluster 0 (com=0.51),0.34702182792182895
680443,3,34901,1126,0,Cluster 0 (com=0.51),0.5565049455210025
680464,3,34901,464,0,Cluster 0 (com=0.51),0.36217008360400693
680506,3,34901,229,1,Cluster 1 (com=0.70),0.33745430521224984
680572,3,34901,306,0,Cluster 0 (com=0.51),0.38102436842654686
680708,3,34901,106,0,Cluster 0 (com=0.51),0.33975782668977245
680713,3,34901,489,0,Cluster 0 (com=0.51),0.4814731737491392
680747,3,34901,230,1,Cluster 1 (com=0.70),0.17161302170392648
680775,3,34901,64,0,Cluster 0 (com=0.51),0.2344970217163332
680810,3,34901,622,1,Cluster 1 (com=0.70),-0.003947021038648081
680872,3,34901,110,1,Cluster 1 (com=0.70),-0.06498954762229278
680912,3,34901,276,0,Cluster 0 (com=0.51),0.2710949621220226
680955,3,34901,911,0,Cluster 0 (com=0.51),0.48970892121003023
680974,3,34901,79,1,Cluster 1 (com=0.70),0.3909325547689297
681004,3,34901,693,0,Cluster 0 (com=0.51),0.3267220332002369
681235,3,34901,217,1,Cluster 1 (com=0.70),0.36185402043638554
681328,3,34901,619,0,Cluster 0 (com=0.51),0.44831673154755863
681341,3,34901,262,0,Cluster 0 (com=0.51),0.12983074148590337
681352,3,34901,734,0,Cluster 0 (com=0.51),0.20567665605006208
681354,3,34901,14,0,Cluster 0 (com=0.51),0.13456493723058327
681452,3,34901,95,1,Cluster 1 (com=0.70),-0.04713058775735245
681490,3,34901,763,0,Cluster 0 (com=0.51),0.48175964701142965
681608,3,34901,43,1,Cluster 1 (com=0.70),0.23791224188549234
681633,3,34901,337,0,Cluster 0 (com=0.51),0.20745416265043248
681652,3,34901,107,0,Cluster 0 (com=0.51),0.328642887697178
681655,3,34901,863,0,Cluster 0 (com=0.51),0.29442655043285254
681658,3,34901,257,0,Cluster 0 (com=0.51),0.44609372142073916
681755,3,34901,148,0,Cluster 0 (com=0.51),0.5448813683007192
681763,3,34901,1621,0,Cluster 0 (com=0.51),0.5233202500575591
681938,3,34901,273,1,Cluster 1 (com=0.70),0.3972673666551265
681973,3,34901,143,1,Cluster 1 (com=0.70),0.3945190143502475
682019,3,34901,68,1,Cluster 1 (com=0.70),0.37055692589419503
682070,3,34901,582,0,Cluster 0 (com=0.51),0.4285615620849656
682276,3,34901,284,0,Cluster 0 (com=0.51),0.4906048174355479
682298,3,34901,336,0,Cluster 0 (com=0.51),0.31036456963581205
682358,3,34901,160,0,Cluster 0 (com=0.51),0.24062584840472462
682390,3,34901,49,0,Cluster 0 (com=0.51),0.2561196848906854
682436,3,34901,368,0,Cluster 0 (com=0.51),0.21180998901710296
682437,3,34901,877,0,Cluster 0 (com=0.51),0.42344173293666404
682511,3,34901,444,0,Cluster 0 (com=0.51),0.19106884276299865
682539,3,34901,458,0,Cluster 0 (com=0.51),0.46059943175011725
682569,3,34901,753,0,Cluster 0 (com=0.51),0.4659783830066081
682588,3,34901,532,0,Cluster 0 (com=0.51),0.25671898923818137
682613,3,34901,595,0,Cluster 0 (com=0.51),0.17299124927770604
682632,3,34901,663,0,Cluster 0 (com=0.51),0.4203417828486739
682695,3,34901,388,0,Cluster 0 (com=0.51),0.35691945345448506
682753,3,34901,474,0,Cluster 0 (com=0.51),0.4605798261304347
682839,3,34901,830,1,Cluster 1 (com=0.70),0.05998003173883116
682894,3,34901,143,0,Cluster 0 (com=0.51),0.3328807179011146
682963,3,34901,905,0,Cluster 0 (com=0.51),0.4875753411219112
682981,3,34901,915,0,Cluster 0 (com=0.51),0.4540899291103209
682983,3,34901,392,0,Cluster 0 (com=0.51),0.34853297711742925
682985,3,34901,189,1,Cluster 1 (com=0.70),0.36603920102884757
682990,3,34901,909,0,Cluster 0 (com=0.51),0.446217854337451
683033,3,34901,249,0,Cluster 0 (com=0.51),0.462618244312305
683094,3,34901,66,0,Cluster 0 (com=0.51),0.3188273008720763
683178,3,34901,555,0,Cluster 0 (com=0.51),0.3223737973044644
683243,3,34901,52,1,Cluster 1 (com=0.70),0.05477141103191559
683305,3,34901,25,1,Cluster 1 (com=0.70),0.39179802720262447
683346,3,34901,891,0,Cluster 0 (com=0.51),0.4559344476224614
683352,3,34901,405,0,Cluster 0 (com=0.51),0.3207387873622626
683353,3,34901,811,0,Cluster 0 (com=0.51),0.23363094850831184
683375,3,34901,314,0,Cluster 0 (com=0.51),0.34694610881840654
683403,3,34901,510,0,Cluster 0 (com=0.51),0.3097536017733164
683467,3,34901,34,1,Cluster 1 (com=0.70),0.39501613830269927
683530,3,34901,1139,0,Cluster 0 (com=0.51),0.39572693654528956
683550,3,34901,9,1,Cluster 1 (com=0.70),0.05865900176159164
683604,3,34901,895,0,Cluster 0 (com=0.51),0.526821298325975
683624,3,34901,791,0,Cluster 0 (com=0.51),0.47175756730853824
683764,3,34901,204,0,Cluster 0 (com=0.51),0.22738577181789318
683820,3,34901,316,0,Cluster 0 (com=0.51),0.5034707656327784
683902,3,34901,48,1,Cluster 1 (com=0.70),0.18985535513871532
683934,3,34901,356,0,Cluster 0 (com=0.51),0.39681952309269214
684013,3,34901,1125,0,Cluster 0 (com=0.51),0.45976721361288336
684183,3,34901,237,0,Cluster 0 (com=0.51),0.2309412237347011
684311,3,34901,242,0,Cluster 0 (com=0.51),0.4373267822882702
684383,3,34901,390,0,Cluster 0 (com=0.51),0.348050555433749
684386,3,34901,37,0,Cluster 0 (com=0.51),0.1703996845476192
684526,3,34901,99,0,Cluster 0 (com=0.51),0.34473768341393474
684592,3,34901,293,1,Cluster 1 (com=0.70),-0.08591005548000022
684671,3,34901,70,0,Cluster 0 (com=0.51),0.3237011442909249
684675,3,34901,87,1,Cluster 1 (com=0.70),0.388093610686485
684882,3,34901,394,0,Cluster 0 (com=0.51),0.450870674933139
684981,3,34901,974,0,Cluster 0 (com=0.51),0.4222201611922977
685128,3,34901,263,0,Cluster 0 (com=0.51),0.2192272175198155
685140,3,34901,111,0,Cluster 0 (com=0.51),0.14727599095455823
685155,3,34901,580,0,Cluster 0 (com=0.51),0.38945647696326435
685212,3,34901,867,0,Cluster 0 (com=0.51),0.30314605929929045
685276,3,34901,1411,0,Cluster 0 (com=0.51),0.4388767728390596
685283,3,34901,61,0,Cluster 0 (com=0.51),0.16972730269479358
685330,3,34901,1282,0,Cluster 0 (com=0.51),0.38315795013202636
685339,3,34901,195,0,Cluster 0 (com=0.51),0.11470793544891604
685367,3,34901,110,1,Cluster 1 (com=0.70),0.2235730173437398
685373,3,34901,601,0,Cluster 0 (com=0.51),0.49391193670389866
685410,3,34901,906,0,Cluster 0 (com=0.51),0.3944735102962608
685619,3,34901,38,1,Cluster 1 (com=0.70),0.17506388288414262
685705,3,34901,489,0,Cluster 0 (com=0.51),0.3202281295140931
685708,3,34901,355,0,Cluster 0 (com=0.51),0.4000119591714167
685772,3,34901,893,0,Cluster 0 (com=0.51),0.43179776541274245
685831,3,34901,286,0,Cluster 0 (com=0.51),0.25156548741347357
686065,3,34901,469,0,Cluster 0 (com=0.51),0.3534882382731296
686314,3,34901,207,0,Cluster 0 (com=0.51),0.34661410088938377
686317,3,34901,161,1,Cluster 1 (com=0.70),0.2309439874422201
686344,3,34901,546,0,Cluster 0 (com=0.51),0.34055512467120147
686348,3,34901,862,0,Cluster 0 (com=0.51),0.49554299685130854
686498,3,34901,488,0,Cluster 0 (com=0.51),0.4721121243173761
686522,3,34901,162,0,Cluster 0 (com=0.51),0.4879666301650114
686558,3,34901,62,1,Cluster 1 (com=0.70),0.26013520445882854
686700,3,34901,31,1,Cluster 1 (com=0.70),0.3195012454717407
686705,3,34901,385,0,Cluster 0 (com=0.51),0.33124813326262603
686786,3,34901,158,0,Cluster 0 (com=0.51),0.44818431163567063
686946,3,34901,71,1,Cluster 1 (com=0.70),0.14121509105456695
687033,3,34901,22,1,Cluster 1 (com=0.70),0.26246167373598356
687073,3,34901,222,0,Cluster 0 (com=0.51),0.5174990734829017
687112,3,34901,416,1,Cluster 1 (com=0.70),0.2270326689928882
687115,3,34901,112,1,Cluster 1 (com=0.70),0.40625764411102794
687345,3,34901,121,0,Cluster 0 (com=0.51),0.37161822959314034
687351,3,34901,336,1,Cluster 1 (com=0.70),0.003367476982579971
687410,3,34901,333,1,Cluster 1 (com=0.70),0.21661169592195337
687434,3,34901,1073,0,Cluster 0 (com=0.51),0.35415145940809073
687468,3,34901,502,0,Cluster 0 (com=0.51),0.3914317678875315
687485,3,34901,465,1,Cluster 1 (com=0.70),0.008237594691435892
687503,3,34901,809,0,Cluster 0 (com=0.51),0.41593185585602294
687686,3,34901,398,1,Cluster 1 (com=0.70),0.3062063247196339
687846,3,34901,46,1,Cluster 1 (com=0.70),0.38183278153268885
687910,3,34901,502,0,Cluster 0 (com=0.51),0.417292156371296
687930,3,34901,284,0,Cluster 0 (com=0.51),0.2736415383398887
687931,3,34901,510,0,Cluster 0 (com=0.51),0.4445313701576998
687988,3,34901,685,0,Cluster 0 (com=0.51),0.42248347763379324
688008,3,34901,280,0,Cluster 0 (com=0.51),0.386098156567259
688127,3,34901,353,0,Cluster 0 (com=0.51),0.09109733023372692
688136,3,34901,338,0,Cluster 0 (com=0.51),0.37614941590073864
688192,3,34901,509,0,Cluster 0 (com=0.51),0.37060004472797836
688225,3,34901,663,0,Cluster 0 (com=0.51),0.46954753881835304
688265,3,34901,96,0,Cluster 0 (com=0.51),0.29742427696017804
688337,3,34901,217,1,Cluster 1 (com=0.70),0.178343522886998
688470,3,34901,93,1,Cluster 1 (com=0.70),0.41177034994311273
688543,3,34901,229,0,Cluster 0 (com=0.51),0.37534960378172083
688667,3,34901,907,0,Cluster 0 (com=0.51),0.5497805838756968
688685,3,34901,312,0,Cluster 0 (com=0.51),0.3800547376616615
688727,3,34901,1039,0,Cluster 0 (com=0.51),0.501560354073654
688891,3,34901,644,0,Cluster 0 (com=0.51),0.2921386289093821
688895,3,34901,1101,0,Cluster 0 (com=0.51),0.5151240777839131
688904,3,34901,454,0,Cluster 0 (com=0.51),0.4657977231835294
689005,3,34901,87,0,Cluster 0 (com=0.51),0.2116467922310416
689056,3,34901,26,1,Cluster 1 (com=0.70),0.37439006204919056
689260,3,34901,361,0,Cluster 0 (com=0.51),0.2499792470475371
689280,3,34901,1131,0,Cluster 0 (com=0.51),0.40323205689300706
689347,3,34901,192,0,Cluster 0 (com=0.51),0.4636785231768063
689444,3,34901,172,1,Cluster 1 (com=0.70),0.03913358985203319
689796,3,34901,771,0,Cluster 0 (com=0.51),0.32685535309018415
689832,3,34901,368,0,Cluster 0 (com=0.51),0.4223178291912928
689855,3,34901,487,0,Cluster 0 (com=0.51),0.4835516086633175
689924,3,34901,177,1,Cluster 1 (com=0.70),0.14583101868356882
690075,3,34901,88,1,Cluster 1 (com=0.70),0.0999207828793501
690198,3,34901,297,1,Cluster 1 (com=0.70),-0.025242305304131966
690382,3,34901,40,1,Cluster 1 (com=0.70),0.3582019709848993
690628,3,34901,706,0,Cluster 0 (com=0.51),0.4303813291367843
690635,3,34901,212,1,Cluster 1 (com=0.70),0.3968338798081108
690746,3,34901,1052,0,Cluster 0 (com=0.51),0.5001255571107548
690832,3,34901,67,0,Cluster 0 (com=0.51),0.26726739378282655
690872,3,34901,926,0,Cluster 0 (com=0.51),0.1612626476779221
690962,3,34901,22,1,Cluster 1 (com=0.70),0.34404787421158406
691269,3,34901,695,0,Cluster 0 (com=0.51),0.288633422466549
691280,3,34901,116,1,Cluster 1 (com=0.70),0.34751340002531284
691326,3,34901,444,0,Cluster 0 (com=0.51),0.3884062430309882
691375,3,34901,159,0,Cluster 0 (com=0.51),0.34895226486019343
691465,3,34901,272,0,Cluster 0 (com=0.51),0.4720524233835314
691699,3,34901,198,0,Cluster 0 (com=0.51),0.16738741030720442
691722,3,34901,686,0,Cluster 0 (com=0.51),0.5158433149656474
691873,3,34901,56,0,Cluster 0 (com=0.51),0.41189826921062517
691932,3,34901,959,0,Cluster 0 (com=0.51),0.5247044594533108
692010,3,34901,794,0,Cluster 0 (com=0.51),0.5198752943899441
692097,3,34901,748,0,Cluster 0 (com=0.51),0.44609707906265494
692220,3,34901,441,0,Cluster 0 (com=0.51),0.3515909601070538
692301,3,34901,50,1,Cluster 1 (com=0.70),0.40644667552550284
692334,3,34901,447,0,Cluster 0 (com=0.51),0.4994636857355036
692454,3,34901,704,0,Cluster 0 (com=0.51),0.5353626460464895
692612,3,34901,1301,0,Cluster 0 (com=0.51),0.4400210759201376
692893,3,34901,164,0,Cluster 0 (com=0.51),0.14363461699518462
692946,3,34901,53,0,Cluster 0 (com=0.51),0.2854616391484806
692962,3,34901,557,0,Cluster 0 (com=0.51),0.4898084511893223
692968,3,34901,65,1,Cluster 1 (com=0.70),0.3969414845408282
693160,3,34901,454,0,Cluster 0 (com=0.51),0.35329592494143225
693162,3,34901,774,0,Cluster 0 (com=0.51),0.4722187538813772
693197,3,34901,77,0,Cluster 0 (com=0.51),0.3199918450450769
693236,3,34901,306,0,Cluster 0 (com=0.51),0.3858635895218848
693345,3,34901,195,1,Cluster 1 (com=0.70),0.05226580745828951
693373,3,34901,103,0,Cluster 0 (com=0.51),0.10801737791733709
693497,3,34901,575,0,Cluster 0 (com=0.51),0.39162965346387946
693519,3,34901,25,1,Cluster 1 (com=0.70),0.004803332393726383
693628,3,34901,506,0,Cluster 0 (com=0.51),0.3643700140383634
693764,3,34901,57,1,Cluster 1 (com=0.70),0.31201617973814977
693806,3,34901,412,0,Cluster 0 (com=0.51),0.2769974188297385
693873,3,34901,190,1,Cluster 1 (com=0.70),0.09527941354245192
693903,3,34901,301,0,Cluster 0 (com=0.51),0.354676079099483
693907,3,34901,298,1,Cluster 1 (com=0.70),0.23704522582172446
694128,3,34901,276,0,Cluster 0 (com=0.51),0.30945442787661337
694144,3,34901,278,1,Cluster 1 (com=0.70),0.03381789644371011
694221,3,34901,71,0,Cluster 0 (com=0.51),0.18392544443704154
694456,3,34901,33,0,Cluster 0 (com=0.51),0.1843325244206738
694622,3,34901,379,0,Cluster 0 (com=0.51),0.25824323661638726
694716,3,34901,593,0,Cluster 0 (com=0.51),0.46671960060863277
694827,3,34901,185,0,Cluster 0 (com=0.51),0.2180243847194081
694836,3,34901,247,0,Cluster 0 (com=0.51),0.26279645159419013
694848,3,34901,299,0,Cluster 0 (com=0.51),0.3720470008287733
695090,3,34901,116,0,Cluster 0 (com=0.51),0.11941835670246467
695169,3,34901,186,1,Cluster 1 (com=0.70),0.4141908408617212
695471,3,34901,630,0,Cluster 0 (com=0.51),0.3620767866970341
695485,3,34901,77,0,Cluster 0 (com=0.51),0.1900365836623409
695637,3,34901,337,0,Cluster 0 (com=0.51),0.4608176913359509
695729,3,34901,1615,0,Cluster 0 (com=0.51),0.3691910429217892
695803,3,34901,381,0,Cluster 0 (com=0.51),0.450377168482207
695825,3,34901,469,0,Cluster 0 (com=0.51),0.4608234068743279
695869,3,34901,824,0,Cluster 0 (com=0.51),0.42868400152805053
696039,3,34901,167,1,Cluster 1 (com=0.70),0.09847381928504638
696043,3,34901,128,1,Cluster 1 (com=0.70),0.11067236173314739
696082,3,34901,316,0,Cluster 0 (com=0.51),0.17240956787245892
696188,3,34901,53,1,Cluster 1 (com=0.70),0.31310745842551624
696275,3,34901,1440,0,Cluster 0 (com=0.51),0.47806096915114604
696318,3,34901,377,0,Cluster 0 (com=0.51),0.24883262184988128
696329,3,34901,818,0,Cluster 0 (com=0.51),0.30955023169960255
696347,3,34901,407,0,Cluster 0 (com=0.51),0.43067348121960025
696364,3,34901,159,0,Cluster 0 (com=0.51),0.37656767500557464
696583,3,34901,429,0,Cluster 0 (com=0.51),0.29090453794625704
696653,3,34901,204,1,Cluster 1 (com=0.70),0.28952352582298785
696659,3,34901,78,0,Cluster 0 (com=0.51),0.16841074848050325
696662,3,34901,1309,0,Cluster 0 (com=0.51),0.49649565480671787
696666,3,34901,32,1,Cluster 1 (com=0.70),0.38693547613347423
696671,3,34901,258,0,Cluster 0 (com=0.51),0.27654936302043215
696672,3,34901,41,1,Cluster 1 (com=0.70),0.42163267946338107
696674,3,34901,116,1,Cluster 1 (com=0.70),-0.040822940735894354
696678,3,34901,168,1,Cluster 1 (com=0.70),0.26336490860592243
696729,3,34901,427,0,Cluster 0 (com=0.51),0.38233700269873516
697027,3,34901,577,0,Cluster 0 (com=0.51),0.47420863076952785
697114,3,34901,59,1,Cluster 1 (com=0.70),0.40639704834132656
697255,3,34901,562,1,Cluster 1 (com=0.70),-0.06049164851885835
697438,3,34901,630,0,Cluster 0 (com=0.51),0.4786174122175515
697478,3,34901,127,0,Cluster 0 (com=0.51),0.32933293991851287
697878,3,34901,627,0,Cluster 0 (com=0.51),0.14704016569513886
697998,3,34901,73,0,Cluster 0 (com=0.51),0.2765847725330248
698384,3,34901,407,0,Cluster 0 (com=0.51),0.22495762905935945
698485,3,34901,282,0,Cluster 0 (com=0.51),0.1810417380918689
698656,3,34901,602,0,Cluster 0 (com=0.51),0.3255108860549333
699126,3,34901,53,1,Cluster 1 (com=0.70),0.15194140147323348
699127,3,34901,96,1,Cluster 1 (com=0.70),0.38183278153268885
699128,3,34901,88,1,Cluster 1 (com=0.70),0.4033902078492568
895524,3,34901,1572,0,Cluster 0 (com=0.51),0.5485037615017312
1042726,3,34901,183,1,Cluster 1 (com=0.70),0.18559770027821132
1318759,3,34901,380,0,Cluster 0 (com=0.51),0.4358254210300346
1348205,3,34901,1260,0,Cluster 0 (com=0.51),0.4467645759468388
1391717,3,34901,180,0,Cluster 0 (com=0.51),0.1181165808840991
1409532,3,34901,359,0,Cluster 0 (com=0.51),0.5230143960240705
1413902,3,34901,343,0,Cluster 0 (com=0.51),0.3127798731013873
1448966,3,34901,33,1,Cluster 1 (com=0.70),0.38183278153268885
1450604,3,34901,565,0,Cluster 0 (com=0.51),0.28613097055813336
1473878,3,34901,125,0,Cluster 0 (com=0.51),0.482644165790374
1501577,3,34901,193,0,Cluster 0 (com=0.51),0.39587996448750734
1532711,3,34901,309,1,Cluster 1 (com=0.70),-0.027669876192000824
1585671,3,34901,517,0,Cluster 0 (com=0.51),0.3902244123289274
1603549,3,34901,113,1,Cluster 1 (com=0.70),-0.0057682147982151535
1631797,3,34901,177,1,Cluster 1 (com=0.70),0.18036982882312597
1639699,3,34901,259,0,Cluster 0 (com=0.51),0.39328318878223223
1640680,3,34901,386,0,Cluster 0 (com=0.51),0.41997220489413783
1658963,3,34901,17,1,Cluster 1 (com=0.70),0.23465996843612277
1722493,3,34901,911,0,Cluster 0 (com=0.51),0.5368035498168252
1733664,3,34901,1491,1,Cluster 1 (com=0.70),0.08619705873413788
1752994,3,34901,785,0,Cluster 0 (com=0.51),0.3831543313977648
1755594,3,34901,314,0,Cluster 0 (com=0.51),0.5243409005276688
1771775,3,34901,295,1,Cluster 1 (com=0.70),0.21425792374830413
1796402,3,34901,102,0,Cluster 0 (com=0.51),0.09790172528357509
1810759,3,34901,149,1,Cluster 1 (com=0.70),0.08010166846892616
1816458,3,34901,817,0,Cluster 0 (com=0.51),0.3466091383093904
1817710,3,34901,209,1,Cluster 1 (com=0.70),0.30975978895027273
1818385,3,34901,433,0,Cluster 0 (com=0.51),0.45298872493625697
1836241,3,34901,569,0,Cluster 0 (com=0.51),0.45379449708476544
1837138,3,34901,1998,0,Cluster 0 (com=0.51),0.5123563238940536
1856869,3,34901,199,0,Cluster 0 (com=0.51),0.2663145826535238
1871598,3,34901,1781,0,Cluster 0 (com=0.51),0.5407096589424625
1871684,3,34901,125,0,Cluster 0 (com=0.51),0.34734636063867225
1877902,3,34901,742,0,Cluster 0 (com=0.51),0.39114281392787925
1879321,3,34901,836,0,Cluster 0 (com=0.51),0.4532767356131373
1881231,3,34901,329,1,Cluster 1 (com=0.70),-0.04503429372861856
1887108,3,34901,835,0,Cluster 0 (com=0.51),0.33997688061933623
1889752,3,34901,300,0,Cluster 0 (com=0.51),0.36574174686856353
1944167,3,34901,226,0,Cluster 0 (com=0.51),0.22611583993115206
1948159,3,34901,213,0,Cluster 0 (com=0.51),0.43807160704339354
1962049,3,34901,1734,0,Cluster 0 (com=0.51),0.5048527285629052
1962062,3,34901,298,0,Cluster 0 (com=0.51),0.25193777452845606
1972092,3,34901,1069,0,Cluster 0 (com=0.51),0.4180754144749466
1995177,3,34901,406,0,Cluster 0 (com=0.51),0.45720137490443313
1998834,3,34901,110,0,Cluster 0 (com=0.51),0.3063470058313456
2017487,3,34901,743,0,Cluster 0 (com=0.51),0.48418666917544584
2020628,3,34901,1236,0,Cluster 0 (com=0.51),0.5238427463828456
2026075,3,34901,670,0,Cluster 0 (com=0.51),0.3038643220467647
2029571,3,34901,459,0,Cluster 0 (com=0.51),0.31800680253811947
2035700,3,34901,1368,0,Cluster 0 (com=0.51),0.5159159352187398
2047575,3,34901,792,0,Cluster 0 (com=0.51),0.41697536909195276
2065972,3,34901,465,0,Cluster 0 (com=0.51),0.4592316759226569
2067799,3,34901,53,1,Cluster 1 (com=0.70),0.38183278153268885
2081123,3,34901,194,1,Cluster 1 (com=0.70),-0.02754731369297849
2096251,3,34901,371,0,Cluster 0 (com=0.51),0.3906367510852145
2103552,3,34901,289,0,Cluster 0 (com=0.51),0.4409244447250433
2106955,3,34901,1179,0,Cluster 0 (com=0.51),0.49899716261657184
2128283,3,34901,862,0,Cluster 0 (com=0.51),0.5121900839831093
2138970,3,34901,103,0,Cluster 0 (com=0.51),0.22795889858925242
2140300,3,34901,741,0,Cluster 0 (com=0.51),0.4243444183623838
2143312,3,34901,1448,0,Cluster 0 (com=0.51),0.45575303240857035
2143440,3,34901,519,0,Cluster 0 (com=0.51),0.4061194105322805
2154361,3,34901,195,1,Cluster 1 (com=0.70),0.14473741276119012
2160316,3,34901,1291,0,Cluster 0 (com=0.51),0.4366637003889075
2178837,3,34901,1258,0,Cluster 0 (com=0.51),0.49758804589556377
2180090,3,34901,1841,0,Cluster 0 (com=0.51),0.550651794963191
2185729,3,34901,633,0,Cluster 0 (com=0.51),0.45310284412760427
2197766,3,34901,376,0,Cluster 0 (com=0.51),0.3296668379299415
2254637,3,34901,493,0,Cluster 0 (com=0.51),0.5056639211476086
2274542,3,34901,441,0,Cluster 0 (com=0.51),0.3117170607960372
2278101,3,34901,183,1,Cluster 1 (com=0.70),0.15553198652729402
2293511,3,34901,889,0,Cluster 0 (com=0.51),0.3508701447976115
2298106,3,34901,1180,1,Cluster 1 (com=0.70),0.1982549437998899
2298895,3,34901,782,0,Cluster 0 (com=0.51),0.49743192409358605
2301830,3,34901,828,0,Cluster 0 (com=0.51),0.21633712371421734
2306410,3,34901,197,0,Cluster 0 (com=0.51),0.18462884498093676
2316717,3,34901,736,0,Cluster 0 (com=0.51),0.15197077897209624
2339267,3,34901,345,0,Cluster 0 (com=0.51),0.23512289198292544
2341420,3,34901,333,0,Cluster 0 (com=0.51),0.3735794791505969
2343785,3,34901,517,0,Cluster 0 (com=0.51),0.3294325010531411
2351969,3,34901,111,1,Cluster 1 (com=0.70),0.2277237323057209
2360559,3,34901,938,0,Cluster 0 (com=0.51),0.4397316043130562
2366656,3,34901,199,1,Cluster 1 (com=0.70),-0.01034283028349821
2378208,3,34901,390,1,Cluster 1 (com=0.70),0.10993735678649924
2386732,3,34901,605,0,Cluster 0 (com=0.51),0.5342310706446305
2399758,3,34901,217,0,Cluster 0 (com=0.51),0.4479306134440875
2403701,3,34901,1836,0,Cluster 0 (com=0.51),0.513794855782626
2417975,3,34901,731,0,Cluster 0 (com=0.51),0.3808676335845549
2424257,3,34901,433,0,Cluster 0 (com=0.51),0.16403449453749624
2427845,3,34901,803,0,Cluster 0 (com=0.51),0.47755438405123707
2438784,3,34901,379,1,Cluster 1 (com=0.70),0.3712065037839056
2457440,3,34901,99,0,Cluster 0 (com=0.51),0.09572964149381395
2459292,3,34901,106,1,Cluster 1 (com=0.70),0.2753953006336048
2480886,3,34901,419,0,Cluster 0 (com=0.51),0.3749025578749267
2482710,3,34901,468,0,Cluster 0 (com=0.51),0.2943850937778244
2486930,3,34901,127,1,Cluster 1 (com=0.70),0.37491646414058755
2499307,3,34901,329,0,Cluster 0 (com=0.51),0.3974993704318866
2519138,3,34901,435,0,Cluster 0 (com=0.51),0.39418541759047304
2529419,3,34901,316,0,Cluster 0 (com=0.51),0.3014541157083927
2530976,3,34901,187,0,Cluster 0 (com=0.51),0.395250368961494
2537777,3,34901,288,1,Cluster 1 (com=0.70),0.004052128087969025
2540871,3,34901,439,0,Cluster 0 (com=0.51),0.30357526657074774
2542209,3,34901,677,0,Cluster 0 (com=0.51),0.4845886372332604
2544643,3,34901,743,0,Cluster 0 (com=0.51),0.4710966003948344
2544766,3,34901,70,0,Cluster 0 (com=0.51),0.1293842976722615
2546315,3,34901,177,1,Cluster 1 (com=0.70),-0.08430796932621286
2550534,3,34901,392,0,Cluster 0 (com=0.51),0.2043553658218669
2557008,3,34901,781,0,Cluster 0 (com=0.51),0.4389762307593412
2558365,3,34901,78,1,Cluster 1 (com=0.70),0.12663201057228554
2559144,3,34901,35,1,Cluster 1 (com=0.70),0.38027708449750264
2563095,3,34901,335,1,Cluster 1 (com=0.70),0.2002234202269319
2579891,3,34901,313,0,Cluster 0 (com=0.51),0.45361996309362773
2584244,3,34901,236,0,Cluster 0 (com=0.51),0.36364407709775615
2597117,3,34901,920,0,Cluster 0 (com=0.51),0.3713616168137319
2599883,3,34901,522,0,Cluster 0 (com=0.51),0.33509607603581165
2602542,3,34901,813,0,Cluster 0 (com=0.51),0.2918536400870069
2603027,3,34901,1220,0,Cluster 0 (com=0.51),0.45051823010474157
2612102,3,34901,757,0,Cluster 0 (com=0.51),0.28588429371898905
2624028,3,34901,254,0,Cluster 0 (com=0.51),0.4307215645022337
2641156,3,34901,209,0,Cluster 0 (com=0.51),0.28691342331763175
2642532,3,34901,187,0,Cluster 0 (com=0.51),0.16510227189452253
2643472,3,34901,162,1,Cluster 1 (com=0.70),0.4066733140165837
2643829,3,34901,73,0,Cluster 0 (com=0.51),0.20646930014428852
2649948,3,34901,236,0,Cluster 0 (com=0.51),0.29096144499870874
2657913,3,34901,334,1,Cluster 1 (com=0.70),0.22942068295822576
2658856,3,34901,524,0,Cluster 0 (com=0.51),0.35498346436268147
2667478,3,34901,123,0,Cluster 0 (com=0.51),0.29783939419903266
2681198,3,34901,421,0,Cluster 0 (com=0.51),0.4778738440739616
2682682,3,34901,367,1,Cluster 1 (com=0.70),0.24514341254627656
2683857,3,34901,972,0,Cluster 0 (com=0.51),0.14550861119940392
2686035,3,34901,118,1,Cluster 1 (com=0.70),0.33400819035122314
2693932,3,34901,499,0,Cluster 0 (com=0.51),0.26799423101311465
2694139,3,34901,755,0,Cluster 0 (com=0.51),0.4134658185717801
2697921,3,34901,122,1,Cluster 1 (com=0.70),0.3981310168020792
31296,4,34902,42,0,Cluster 0 (com=0.51),0.08456735873258664
40878,4,34902,480,0,Cluster 0 (com=0.51),0.4000894038241487
42552,4,34902,790,0,Cluster 0 (com=0.51),0.4611050582699489
45423,4,34902,124,0,Cluster 0 (com=0.51),0.2318900067604423
47861,4,34902,811,0,Cluster 0 (com=0.51),0.45306183549804596
56637,4,34902,711,0,Cluster 0 (com=0.51),0.5394491496008325
56667,4,34902,42,0,Cluster 0 (com=0.51),0.28875515354881504
58884,4,34902,1099,0,Cluster 0 (com=0.51),0.520814982931879
64427,4,34902,974,0,Cluster 0 (com=0.51),0.5048447215774661
71159,4,34902,659,0,Cluster 0 (com=0.51),0.24051259011588053
74165,4,34902,12,1,Cluster 1 (com=0.70),0.38669098432646204
75107,4,34902,1210,0,Cluster 0 (com=0.51),0.5464799035145514
77692,4,34902,220,1,Cluster 1 (com=0.70),0.3827476703863424
77995,4,34902,50,0,Cluster 0 (com=0.51),0.20434060132467236
79610,4,34902,480,0,Cluster 0 (com=0.51),0.41143048985605335
80438,4,34902,1665,0,Cluster 0 (com=0.51),0.3798117347327762
84604,4,34902,1357,0,Cluster 0 (com=0.51),0.42047979517522616
87264,4,34902,1628,0,Cluster 0 (com=0.51),0.4952954455183037
87322,4,34902,167,1,Cluster 1 (com=0.70),0.39589860854783426
102854,4,34902,959,0,Cluster 0 (com=0.51),0.540902051679374
105939,4,34902,302,0,Cluster 0 (com=0.51),0.4835031075247118
107455,4,34902,154,1,Cluster 1 (com=0.70),0.11792367073873067
108949,4,34902,63,1,Cluster 1 (com=0.70),-0.032050611278882084
119310,4,34902,479,0,Cluster 0 (com=0.51),0.3858326345205801
119865,4,34902,194,0,Cluster 0 (com=0.51),0.46713273385008364
125063,4,34902,347,1,Cluster 1 (com=0.70),0.23387198741180418
129907,4,34902,892,0,Cluster 0 (com=0.51),0.27648689631363044
130409,4,34902,15,0,Cluster 0 (com=0.51),0.2408923067574976
131597,4,34902,738,0,Cluster 0 (com=0.51),0.4139258484701763
132475,4,34902,568,0,Cluster 0 (com=0.51),0.43688878481476767
135280,4,34902,164,1,Cluster 1 (com=0.70),0.38039960525251904
136944,4,34902,227,0,Cluster 0 (com=0.51),0.3465707630020066
139206,4,34902,679,0,Cluster 0 (com=0.51),0.41171050347896887
142310,4,34902,387,0,Cluster 0 (com=0.51),0.4461226111944642
149178,4,34902,268,0,Cluster 0 (com=0.51),0.37991200581702556
150282,4,34902,105,1,Cluster 1 (com=0.70),0.3555918717918317
152524,4,34902,1172,0,Cluster 0 (com=0.51),0.529935430699373
152917,4,34902,1408,0,Cluster 0 (com=0.51),0.4037545812602533
155938,4,34902,318,0,Cluster 0 (com=0.51),0.13096845806435609
159906,4,34902,284,1,Cluster 1 (com=0.70),0.18406889344854055
159947,4,34902,278,0,Cluster 0 (com=0.51),0.5090393871842587
164148,4,34902,794,0,Cluster 0 (com=0.51),0.4181025938078781
166123,4,34902,488,0,Cluster 0 (com=0.51),0.4071153452685861
170874,4,34902,499,0,Cluster 0 (com=0.51),0.20638138834664993
171692,4,34902,82,1,Cluster 1 (com=0.70),-0.036853553188491726
172493,4,34902,764,0,Cluster 0 (com=0.51),0.40831657970887464
173412,4,34902,769,0,Cluster 0 (com=0.51),0.12158391510664458
177492,4,34902,524,0,Cluster 0 (com=0.51),0.49887611733984477
185994,4,34902,539,0,Cluster 0 (com=0.51),0.5047890827972318
194163,4,34902,657,0,Cluster 0 (com=0.51),0.5047021198840943
195246,4,34902,581,0,Cluster 0 (com=0.51),0.5059286371813118
195552,4,34902,1985,0,Cluster 0 (com=0.51),0.4902097822063902
197536,4,34902,176,1,Cluster 1 (com=0.70),0.08010109494168072
199009,4,34902,728,0,Cluster 0 (com=0.51),0.3544937840732212
226955,4,34902,207,0,Cluster 0 (com=0.51),0.17271783366396737
228633,4,34902,159,1,Cluster 1 (com=0.70),-0.08114188446607454
229498,4,34902,603,0,Cluster 0 (com=0.51),0.34887991374583777
232173,4,34902,591,0,Cluster 0 (com=0.51),0.5065221645519401
234661,4,34902,426,1,Cluster 1 (com=0.70),0.07020191832720768
235768,4,34902,47,0,Cluster 0 (com=0.51),0.1348966726564142
235971,4,34902,495,0,Cluster 0 (com=0.51),0.44454949604761784
236090,4,34902,623,0,Cluster 0 (com=0.51),0.4622780462828819
237891,4,34902,309,0,Cluster 0 (com=0.51),0.41467898127349906
249357,4,34902,324,0,Cluster 0 (com=0.51),0.2680252553707586
251166,4,34902,748,0,Cluster 0 (com=0.51),0.42398452041925405
253633,4,34902,312,0,Cluster 0 (com=0.51),0.4475402123956833
253763,4,34902,805,0,Cluster 0 (com=0.51),0.42026584007283974
258245,4,34902,282,0,Cluster 0 (com=0.51),0.23772412611972207
258509,4,34902,332,1,Cluster 1 (com=0.70),0.04268188002318773
258978,4,34902,308,0,Cluster 0 (com=0.51),0.2745497118681812
262025,4,34902,410,1,Cluster 1 (com=0.70),0.10140838816927142
262394,4,34902,176,1,Cluster 1 (com=0.70),0.3882980018690304
263862,4,34902,270,0,Cluster 0 (com=0.51),0.2591034306906495
265497,4,34902,228,0,Cluster 0 (com=0.51),0.14216110273777732
269584,4,34902,102,0,Cluster 0 (com=0.51),0.1808760020633855
270421,4,34902,239,1,Cluster 1 (com=0.70),0.4210346996426158
278380,4,34902,230,0,Cluster 0 (com=0.51),0.19530554397865507
279440,4,34902,107,1,Cluster 1 (com=0.70),0.1565783893479
279653,4,34902,785,0,Cluster 0 (com=0.51),0.4815749402024971
281134,4,34902,702,0,Cluster 0 (com=0.51),0.42966048398001994
282849,4,34902,1126,0,Cluster 0 (com=0.51),0.410281157409557
283402,4,34902,904,0,Cluster 0 (com=0.51),0.39201847925603756
286778,4,34902,453,1,Cluster 1 (com=0.70),-0.05163764153825627
287079,4,34902,253,0,Cluster 0 (com=0.51),0.32369795718073235
287258,4,34902,627,0,Cluster 0 (com=0.51),0.4146432049335448
289247,4,34902,637,0,Cluster 0 (com=0.51),0.36025669271989874
294219,4,34902,533,1,Cluster 1 (com=0.70),0.29010783869541107
294929,4,34902,868,0,Cluster 0 (com=0.51),0.4832573909865114
297218,4,34902,41,0,Cluster 0 (com=0.51),0.2165512459017402
297341,4,34902,250,1,Cluster 1 (com=0.70),0.08853585351954973
301074,4,34902,437,0,Cluster 0 (com=0.51),0.37774442806274267
305064,4,34902,1014,0,Cluster 0 (com=0.51),0.49940508105104675
305659,4,34902,73,1,Cluster 1 (com=0.70),0.24036837073482295
310205,4,34902,577,0,Cluster 0 (com=0.51),0.13675637128147922
312231,4,34902,51,0,Cluster 0 (com=0.51),0.08479163398257321
312960,4,34902,37,1,Cluster 1 (com=0.70),0.2210219958470494
315795,4,34902,39,0,Cluster 0 (com=0.51),0.23007476908938806
316082,4,34902,481,0,Cluster 0 (com=0.51),0.10544364678548183
318147,4,34902,1085,0,Cluster 0 (com=0.51),0.50558696921611
319073,4,34902,283,1,Cluster 1 (com=0.70),0.1786682425601298
320133,4,34902,907,0,Cluster 0 (com=0.51),0.5297444699156247
320612,4,34902,751,0,Cluster 0 (com=0.51),0.5405573800612375
328797,4,34902,258,1,Cluster 1 (com=0.70),0.40345998454953336
329895,4,34902,145,0,Cluster 0 (com=0.51),0.1829173009816325
331789,4,34902,673,0,Cluster 0 (com=0.51),0.5181934160969783
333993,4,34902,407,0,Cluster 0 (com=0.51),0.35808967602256697
335095,4,34902,527,0,Cluster 0 (com=0.51),0.3007902388444677
337000,4,34902,624,0,Cluster 0 (com=0.51),0.5464295266480369
338689,4,34902,600,0,Cluster 0 (com=0.51),0.07835084638658138
338806,4,34902,110,1,Cluster 1 (com=0.70),0.1309880619724035
339519,4,34902,494,1,Cluster 1 (com=0.70),-0.02498728909094969
341629,4,34902,436,0,Cluster 0 (com=0.51),0.41172514382560027
343709,4,34902,59,1,Cluster 1 (com=0.70),0.2748685579402631
345271,4,34902,878,0,Cluster 0 (com=0.51),0.3936048800896804
347197,4,34902,1051,0,Cluster 0 (com=0.51),0.3589302047944928
348108,4,34902,195,1,Cluster 1 (com=0.70),0.3744058948736288
348324,4,34902,331,0,Cluster 0 (com=0.51),0.4223604425742291
349515,4,34902,14,1,Cluster 1 (com=0.70),0.3181226842682475
351147,4,34902,615,0,Cluster 0 (com=0.51),0.5199234424750848
354698,4,34902,147,1,Cluster 1 (com=0.70),0.32634594942823797
355293,4,34902,396,0,Cluster 0 (com=0.51),0.16456282094477087
364066,4,34902,694,0,Cluster 0 (com=0.51),0.3195602711052596
366140,4,34902,1037,0,Cluster 0 (com=0.51),0.48641990065587065
367151,4,34902,689,1,Cluster 1 (com=0.70),0.12132469956059438
369242,4,34902,323,0,Cluster 0 (com=0.51),0.44715034460867875
369450,4,34902,974,0,Cluster 0 (com=0.51),0.5383937415043266
370735,4,34902,306,1,Cluster 1 (com=0.70),0.42026054487655135
372345,4,34902,124,1,Cluster 1 (com=0.70),0.39760524388659735
372509,4,34902,91,0,Cluster 0 (com=0.51),0.20681830678952187
372511,4,34902,78,1,Cluster 1 (com=0.70),0.42515556622410927
375527,4,34902,425,1,Cluster 1 (com=0.70),0.3602219627140973
378946,4,34902,1297,0,Cluster 0 (com=0.51),0.49420621795452185
380952,4,34902,162,0,Cluster 0 (com=0.51),0.3115154984174846
381257,4,34902,760,0,Cluster 0 (com=0.51),0.5063787197714379
381414,4,34902,109,0,Cluster 0 (com=0.51),0.5253067553134222
383445,4,34902,27,0,Cluster 0 (com=0.51),0.2867016908415457
383602,4,34902,879,0,Cluster 0 (com=0.51),0.4073925074570306
383629,4,34902,140,0,Cluster 0 (com=0.51),0.33259169763930935
384107,4,34902,80,1,Cluster 1 (com=0.70),0.12218200927577506
386389,4,34902,435,0,Cluster 0 (com=0.51),0.1315472983594592
390070,4,34902,39,0,Cluster 0 (com=0.51),0.3460223059027339
396683,4,34902,196,1,Cluster 1 (com=0.70),0.23338287167701938
396834,4,34902,325,1,Cluster 1 (com=0.70),-0.0890291567369163
396907,4,34902,340,1,Cluster 1 (com=0.70),0.19605262361895406
397219,4,34902,1527,0,Cluster 0 (com=0.51),0.5271339985894502
397671,4,34902,601,0,Cluster 0 (com=0.51),0.48999374739595125
398550,4,34902,442,0,Cluster 0 (com=0.51),0.31608442742609644
398630,4,34902,167,1,Cluster 1 (com=0.70),0.3234735020740546
399429,4,34902,674,0,Cluster 0 (com=0.51),0.35541699377066016
402695,4,34902,730,0,Cluster 0 (com=0.51),0.17836299245226064
405193,4,34902,1731,0,Cluster 0 (com=0.51),0.5277836857793963
407232,4,34902,1882,0,Cluster 0 (com=0.51),0.49585692710529833
410407,4,34902,433,0,Cluster 0 (com=0.51),0.5125770500859257
410883,4,34902,320,1,Cluster 1 (com=0.70),0.37686866391289126
411304,4,34902,281,1,Cluster 1 (com=0.70),-0.05902536164580875
412353,4,34902,862,0,Cluster 0 (com=0.51),0.5019208606100869
413180,4,34902,1595,0,Cluster 0 (com=0.51),0.3862493816994273
413709,4,34902,484,0,Cluster 0 (com=0.51),0.31927218017713654
413949,4,34902,878,0,Cluster 0 (com=0.51),0.2945229525627921
416199,4,34902,545,0,Cluster 0 (com=0.51),0.33466797137715254
416407,4,34902,789,0,Cluster 0 (com=0.51),0.3817716201285363
419059,4,34902,272,1,Cluster 1 (com=0.70),0.00388072217557652
423210,4,34902,274,1,Cluster 1 (com=0.70),0.404570335219827
423488,4,34902,195,1,Cluster 1 (com=0.70),0.4177156793803301
423781,4,34902,505,0,Cluster 0 (com=0.51),0.4000053281772433
427256,4,34902,618,0,Cluster 0 (com=0.51),0.1835814131532799
429832,4,34902,40,1,Cluster 1 (com=0.70),0.42122853623569095
431139,4,34902,569,1,Cluster 1 (com=0.70),0.07764342671513011
434476,4,34902,2834,0,Cluster 0 (com=0.51),0.37385826628912977
439950,4,34902,58,1,Cluster 1 (com=0.70),0.34136579410452844
439995,4,34902,322,0,Cluster 0 (com=0.51),0.29115245989655875
440818,4,34902,803,0,Cluster 0 (com=0.51),0.5166344774541873
441165,4,34902,75,0,Cluster 0 (com=0.51),0.3939843743938503
442199,4,34902,95,1,Cluster 1 (com=0.70),0.11207051249941116
442563,4,34902,238,0,Cluster 0 (com=0.51),0.22406482315484838
442802,4,34902,596,0,Cluster 0 (com=0.51),0.25429682075770416
443151,4,34902,188,1,Cluster 1 (com=0.70),0.24938022690720724
443514,4,34902,330,0,Cluster 0 (com=0.51),0.42162219046271154
443696,4,34902,295,0,Cluster 0 (com=0.51),0.2392795743467359
444011,4,34902,474,0,Cluster 0 (com=0.51),0.45485572202882324
444619,4,34902,2312,0,Cluster 0 (com=0.51),0.44970445289539157
444907,4,34902,306,1,Cluster 1 (com=0.70),-0.08666586762154276
445686,4,34902,10,0,Cluster 0 (com=0.51),0.29690111201818303
465121,4,34902,74,0,Cluster 0 (com=0.51),0.459268553726846
465294,4,34902,530,0,Cluster 0 (com=0.51),0.40929672802223743
466120,4,34902,237,0,Cluster 0 (com=0.51),0.32269383352396863
466987,4,34902,546,0,Cluster 0 (com=0.51),0.307517287366661
467363,4,34902,68,1,Cluster 1 (com=0.70),0.38312518211285307
469499,4,34902,1527,0,Cluster 0 (com=0.51),0.5229918440944056
471284,4,34902,219,1,Cluster 1 (com=0.70),0.42112654563229124
474667,4,34902,557,1,Cluster 1 (com=0.70),0.2199205439099201
475015,4,34902,340,0,Cluster 0 (com=0.51),0.1140263723759825
476401,4,34902,1382,0,Cluster 0 (com=0.51),0.5188337661582407
476629,4,34902,232,0,Cluster 0 (com=0.51),0.37514275455262336
477833,4,34902,1297,0,Cluster 0 (com=0.51),0.44803131146700403
479939,4,34902,1756,0,Cluster 0 (com=0.51),0.5592054442345358
481717,4,34902,462,0,Cluster 0 (com=0.51),0.4978631437787574
482644,4,34902,549,0,Cluster 0 (com=0.51),0.5056615579317363
483037,4,34902,745,0,Cluster 0 (com=0.51),0.4623160297972131
484010,4,34902,290,0,Cluster 0 (com=0.51),0.5088253757834166
484594,4,34902,1366,0,Cluster 0 (com=0.51),0.4837545521969995
485228,4,34902,624,0,Cluster 0 (com=0.51),0.3381234791240259
486087,4,34902,708,0,Cluster 0 (com=0.51),0.433776674858386
486964,4,34902,37,0,Cluster 0 (com=0.51),0.11250984442611416
488525,4,34902,524,0,Cluster 0 (com=0.51),0.3898054063209881
489553,4,34902,49,0,Cluster 0 (com=0.51),0.16288737627524244
491126,4,34902,566,0,Cluster 0 (com=0.51),0.3666080107158503
491756,4,34902,91,0,Cluster 0 (com=0.51),0.3623593307301392
491863,4,34902,427,1,Cluster 1 (com=0.70),-0.05450436903730647
492024,4,34902,369,1,Cluster 1 (com=0.70),0.2352509446209811
493793,4,34902,650,0,Cluster 0 (com=0.51),0.13095128248340215
494046,4,34902,831,0,Cluster 0 (com=0.51),0.3604140093376839
494184,4,34902,244,1,Cluster 1 (com=0.70),-0.02317784518581036
497415,4,34902,118,0,Cluster 0 (com=0.51),0.36365627522149524
498442,4,34902,744,0,Cluster 0 (com=0.51),0.4198003509090438
499404,4,34902,796,0,Cluster 0 (com=0.51),0.485470469461493
500068,4,34902,705,0,Cluster 0 (com=0.51),0.4824279256278077
500618,4,34902,94,0,Cluster 0 (com=0.51),0.37349313026613423
501444,4,34902,673,0,Cluster 0 (com=0.51),0.4903693332852664
501897,4,34902,360,0,Cluster 0 (com=0.51),0.4256142854755449
502011,4,34902,451,0,Cluster 0 (com=0.51),0.3328068334639416
505773,4,34902,587,0,Cluster 0 (com=0.51),0.35624204377207147
506705,4,34902,229,1,Cluster 1 (com=0.70),0.0844370379815894
507743,4,34902,814,0,Cluster 0 (com=0.51),0.5374464056579149
507935,4,34902,715,0,Cluster 0 (com=0.51),0.3873018313582469
508626,4,34902,1456,0,Cluster 0 (com=0.51),0.544364558490029
509536,4,34902,726,0,Cluster 0 (com=0.51),0.5058251590534151
511309,4,34902,257,0,Cluster 0 (com=0.51),0.32062115518367507
511981,4,34902,363,0,Cluster 0 (com=0.51),0.39732846318386805
513422,4,34902,209,1,Cluster 1 (com=0.70),-0.08787066773017556
513428,4,34902,322,0,Cluster 0 (com=0.51),0.28261923521342036
514078,4,34902,1177,0,Cluster 0 (com=0.51),0.43560732608390296
514556,4,34902,468,0,Cluster 0 (com=0.51),0.3777934532245488
516602,4,34902,56,1,Cluster 1 (com=0.70),0.25595194655339387
517551,4,34902,467,1,Cluster 1 (com=0.70),0.1994417634845589
519115,4,34902,267,1,Cluster 1 (com=0.70),0.18367783085069908
521115,4,34902,658,0,Cluster 0 (com=0.51),0.2627977601326168
521255,4,34902,491,0,Cluster 0 (com=0.51),0.3571247657202473
522082,4,34902,374,0,Cluster 0 (com=0.51),0.4896380922487754
523017,4,34902,979,0,Cluster 0 (com=0.51),0.43486778413618216
523249,4,34902,926,0,Cluster 0 (com=0.51),0.4510721040694451
526721,4,34902,639,0,Cluster 0 (com=0.51),0.481802017520749
526819,4,34902,424,0,Cluster 0 (com=0.51),0.22702745488421694
529693,4,34902,428,1,Cluster 1 (com=0.70),0.3773871335739468
529991,4,34902,245,0,Cluster 0 (com=0.51),0.20697848120588655
530148,4,34902,21,1,Cluster 1 (com=0.70),0.32692698009602567
531018,4,34902,988,0,Cluster 0 (com=0.51),0.4468708217291496
531871,4,34902,27,0,Cluster 0 (com=0.51),0.10055894405305509
532254,4,34902,251,1,Cluster 1 (com=0.70),-0.05414897499336994
533418,4,34902,700,0,Cluster 0 (com=0.51),0.4918716948628728
534112,4,34902,235,1,Cluster 1 (com=0.70),0.08199738599137749
534457,4,34902,212,1,Cluster 1 (com=0.70),0.4164032812811357
535671,4,34902,372,0,Cluster 0 (com=0.51),0.3613409928055361
536351,4,34902,392,0,Cluster 0 (com=0.51),0.22414614021368176
536475,4,34902,254,1,Cluster 1 (com=0.70),0.38183278153268885
536963,4,34902,597,0,Cluster 0 (com=0.51),0.3475656560544562
537322,4,34902,621,0,Cluster 0 (com=0.51),0.27403235787219044
537811,4,34902,1541,0,Cluster 0 (com=0.51),0.5501279107258666
539308,4,34902,95,1,Cluster 1 (com=0.70),0.34710413900378634
539945,4,34902,556,0,Cluster 0 (com=0.51),0.34937676217911195
540723,4,34902,1320,0,Cluster 0 (com=0.51),0.4208371065873453
541532,4,34902,989,0,Cluster 0 (com=0.51),0.5159352121319887
541921,4,34902,372,0,Cluster 0 (com=0.51),0.38468855454394635
542202,4,34902,975,0,Cluster 0 (com=0.51),0.5275152897787756
543010,4,34902,703,0,Cluster 0 (com=0.51),0.44514110079773106
544745,4,34902,796,1,Cluster 1 (com=0.70),0.43126478980821975
545164,4,34902,185,0,Cluster 0 (com=0.51),0.48006695672655564
545962,4,34902,649,0,Cluster 0 (com=0.51),0.4210905343681597
546547,4,34902,636,0,Cluster 0 (com=0.51),0.31805542307322526
546645,4,34902,740,0,Cluster 0 (com=0.51),0.266699239696797
547347,4,34902,337,0,Cluster 0 (com=0.51),0.5058836547005786
549219,4,34902,1228,0,Cluster 0 (com=0.51),0.4794433558265302
549321,4,34902,486,1,Cluster 1 (com=0.70),0.320430345857696
549847,4,34902,949,0,Cluster 0 (com=0.51),0.5157110487055855
550420,4,34902,605,0,Cluster 0 (com=0.51),0.39947750587587577
550703,4,34902,825,0,Cluster 0 (com=0.51),0.49358983075365814
552173,4,34902,800,0,Cluster 0 (com=0.51),0.5222220963962063
553031,4,34902,558,0,Cluster 0 (com=0.51),0.12879737826118678
553284,4,34902,1014,0,Cluster 0 (com=0.51),0.4875311508702114
553813,4,34902,158,1,Cluster 1 (com=0.70),0.3989997525169016
554063,4,34902,738,0,Cluster 0 (com=0.51),0.4781044614075989
554525,4,34902,489,0,Cluster 0 (com=0.51),0.25926454110958125
555049,4,34902,781,0,Cluster 0 (com=0.51),0.44067091009200327
556126,4,34902,351,1,Cluster 1 (com=0.70),0.2686190511424749
557085,4,34902,1536,0,Cluster 0 (com=0.51),0.49084358273503925
557290,4,34902,371,0,Cluster 0 (com=0.51),0.24577855585793326
558044,4,34902,415,0,Cluster 0 (com=0.51),0.4398037136721398
558764,4,34902,773,0,Cluster 0 (com=0.51),0.49107137058601247
560047,4,34902,247,1,Cluster 1 (com=0.70),0.043828561315119044
560459,4,34902,138,0,Cluster 0 (com=0.51),0.24458777715407806
560645,4,34902,599,0,Cluster 0 (com=0.51),0.4432964386354798
561231,4,34902,422,1,Cluster 1 (com=0.70),0.05160367581346143
562064,4,34902,102,1,Cluster 1 (com=0.70),0.3060356034320598
562754,4,34902,217,0,Cluster 0 (com=0.51),0.31161382049284925
562990,4,34902,443,0,Cluster 0 (com=0.51),0.26778671849656777
563108,4,34902,71,1,Cluster 1 (com=0.70),-0.036225743560639206
563414,4,34902,881,0,Cluster 0 (com=0.51),0.4467988979233318
564243,4,34902,852,0,Cluster 0 (com=0.51),0.5275441050532428
564617,4,34902,847,0,Cluster 0 (com=0.51),0.5419641453549756
564933,4,34902,468,1,Cluster 1 (com=0.70),-0.004117011718123207
565017,4,34902,1135,0,Cluster 0 (com=0.51),0.5213913887699662
569034,4,34902,1780,0,Cluster 0 (com=0.51),0.5275563202670979
569080,4,34902,881,0,Cluster 0 (com=0.51),0.46985954114613016
569108,4,34902,617,0,Cluster 0 (com=0.51),0.5032463377184135
569876,4,34902,656,0,Cluster 0 (com=0.51),0.5167901378445969
570213,4,34902,426,0,Cluster 0 (com=0.51),0.40519218845547783
571074,4,34902,831,0,Cluster 0 (com=0.51),0.3890322612317969
572074,4,34902,2212,0,Cluster 0 (com=0.51),0.4663098893333906
572213,4,34902,387,1,Cluster 1 (com=0.70),-0.08888356849602831
573583,4,34902,519,1,Cluster 1 (com=0.70),0.28248891315533625
574527,4,34902,371,0,Cluster 0 (com=0.51),0.4402355723764332
575069,4,34902,362,0,Cluster 0 (com=0.51),0.5108007420881894
575112,4,34902,746,0,Cluster 0 (com=0.51),0.418188222266056
575302,4,34902,1035,0,Cluster 0 (com=0.51),0.47761889523041645
577032,4,34902,65,0,Cluster 0 (com=0.51),0.10871849408147677
577533,4,34902,12,1,Cluster 1 (com=0.70),0.013002178214858117
578152,4,34902,277,0,Cluster 0 (com=0.51),0.39242271434275533
578847,4,34902,160,0,Cluster 0 (com=0.51),0.3477732398923568
579660,4,34902,406,0,Cluster 0 (com=0.51),0.10304742747887999
579686,4,34902,576,0,Cluster 0 (com=0.51),0.3255669163138591
580459,4,34902,603,0,Cluster 0 (com=0.51),0.4673245508909552
580834,4,34902,1461,0,Cluster 0 (com=0.51),0.38207935377942115
580845,4,34902,240,1,Cluster 1 (com=0.70),0.3358944718102649
581219,4,34902,210,0,Cluster 0 (com=0.51),0.1784105462206011
581253,4,34902,782,0,Cluster 0 (com=0.51),0.5024954949798263
581659,4,34902,1224,0,Cluster 0 (com=0.51),0.5566675376485777
581779,4,34902,779,0,Cluster 0 (com=0.51),0.3874003327600685
582117,4,34902,332,0,Cluster 0 (com=0.51),0.2941640420190257
582266,4,34902,120,0,Cluster 0 (com=0.51),0.23911769543513942
582332,4,34902,653,0,Cluster 0 (com=0.51),0.3229072593997509
582653,4,34902,51,1,Cluster 1 (com=0.70),0.41728307277420223
583056,4,34902,713,0,Cluster 0 (com=0.51),0.4408896631494416
583318,4,34902,133,1,Cluster 1 (com=0.70),0.3160872279624135
583487,4,34902,1672,0,Cluster 0 (com=0.51),0.5528534955777762
584515,4,34902,152,0,Cluster 0 (com=0.51),0.20529355503614838
585224,4,34902,627,0,Cluster 0 (com=0.51),0.4327449170794745
585261,4,34902,790,0,Cluster 0 (com=0.51),0.419895182796928
585284,4,34902,324,0,Cluster 0 (com=0.51),0.2542157636438471
585503,4,34902,1227,0,Cluster 0 (com=0.51),0.5477160474502467
585572,4,34902,371,0,Cluster 0 (com=0.51),0.109447847468171
585958,4,34902,689,0,Cluster 0 (com=0.51),0.49787226195128514
586906,4,34902,543,0,Cluster 0 (com=0.51),0.38241572530519363
587571,4,34902,1117,0,Cluster 0 (com=0.51),0.5484392110784639
588128,4,34902,325,1,Cluster 1 (com=0.70),0.06650116589511466
588628,4,34902,1132,0,Cluster 0 (com=0.51),0.5463702285045271
589080,4,34902,1033,0,Cluster 0 (com=0.51),0.4933334496618267
589162,4,34902,1196,0,Cluster 0 (com=0.51),0.4446115563156971
589332,4,34902,833,0,Cluster 0 (com=0.51),0.49994886454270926
589389,4,34902,46,0,Cluster 0 (com=0.51),0.3108440982105113
589828,4,34902,185,0,Cluster 0 (com=0.51),0.14602218013859225
590120,4,34902,628,1,Cluster 1 (com=0.70),0.14925469036451453
591525,4,34902,601,0,Cluster 0 (com=0.51),0.48443003492786385
591581,4,34902,445,0,Cluster 0 (com=0.51),0.5212805321456389
591946,4,34902,404,0,Cluster 0 (com=0.51),0.2655603954362415
592218,4,34902,724,0,Cluster 0 (com=0.51),0.5145010932442732
592295,4,34902,230,0,Cluster 0 (com=0.51),0.3358411484353613
592558,4,34902,812,1,Cluster 1 (com=0.70),0.12356291038913096
592939,4,34902,81,0,Cluster 0 (com=0.51),0.23632906537587295
593136,4,34902,345,0,Cluster 0 (com=0.51),0.45659701902106603
593563,4,34902,725,0,Cluster 0 (com=0.51),0.4218243377021497
593722,4,34902,718,0,Cluster 0 (com=0.51),0.20157778017715614
593796,4,34902,2494,0,Cluster 0 (com=0.51),0.4819322429040574
594065,4,34902,643,0,Cluster 0 (com=0.51),0.23161556391279242
594122,4,34902,393,0,Cluster 0 (com=0.51),0.5184358743866335
594229,4,34902,649,0,Cluster 0 (com=0.51),0.38151765185123343
594258,4,34902,18,1,Cluster 1 (com=0.70),0.058150413051608354
594636,4,34902,1217,0,Cluster 0 (com=0.51),0.5141457920577779
595721,4,34902,349,1,Cluster 1 (com=0.70),0.21989654441058665
595943,4,34902,700,0,Cluster 0 (com=0.51),0.4962936728777781
596243,4,34902,304,1,Cluster 1 (com=0.70),0.21375172415788835
596253,4,34902,513,0,Cluster 0 (com=0.51),0.11577094172757825
596758,4,34902,594,0,Cluster 0 (com=0.51),0.3957625723363884
597740,4,34902,450,0,Cluster 0 (com=0.51),0.4797108338047951
597937,4,34902,473,0,Cluster 0 (com=0.51),0.5303011324763675
598308,4,34902,444,0,Cluster 0 (com=0.51),0.36537187818762157
598540,4,34902,703,0,Cluster 0 (com=0.51),0.5051638984940194
598559,4,34902,608,0,Cluster 0 (com=0.51),0.43852369531754637
599865,4,34902,17,1,Cluster 1 (com=0.70),0.32923766085103734
600071,4,34902,730,0,Cluster 0 (com=0.51),0.3930987875461561
600773,4,34902,434,0,Cluster 0 (com=0.51),0.4353723423906939
600893,4,34902,83,1,Cluster 1 (com=0.70),0.35427365135604655
601008,4,34902,113,1,Cluster 1 (com=0.70),0.4188667216397217
601235,4,34902,956,0,Cluster 0 (com=0.51),0.5013471169545314
601271,4,34902,275,0,Cluster 0 (com=0.51),0.5097415656382844
601820,4,34902,105,1,Cluster 1 (com=0.70),0.39742602495444773
602594,4,34902,801,0,Cluster 0 (com=0.51),0.5312260628347039
603648,4,34902,863,0,Cluster 0 (com=0.51),0.4122233852741906
604567,4,34902,306,1,Cluster 1 (com=0.70),-0.02826915600877295
604614,4,34902,510,0,Cluster 0 (com=0.51),0.18166779434817282
605180,4,34902,529,0,Cluster 0 (com=0.51),0.20534778826212124
605682,4,34902,646,0,Cluster 0 (com=0.51),0.4383721192119785
606257,4,34902,569,0,Cluster 0 (com=0.51),0.16470616440462396
606805,4,34902,984,0,Cluster 0 (com=0.51),0.41922090432689424
606904,4,34902,154,0,Cluster 0 (com=0.51),0.24901214967360033
607243,4,34902,1867,0,Cluster 0 (com=0.51),0.5111067109485543
607303,4,34902,708,0,Cluster 0 (com=0.51),0.377254066437256
607501,4,34902,824,0,Cluster 0 (com=0.51),0.313710788763236
607679,4,34902,1013,0,Cluster 0 (com=0.51),0.5184748235549063
607700,4,34902,433,0,Cluster 0 (com=0.51),0.18915451175493747
607866,4,34902,15,0,Cluster 0 (com=0.51),0.23753284218498447
609142,4,34902,814,0,Cluster 0 (com=0.51),0.5344099268593161
609240,4,34902,549,0,Cluster 0 (com=0.51),0.5122468825443866
611603,4,34902,145,1,Cluster 1 (com=0.70),0.38256928484487485
612842,4,34902,607,0,Cluster 0 (com=0.51),0.3019586071974725
613165,4,34902,1730,0,Cluster 0 (com=0.51),0.3745913251125126
613330,4,34902,693,0,Cluster 0 (com=0.51),0.3203366003186327
613634,4,34902,842,0,Cluster 0 (com=0.51),0.512956274610761
613899,4,34902,1981,0,Cluster 0 (com=0.51),0.4983527669907197
614059,4,34902,200,0,Cluster 0 (com=0.51),0.1377009766204394
614984,4,34902,592,0,Cluster 0 (com=0.51),0.5025677490354917
615266,4,34902,807,0,Cluster 0 (com=0.51),0.5415824250043285
615299,4,34902,809,0,Cluster 0 (com=0.51),0.43624947261356933
615301,4,34902,1252,0,Cluster 0 (com=0.51),0.41834787504707105
615302,4,34902,1028,0,Cluster 0 (com=0.51),0.4874894046717332
615306,4,34902,949,0,Cluster 0 (com=0.51),0.4497166698751144
615328,4,34902,531,0,Cluster 0 (com=0.51),0.4359767905255677
615340,4,34902,9,0,Cluster 0 (com=0.51),0.14231686788643613
615342,4,34902,769,0,Cluster 0 (com=0.51),0.3689231771271218
615356,4,34902,551,0,Cluster 0 (com=0.51),0.39310560280170836
616517,4,34902,1026,0,Cluster 0 (com=0.51),0.4500727708755956
616912,4,34902,311,0,Cluster 0 (com=0.51),0.41617330504956584
617010,4,34902,736,0,Cluster 0 (com=0.51),0.43748247932349604
617119,4,34902,782,0,Cluster 0 (com=0.51),0.10425517824262878
617580,4,34902,1927,0,Cluster 0 (com=0.51),0.5454000365373066
617783,4,34902,514,1,Cluster 1 (com=0.70),0.24245369318022003
617922,4,34902,270,0,Cluster 0 (com=0.51),0.41833591050904423
618663,4,34902,166,1,Cluster 1 (com=0.70),0.38183278153268885
619204,4,34902,184,0,Cluster 0 (com=0.51),0.17459607685154088
619292,4,34902,1044,0,Cluster 0 (com=0.51),0.5447296421270433
619321,4,34902,451,0,Cluster 0 (com=0.51),0.4735265182165941
619502,4,34902,395,1,Cluster 1 (com=0.70),0.2938832548298511
620094,4,34902,2235,0,Cluster 0 (com=0.51),0.5592857561341744
620269,4,34902,273,0,Cluster 0 (com=0.51),0.17932597668575673
620349,4,34902,297,0,Cluster 0 (com=0.51),0.45203714397876243
620431,4,34902,645,0,Cluster 0 (com=0.51),0.42675695986309364
620740,4,34902,736,0,Cluster 0 (com=0.51),0.20057286290825738
620810,4,34902,141,0,Cluster 0 (com=0.51),0.14033902420186953
622481,4,34902,602,0,Cluster 0 (com=0.51),0.4813003151475722
622760,4,34902,314,0,Cluster 0 (com=0.51),0.15683989468620954
622934,4,34902,868,1,Cluster 1 (com=0.70),0.2772383091268079
623471,4,34902,593,0,Cluster 0 (com=0.51),0.5014108267404188
623589,4,34902,561,0,Cluster 0 (com=0.51),0.5494034566660856
623765,4,34902,864,0,Cluster 0 (com=0.51),0.44492035298898175
624282,4,34902,922,0,Cluster 0 (com=0.51),0.560139662079069
624864,4,34902,762,0,Cluster 0 (com=0.51),0.49623784715504354
624970,4,34902,800,0,Cluster 0 (com=0.51),0.4104972717786568
625245,4,34902,578,0,Cluster 0 (com=0.51),0.41140258583160133
625330,4,34902,398,0,Cluster 0 (com=0.51),0.3365073025123466
625515,4,34902,398,0,Cluster 0 (com=0.51),0.32304936357364133
625743,4,34902,609,1,Cluster 1 (com=0.70),0.061673564409706956
625802,4,34902,1117,0,Cluster 0 (com=0.51),0.4731150764926141
625838,4,34902,416,0,Cluster 0 (com=0.51),0.323991960839744
626033,4,34902,1277,0,Cluster 0 (com=0.51),0.4000882685091414
626349,4,34902,192,0,Cluster 0 (com=0.51),0.1978432665337342
626416,4,34902,1048,0,Cluster 0 (com=0.51),0.46793845863074496
626454,4,34902,359,1,Cluster 1 (com=0.70),0.21801512602079529
626477,4,34902,582,0,Cluster 0 (com=0.51),0.38362368589604684
626514,4,34902,757,0,Cluster 0 (com=0.51),0.3513256379417077
626552,4,34902,508,0,Cluster 0 (com=0.51),0.2528288232252418
626579,4,34902,25,0,Cluster 0 (com=0.51),0.36957796546018035
627365,4,34902,319,0,Cluster 0 (com=0.51),0.16533623559267302
627829,4,34902,298,0,Cluster 0 (com=0.51),0.39113964683330055
628149,4,34902,723,0,Cluster 0 (com=0.51),0.4315196920237045
628157,4,34902,91,1,Cluster 1 (com=0.70),0.3463774831144701
628383,4,34902,549,0,Cluster 0 (com=0.51),0.38306751320754495
628521,4,34902,130,1,Cluster 1 (com=0.70),0.3380696527231455
628888,4,34902,503,1,Cluster 1 (com=0.70),-0.09302132839950097
628964,4,34902,624,0,Cluster 0 (com=0.51),0.5169573710321066
629029,4,34902,201,0,Cluster 0 (com=0.51),0.46062440726104414
629182,4,34902,174,1,Cluster 1 (com=0.70),0.382795774030766
629491,4,34902,655,0,Cluster 0 (com=0.51),0.4047632189637046
629818,4,34902,139,1,Cluster 1 (com=0.70),0.1089827775675558
629922,4,34902,704,0,Cluster 0 (com=0.51),0.20129818346623993
629944,4,34902,229,1,Cluster 1 (com=0.70),0.028567161177976235
630109,4,34902,238,0,Cluster 0 (com=0.51),0.3172973669735515
630158,4,34902,768,0,Cluster 0 (com=0.51),0.3307210970468411
630835,4,34902,1203,0,Cluster 0 (com=0.51),0.5622529540800862
630905,4,34902,1944,0,Cluster 0 (com=0.51),0.4597499930570893
630910,4,34902,605,0,Cluster 0 (com=0.51),0.3894888678749439
630992,4,34902,7,1,Cluster 1 (com=0.70),0.15333707716724454
631075,4,34902,118,0,Cluster 0 (com=0.51),0.23955276184420765
631658,4,34902,2536,0,Cluster 0 (com=0.51),0.4648122235099521
631681,4,34902,174,0,Cluster 0 (com=0.51),0.45688022129150524
631715,4,34902,1041,0,Cluster 0 (com=0.51),0.36580099079534295
631740,4,34902,427,0,Cluster 0 (com=0.51),0.37158080121867537
631837,4,34902,1191,0,Cluster 0 (com=0.51),0.5353171407532122
631924,4,34902,1003,0,Cluster 0 (com=0.51),0.47595912022338
632074,4,34902,446,0,Cluster 0 (com=0.51),0.3151379456867914
632290,4,34902,98,1,Cluster 1 (com=0.70),0.33696540302691363
632458,4,34902,1932,0,Cluster 0 (com=0.51),0.5396639003621038
632556,4,34902,25,0,Cluster 0 (com=0.51),0.12258278435162205
632826,4,34902,449,0,Cluster 0 (com=0.51),0.5252165830906294
632836,4,34902,680,0,Cluster 0 (com=0.51),0.41444022839405253
633079,4,34902,517,0,Cluster 0 (com=0.51),0.49164373973240205
633516,4,34902,212,1,Cluster 1 (com=0.70),0.2900068992085886
633555,4,34902,982,0,Cluster 0 (com=0.51),0.5004742847138001
633568,4,34902,498,0,Cluster 0 (com=0.51),0.4820255487506981
633867,4,34902,554,0,Cluster 0 (com=0.51),0.4856440735833112
633931,4,34902,596,0,Cluster 0 (com=0.51),0.47019677925086933
634088,4,34902,275,1,Cluster 1 (com=0.70),0.11439909490335708
634512,4,34902,452,0,Cluster 0 (com=0.51),0.427916535252255
634526,4,34902,879,0,Cluster 0 (com=0.51),0.4715881391459416
634749,4,34902,1781,0,Cluster 0 (com=0.51),0.5501582426495635
635184,4,34902,488,0,Cluster 0 (com=0.51),0.37550100204734976
635795,4,34902,734,0,Cluster 0 (com=0.51),0.470039465411313
635903,4,34902,125,1,Cluster 1 (com=0.70),0.39642124463604256
636314,4,34902,1030,0,Cluster 0 (com=0.51),0.5426089639783207
636400,4,34902,681,0,Cluster 0 (com=0.51),0.4081029994996458
636408,4,34902,39,1,Cluster 1 (com=0.70),0.055240154413867475
636469,4,34902,472,0,Cluster 0 (com=0.51),0.16934829251336325
636547,4,34902,321,0,Cluster 0 (com=0.51),0.21827497806069973
636565,4,34902,135,0,Cluster 0 (com=0.51),0.10827055131626985
636656,4,34902,321,0,Cluster 0 (com=0.51),0.3672639598702868
636704,4,34902,165,1,Cluster 1 (com=0.70),0.05198573733780562
636783,4,34902,1068,0,Cluster 0 (com=0.51),0.5334438313055244
636830,4,34902,1002,0,Cluster 0 (com=0.51),0.467504008834355
636832,4,34902,1519,0,Cluster 0 (com=0.51),0.5442669084344909
637004,4,34902,1023,0,Cluster 0 (com=0.51),0.329031482199255
637089,4,34902,97,1,Cluster 1 (com=0.70),0.4030778771921563
637358,4,34902,216,0,Cluster 0 (com=0.51),0.3204360617609314
637514,4,34902,157,0,Cluster 0 (com=0.51),0.2615191164162392
637582,4,34902,225,0,Cluster 0 (com=0.51),0.4806844890942375
637708,4,34902,953,0,Cluster 0 (com=0.51),0.4617810822105979
637906,4,34902,200,0,Cluster 0 (com=0.51),0.3485963144107654
637939,4,34902,52,1,Cluster 1 (com=0.70),0.4210600338871533
637980,4,34902,791,0,Cluster 0 (com=0.51),0.48943235801954427
638034,4,34902,731,0,Cluster 0 (com=0.51),0.3235524387687116
638388,4,34902,265,1,Cluster 1 (com=0.70),0.21255274892864612
638411,4,34902,1560,0,Cluster 0 (com=0.51),0.5024714306825814
638498,4,34902,422,0,Cluster 0 (com=0.51),0.3030006110763241
638515,4,34902,153,1,Cluster 1 (com=0.70),0.11439314845328132
638625,4,34902,753,0,Cluster 0 (com=0.51),0.5291807182041304
638655,4,34902,778,0,Cluster 0 (com=0.51),0.3226647031178534
638677,4,34902,346,0,Cluster 0 (com=0.51),0.312678262535038
638831,4,34902,468,0,Cluster 0 (com=0.51),0.2482174010673652
639028,4,34902,473,0,Cluster 0 (com=0.51),0.2650513860531409
639231,4,34902,422,0,Cluster 0 (com=0.51),0.32083500355121136
639234,4,34902,566,0,Cluster 0 (com=0.51),0.39880705491581536
639522,4,34902,50,0,Cluster 0 (com=0.51),0.16142788430736896
640098,4,34902,599,0,Cluster 0 (com=0.51),0.4358994340802725
640278,4,34902,2970,0,Cluster 0 (com=0.51),0.5265489341855574
640329,4,34902,859,0,Cluster 0 (com=0.51),0.5072356853410038
640429,4,34902,1112,0,Cluster 0 (com=0.51),0.44053126269101167
640711,4,34902,693,0,Cluster 0 (com=0.51),0.25830696840959616
640752,4,34902,313,0,Cluster 0 (com=0.51),0.2561633261808175
640848,4,34902,15,0,Cluster 0 (com=0.51),0.27113853452966913
640892,4,34902,443,1,Cluster 1 (com=0.70),0.12828661999387758
640913,4,34902,91,1,Cluster 1 (com=0.70),0.38183278153268885
640927,4,34902,782,0,Cluster 0 (com=0.51),0.4923879993702561
641137,4,34902,1149,0,Cluster 0 (com=0.51),0.5591165169170451
641309,4,34902,712,0,Cluster 0 (com=0.51),0.15774837977910627
641311,4,34902,1032,0,Cluster 0 (com=0.51),0.5034752645342142
641363,4,34902,76,1,Cluster 1 (com=0.70),0.4093870529369105
641401,4,34902,832,0,Cluster 0 (com=0.51),0.23413190365537437
641461,4,34902,413,1,Cluster 1 (com=0.70),0.02271442543343842
641547,4,34902,76,1,Cluster 1 (com=0.70),0.06974774097873164
641864,4,34902,575,0,Cluster 0 (com=0.51),0.4476305730051075
641914,4,34902,1590,0,Cluster 0 (com=0.51),0.5250307654428434
642029,4,34902,255,0,Cluster 0 (com=0.51),0.31380355208377336
642056,4,34902,137,0,Cluster 0 (com=0.51),0.22297162453376212
642375,4,34902,374,0,Cluster 0 (com=0.51),0.5336140886086597
642448,4,34902,293,0,Cluster 0 (com=0.51),0.3745203296955791
642449,4,34902,405,1,Cluster 1 (com=0.70),0.04193980903173836
642493,4,34902,475,0,Cluster 0 (com=0.51),0.5293201930368281
642498,4,34902,152,0,Cluster 0 (com=0.51),0.4482192489055775
642551,4,34902,409,0,Cluster 0 (com=0.51),0.46925866749718037
642740,4,34902,1022,0,Cluster 0 (com=0.51),0.5276479315886567
642750,4,34902,1073,0,Cluster 0 (com=0.51),0.4820752515624975
642843,4,34902,1119,0,Cluster 0 (com=0.51),0.4282239896079755
642872,4,34902,2130,0,Cluster 0 (com=0.51),0.5307929445791849
642909,4,34902,53,1,Cluster 1 (com=0.70),0.28231747790152406
643069,4,34902,126,1,Cluster 1 (com=0.70),-0.022703926320992066
643202,4,34902,851,0,Cluster 0 (com=0.51),0.4928673848758078
643220,4,34902,128,1,Cluster 1 (com=0.70),0.3949640406643604
643273,4,34902,673,0,Cluster 0 (com=0.51),0.12224512619340616
643326,4,34902,1156,0,Cluster 0 (com=0.51),0.5526361842892465
643466,4,34902,739,0,Cluster 0 (com=0.51),0.4250613158259705
643477,4,34902,1068,0,Cluster 0 (com=0.51),0.5393667869177924
643496,4,34902,1232,0,Cluster 0 (com=0.51),0.46682804989573506
643502,4,34902,178,0,Cluster 0 (com=0.51),0.1814135853119498
643591,4,34902,702,0,Cluster 0 (com=0.51),0.5331537145309135
643653,4,34902,298,0,Cluster 0 (com=0.51),0.4308599666688869
643751,4,34902,1349,0,Cluster 0 (com=0.51),0.5348934139805521
643754,4,34902,1906,0,Cluster 0 (com=0.51),0.5205241885056499
644025,4,34902,599,0,Cluster 0 (com=0.51),0.4844778587700176
644210,4,34902,256,0,Cluster 0 (com=0.51),0.48127271940408106
644343,4,34902,44,0,Cluster 0 (com=0.51),0.2569569877376518
644361,4,34902,3202,0,Cluster 0 (com=0.51),0.5592055747811628
644369,4,34902,123,0,Cluster 0 (com=0.51),0.2226465346792078
644450,4,34902,945,0,Cluster 0 (com=0.51),0.47977509796789825
644508,4,34902,557,0,Cluster 0 (com=0.51),0.2838275522122939
644761,4,34902,1112,0,Cluster 0 (com=0.51),0.5308291197872776
644791,4,34902,1070,0,Cluster 0 (com=0.51),0.5412283047469264
644818,4,34902,655,0,Cluster 0 (com=0.51),0.4363459578697128
644936,4,34902,197,1,Cluster 1 (com=0.70),0.3050322914701857
644974,4,34902,737,0,Cluster 0 (com=0.51),0.4203268177932439
645020,4,34902,331,0,Cluster 0 (com=0.51),0.3696218422554232
645078,4,34902,625,0,Cluster 0 (com=0.51),0.48363901288145505
645405,4,34902,1909,0,Cluster 0 (com=0.51),0.5216113575977019
645433,4,34902,155,0,Cluster 0 (com=0.51),0.14322491917774463
645496,4,34902,688,0,Cluster 0 (com=0.51),0.3399081989662066
645518,4,34902,722,0,Cluster 0 (com=0.51),0.46349935623843963
645586,4,34902,143,1,Cluster 1 (com=0.70),0.42073285432692487
645705,4,34902,275,0,Cluster 0 (com=0.51),0.20547617512330882
645784,4,34902,201,0,Cluster 0 (com=0.51),0.43941636264478434
645840,4,34902,649,0,Cluster 0 (com=0.51),0.17973227533698016
645880,4,34902,101,1,Cluster 1 (com=0.70),0.4188441983541077
645948,4,34902,176,0,Cluster 0 (com=0.51),0.2414513381558221
645960,4,34902,169,1,Cluster 1 (com=0.70),0.41745850355303316
645997,4,34902,504,0,Cluster 0 (com=0.51),0.34039985090925773
646015,4,34902,424,0,Cluster 0 (com=0.51),0.42637563729260924
646017,4,34902,1526,0,Cluster 0 (com=0.51),0.49664667780554456
646053,4,34902,854,0,Cluster 0 (com=0.51),0.23235436633189893
646074,4,34902,1123,0,Cluster 0 (com=0.51),0.41925277538766526
646085,4,34902,783,0,Cluster 0 (com=0.51),0.3825257836836986
646138,4,34902,300,0,Cluster 0 (com=0.51),0.42345589245688026
646313,4,34902,739,0,Cluster 0 (com=0.51),0.34343685481037417
646357,4,34902,612,0,Cluster 0 (com=0.51),0.4842818897046715
646402,4,34902,525,0,Cluster 0 (com=0.51),0.42668768699197196
646460,4,34902,493,0,Cluster 0 (com=0.51),0.3771689029024461
646539,4,34902,310,1,Cluster 1 (com=0.70),0.17253022204643476
646540,4,34902,1074,0,Cluster 0 (com=0.51),0.42046101554128384
646551,4,34902,1433,0,Cluster 0 (com=0.51),0.4878810778744948
646638,4,34902,301,1,Cluster 1 (com=0.70),0.009474842012152027
646670,4,34902,425,1,Cluster 1 (com=0.70),0.1830505088949264
646734,4,34902,123,1,Cluster 1 (com=0.70),0.38183278153268885
646750,4,34902,106,0,Cluster 0 (com=0.51),0.24336329880453192
646778,4,34902,913,0,Cluster 0 (com=0.51),0.44386579740068605
646990,4,34902,505,0,Cluster 0 (com=0.51),0.4404939145759712
647040,4,34902,441,0,Cluster 0 (com=0.51),0.23911705728150728
647154,4,34902,418,1,Cluster 1 (com=0.70),-0.008606333354598678
647169,4,34902,461,0,Cluster 0 (com=0.51),0.314070674091467
647320,4,34902,1216,1,Cluster 1 (com=0.70),0.136433151397081
647324,4,34902,967,0,Cluster 0 (com=0.51),0.5169161088802389
647391,4,34902,81,1,Cluster 1 (com=0.70),0.14212306103400218
647398,4,34902,457,0,Cluster 0 (com=0.51),0.46891310215513166
647399,4,34902,822,0,Cluster 0 (com=0.51),0.5361292992190998
647425,4,34902,3121,0,Cluster 0 (com=0.51),0.537060665437053
647485,4,34902,209,0,Cluster 0 (com=0.51),0.18059902403919462
647496,4,34902,220,0,Cluster 0 (com=0.51),0.10493951436429118
647765,4,34902,119,1,Cluster 1 (com=0.70),0.38183278153268885
647841,4,34902,224,0,Cluster 0 (com=0.51),0.39734811782523743
647898,4,34902,413,0,Cluster 0 (com=0.51),0.45297390321066067
647910,4,34902,151,1,Cluster 1 (com=0.70),-0.0429730671839278
647945,4,34902,311,0,Cluster 0 (com=0.51),0.42584770768700403
647987,4,34902,104,1,Cluster 1 (com=0.70),0.05491060949419926
648027,4,34902,179,1,Cluster 1 (com=0.70),0.4261704521747098
648037,4,34902,1021,0,Cluster 0 (com=0.51),0.5236049209148661
648038,4,34902,735,0,Cluster 0 (com=0.51),0.3945908627201189
648040,4,34902,854,0,Cluster 0 (com=0.51),0.5159732283288199
648086,4,34902,324,0,Cluster 0 (com=0.51),0.38128578603762037
648105,4,34902,549,1,Cluster 1 (com=0.70),0.04018669294870085
648114,4,34902,749,0,Cluster 0 (com=0.51),0.35560581280673603
648116,4,34902,700,0,Cluster 0 (com=0.51),0.4221613804002295
648140,4,34902,126,0,Cluster 0 (com=0.51),0.37643257277939707
648254,4,34902,350,1,Cluster 1 (com=0.70),0.21668255956155485
648287,4,34902,467,0,Cluster 0 (com=0.51),0.4380895026495591
648365,4,34902,1018,0,Cluster 0 (com=0.51),0.5267499717180926
648366,4,34902,664,0,Cluster 0 (com=0.51),0.430730912738233
648457,4,34902,350,1,Cluster 1 (com=0.70),0.144089416322538
648470,4,34902,852,0,Cluster 0 (com=0.51),0.5340653021875518
648531,4,34902,870,0,Cluster 0 (com=0.51),0.5224666469232191
648536,4,34902,142,1,Cluster 1 (com=0.70),0.4065413352801542
648564,4,34902,796,1,Cluster 1 (com=0.70),0.1402982335114251
648571,4,34902,592,0,Cluster 0 (com=0.51),0.4551747323153627
648590,4,34902,324,1,Cluster 1 (com=0.70),0.17322212668431486
648613,4,34902,443,1,Cluster 1 (com=0.70),0.3399609489917451
648685,4,34902,377,0,Cluster 0 (com=0.51),0.3693028785846904
648804,4,34902,306,0,Cluster 0 (com=0.51),0.306232348939247
648815,4,34902,1115,0,Cluster 0 (com=0.51),0.5325342491459731
648903,4,34902,381,0,Cluster 0 (com=0.51),0.23365318011692593
648972,4,34902,166,1,Cluster 1 (com=0.70),0.4227323607233701
649004,4,34902,1619,0,Cluster 0 (com=0.51),0.5530980482011797
649009,4,34902,38,0,Cluster 0 (com=0.51),0.20239417532391202
649079,4,34902,1972,0,Cluster 0 (com=0.51),0.5511481961232074
649084,4,34902,367,0,Cluster 0 (com=0.51),0.3694160686971918
649093,4,34902,223,0,Cluster 0 (com=0.51),0.29825733771260005
649118,4,34902,37,0,Cluster 0 (com=0.51),0.05357405272014538
649141,4,34902,250,0,Cluster 0 (com=0.51),0.3372926979679482
649159,4,34902,549,0,Cluster 0 (com=0.51),0.4737432868572995
649165,4,34902,192,1,Cluster 1 (com=0.70),0.3370307616556964
649207,4,34902,658,0,Cluster 0 (com=0.51),0.4909666864933883
649212,4,34902,859,0,Cluster 0 (com=0.51),0.425351347431913
649230,4,34902,860,0,Cluster 0 (com=0.51),0.46036960874907035
649258,4,34902,59,0,Cluster 0 (com=0.51),0.200665580777882
649284,4,34902,185,1,Cluster 1 (com=0.70),0.35495994215617965
649379,4,34902,1618,0,Cluster 0 (com=0.51),0.460990409789929
649400,4,34902,681,0,Cluster 0 (com=0.51),0.27735533773461085
649434,4,34902,710,0,Cluster 0 (com=0.51),0.4348808988531893
649435,4,34902,382,0,Cluster 0 (com=0.51),0.21540904915568643
649457,4,34902,1137,0,Cluster 0 (com=0.51),0.4930628740732844
649566,4,34902,308,0,Cluster 0 (com=0.51),0.20984696213757872
649619,4,34902,741,0,Cluster 0 (com=0.51),0.48295277926622343
649735,4,34902,320,1,Cluster 1 (com=0.70),0.3803237115741588
649806,4,34902,39,1,Cluster 1 (com=0.70),0.22416153634607214
649952,4,34902,844,0,Cluster 0 (com=0.51),0.44288679770026157
649979,4,34902,68,1,Cluster 1 (com=0.70),0.2418434654664359
650031,4,34902,240,0,Cluster 0 (com=0.51),0.23256423712672888
650108,4,34902,682,0,Cluster 0 (com=0.51),0.47409412134544754
650160,4,34902,780,0,Cluster 0 (com=0.51),0.4687001260218587
650251,4,34902,786,0,Cluster 0 (com=0.51),0.4921954369231308
650363,4,34902,456,0,Cluster 0 (com=0.51),0.19668304733907338
650370,4,34902,217,1,Cluster 1 (com=0.70),-0.008531745300122046
650424,4,34902,438,0,Cluster 0 (com=0.51),0.5094236786569928
650461,4,34902,123,0,Cluster 0 (com=0.51),0.15346019516785067
650469,4,34902,843,0,Cluster 0 (com=0.51),0.4823693262108933
650473,4,34902,509,0,Cluster 0 (com=0.51),0.48426899987365324
650570,4,34902,529,0,Cluster 0 (com=0.51),0.351139550966561
650866,4,34902,1672,0,Cluster 0 (com=0.51),0.4960904499648903
650923,4,34902,134,0,Cluster 0 (com=0.51),0.17152142100185616
650960,4,34902,109,1,Cluster 1 (com=0.70),0.08703281730162081
651040,4,34902,109,1,Cluster 1 (com=0.70),0.316149258423515
651121,4,34902,790,0,Cluster 0 (com=0.51),0.345978598754767
651126,4,34902,282,1,Cluster 1 (com=0.70),0.3925211835232446
651200,4,34902,23,0,Cluster 0 (com=0.51),0.05817125272071709
651238,4,34902,470,0,Cluster 0 (com=0.51),0.44547457818582675
651330,4,34902,203,1,Cluster 1 (com=0.70),0.3916257169797542
651354,4,34902,752,0,Cluster 0 (com=0.51),0.4534485779843097
651381,4,34902,639,0,Cluster 0 (com=0.51),0.1256254706743446
651419,4,34902,1547,0,Cluster 0 (com=0.51),0.5036343055104231
651478,4,34902,1179,0,Cluster 0 (com=0.51),0.5045845600368314
651498,4,34902,1021,0,Cluster 0 (com=0.51),0.5019899897027422
651555,4,34902,60,1,Cluster 1 (com=0.70),0.4176422460558451
651598,4,34902,336,0,Cluster 0 (com=0.51),0.3872616065254346
651693,4,34902,135,1,Cluster 1 (com=0.70),0.38183278153268885
651881,4,34902,450,0,Cluster 0 (com=0.51),0.43336480582278425
651927,4,34902,798,0,Cluster 0 (com=0.51),0.26959275091417195
651990,4,34902,460,0,Cluster 0 (com=0.51),0.5366459477669678
652008,4,34902,484,0,Cluster 0 (com=0.51),0.43193148190773495
652064,4,34902,822,0,Cluster 0 (com=0.51),0.46946354671753504
652087,4,34902,221,0,Cluster 0 (com=0.51),0.3867061155663414
652333,4,34902,436,1,Cluster 1 (com=0.70),0.004309104608016643
652335,4,34902,643,0,Cluster 0 (com=0.51),0.5189025190922687
652438,4,34902,95,1,Cluster 1 (com=0.70),0.05480332772936057
652576,4,34902,487,0,Cluster 0 (com=0.51),0.2827766661624174
652625,4,34902,510,0,Cluster 0 (com=0.51),0.5445794492052005
652672,4,34902,808,0,Cluster 0 (com=0.51),0.3810157002113876
652684,4,34902,880,0,Cluster 0 (com=0.51),0.4777713730080562
652711,4,34902,655,0,Cluster 0 (com=0.51),0.12153343127176136
652753,4,34902,275,0,Cluster 0 (com=0.51),0.46191795273642394
652788,4,34902,489,0,Cluster 0 (com=0.51),0.35075225340783306
652887,4,34902,261,0,Cluster 0 (com=0.51),0.345121366363353
652890,4,34902,123,1,Cluster 1 (com=0.70),0.4263429790143528
652898,4,34902,1236,0,Cluster 0 (com=0.51),0.464704664843737
652994,4,34902,90,0,Cluster 0 (com=0.51),0.37252137542990943
653045,4,34902,220,0,Cluster 0 (com=0.51),0.25726150253457497
653115,4,34902,79,1,Cluster 1 (com=0.70),-0.02664726359271689
653144,4,34902,161,0,Cluster 0 (com=0.51),0.1957477126792982
653297,4,34902,413,0,Cluster 0 (com=0.51),0.3688637540193457
653301,4,34902,711,0,Cluster 0 (com=0.51),0.37769056497903875
653381,4,34902,462,0,Cluster 0 (com=0.51),0.3996064386528935
653417,4,34902,110,1,Cluster 1 (com=0.70),0.35937000168686073
653536,4,34902,140,1,Cluster 1 (com=0.70),0.15864125251653746
653558,4,34902,295,0,Cluster 0 (com=0.51),0.09075151690859855
653567,4,34902,95,1,Cluster 1 (com=0.70),0.24984444706943276
653595,4,34902,662,0,Cluster 0 (com=0.51),0.4549792806956224
653653,4,34902,324,0,Cluster 0 (com=0.51),0.37117784796123826
653773,4,34902,992,0,Cluster 0 (com=0.51),0.5167107746824632
653841,4,34902,619,0,Cluster 0 (com=0.51),0.3599589475022393
653857,4,34902,78,0,Cluster 0 (com=0.51),0.2757648537984623
654045,4,34902,8,0,Cluster 0 (com=0.51),0.200173562983281
654114,4,34902,488,0,Cluster 0 (com=0.51),0.4894320112073498
654169,4,34902,401,0,Cluster 0 (com=0.51),0.3361503357250447
654217,4,34902,106,0,Cluster 0 (com=0.51),0.11546928107349146
654236,4,34902,347,0,Cluster 0 (com=0.51),0.2768808428268781
654260,4,34902,397,1,Cluster 1 (com=0.70),0.04461103171534458
654339,4,34902,313,0,Cluster 0 (com=0.51),0.11416820475462235
654441,4,34902,1028,0,Cluster 0 (com=0.51),0.189982896134374
654565,4,34902,373,1,Cluster 1 (com=0.70),0.19338489420656801
654578,4,34902,435,0,Cluster 0 (com=0.51),0.1040320281030759
654597,4,34902,406,0,Cluster 0 (com=0.51),0.4374283014917278
654684,4,34902,197,0,Cluster 0 (com=0.51),0.19065834373941964
654692,4,34902,408,0,Cluster 0 (com=0.51),0.4698830223241851
654819,4,34902,2039,0,Cluster 0 (com=0.51),0.4917130574843908
654824,4,34902,1056,0,Cluster 0 (com=0.51),0.4610772893422121
654834,4,34902,993,0,Cluster 0 (com=0.51),0.46369878616448884
654867,4,34902,1011,0,Cluster 0 (com=0.51),0.40455448117598525
654947,4,34902,243,1,Cluster 1 (com=0.70),0.16380709957274298
655115,4,34902,527,0,Cluster 0 (com=0.51),0.35472991497771533
655124,4,34902,54,1,Cluster 1 (com=0.70),0.31323787596674163
655127,4,34902,706,0,Cluster 0 (com=0.51),0.45222201382439026
655353,4,34902,168,0,Cluster 0 (com=0.51),0.45829099018370223
655386,4,34902,1057,0,Cluster 0 (com=0.51),0.5467498787882761
655412,4,34902,692,0,Cluster 0 (com=0.51),0.5094694577634914
655445,4,34902,471,0,Cluster 0 (com=0.51),0.5157958572265601
655569,4,34902,169,0,Cluster 0 (com=0.51),0.37495565100731004
655796,4,34902,36,0,Cluster 0 (com=0.51),0.30362630728405454
655927,4,34902,284,1,Cluster 1 (com=0.70),-0.03265724433622466
655981,4,34902,270,0,Cluster 0 (com=0.51),0.4099454253807375
656065,4,34902,239,0,Cluster 0 (com=0.51),0.3840053249502254
656092,4,34902,616,0,Cluster 0 (com=0.51),0.4844877584288909
656131,4,34902,975,0,Cluster 0 (com=0.51),0.471642207985357
656158,4,34902,613,1,Cluster 1 (com=0.70),0.3965317781533501
656159,4,34902,696,0,Cluster 0 (com=0.51),0.4929762232208663
656165,4,34902,445,1,Cluster 1 (com=0.70),0.20595371879174762
656234,4,34902,450,0,Cluster 0 (com=0.51),0.11865354733587935
656323,4,34902,348,0,Cluster 0 (com=0.51),0.4436421499632299
656414,4,34902,494,0,Cluster 0 (com=0.51),0.17509974342746554
656436,4,34902,83,0,Cluster 0 (com=0.51),0.1910357085988859
656529,4,34902,523,0,Cluster 0 (com=0.51),0.23759686576833167
656579,4,34902,1064,0,Cluster 0 (com=0.51),0.5352795514738561
656607,4,34902,262,1,Cluster 1 (com=0.70),0.05145096109447432
656651,4,34902,189,0,Cluster 0 (com=0.51),0.3960421424361423
656734,4,34902,1407,0,Cluster 0 (com=0.51),0.504477582053637
656791,4,34902,1363,0,Cluster 0 (com=0.51),0.5438810320738602
656882,4,34902,425,0,Cluster 0 (com=0.51),0.40027160777340115
656988,4,34902,109,1,Cluster 1 (com=0.70),-0.07928046455218322
656996,4,34902,340,0,Cluster 0 (com=0.51),0.3406370223320795
657048,4,34902,197,1,Cluster 1 (com=0.70),0.41930368984094035
657220,4,34902,236,0,Cluster 0 (com=0.51),0.4669821088080733
657330,4,34902,778,0,Cluster 0 (com=0.51),0.5488676705574513
657344,4,34902,568,0,Cluster 0 (com=0.51),0.5432584630358908
674222,4,34902,936,0,Cluster 0 (com=0.51),0.5398765903734903
674226,4,34902,532,0,Cluster 0 (com=0.51),0.3603782670614064
674236,4,34902,451,0,Cluster 0 (com=0.51),0.35216523030926067
674262,4,34902,983,0,Cluster 0 (com=0.51),0.5420694595514312
674320,4,34902,320,0,Cluster 0 (com=0.51),0.31269973393690226
674387,4,34902,922,0,Cluster 0 (com=0.51),0.42067504235076386
674406,4,34902,204,0,Cluster 0 (com=0.51),0.3326059356178548
674451,4,34902,427,0,Cluster 0 (com=0.51),0.12366161154681567
674484,4,34902,799,0,Cluster 0 (com=0.51),0.50821101603577
674497,4,34902,305,0,Cluster 0 (com=0.51),0.4667988217639323
674509,4,34902,1878,0,Cluster 0 (com=0.51),0.4985481460127048
674584,4,34902,636,0,Cluster 0 (com=0.51),0.4390611987928302
674644,4,34902,965,0,Cluster 0 (com=0.51),0.3420432049372835
674657,4,34902,384,0,Cluster 0 (com=0.51),0.4635554284402738
674671,4,34902,510,0,Cluster 0 (com=0.51),0.41194969515205154
674691,4,34902,941,0,Cluster 0 (com=0.51),0.5599736907691937
674694,4,34902,1326,0,Cluster 0 (com=0.51),0.3154958932593561
674699,4,34902,155,1,Cluster 1 (com=0.70),0.20615412696494637
674751,4,34902,541,1,Cluster 1 (com=0.70),-0.08677140145921647
674831,4,34902,514,0,Cluster 0 (com=0.51),0.4804125667639798
674870,4,34902,1293,0,Cluster 0 (com=0.51),0.5136829458679828
674921,4,34902,1154,0,Cluster 0 (com=0.51),0.422315686341093
675021,4,34902,1312,0,Cluster 0 (com=0.51),0.08577205403624197
675054,4,34902,75,1,Cluster 1 (com=0.70),0.2803426485123437
675193,4,34902,460,0,Cluster 0 (com=0.51),0.5398572473627586
675225,4,34902,499,0,Cluster 0 (com=0.51),0.39305649254065617
675233,4,34902,1553,0,Cluster 0 (com=0.51),0.49552021371408544
675261,4,34902,417,1,Cluster 1 (com=0.70),0.15841854484200799
675273,4,34902,363,1,Cluster 1 (com=0.70),0.14758915020987506
675279,4,34902,542,0,Cluster 0 (com=0.51),0.3459639118175229
675315,4,34902,898,0,Cluster 0 (com=0.51),0.47605374897340014
675328,4,34902,376,0,Cluster 0 (com=0.51),0.3529887248044805
675474,4,34902,107,0,Cluster 0 (com=0.51),0.1281429931599023
675566,4,34902,135,1,Cluster 1 (com=0.70),0.3954305139443374
675636,4,34902,716,0,Cluster 0 (com=0.51),0.5452194642295891
675710,4,34902,686,0,Cluster 0 (com=0.51),0.49785060303791473
675989,4,34902,906,0,Cluster 0 (com=0.51),0.5131719214108765
676007,4,34902,104,1,Cluster 1 (com=0.70),0.20889977736710932
676064,4,34902,508,1,Cluster 1 (com=0.70),0.13466457754189515
676103,4,34902,392,1,Cluster 1 (com=0.70),0.3815831740992962
676190,4,34902,1628,0,Cluster 0 (com=0.51),0.5324059755031063
676265,4,34902,523,0,Cluster 0 (com=0.51),0.4822013711639463
676272,4,34902,73,1,Cluster 1 (com=0.70),0.38183278153268885
676303,4,34902,213,1,Cluster 1 (com=0.70),0.3503284169807489
676378,4,34902,331,0,Cluster 0 (com=0.51),0.3431557894327915
676444,4,34902,1072,0,Cluster 0 (com=0.51),0.5414760990226972
676458,4,34902,412,0,Cluster 0 (com=0.51),0.3310993458727925
676459,4,34902,315,0,Cluster 0 (com=0.51),0.40247070884007025
676478,4,34902,743,0,Cluster 0 (com=0.51),0.198805138100635
676492,4,34902,1446,0,Cluster 0 (com=0.51),0.3442910835083827
676610,4,34902,1059,0,Cluster 0 (com=0.51),0.4112117942565841
676626,4,34902,677,0,Cluster 0 (com=0.51),0.42128618487306313
676866,4,34902,515,0,Cluster 0 (com=0.51),0.5143984959268436
676882,4,34902,719,0,Cluster 0 (com=0.51),0.3687138496662873
677085,4,34902,462,0,Cluster 0 (com=0.51),0.37935390019041887
677111,4,34902,721,0,Cluster 0 (com=0.51),0.1467192570970022
677138,4,34902,838,0,Cluster 0 (com=0.51),0.4678154424203796
677155,4,34902,1225,0,Cluster 0 (com=0.51),0.5306145576534539
677167,4,34902,764,0,Cluster 0 (com=0.51),0.38689271087370475
677206,4,34902,740,0,Cluster 0 (com=0.51),0.4105288872196819
677221,4,34902,999,0,Cluster 0 (com=0.51),0.46564997952136805
677235,4,34902,26,1,Cluster 1 (com=0.70),0.11677176939324545
677382,4,34902,408,0,Cluster 0 (com=0.51),0.3163757836558838
677400,4,34902,557,0,Cluster 0 (com=0.51),0.42005062881110583
677436,4,34902,383,1,Cluster 1 (com=0.70),0.03693902756966356
677456,4,34902,694,0,Cluster 0 (com=0.51),0.4817481422318494
677486,4,34902,366,0,Cluster 0 (com=0.51),0.3665551928346198
677546,4,34902,341,1,Cluster 1 (com=0.70),-0.054544815602463645
677582,4,34902,274,0,Cluster 0 (com=0.51),0.2627578750258821
677655,4,34902,564,0,Cluster 0 (com=0.51),0.5063382848101953
677687,4,34902,62,1,Cluster 1 (com=0.70),0.19045710190993298
677748,4,34902,225,0,Cluster 0 (com=0.51),0.24240695881296728
677767,4,34902,55,0,Cluster 0 (com=0.51),0.3718488616664557
677833,4,34902,1257,0,Cluster 0 (com=0.51),0.45228637891320356
677869,4,34902,36,1,Cluster 1 (com=0.70),-0.007258533693836752
678088,4,34902,859,0,Cluster 0 (com=0.51),0.48298768897131905
678203,4,34902,313,1,Cluster 1 (com=0.70),0.3514419163898196
678235,4,34902,1039,0,Cluster 0 (com=0.51),0.45986928981797076
678270,4,34902,42,1,Cluster 1 (com=0.70),0.2682747132089771
678381,4,34902,62,1,Cluster 1 (com=0.70),0.4023112108753198
678452,4,34902,183,1,Cluster 1 (com=0.70),-0.0539022901251436
678528,4,34902,305,1,Cluster 1 (com=0.70),0.20431350103682072
678628,4,34902,348,1,Cluster 1 (com=0.70),-0.046785419785345846
678659,4,34902,694,1,Cluster 1 (com=0.70),0.3951156831380845
678819,4,34902,814,0,Cluster 0 (com=0.51),0.515639022052562
678859,4,34902,731,0,Cluster 0 (com=0.51),0.5431812226543992
678946,4,34902,613,0,Cluster 0 (com=0.51),0.4675611703472228
678954,4,34902,1003,0,Cluster 0 (com=0.51),0.48908192432601083
679036,4,34902,2948,0,Cluster 0 (com=0.51),0.5277545707325031
679189,4,34902,724,0,Cluster 0 (com=0.51),0.4975001228665102
679227,4,34902,391,1,Cluster 1 (com=0.70),0.20483610213548015
679237,4,34902,654,1,Cluster 1 (com=0.70),0.4135499179376908
679251,4,34902,273,1,Cluster 1 (com=0.70),0.13508326774312696
679262,4,34902,81,1,Cluster 1 (com=0.70),0.25994211514551663
679278,4,34902,471,0,Cluster 0 (com=0.51),0.13970020769331404
679384,4,34902,875,0,Cluster 0 (com=0.51),0.4882183429991138
679386,4,34902,122,0,Cluster 0 (com=0.51),0.3186987624670907
679402,4,34902,162,0,Cluster 0 (com=0.51),0.2536697977069701
679445,4,34902,474,0,Cluster 0 (com=0.51),0.20385712568791692
679448,4,34902,758,0,Cluster 0 (com=0.51),0.4780079420604449
679498,4,34902,774,0,Cluster 0 (com=0.51),0.4544449800299759
679509,4,34902,130,1,Cluster 1 (com=0.70),0.300490010936181
679594,4,34902,1623,0,Cluster 0 (com=0.51),0.47135746822816144
679676,4,34902,473,0,Cluster 0 (com=0.51),0.417187085479523
679788,4,34902,196,0,Cluster 0 (com=0.51),0.16654754052177995
679790,4,34902,646,0,Cluster 0 (com=0.51),0.21025498465218814
679939,4,34902,241,1,Cluster 1 (com=0.70),0.15296107615087193
680014,4,34902,412,1,Cluster 1 (com=0.70),-0.027586921428517677
680027,4,34902,254,0,Cluster 0 (com=0.51),0.3334428645809535
680080,4,34902,483,0,Cluster 0 (com=0.51),0.39604074476779344
680145,4,34902,187,1,Cluster 1 (com=0.70),0.25144320423320793
680212,4,34902,52,1,Cluster 1 (com=0.70),0.3943776980199845
680266,4,34902,362,0,Cluster 0 (com=0.51),0.2986373401025241
680270,4,34902,208,0,Cluster 0 (com=0.51),0.2701797781900188
680322,4,34902,698,0,Cluster 0 (com=0.51),0.29985026727984615
680343,4,34902,437,0,Cluster 0 (com=0.51),0.3388699335425178
680348,4,34902,524,0,Cluster 0 (com=0.51),0.5274497933542172
680443,4,34902,736,0,Cluster 0 (com=0.51),0.5156555995414713
680464,4,34902,364,0,Cluster 0 (com=0.51),0.391769794162741
680506,4,34902,442,1,Cluster 1 (com=0.70),0.38973100433906055
680572,4,34902,324,0,Cluster 0 (com=0.51),0.33476429471481567
680708,4,34902,396,1,Cluster 1 (com=0.70),-0.02198651409797078
680713,4,34902,969,0,Cluster 0 (com=0.51),0.5270556568819291
680747,4,34902,527,0,Cluster 0 (com=0.51),0.3135094245528888
680775,4,34902,224,0,Cluster 0 (com=0.51),0.39868364044205545
680810,4,34902,1019,0,Cluster 0 (com=0.51),0.5271743295259498
680872,4,34902,13,1,Cluster 1 (com=0.70),0.06853988516469525
680912,4,34902,448,0,Cluster 0 (com=0.51),0.48848535956393685
680955,4,34902,825,0,Cluster 0 (com=0.51),0.520877297572688
680974,4,34902,55,1,Cluster 1 (com=0.70),0.43018860186085406
681004,4,34902,616,0,Cluster 0 (com=0.51),0.5010556566671182
681235,4,34902,204,0,Cluster 0 (com=0.51),0.18583939247005923
681328,4,34902,624,0,Cluster 0 (com=0.51),0.3333435056607954
681341,4,34902,230,1,Cluster 1 (com=0.70),0.41001088152840703
681352,4,34902,437,1,Cluster 1 (com=0.70),0.03031728655318539
681354,4,34902,75,0,Cluster 0 (com=0.51),0.2614739567386881
681452,4,34902,140,1,Cluster 1 (com=0.70),0.08284729325384065
681490,4,34902,1071,0,Cluster 0 (com=0.51),0.5362821640456453
681608,4,34902,160,1,Cluster 1 (com=0.70),0.3176864323245518
681633,4,34902,1122,0,Cluster 0 (com=0.51),0.4932212802133026
681652,4,34902,923,0,Cluster 0 (com=0.51),0.44067291230852795
681655,4,34902,735,0,Cluster 0 (com=0.51),0.32508319667569713
681658,4,34902,109,1,Cluster 1 (com=0.70),0.21579179657977532
681755,4,34902,105,0,Cluster 0 (com=0.51),0.3668961857096246
681763,4,34902,954,0,Cluster 0 (com=0.51),0.4515007377506686
681938,4,34902,433,1,Cluster 1 (com=0.70),0.39904031992099986
681973,4,34902,229,1,Cluster 1 (com=0.70),0.3531561530853445
682019,4,34902,116,1,Cluster 1 (com=0.70),0.12427403660231096
682070,4,34902,778,0,Cluster 0 (com=0.51),0.4487885267566025
682298,4,34902,439,0,Cluster 0 (com=0.51),0.24485110372201227
682390,4,34902,162,1,Cluster 1 (com=0.70),0.3446065976484923
682436,4,34902,1056,0,Cluster 0 (com=0.51),0.15724501091997725
682437,4,34902,1019,0,Cluster 0 (com=0.51),0.5030751194195784
682511,4,34902,396,1,Cluster 1 (com=0.70),0.21916123989143627
682539,4,34902,1061,0,Cluster 0 (com=0.51),0.5211278990921042
682569,4,34902,703,0,Cluster 0 (com=0.51),0.45443702766604044
682588,4,34902,580,0,Cluster 0 (com=0.51),0.42062103651723126
682613,4,34902,78,0,Cluster 0 (com=0.51),0.07233594395476457
682632,4,34902,1052,0,Cluster 0 (com=0.51),0.48838715527042825
682695,4,34902,392,0,Cluster 0 (com=0.51),0.41831650301073936
682753,4,34902,458,0,Cluster 0 (com=0.51),0.28754486261916334
682839,4,34902,703,0,Cluster 0 (com=0.51),0.17746108210975328
682894,4,34902,531,0,Cluster 0 (com=0.51),0.24334892333087296
682963,4,34902,749,0,Cluster 0 (com=0.51),0.44579130562257663
682981,4,34902,662,0,Cluster 0 (com=0.51),0.4219147470042154
682983,4,34902,404,0,Cluster 0 (com=0.51),0.2735412622289129
682985,4,34902,184,1,Cluster 1 (com=0.70),0.3956391338640583
682990,4,34902,1672,0,Cluster 0 (com=0.51),0.5223630072253107
683033,4,34902,548,0,Cluster 0 (com=0.51),0.4999148342779513
683094,4,34902,248,0,Cluster 0 (com=0.51),0.5142462233490867
683178,4,34902,336,0,Cluster 0 (com=0.51),0.35029744787170225
683243,4,34902,338,0,Cluster 0 (com=0.51),0.324031481391877
683305,4,34902,165,1,Cluster 1 (com=0.70),0.28390723362833364
683346,4,34902,715,0,Cluster 0 (com=0.51),0.4615818480436751
683352,4,34902,132,1,Cluster 1 (com=0.70),0.10392328382603185
683353,4,34902,919,0,Cluster 0 (com=0.51),0.42762015531338415
683375,4,34902,271,0,Cluster 0 (com=0.51),0.34803255703803404
683403,4,34902,755,0,Cluster 0 (com=0.51),0.48031737696567284
683467,4,34902,68,1,Cluster 1 (com=0.70),0.39757058283710994
683508,4,34902,53,1,Cluster 1 (com=0.70),0.21374045501472677
683530,4,34902,1375,0,Cluster 0 (com=0.51),0.5244089460630182
683550,4,34902,477,0,Cluster 0 (com=0.51),0.12026512227278953
683604,4,34902,957,0,Cluster 0 (com=0.51),0.5232915559613542
683624,4,34902,1912,0,Cluster 0 (com=0.51),0.4852160558632735
683820,4,34902,507,0,Cluster 0 (com=0.51),0.4338105557351822
683902,4,34902,384,1,Cluster 1 (com=0.70),0.059722487393217595
683934,4,34902,435,1,Cluster 1 (com=0.70),-0.07474528176399256
684013,4,34902,749,0,Cluster 0 (com=0.51),0.5248021831187437
684183,4,34902,270,0,Cluster 0 (com=0.51),0.39282296944932865
684311,4,34902,465,0,Cluster 0 (com=0.51),0.507326830439535
684383,4,34902,1008,0,Cluster 0 (com=0.51),0.24836696233024722
684386,4,34902,1049,0,Cluster 0 (com=0.51),0.28647692329458396
684526,4,34902,543,0,Cluster 0 (com=0.51),0.27452715528889426
684592,4,34902,329,1,Cluster 1 (com=0.70),0.005448070801083278
684671,4,34902,167,1,Cluster 1 (com=0.70),-0.025185744406072543
684675,4,34902,132,1,Cluster 1 (com=0.70),0.3971737208097466
684882,4,34902,560,0,Cluster 0 (com=0.51),0.4540995271628909
684981,4,34902,990,0,Cluster 0 (com=0.51),0.42255083802183624
685105,4,34902,54,1,Cluster 1 (com=0.70),0.4007931352762398
685128,4,34902,204,1,Cluster 1 (com=0.70),0.423002563862001
685140,4,34902,58,0,Cluster 0 (com=0.51),0.27767332307768605
685155,4,34902,863,0,Cluster 0 (com=0.51),0.42134298943543913
685212,4,34902,720,0,Cluster 0 (com=0.51),0.2829721794522595
685276,4,34902,1602,0,Cluster 0 (com=0.51),0.5230910340972037
685283,4,34902,65,0,Cluster 0 (com=0.51),0.3184996279322069
685330,4,34902,769,0,Cluster 0 (com=0.51),0.40977766560308104
685339,4,34902,549,0,Cluster 0 (com=0.51),0.33751444584727974
685373,4,34902,430,0,Cluster 0 (com=0.51),0.30577252897322854
685378,4,34902,89,1,Cluster 1 (com=0.70),0.20457127851312354
685410,4,34902,730,0,Cluster 0 (com=0.51),0.3293293100013109
685619,4,34902,104,0,Cluster 0 (com=0.51),0.1364907748189445
685705,4,34902,66,0,Cluster 0 (com=0.51),0.2877235191242669
685708,4,34902,437,0,Cluster 0 (com=0.51),0.5019558924063259
685772,4,34902,686,0,Cluster 0 (com=0.51),0.4720110688618315
685831,4,34902,427,0,Cluster 0 (com=0.51),0.41207940124043047
686065,4,34902,748,0,Cluster 0 (com=0.51),0.44801736074604914
686314,4,34902,198,1,Cluster 1 (com=0.70),0.18811290451053297
686317,4,34902,64,1,Cluster 1 (com=0.70),-0.05500419368839574
686344,4,34902,907,0,Cluster 0 (com=0.51),0.36504954190923816
686348,4,34902,1349,0,Cluster 0 (com=0.51),0.4121214172463861
686498,4,34902,869,0,Cluster 0 (com=0.51),0.5489597723835292
686522,4,34902,353,0,Cluster 0 (com=0.51),0.4852058446075904
686558,4,34902,98,1,Cluster 1 (com=0.70),0.0047412543729000575
686700,4,34902,36,1,Cluster 1 (com=0.70),0.2444690750615399
686705,4,34902,213,0,Cluster 0 (com=0.51),0.3746659274595067
686946,4,34902,113,1,Cluster 1 (com=0.70),0.369887438908218
687112,4,34902,726,0,Cluster 0 (com=0.51),0.2126877359914882
687115,4,34902,82,1,Cluster 1 (com=0.70),-0.051111773201399646
687351,4,34902,483,1,Cluster 1 (com=0.70),0.4022694707458254
687410,4,34902,648,0,Cluster 0 (com=0.51),0.3601815197378178
687434,4,34902,1305,0,Cluster 0 (com=0.51),0.49343748976297885
687468,4,34902,753,0,Cluster 0 (com=0.51),0.4994731507581801
687485,4,34902,305,0,Cluster 0 (com=0.51),0.35036207119620955
687503,4,34902,1331,0,Cluster 0 (com=0.51),0.47377785715306475
687686,4,34902,168,1,Cluster 1 (com=0.70),-0.022175275985426256
687846,4,34902,391,1,Cluster 1 (com=0.70),0.3105547789731543
687910,4,34902,996,0,Cluster 0 (com=0.51),0.4825221159987735
687930,4,34902,1557,0,Cluster 0 (com=0.51),0.5086291948613781
687931,4,34902,387,0,Cluster 0 (com=0.51),0.4823628258560517
687988,4,34902,824,0,Cluster 0 (com=0.51),0.46932065739183976
688008,4,34902,351,0,Cluster 0 (com=0.51),0.3065361335606151
688127,4,34902,351,0,Cluster 0 (com=0.51),0.11512183052263597
688136,4,34902,1553,0,Cluster 0 (com=0.51),0.5473216717102414
688192,4,34902,511,0,Cluster 0 (com=0.51),0.4413005702284692
688265,4,34902,23,0,Cluster 0 (com=0.51),0.14695295792198107
688337,4,34902,404,0,Cluster 0 (com=0.51),0.39476403530928394
688470,4,34902,96,1,Cluster 1 (com=0.70),0.3289041171819187
688543,4,34902,566,0,Cluster 0 (com=0.51),0.42542139972869925
688667,4,34902,1001,0,Cluster 0 (com=0.51),0.5478152959178199
688685,4,34902,710,0,Cluster 0 (com=0.51),0.4140802725143645
688727,4,34902,1066,0,Cluster 0 (com=0.51),0.5048825538804091
688891,4,34902,301,0,Cluster 0 (com=0.51),0.2570542910675863
688895,4,34902,844,0,Cluster 0 (com=0.51),0.43094474174950037
688976,4,34902,59,1,Cluster 1 (com=0.70),0.22093486807251442
689005,4,34902,106,1,Cluster 1 (com=0.70),0.2850170312240122
689260,4,34902,223,0,Cluster 0 (com=0.51),0.16669568745700972
689280,4,34902,1036,0,Cluster 0 (com=0.51),0.453180858770593
689347,4,34902,255,0,Cluster 0 (com=0.51),0.4229268846863149
689444,4,34902,396,1,Cluster 1 (com=0.70),0.013127867031123019
689796,4,34902,1525,0,Cluster 0 (com=0.51),0.4893139393479666
689832,4,34902,346,0,Cluster 0 (com=0.51),0.29840291741957276
689855,4,34902,493,0,Cluster 0 (com=0.51),0.3821545756005563
689924,4,34902,340,0,Cluster 0 (com=0.51),0.3635416827524717
690075,4,34902,80,1,Cluster 1 (com=0.70),0.30479055141872363
690198,4,34902,478,1,Cluster 1 (com=0.70),0.1561530760654126
690382,4,34902,47,0,Cluster 0 (com=0.51),0.26772328471156637
690628,4,34902,593,0,Cluster 0 (com=0.51),0.31058838038484826
690635,4,34902,125,0,Cluster 0 (com=0.51),0.1262793694369479
690746,4,34902,1162,0,Cluster 0 (com=0.51),0.52969049503167
690832,4,34902,1543,0,Cluster 0 (com=0.51),0.3445129316737971
690872,4,34902,674,0,Cluster 0 (com=0.51),0.38666756271497815
691269,4,34902,427,1,Cluster 1 (com=0.70),0.10916508228413756
691280,4,34902,51,1,Cluster 1 (com=0.70),0.16901286047915304
691326,4,34902,501,0,Cluster 0 (com=0.51),0.44353689276867586
691465,4,34902,159,0,Cluster 0 (com=0.51),0.17935508246557783
691699,4,34902,317,0,Cluster 0 (com=0.51),0.41406641796981936
691722,4,34902,738,0,Cluster 0 (com=0.51),0.5028119482279151
691873,4,34902,554,0,Cluster 0 (com=0.51),0.31679308633932496
691932,4,34902,728,0,Cluster 0 (com=0.51),0.38177557719549193
692010,4,34902,712,0,Cluster 0 (com=0.51),0.3255747838450759
692097,4,34902,1334,0,Cluster 0 (com=0.51),0.4952181250390505
692220,4,34902,517,0,Cluster 0 (com=0.51),0.47423164744877966
692301,4,34902,125,1,Cluster 1 (com=0.70),0.42025943598322024
692334,4,34902,881,0,Cluster 0 (com=0.51),0.4465838886438278
692454,4,34902,826,0,Cluster 0 (com=0.51),0.4912784806562398
692612,4,34902,600,0,Cluster 0 (com=0.51),0.49408467941470724
692893,4,34902,210,0,Cluster 0 (com=0.51),0.08868443376821633
692962,4,34902,610,0,Cluster 0 (com=0.51),0.5377118835912704
692968,4,34902,20,0,Cluster 0 (com=0.51),0.20438575430506742
693160,4,34902,242,0,Cluster 0 (com=0.51),0.32349939638680436
693162,4,34902,1145,0,Cluster 0 (com=0.51),0.37176369404219584
693197,4,34902,101,1,Cluster 1 (com=0.70),-0.010392071749438493
693236,4,34902,221,0,Cluster 0 (com=0.51),0.5063927278774266
693345,4,34902,498,1,Cluster 1 (com=0.70),0.14568945127503893
693373,4,34902,1046,0,Cluster 0 (com=0.51),0.31872740830636326
693497,4,34902,463,0,Cluster 0 (com=0.51),0.3439792199902302
693519,4,34902,68,1,Cluster 1 (com=0.70),0.40257007596725675
693628,4,34902,651,0,Cluster 0 (com=0.51),0.2182395485591452
693764,4,34902,85,0,Cluster 0 (com=0.51),0.07223903606852672
693806,4,34902,195,0,Cluster 0 (com=0.51),0.3261577446496102
693873,4,34902,230,1,Cluster 1 (com=0.70),0.2955089241619765
693903,4,34902,722,0,Cluster 0 (com=0.51),0.5024603091305585
693907,4,34902,447,0,Cluster 0 (com=0.51),0.37271894277242096
694128,4,34902,80,0,Cluster 0 (com=0.51),0.38402536709476087
694144,4,34902,499,0,Cluster 0 (com=0.51),0.33700655709089705
694221,4,34902,433,0,Cluster 0 (com=0.51),0.3916944191304302
694428,4,34902,313,0,Cluster 0 (com=0.51),0.19407914824300992
694456,4,34902,134,1,Cluster 1 (com=0.70),0.40473900918164696
694622,4,34902,738,0,Cluster 0 (com=0.51),0.32545007410009397
694716,4,34902,300,1,Cluster 1 (com=0.70),0.2624995953815007
694827,4,34902,94,1,Cluster 1 (com=0.70),0.38924548180006974
694836,4,34902,364,0,Cluster 0 (com=0.51),0.38925104949904843
694848,4,34902,594,0,Cluster 0 (com=0.51),0.2835042387806951
695090,4,34902,29,0,Cluster 0 (com=0.51),0.2352138925660219
695169,4,34902,205,1,Cluster 1 (com=0.70),0.42519752893245605
695471,4,34902,65,1,Cluster 1 (com=0.70),0.35228282289440754
695485,4,34902,142,1,Cluster 1 (com=0.70),0.39501976539732037
695637,4,34902,413,0,Cluster 0 (com=0.51),0.40344124680085364
695729,4,34902,1141,0,Cluster 0 (com=0.51),0.5190658006896096
695803,4,34902,347,0,Cluster 0 (com=0.51),0.42408815273791756
695825,4,34902,226,0,Cluster 0 (com=0.51),0.4861726762991867
695869,4,34902,743,0,Cluster 0 (com=0.51),0.47296818768982085
696039,4,34902,101,1,Cluster 1 (com=0.70),0.22250641106098412
696043,4,34902,527,1,Cluster 1 (com=0.70),-0.05418625026758322
696082,4,34902,591,0,Cluster 0 (com=0.51),0.509028594884631
696188,4,34902,244,1,Cluster 1 (com=0.70),0.4105122419968985
696275,4,34902,1576,0,Cluster 0 (com=0.51),0.540513323203462
696318,4,34902,674,0,Cluster 0 (com=0.51),0.48944332643790983
696329,4,34902,1023,0,Cluster 0 (com=0.51),0.188650124084312
696347,4,34902,633,0,Cluster 0 (com=0.51),0.5299414426877859
696364,4,34902,109,1,Cluster 1 (com=0.70),0.1547472168847914
696583,4,34902,351,1,Cluster 1 (com=0.70),0.3094958661648768
696659,4,34902,753,0,Cluster 0 (com=0.51),0.4294599486463626
696662,4,34902,1527,0,Cluster 0 (com=0.51),0.506501409686885
696666,4,34902,55,1,Cluster 1 (com=0.70),0.17940150156072499
696671,4,34902,47,0,Cluster 0 (com=0.51),0.14817093263262673
696674,4,34902,345,0,Cluster 0 (com=0.51),0.18306370164406188
696678,4,34902,963,0,Cluster 0 (com=0.51),0.41564534077255166
696729,4,34902,942,0,Cluster 0 (com=0.51),0.504910188050347
697255,4,34902,511,0,Cluster 0 (com=0.51),0.36804746899634555
697438,4,34902,410,0,Cluster 0 (com=0.51),0.49631908538499725
697478,4,34902,364,0,Cluster 0 (com=0.51),0.2652574804002475
697878,4,34902,733,0,Cluster 0 (com=0.51),0.11286334441133807
697998,4,34902,351,0,Cluster 0 (com=0.51),0.204244091647655
698015,4,34902,110,1,Cluster 1 (com=0.70),0.0564281818714448
698384,4,34902,511,0,Cluster 0 (com=0.51),0.44120110117765
698485,4,34902,554,0,Cluster 0 (com=0.51),0.35476992706460375
698656,4,34902,635,0,Cluster 0 (com=0.51),0.32437166925561656
699126,4,34902,51,0,Cluster 0 (com=0.51),0.28062845948658705
699127,4,34902,156,1,Cluster 1 (com=0.70),0.38183278153268885
699128,4,34902,51,0,Cluster 0 (com=0.51),0.31116273330220806
895524,4,34902,1411,0,Cluster 0 (com=0.51),0.5322845373245649
1021350,4,34902,100,1,Cluster 1 (com=0.70),0.38183278153268885
1042726,4,34902,141,0,Cluster 0 (com=0.51),0.07096341784840655
1318759,4,34902,741,0,Cluster 0 (com=0.51),0.548678032133062
1348205,4,34902,1459,0,Cluster 0 (com=0.51),0.5206356727806386
1391717,4,34902,266,0,Cluster 0 (com=0.51),0.11847879290292124
1409532,4,34902,308,0,Cluster 0 (com=0.51),0.4982260227576392
1413902,4,34902,473,0,Cluster 0 (com=0.51),0.21013603247713103
1448966,4,34902,204,1,Cluster 1 (com=0.70),0.33539687638030224
1450604,4,34902,1757,0,Cluster 0 (com=0.51),0.45389631252143364
1473878,4,34902,681,0,Cluster 0 (com=0.51),0.39093755661119306
1501577,4,34902,556,0,Cluster 0 (com=0.51),0.2420252151978598
1585671,4,34902,1234,0,Cluster 0 (com=0.51),0.4454027971206383
1603549,4,34902,313,0,Cluster 0 (com=0.51),0.4287876536546951
1631797,4,34902,334,1,Cluster 1 (com=0.70),0.27791286618935285
1639699,4,34902,302,1,Cluster 1 (com=0.70),0.11258657557613971
1640680,4,34902,705,0,Cluster 0 (com=0.51),0.4179622784676154
1658963,4,34902,296,0,Cluster 0 (com=0.51),0.4423618549930915
1677677,4,34902,1070,1,Cluster 1 (com=0.70),-0.01734220423681133
1722493,4,34902,1433,0,Cluster 0 (com=0.51),0.43573034129987076
1752994,4,34902,445,0,Cluster 0 (com=0.51),0.4972755427621069
1755594,4,34902,653,0,Cluster 0 (com=0.51),0.36692760771890104
1771775,4,34902,229,1,Cluster 1 (com=0.70),0.24638130969211353
1796402,4,34902,748,0,Cluster 0 (com=0.51),0.26955462782498435
1810759,4,34902,603,0,Cluster 0 (com=0.51),0.40271186053902547
1816458,4,34902,932,0,Cluster 0 (com=0.51),0.45632504700909665
1817710,4,34902,461,0,Cluster 0 (com=0.51),0.30330596588221814
1818385,4,34902,675,0,Cluster 0 (com=0.51),0.4705739444326568
1836241,4,34902,1012,0,Cluster 0 (com=0.51),0.4623448335666491
1837138,4,34902,1907,0,Cluster 0 (com=0.51),0.5301845388315058
1856869,4,34902,604,0,Cluster 0 (com=0.51),0.38234778653541895
1866233,4,34902,273,0,Cluster 0 (com=0.51),0.3450440622933975
1871598,4,34902,1554,0,Cluster 0 (com=0.51),0.5176657060129753
1871684,4,34902,496,0,Cluster 0 (com=0.51),0.3540061977746678
1877902,4,34902,826,0,Cluster 0 (com=0.51),0.5209696238675885
1879321,4,34902,1120,0,Cluster 0 (com=0.51),0.5453944038565095
1881231,4,34902,185,0,Cluster 0 (com=0.51),0.27328988190400344
1887108,4,34902,1150,0,Cluster 0 (com=0.51),0.544920962559304
1889752,4,34902,340,1,Cluster 1 (com=0.70),0.36126881370812847
1948159,4,34902,509,0,Cluster 0 (com=0.51),0.38633117468391653
1962049,4,34902,1319,0,Cluster 0 (com=0.51),0.5381574571113835
1962062,4,34902,115,1,Cluster 1 (com=0.70),0.3016679613279819
1972092,4,34902,1537,0,Cluster 0 (com=0.51),0.5146136264019803
1995177,4,34902,821,0,Cluster 0 (com=0.51),0.4930692932881237
2017487,4,34902,807,0,Cluster 0 (com=0.51),0.4424284079272493
2020628,4,34902,1664,0,Cluster 0 (com=0.51),0.5407148848872783
2026075,4,34902,759,0,Cluster 0 (com=0.51),0.5164430356873272
2029571,4,34902,342,0,Cluster 0 (com=0.51),0.43783654009988393
2035700,4,34902,1628,0,Cluster 0 (com=0.51),0.48377241351464273
2047575,4,34902,753,0,Cluster 0 (com=0.51),0.3396016195709395
2065972,4,34902,386,0,Cluster 0 (com=0.51),0.36846799350197523
2067799,4,34902,220,1,Cluster 1 (com=0.70),0.36105302481588525
2081123,4,34902,44,0,Cluster 0 (com=0.51),0.38033292072198605
2096251,4,34902,580,0,Cluster 0 (com=0.51),0.4197553357693258
2103552,4,34902,394,0,Cluster 0 (com=0.51),0.38282864718030063
2106955,4,34902,648,0,Cluster 0 (com=0.51),0.32899098994838666
2128283,4,34902,656,0,Cluster 0 (com=0.51),0.5205949501630757
2138970,4,34902,330,1,Cluster 1 (com=0.70),0.31959300265869595
2140300,4,34902,854,0,Cluster 0 (com=0.51),0.3779572850038935
2143312,4,34902,1173,0,Cluster 0 (com=0.51),0.4267141943748914
2143440,4,34902,554,0,Cluster 0 (com=0.51),0.5114577653703927
2154361,4,34902,173,1,Cluster 1 (com=0.70),0.3756710448759535
2160316,4,34902,979,0,Cluster 0 (com=0.51),0.5297720052072569
2161710,4,34902,85,0,Cluster 0 (com=0.51),0.28058646127126363
2178837,4,34902,792,0,Cluster 0 (com=0.51),0.5307892915610208
2180090,4,34902,1447,0,Cluster 0 (com=0.51),0.5186498641268362
2185729,4,34902,680,0,Cluster 0 (com=0.51),0.398644515271237
2197766,4,34902,378,1,Cluster 1 (com=0.70),0.05719500902997313
2254637,4,34902,375,0,Cluster 0 (com=0.51),0.2009913942737525
2274542,4,34902,1235,0,Cluster 0 (com=0.51),0.5212491976079702
2278101,4,34902,234,0,Cluster 0 (com=0.51),0.3325798945724406
2293511,4,34902,1334,0,Cluster 0 (com=0.51),0.46410913034330337
2298106,4,34902,527,1,Cluster 1 (com=0.70),0.19522667458832724
2298895,4,34902,684,0,Cluster 0 (com=0.51),0.5566690937722305
2301830,4,34902,978,0,Cluster 0 (com=0.51),0.4017583316426605
2306410,4,34902,404,0,Cluster 0 (com=0.51),0.2737846526061574
2332934,4,34902,183,1,Cluster 1 (com=0.70),0.17150734471988263
2339267,4,34902,292,1,Cluster 1 (com=0.70),0.35676701568718683
2341420,4,34902,264,1,Cluster 1 (com=0.70),0.2101296807581656
2343785,4,34902,989,0,Cluster 0 (com=0.51),0.46312465787924156
2351969,4,34902,50,1,Cluster 1 (com=0.70),0.22689665164832598
2360559,4,34902,731,0,Cluster 0 (com=0.51),0.5398204426470741
2366656,4,34902,678,0,Cluster 0 (com=0.51),0.32955283477882363
2378208,4,34902,342,0,Cluster 0 (com=0.51),0.14191084096682474
2386732,4,34902,1293,0,Cluster 0 (com=0.51),0.5363633024608379
2399758,4,34902,684,0,Cluster 0 (com=0.51),0.45547739292110895
2403701,4,34902,2044,0,Cluster 0 (com=0.51),0.5286490441820035
2417433,4,34902,835,0,Cluster 0 (com=0.51),0.45505114897032306
2424257,4,34902,1335,0,Cluster 0 (com=0.51),0.5332808658207505
2427845,4,34902,475,0,Cluster 0 (com=0.51),0.5253972558748177
2438784,4,34902,747,0,Cluster 0 (com=0.51),0.4486296516249536
2457440,4,34902,165,0,Cluster 0 (com=0.51),0.2571670405941765
2480886,4,34902,408,0,Cluster 0 (com=0.51),0.41012296296771905
2482710,4,34902,472,1,Cluster 1 (com=0.70),-0.023853239405644273
2486930,4,34902,227,1,Cluster 1 (com=0.70),0.35840361813030863
2499307,4,34902,557,0,Cluster 0 (com=0.51),0.2319957810976834
2519138,4,34902,481,0,Cluster 0 (com=0.51),0.34705262479659243
2529419,4,34902,630,0,Cluster 0 (com=0.51),0.32380411589552793
2530976,4,34902,175,0,Cluster 0 (com=0.51),0.40043606494482376
2537777,4,34902,538,0,Cluster 0 (com=0.51),0.47847804569816715
2540871,4,34902,337,0,Cluster 0 (com=0.51),0.46142540478542965
2542209,4,34902,639,0,Cluster 0 (com=0.51),0.5095078334242912
2544643,4,34902,1435,0,Cluster 0 (com=0.51),0.4919423140089371
2544766,4,34902,73,1,Cluster 1 (com=0.70),0.24709486135267048
2546315,4,34902,457,0,Cluster 0 (com=0.51),0.30267378765981706
2557008,4,34902,704,1,Cluster 1 (com=0.70),0.07937514305986097
2558365,4,34902,58,1,Cluster 1 (com=0.70),-0.03319271804159534
2579891,4,34902,517,0,Cluster 0 (com=0.51),0.5041734493621506
2584244,4,34902,951,0,Cluster 0 (com=0.51),0.4774074919572262
2597117,4,34902,779,0,Cluster 0 (com=0.51),0.5274814498907867
2599883,4,34902,400,1,Cluster 1 (com=0.70),0.34481165492513394
2602542,4,34902,671,0,Cluster 0 (com=0.51),0.3459311348759368
2603027,4,34902,529,0,Cluster 0 (com=0.51),0.2800840730109391
2612102,4,34902,757,0,Cluster 0 (com=0.51),0.5427046741165101
2624028,4,34902,467,0,Cluster 0 (com=0.51),0.09177174902159609
2641156,4,34902,177,1,Cluster 1 (com=0.70),0.03365316015741254
2642532,4,34902,120,1,Cluster 1 (com=0.70),0.14900426720791218
2643472,4,34902,239,1,Cluster 1 (com=0.70),0.39966552113454745
2643829,4,34902,685,0,Cluster 0 (com=0.51),0.3908405623243641
2649948,4,34902,234,0,Cluster 0 (com=0.51),0.36880546253422786
2657913,4,34902,242,1,Cluster 1 (com=0.70),0.05660327510584171
2658856,4,34902,577,0,Cluster 0 (com=0.51),0.3623808220878749
2667478,4,34902,853,0,Cluster 0 (com=0.51),0.3932927249555172
2681198,4,34902,290,0,Cluster 0 (com=0.51),0.3562816654421301
2682682,4,34902,637,1,Cluster 1 (com=0.70),0.07004692364958423
2683857,4,34902,2208,0,Cluster 0 (com=0.51),0.5508590628634009
2686035,4,34902,27,0,Cluster 0 (com=0.51),0.29288959423553357
2693932,4,34902,372,1,Cluster 1 (com=0.70),0.024196536477279335
2697921,4,34902,167,0,Cluster 0 (com=0.51),0.3159730735844283
31296,5,34903,233,1,Cluster 1 (com=0.70),-0.005208104935483078
40878,5,34903,397,0,Cluster 0 (com=0.51),0.4051981677097503
42552,5,34903,1782,0,Cluster 0 (com=0.51),0.39745345574163776
45423,5,34903,1393,0,Cluster 0 (com=0.51),0.4437168096335231
47861,5,34903,1687,0,Cluster 0 (com=0.51),0.4795063668760808
56637,5,34903,873,0,Cluster 0 (com=0.51),0.5263300804064691
58884,5,34903,1516,0,Cluster 0 (com=0.51),0.5587870794618742
64427,5,34903,1675,0,Cluster 0 (com=0.51),0.52536578105545
71159,5,34903,1407,0,Cluster 0 (com=0.51),0.4983837425772861
74165,5,34903,526,0,Cluster 0 (com=0.51),0.23611983256387062
75107,5,34903,1366,0,Cluster 0 (com=0.51),0.5019787781752097
77692,5,34903,565,1,Cluster 1 (com=0.70),0.3138586219575735
79610,5,34903,874,0,Cluster 0 (com=0.51),0.19036295227995567
84604,5,34903,2529,0,Cluster 0 (com=0.51),0.522432827136273
87264,5,34903,2103,0,Cluster 0 (com=0.51),0.4784894087058546
102854,5,34903,856,0,Cluster 0 (com=0.51),0.5416189547233178
105939,5,34903,938,0,Cluster 0 (com=0.51),0.49229372974630337
107455,5,34903,366,0,Cluster 0 (com=0.51),0.2231562672549469
109577,5,34903,193,1,Cluster 1 (com=0.70),0.044576198971066704
119310,5,34903,223,0,Cluster 0 (com=0.51),0.28272249925875925
119865,5,34903,644,0,Cluster 0 (com=0.51),0.3558452285759747
125063,5,34903,1384,0,Cluster 0 (com=0.51),0.5289230959270534
129907,5,34903,1047,0,Cluster 0 (com=0.51),0.41552009335062545
130409,5,34903,633,1,Cluster 1 (com=0.70),0.10475485393172532
132475,5,34903,1038,0,Cluster 0 (com=0.51),0.4915653802478101
135280,5,34903,560,0,Cluster 0 (com=0.51),0.10066481573675684
136944,5,34903,11,1,Cluster 1 (com=0.70),0.37452694280732474
139206,5,34903,755,0,Cluster 0 (com=0.51),0.5125565052398641
142310,5,34903,1112,0,Cluster 0 (com=0.51),0.4433278217832987
150282,5,34903,189,0,Cluster 0 (com=0.51),0.28395871001583683
152524,5,34903,3143,0,Cluster 0 (com=0.51),0.548928020699346
152917,5,34903,3410,0,Cluster 0 (com=0.51),0.5383979618371222
155938,5,34903,787,0,Cluster 0 (com=0.51),0.3982101137559213
159947,5,34903,958,0,Cluster 0 (com=0.51),0.4305966051932031
164148,5,34903,390,0,Cluster 0 (com=0.51),0.3628230745296202
166123,5,34903,772,0,Cluster 0 (com=0.51),0.5406836945883096
170874,5,34903,136,0,Cluster 0 (com=0.51),0.22397572705735255
172493,5,34903,885,0,Cluster 0 (com=0.51),0.5401963662245963
177492,5,34903,1372,0,Cluster 0 (com=0.51),0.5031359726212683
185994,5,34903,705,0,Cluster 0 (com=0.51),0.5116638452576885
194163,5,34903,940,0,Cluster 0 (com=0.51),0.45800551162979236
195552,5,34903,706,0,Cluster 0 (com=0.51),0.43024505015511405
197536,5,34903,208,1,Cluster 1 (com=0.70),0.39495378996279557
199009,5,34903,403,0,Cluster 0 (com=0.51),0.38682066510933283
228633,5,34903,402,0,Cluster 0 (com=0.51),0.28819231322934497
229498,5,34903,842,0,Cluster 0 (com=0.51),0.4391822031091627
232173,5,34903,1003,0,Cluster 0 (com=0.51),0.5239201187820309
234661,5,34903,1230,0,Cluster 0 (com=0.51),0.49866029364651526
235971,5,34903,566,0,Cluster 0 (com=0.51),0.4285434423228673
236090,5,34903,1159,0,Cluster 0 (com=0.51),0.49487811922939445
237891,5,34903,357,0,Cluster 0 (com=0.51),0.2687730359022127
249357,5,34903,924,0,Cluster 0 (com=0.51),0.4880430582164712
251166,5,34903,878,0,Cluster 0 (com=0.51),0.4476254804625021
253633,5,34903,796,0,Cluster 0 (com=0.51),0.5077479458473434
253763,5,34903,993,0,Cluster 0 (com=0.51),0.5003610749521116
258245,5,34903,783,1,Cluster 1 (com=0.70),0.07416138419012067
258509,5,34903,540,0,Cluster 0 (com=0.51),0.43325358558939014
258978,5,34903,911,0,Cluster 0 (com=0.51),0.3106975886920703
262025,5,34903,630,1,Cluster 1 (com=0.70),0.3488409198078515
262394,5,34903,205,1,Cluster 1 (com=0.70),0.31461982083098067
263862,5,34903,469,0,Cluster 0 (com=0.51),0.5195492723363235
269584,5,34903,153,1,Cluster 1 (com=0.70),0.032944632321272774
270421,5,34903,187,1,Cluster 1 (com=0.70),0.30367245212925553
276265,5,34903,1621,0,Cluster 0 (com=0.51),0.45998365096465116
278380,5,34903,342,1,Cluster 1 (com=0.70),0.05390178192461845
279440,5,34903,464,0,Cluster 0 (com=0.51),0.32243348893460944
279653,5,34903,1012,0,Cluster 0 (com=0.51),0.5261643817212015
281134,5,34903,1388,0,Cluster 0 (com=0.51),0.5174019496788425
282849,5,34903,1031,0,Cluster 0 (com=0.51),0.43269382926135425
283402,5,34903,753,0,Cluster 0 (com=0.51),0.44331811185877396
286778,5,34903,733,0,Cluster 0 (com=0.51),0.26452949858725266
287079,5,34903,422,0,Cluster 0 (com=0.51),0.47783569043270496
287258,5,34903,1228,0,Cluster 0 (com=0.51),0.5099493483669103
289247,5,34903,654,0,Cluster 0 (com=0.51),0.36103155621855665
294219,5,34903,868,0,Cluster 0 (com=0.51),0.17034658392874272
297218,5,34903,445,0,Cluster 0 (com=0.51),0.49893817647234
301074,5,34903,529,0,Cluster 0 (com=0.51),0.32760839474544284
305064,5,34903,538,0,Cluster 0 (com=0.51),0.2897988662063844
305659,5,34903,918,0,Cluster 0 (com=0.51),0.27019964271454006
310205,5,34903,328,0,Cluster 0 (com=0.51),0.2901754565835502
312231,5,34903,224,0,Cluster 0 (com=0.51),0.3202662765246048
312960,5,34903,98,1,Cluster 1 (com=0.70),-0.06268413416663561
315795,5,34903,289,1,Cluster 1 (com=0.70),0.21551567643860914
316082,5,34903,187,0,Cluster 0 (com=0.51),0.22877399097447884
318147,5,34903,1152,0,Cluster 0 (com=0.51),0.5490889961218893
319073,5,34903,175,0,Cluster 0 (com=0.51),0.2797895098929656
320133,5,34903,2172,0,Cluster 0 (com=0.51),0.5476775977332083
320612,5,34903,1247,0,Cluster 0 (com=0.51),0.5134390429170456
331789,5,34903,972,0,Cluster 0 (com=0.51),0.5509308528242933
333993,5,34903,199,1,Cluster 1 (com=0.70),0.12195317509669572
337000,5,34903,887,0,Cluster 0 (com=0.51),0.5537072217068844
338689,5,34903,142,1,Cluster 1 (com=0.70),0.4043341651040872
338806,5,34903,642,0,Cluster 0 (com=0.51),0.4360636439804464
339519,5,34903,862,0,Cluster 0 (com=0.51),0.4897566894877229
341629,5,34903,846,0,Cluster 0 (com=0.51),0.20734507235424257
343709,5,34903,122,1,Cluster 1 (com=0.70),0.42316046088221987
345271,5,34903,1327,0,Cluster 0 (com=0.51),0.4579180732098356
347197,5,34903,1086,0,Cluster 0 (com=0.51),0.41735171308463187
348108,5,34903,292,1,Cluster 1 (com=0.70),0.24677297422091157
348324,5,34903,90,0,Cluster 0 (com=0.51),0.1597550298451237
351147,5,34903,994,0,Cluster 0 (com=0.51),0.4440973209063497
354698,5,34903,87,1,Cluster 1 (com=0.70),0.3993755952329429
355293,5,34903,7,0,Cluster 0 (com=0.51),0.34325985707886153
364066,5,34903,1216,0,Cluster 0 (com=0.51),0.4604455434280423
366140,5,34903,641,0,Cluster 0 (com=0.51),0.5382999634644798
369242,5,34903,701,0,Cluster 0 (com=0.51),0.4407812774760749
369450,5,34903,1194,0,Cluster 0 (com=0.51),0.5001170370777124
370735,5,34903,615,1,Cluster 1 (com=0.70),0.199863971643053
372509,5,34903,976,0,Cluster 0 (com=0.51),0.3688479031299531
372511,5,34903,209,1,Cluster 1 (com=0.70),0.19832756780857796
375527,5,34903,535,0,Cluster 0 (com=0.51),0.08279750193584479
378946,5,34903,1484,0,Cluster 0 (com=0.51),0.5382328936796377
380952,5,34903,154,1,Cluster 1 (com=0.70),0.15681455914084425
381257,5,34903,1276,0,Cluster 0 (com=0.51),0.536126993222845
381414,5,34903,157,0,Cluster 0 (com=0.51),0.2562390043394269
383602,5,34903,626,0,Cluster 0 (com=0.51),0.3633437534900173
383629,5,34903,866,0,Cluster 0 (com=0.51),0.2748736125401637
386389,5,34903,399,0,Cluster 0 (com=0.51),0.33471421130530554
390070,5,34903,336,0,Cluster 0 (com=0.51),0.08007842733855004
396683,5,34903,304,1,Cluster 1 (com=0.70),0.11527620802137667
397219,5,34903,1832,0,Cluster 0 (com=0.51),0.5427426952815508
397671,5,34903,1110,0,Cluster 0 (com=0.51),0.5537814311651709
398550,5,34903,587,0,Cluster 0 (com=0.51),0.5020034898056157
398630,5,34903,592,0,Cluster 0 (com=0.51),0.18078577635013082
399429,5,34903,1178,0,Cluster 0 (com=0.51),0.5076752640172176
402695,5,34903,403,0,Cluster 0 (com=0.51),0.30909326101890083
405193,5,34903,1386,0,Cluster 0 (com=0.51),0.49595608771232136
407232,5,34903,1078,0,Cluster 0 (com=0.51),0.5309860239686918
410407,5,34903,903,0,Cluster 0 (com=0.51),0.4889338350970347
410883,5,34903,158,1,Cluster 1 (com=0.70),0.1000303017607517
411304,5,34903,550,0,Cluster 0 (com=0.51),0.4678498301018881
412353,5,34903,910,0,Cluster 0 (com=0.51),0.3348980717655472
413180,5,34903,177,0,Cluster 0 (com=0.51),0.25281046016814335
413709,5,34903,516,0,Cluster 0 (com=0.51),0.32006108989188115
413949,5,34903,1066,0,Cluster 0 (com=0.51),0.5238488848030164
416199,5,34903,569,0,Cluster 0 (com=0.51),0.37125100539645256
416407,5,34903,609,0,Cluster 0 (com=0.51),0.43360978348556334
419059,5,34903,450,0,Cluster 0 (com=0.51),0.4438439036752398
423210,5,34903,219,1,Cluster 1 (com=0.70),0.10413557258690433
423781,5,34903,658,0,Cluster 0 (com=0.51),0.44541908152699267
427256,5,34903,906,0,Cluster 0 (com=0.51),0.41158810573986876
429832,5,34903,168,1,Cluster 1 (com=0.70),0.42650042157965384
431139,5,34903,622,0,Cluster 0 (com=0.51),0.2290263872670244
434476,5,34903,3802,0,Cluster 0 (com=0.51),0.4656030383451253
439995,5,34903,321,0,Cluster 0 (com=0.51),0.5034547584064931
440818,5,34903,1265,0,Cluster 0 (com=0.51),0.5333839823463676
441165,5,34903,323,0,Cluster 0 (com=0.51),0.4986091182216505
442199,5,34903,37,1,Cluster 1 (com=0.70),0.38183278153268885
442563,5,34903,386,0,Cluster 0 (com=0.51),0.27842419300373594
442802,5,34903,310,0,Cluster 0 (com=0.51),0.3083001283491363
443151,5,34903,1030,0,Cluster 0 (com=0.51),0.38357089537241645
443514,5,34903,1186,0,Cluster 0 (com=0.51),0.38656034217083246
443696,5,34903,549,0,Cluster 0 (com=0.51),0.3018062114939439
444011,5,34903,177,0,Cluster 0 (com=0.51),0.2110837442186676
444619,5,34903,2065,0,Cluster 0 (com=0.51),0.3919549849118037
444907,5,34903,595,0,Cluster 0 (com=0.51),0.40473682613794704
445686,5,34903,562,0,Cluster 0 (com=0.51),0.12636661335281385
465294,5,34903,578,0,Cluster 0 (com=0.51),0.544490814149248
466987,5,34903,422,1,Cluster 1 (com=0.70),-0.058691793341282654
467363,5,34903,115,1,Cluster 1 (com=0.70),0.41127204556871333
469499,5,34903,663,0,Cluster 0 (com=0.51),0.48307146876959556
471284,5,34903,846,0,Cluster 0 (com=0.51),0.3633412772748662
474667,5,34903,959,1,Cluster 1 (com=0.70),0.3502181465819283
475015,5,34903,550,0,Cluster 0 (com=0.51),0.48518743358387456
476401,5,34903,494,0,Cluster 0 (com=0.51),0.3353087975048571
476629,5,34903,616,1,Cluster 1 (com=0.70),-0.05508373678452171
477833,5,34903,1593,0,Cluster 0 (com=0.51),0.5373469814556306
479939,5,34903,2064,0,Cluster 0 (com=0.51),0.5460326851119033
481717,5,34903,1090,0,Cluster 0 (com=0.51),0.5186067879187017
482644,5,34903,396,0,Cluster 0 (com=0.51),0.3766824036289942
483037,5,34903,1034,0,Cluster 0 (com=0.51),0.5387350937224044
484594,5,34903,1752,0,Cluster 0 (com=0.51),0.5437915520123952
485228,5,34903,1219,0,Cluster 0 (com=0.51),0.485403881390301
486087,5,34903,630,0,Cluster 0 (com=0.51),0.43093656119990126
486964,5,34903,345,0,Cluster 0 (com=0.51),0.33615373629048706
488525,5,34903,565,0,Cluster 0 (com=0.51),0.45400776913430757
491126,5,34903,519,0,Cluster 0 (com=0.51),0.46250249054630393
491863,5,34903,375,0,Cluster 0 (com=0.51),0.2350353497671747
492024,5,34903,1627,1,Cluster 1 (com=0.70),-0.047166884532616166
493793,5,34903,541,0,Cluster 0 (com=0.51),0.4460835942820937
494184,5,34903,173,0,Cluster 0 (com=0.51),0.28471610710991513
497415,5,34903,319,1,Cluster 1 (com=0.70),0.2129725942101305
498442,5,34903,1118,1,Cluster 1 (com=0.70),0.12652989939463383
499404,5,34903,1131,0,Cluster 0 (com=0.51),0.5419409244483446
500068,5,34903,607,0,Cluster 0 (com=0.51),0.45635628972386644
500618,5,34903,464,0,Cluster 0 (com=0.51),0.3338269582868753
501444,5,34903,599,0,Cluster 0 (com=0.51),0.4921984082881125
502011,5,34903,278,0,Cluster 0 (com=0.51),0.17499824183651833
505773,5,34903,1901,0,Cluster 0 (com=0.51),0.5535654112121219
506705,5,34903,398,1,Cluster 1 (com=0.70),0.4326233305171773
507743,5,34903,940,0,Cluster 0 (com=0.51),0.5376124650659354
507935,5,34903,997,0,Cluster 0 (com=0.51),0.4900084177737231
508626,5,34903,2552,0,Cluster 0 (com=0.51),0.5589494198516081
509536,5,34903,1424,0,Cluster 0 (com=0.51),0.5512472428114125
511309,5,34903,245,0,Cluster 0 (com=0.51),0.27058923555347886
511981,5,34903,511,0,Cluster 0 (com=0.51),0.10201214853765157
513422,5,34903,385,0,Cluster 0 (com=0.51),0.2914288845063387
513428,5,34903,283,0,Cluster 0 (com=0.51),0.0882548115225506
514078,5,34903,689,0,Cluster 0 (com=0.51),0.29030391662866506
516602,5,34903,485,0,Cluster 0 (com=0.51),0.10366823738110689
517551,5,34903,293,1,Cluster 1 (com=0.70),0.0433976234884323
519115,5,34903,382,0,Cluster 0 (com=0.51),0.36738770842671425
521115,5,34903,534,0,Cluster 0 (com=0.51),0.47661516910935536
521255,5,34903,26,0,Cluster 0 (com=0.51),0.2959507049741167
522082,5,34903,535,0,Cluster 0 (com=0.51),0.5243400346242778
523017,5,34903,265,0,Cluster 0 (com=0.51),0.3417632094670389
523249,5,34903,489,0,Cluster 0 (com=0.51),0.3146717429114986
526721,5,34903,920,0,Cluster 0 (com=0.51),0.5266974442020723
526819,5,34903,539,0,Cluster 0 (com=0.51),0.43578416358671973
529693,5,34903,435,0,Cluster 0 (com=0.51),0.2755096746717566
529991,5,34903,662,0,Cluster 0 (com=0.51),0.38097618002856654
531018,5,34903,1343,0,Cluster 0 (com=0.51),0.4731549526050696
531871,5,34903,194,0,Cluster 0 (com=0.51),0.10997037164173087
532254,5,34903,836,0,Cluster 0 (com=0.51),0.27470911079387467
533418,5,34903,1126,0,Cluster 0 (com=0.51),0.5289032006026507
534457,5,34903,714,0,Cluster 0 (com=0.51),0.24153186863799492
535671,5,34903,1686,0,Cluster 0 (com=0.51),0.4164667378309401
536351,5,34903,466,0,Cluster 0 (com=0.51),0.38337579570588504
536475,5,34903,296,1,Cluster 1 (com=0.70),0.31244362944533033
536963,5,34903,1119,0,Cluster 0 (com=0.51),0.18256406428588018
537322,5,34903,749,0,Cluster 0 (com=0.51),0.23489005134989066
537811,5,34903,1420,0,Cluster 0 (com=0.51),0.5067385057282635
539308,5,34903,239,0,Cluster 0 (com=0.51),0.27759149596248556
539945,5,34903,1659,0,Cluster 0 (com=0.51),0.5072072757918538
540723,5,34903,1837,0,Cluster 0 (com=0.51),0.48724613623381025
541921,5,34903,1026,0,Cluster 0 (com=0.51),0.5200141888254092
542202,5,34903,405,0,Cluster 0 (com=0.51),0.44778777834377664
543010,5,34903,1120,0,Cluster 0 (com=0.51),0.5496627763764987
545164,5,34903,1167,0,Cluster 0 (com=0.51),0.45012012762148473
545962,5,34903,648,0,Cluster 0 (com=0.51),0.3070526148055907
546547,5,34903,867,0,Cluster 0 (com=0.51),0.25277423403602334
546645,5,34903,440,0,Cluster 0 (com=0.51),0.3925484018370957
547347,5,34903,825,0,Cluster 0 (com=0.51),0.38593137354676904
549219,5,34903,726,0,Cluster 0 (com=0.51),0.46736208147721287
549321,5,34903,597,1,Cluster 1 (com=0.70),0.17731920211298768
549847,5,34903,857,0,Cluster 0 (com=0.51),0.5413344665464562
550420,5,34903,701,0,Cluster 0 (com=0.51),0.4577737759673859
550703,5,34903,2386,0,Cluster 0 (com=0.51),0.516630068068889
552173,5,34903,1005,0,Cluster 0 (com=0.51),0.5561596424618999
553031,5,34903,732,0,Cluster 0 (com=0.51),0.46088621931832796
553284,5,34903,1088,0,Cluster 0 (com=0.51),0.39873959751255716
554063,5,34903,431,0,Cluster 0 (com=0.51),0.17658111736871965
554525,5,34903,506,0,Cluster 0 (com=0.51),0.4622543259361543
555049,5,34903,831,0,Cluster 0 (com=0.51),0.5168144057610118
556126,5,34903,640,0,Cluster 0 (com=0.51),0.2698709913075566
557085,5,34903,1643,0,Cluster 0 (com=0.51),0.4479365551584293
557290,5,34903,440,0,Cluster 0 (com=0.51),0.4310525633930065
558044,5,34903,550,0,Cluster 0 (com=0.51),0.48790326171708653
558764,5,34903,471,0,Cluster 0 (com=0.51),0.3886805876881793
560047,5,34903,1335,0,Cluster 0 (com=0.51),0.45002412521136037
560645,5,34903,1164,0,Cluster 0 (com=0.51),0.499098563903679
561231,5,34903,952,0,Cluster 0 (com=0.51),0.4597121369569043
562064,5,34903,89,1,Cluster 1 (com=0.70),0.3244529868019528
562754,5,34903,266,1,Cluster 1 (com=0.70),0.036153885750627814
563108,5,34903,676,0,Cluster 0 (com=0.51),0.20426622683523254
563414,5,34903,1399,0,Cluster 0 (com=0.51),0.5416864963476068
564243,5,34903,2502,0,Cluster 0 (com=0.51),0.4223548620497587
564617,5,34903,1557,0,Cluster 0 (com=0.51),0.4607526584123826
564933,5,34903,350,0,Cluster 0 (com=0.51),0.3248900887341207
565017,5,34903,2076,0,Cluster 0 (com=0.51),0.5470371137019119
569034,5,34903,1670,0,Cluster 0 (com=0.51),0.5177700014983799
569080,5,34903,699,0,Cluster 0 (com=0.51),0.48900819836445764
569108,5,34903,642,0,Cluster 0 (com=0.51),0.4110347893497131
569876,5,34903,842,0,Cluster 0 (com=0.51),0.5341949044443174
570213,5,34903,606,0,Cluster 0 (com=0.51),0.43514244436685223
571074,5,34903,1191,0,Cluster 0 (com=0.51),0.4542097879192949
572213,5,34903,214,0,Cluster 0 (com=0.51),0.2860220157000073
573583,5,34903,268,0,Cluster 0 (com=0.51),0.22368138382922798
574527,5,34903,1296,0,Cluster 0 (com=0.51),0.501343113017766
575069,5,34903,928,0,Cluster 0 (com=0.51),0.5101425200644363
575112,5,34903,1045,0,Cluster 0 (com=0.51),0.4706534117157106
575302,5,34903,1638,0,Cluster 0 (com=0.51),0.5327198165512176
577533,5,34903,490,0,Cluster 0 (com=0.51),0.22762231018493448
578152,5,34903,312,0,Cluster 0 (com=0.51),0.2903095036971743
578847,5,34903,1544,0,Cluster 0 (com=0.51),0.2164483835432138
579660,5,34903,188,1,Cluster 1 (com=0.70),0.2347104396073912
579686,5,34903,965,0,Cluster 0 (com=0.51),0.43761970583146664
580459,5,34903,929,0,Cluster 0 (com=0.51),0.48533168513005187
580834,5,34903,1822,0,Cluster 0 (com=0.51),0.48118909099303186
580845,5,34903,1592,0,Cluster 0 (com=0.51),0.2952252182905094
581253,5,34903,2370,0,Cluster 0 (com=0.51),0.466695963040952
581659,5,34903,2650,0,Cluster 0 (com=0.51),0.5282873221176085
581779,5,34903,693,0,Cluster 0 (com=0.51),0.4351217169193661
582117,5,34903,475,0,Cluster 0 (com=0.51),0.5218518196879031
582332,5,34903,1373,0,Cluster 0 (com=0.51),0.47132039180197227
582653,5,34903,129,1,Cluster 1 (com=0.70),0.08873488022487862
582670,5,34903,129,0,Cluster 0 (com=0.51),0.0985913752331354
583318,5,34903,291,0,Cluster 0 (com=0.51),0.3912043581627572
583487,5,34903,3482,0,Cluster 0 (com=0.51),0.557956586346855
584515,5,34903,1028,0,Cluster 0 (com=0.51),0.46004713761601307
585224,5,34903,851,0,Cluster 0 (com=0.51),0.5173432522504073
585284,5,34903,203,1,Cluster 1 (com=0.70),0.12383694965609782
585503,5,34903,1828,0,Cluster 0 (com=0.51),0.5195458687478066
585958,5,34903,719,0,Cluster 0 (com=0.51),0.5077608588848762
586906,5,34903,764,1,Cluster 1 (com=0.70),0.032866446851333185
587571,5,34903,2410,0,Cluster 0 (com=0.51),0.5445776886536791
588128,5,34903,662,0,Cluster 0 (com=0.51),0.19054898486814797
588628,5,34903,1808,0,Cluster 0 (com=0.51),0.5173406338452208
589080,5,34903,1421,0,Cluster 0 (com=0.51),0.5362976274634965
589162,5,34903,1068,0,Cluster 0 (com=0.51),0.4715945057097943
589332,5,34903,840,0,Cluster 0 (com=0.51),0.5613374672381782
589828,5,34903,501,1,Cluster 1 (com=0.70),0.21520550525558255
590120,5,34903,748,0,Cluster 0 (com=0.51),0.36235481090439114
591525,5,34903,368,0,Cluster 0 (com=0.51),0.5080913954942031
591581,5,34903,956,0,Cluster 0 (com=0.51),0.48728782837199525
591946,5,34903,297,1,Cluster 1 (com=0.70),-0.00725401486783513
592218,5,34903,855,0,Cluster 0 (com=0.51),0.52263769947214
592295,5,34903,868,0,Cluster 0 (com=0.51),0.4351839677813847
592558,5,34903,1048,0,Cluster 0 (com=0.51),0.4193493619368144
592939,5,34903,410,1,Cluster 1 (com=0.70),0.10955765144010446
593136,5,34903,387,0,Cluster 0 (com=0.51),0.35595704392404376
593563,5,34903,604,0,Cluster 0 (com=0.51),0.2799545211211632
593722,5,34903,509,0,Cluster 0 (com=0.51),0.35353366873005404
593796,5,34903,2295,0,Cluster 0 (com=0.51),0.5409877486270516
594065,5,34903,834,0,Cluster 0 (com=0.51),0.5312587081005212
594122,5,34903,1397,0,Cluster 0 (com=0.51),0.5088270440870054
594229,5,34903,683,0,Cluster 0 (com=0.51),0.38769528645927503
594258,5,34903,149,1,Cluster 1 (com=0.70),0.02634719546733166
594406,5,34903,265,0,Cluster 0 (com=0.51),0.3047383918935861
594636,5,34903,641,0,Cluster 0 (com=0.51),0.3025896186095076
595721,5,34903,392,0,Cluster 0 (com=0.51),0.4131155025464774
595943,5,34903,1061,0,Cluster 0 (com=0.51),0.5140358094179978
596243,5,34903,694,1,Cluster 1 (com=0.70),-0.020069350122079943
596253,5,34903,656,0,Cluster 0 (com=0.51),0.4426518046498885
596758,5,34903,572,0,Cluster 0 (com=0.51),0.4759500541942286
597740,5,34903,252,0,Cluster 0 (com=0.51),0.31336678787049427
597937,5,34903,1396,0,Cluster 0 (com=0.51),0.5614693774609449
598308,5,34903,1357,0,Cluster 0 (com=0.51),0.5130579868760275
598540,5,34903,2078,0,Cluster 0 (com=0.51),0.5254888664881
598559,5,34903,1207,0,Cluster 0 (com=0.51),0.5553272850133978
600071,5,34903,670,0,Cluster 0 (com=0.51),0.4245371632944314
601008,5,34903,171,1,Cluster 1 (com=0.70),0.10636466717539635
601235,5,34903,630,0,Cluster 0 (com=0.51),0.4783950451609029
601271,5,34903,434,0,Cluster 0 (com=0.51),0.5253305610138695
601820,5,34903,147,1,Cluster 1 (com=0.70),0.33853506020302837
602594,5,34903,1437,0,Cluster 0 (com=0.51),0.49794690730857316
603648,5,34903,1114,0,Cluster 0 (com=0.51),0.33159530884038124
604567,5,34903,473,0,Cluster 0 (com=0.51),0.4212994147188367
604614,5,34903,455,0,Cluster 0 (com=0.51),0.3978669992449957
605180,5,34903,146,0,Cluster 0 (com=0.51),0.1348601026091576
605394,5,34903,181,1,Cluster 1 (com=0.70),0.03575213222207967
605682,5,34903,651,0,Cluster 0 (com=0.51),0.549149459725832
606257,5,34903,1703,0,Cluster 0 (com=0.51),0.5157053048962515
606904,5,34903,55,0,Cluster 0 (com=0.51),0.4277201679319282
607243,5,34903,1819,0,Cluster 0 (com=0.51),0.5239081401517571
607303,5,34903,1200,0,Cluster 0 (com=0.51),0.4664184506006433
607501,5,34903,766,0,Cluster 0 (com=0.51),0.505443252420594
607679,5,34903,1350,0,Cluster 0 (com=0.51),0.5091013077501382
607700,5,34903,239,0,Cluster 0 (com=0.51),0.317853519060434
609142,5,34903,1613,0,Cluster 0 (com=0.51),0.5382953559656222
609240,5,34903,790,0,Cluster 0 (com=0.51),0.5416582472570832
611603,5,34903,295,0,Cluster 0 (com=0.51),0.1326803488830921
612842,5,34903,931,0,Cluster 0 (com=0.51),0.49977598061926637
613165,5,34903,1395,0,Cluster 0 (com=0.51),0.495852275459726
613330,5,34903,1002,0,Cluster 0 (com=0.51),0.4386733503895359
613634,5,34903,968,0,Cluster 0 (com=0.51),0.4714623143677296
613899,5,34903,1522,0,Cluster 0 (com=0.51),0.5340127124188818
614059,5,34903,385,0,Cluster 0 (com=0.51),0.3543116780988478
614984,5,34903,684,0,Cluster 0 (com=0.51),0.3871694044503459
615266,5,34903,650,0,Cluster 0 (com=0.51),0.546143902901314
615299,5,34903,1819,0,Cluster 0 (com=0.51),0.5121056746204676
615301,5,34903,1940,0,Cluster 0 (com=0.51),0.4973199313434438
615302,5,34903,1083,0,Cluster 0 (com=0.51),0.4959441048362713
615306,5,34903,1405,0,Cluster 0 (com=0.51),0.5043850353443957
615340,5,34903,412,1,Cluster 1 (com=0.70),0.17385317235034226
615342,5,34903,184,0,Cluster 0 (com=0.51),0.35389739881389887
616517,5,34903,819,0,Cluster 0 (com=0.51),0.49964409326649273
616912,5,34903,527,0,Cluster 0 (com=0.51),0.4250725177889241
617010,5,34903,603,0,Cluster 0 (com=0.51),0.41277775311178305
617119,5,34903,993,0,Cluster 0 (com=0.51),0.3704614115430293
617580,5,34903,6450,0,Cluster 0 (com=0.51),0.5609243730419277
617922,5,34903,694,0,Cluster 0 (com=0.51),0.3995183445919286
618663,5,34903,425,1,Cluster 1 (com=0.70),0.18082262769227567
619204,5,34903,292,1,Cluster 1 (com=0.70),0.3198066420078549
619292,5,34903,1564,0,Cluster 0 (com=0.51),0.5210192061694413
619321,5,34903,864,0,Cluster 0 (com=0.51),0.4976347899194865
619502,5,34903,361,1,Cluster 1 (com=0.70),0.3373889045776486
620094,5,34903,4234,0,Cluster 0 (com=0.51),0.5263617986800417
620269,5,34903,695,0,Cluster 0 (com=0.51),0.26634437475663536
620431,5,34903,808,0,Cluster 0 (com=0.51),0.3662901997460332
620740,5,34903,444,0,Cluster 0 (com=0.51),0.3702740570418636
620810,5,34903,320,0,Cluster 0 (com=0.51),0.25893684720325
622481,5,34903,782,0,Cluster 0 (com=0.51),0.2698873198404995
622760,5,34903,432,0,Cluster 0 (com=0.51),0.4293535929824969
622934,5,34903,896,0,Cluster 0 (com=0.51),0.4499141562719174
623471,5,34903,998,0,Cluster 0 (com=0.51),0.5601169487359497
623589,5,34903,1104,0,Cluster 0 (com=0.51),0.5348787634790617
623765,5,34903,1093,0,Cluster 0 (com=0.51),0.5299019886980716
624282,5,34903,925,0,Cluster 0 (com=0.51),0.35437883380833846
624864,5,34903,960,0,Cluster 0 (com=0.51),0.4603256396790981
624970,5,34903,1056,0,Cluster 0 (com=0.51),0.36584271185309136
625245,5,34903,1058,0,Cluster 0 (com=0.51),0.5271805119146716
625743,5,34903,63,0,Cluster 0 (com=0.51),0.41850526418897827
625802,5,34903,824,0,Cluster 0 (com=0.51),0.4654094988567044
625838,5,34903,1074,0,Cluster 0 (com=0.51),0.46583393208435275
626033,5,34903,1463,0,Cluster 0 (com=0.51),0.5240457426693085
626349,5,34903,76,0,Cluster 0 (com=0.51),0.32361068156572953
626416,5,34903,984,0,Cluster 0 (com=0.51),0.5397487746923378
626454,5,34903,968,0,Cluster 0 (com=0.51),0.463304525049768
626477,5,34903,880,0,Cluster 0 (com=0.51),0.43003189501594846
626514,5,34903,462,0,Cluster 0 (com=0.51),0.3933737548112575
626552,5,34903,337,0,Cluster 0 (com=0.51),0.31719687426093446
626579,5,34903,211,0,Cluster 0 (com=0.51),0.16128266293533305
627365,5,34903,1114,0,Cluster 0 (com=0.51),0.2762880215666735
627829,5,34903,773,0,Cluster 0 (com=0.51),0.3902878345055403
628149,5,34903,2787,0,Cluster 0 (com=0.51),0.48615218816404493
628157,5,34903,509,0,Cluster 0 (com=0.51),0.24415662798764595
628383,5,34903,1170,0,Cluster 0 (com=0.51),0.4025867408528649
628521,5,34903,97,1,Cluster 1 (com=0.70),0.05355048236481612
628888,5,34903,601,0,Cluster 0 (com=0.51),0.32220457108288647
628964,5,34903,1081,0,Cluster 0 (com=0.51),0.5551466952827332
629029,5,34903,830,0,Cluster 0 (com=0.51),0.42491370016597335
629491,5,34903,1320,0,Cluster 0 (com=0.51),0.402667336227741
629818,5,34903,542,1,Cluster 1 (com=0.70),0.36887680695017455
629922,5,34903,781,0,Cluster 0 (com=0.51),0.13013297221782205
629944,5,34903,1108,0,Cluster 0 (com=0.51),0.18429024374055392
630109,5,34903,623,0,Cluster 0 (com=0.51),0.1411726356942864
630158,5,34903,2583,0,Cluster 0 (com=0.51),0.5370098526487198
630835,5,34903,1809,0,Cluster 0 (com=0.51),0.5399389065002286
630905,5,34903,5867,0,Cluster 0 (com=0.51),0.561297768032172
630910,5,34903,1154,0,Cluster 0 (com=0.51),0.47251891269155694
631658,5,34903,3383,0,Cluster 0 (com=0.51),0.5592933559380266
631681,5,34903,474,0,Cluster 0 (com=0.51),0.42476959850042095
631715,5,34903,292,1,Cluster 1 (com=0.70),0.07768929468901899
631740,5,34903,620,0,Cluster 0 (com=0.51),0.3823368675311052
631837,5,34903,1647,0,Cluster 0 (com=0.51),0.544624263090183
631924,5,34903,1199,0,Cluster 0 (com=0.51),0.4013550035045723
632074,5,34903,884,0,Cluster 0 (com=0.51),0.34913776203570845
632290,5,34903,604,0,Cluster 0 (com=0.51),0.41649402852473616
632458,5,34903,3397,0,Cluster 0 (com=0.51),0.5432306007683608
632597,5,34903,26,1,Cluster 1 (com=0.70),0.2667100739943291
632826,5,34903,972,0,Cluster 0 (com=0.51),0.5415485541410517
632836,5,34903,1488,0,Cluster 0 (com=0.51),0.5088901967220164
633079,5,34903,822,0,Cluster 0 (com=0.51),0.4298135392003504
633516,5,34903,717,1,Cluster 1 (com=0.70),-0.037829017458289316
633555,5,34903,1538,0,Cluster 0 (com=0.51),0.5357131300731228
633568,5,34903,393,0,Cluster 0 (com=0.51),0.30977822234833813
633867,5,34903,602,0,Cluster 0 (com=0.51),0.5240790096444693
633931,5,34903,1576,0,Cluster 0 (com=0.51),0.5382539273217162
634088,5,34903,684,0,Cluster 0 (com=0.51),0.48297547668619273
634512,5,34903,801,0,Cluster 0 (com=0.51),0.5023195075327747
634526,5,34903,1086,0,Cluster 0 (com=0.51),0.5122522580575918
634749,5,34903,3093,0,Cluster 0 (com=0.51),0.5397336008894835
635184,5,34903,542,0,Cluster 0 (com=0.51),0.4767326801220666
635751,5,34903,185,1,Cluster 1 (com=0.70),0.39562595531757266
635795,5,34903,1266,0,Cluster 0 (com=0.51),0.4598242374128304
636314,5,34903,1088,0,Cluster 0 (com=0.51),0.498803669024019
636400,5,34903,578,0,Cluster 0 (com=0.51),0.49949232596914706
636408,5,34903,475,0,Cluster 0 (com=0.51),0.3082291294020626
636469,5,34903,772,0,Cluster 0 (com=0.51),0.35945155940364865
636565,5,34903,417,1,Cluster 1 (com=0.70),0.4136028616840108
636656,5,34903,524,0,Cluster 0 (com=0.51),0.4741779416646807
636704,5,34903,307,1,Cluster 1 (com=0.70),0.135453572856021
636783,5,34903,710,0,Cluster 0 (com=0.51),0.49238502653557004
636830,5,34903,1056,0,Cluster 0 (com=0.51),0.560409384156181
636832,5,34903,1632,0,Cluster 0 (com=0.51),0.5452432989186914
637004,5,34903,865,0,Cluster 0 (com=0.51),0.47940273000739114
637358,5,34903,138,0,Cluster 0 (com=0.51),0.4055226613913948
637582,5,34903,514,0,Cluster 0 (com=0.51),0.5035993133836382
637708,5,34903,1217,0,Cluster 0 (com=0.51),0.48980685323244577
637906,5,34903,511,0,Cluster 0 (com=0.51),0.5005412367957845
637980,5,34903,972,0,Cluster 0 (com=0.51),0.4664143512007889
638034,5,34903,527,0,Cluster 0 (com=0.51),0.30228152930260727
638388,5,34903,297,0,Cluster 0 (com=0.51),0.2339921812121215
638411,5,34903,2093,0,Cluster 0 (com=0.51),0.5212884326437287
638498,5,34903,518,0,Cluster 0 (com=0.51),0.4276267971232648
638515,5,34903,245,0,Cluster 0 (com=0.51),0.2588071954700651
638625,5,34903,1447,0,Cluster 0 (com=0.51),0.550389570827194
638655,5,34903,851,0,Cluster 0 (com=0.51),0.35083640094075824
638831,5,34903,226,1,Cluster 1 (com=0.70),0.05991511492211418
639028,5,34903,352,0,Cluster 0 (com=0.51),0.43308514731302766
639231,5,34903,315,0,Cluster 0 (com=0.51),0.3173263927644311
639522,5,34903,829,0,Cluster 0 (com=0.51),0.15622680464239802
640098,5,34903,1215,0,Cluster 0 (com=0.51),0.5259052977125178
640278,5,34903,4942,0,Cluster 0 (com=0.51),0.5622471426819412
640329,5,34903,395,0,Cluster 0 (com=0.51),0.20584842435005335
640429,5,34903,1166,0,Cluster 0 (com=0.51),0.4832106609696311
640711,5,34903,843,0,Cluster 0 (com=0.51),0.48320977127579945
640752,5,34903,501,0,Cluster 0 (com=0.51),0.32675008446081605
640848,5,34903,1041,0,Cluster 0 (com=0.51),0.352641022409686
640892,5,34903,528,0,Cluster 0 (com=0.51),0.33668036033453147
640927,5,34903,1028,0,Cluster 0 (com=0.51),0.5311253902157682
641137,5,34903,765,0,Cluster 0 (com=0.51),0.5117678170081791
641309,5,34903,1154,0,Cluster 0 (com=0.51),0.4520589874462441
641311,5,34903,1516,0,Cluster 0 (com=0.51),0.5300290202488974
641363,5,34903,218,1,Cluster 1 (com=0.70),-0.038206917423575196
641401,5,34903,780,0,Cluster 0 (com=0.51),0.21902935346792146
641461,5,34903,239,0,Cluster 0 (com=0.51),0.38798222612923994
641547,5,34903,597,0,Cluster 0 (com=0.51),0.288491457952796
641864,5,34903,806,0,Cluster 0 (com=0.51),0.4756928304714831
641914,5,34903,1179,0,Cluster 0 (com=0.51),0.5430688425303275
642029,5,34903,206,0,Cluster 0 (com=0.51),0.2561304336362933
642056,5,34903,798,0,Cluster 0 (com=0.51),0.39329006507806097
642375,5,34903,316,0,Cluster 0 (com=0.51),0.5358147545131704
642448,5,34903,369,1,Cluster 1 (com=0.70),0.062083912604974964
642449,5,34903,416,0,Cluster 0 (com=0.51),0.43175283116814006
642493,5,34903,280,0,Cluster 0 (com=0.51),0.20611262173626138
642498,5,34903,809,0,Cluster 0 (com=0.51),0.49424280397147174
642551,5,34903,1123,0,Cluster 0 (com=0.51),0.4473795640263683
642740,5,34903,1890,0,Cluster 0 (com=0.51),0.5552497114933239
642750,5,34903,448,0,Cluster 0 (com=0.51),0.424653719964505
642843,5,34903,2329,0,Cluster 0 (com=0.51),0.5580317266738968
642872,5,34903,1937,0,Cluster 0 (com=0.51),0.5400383823653806
642909,5,34903,214,1,Cluster 1 (com=0.70),0.42520333074747524
643069,5,34903,1484,0,Cluster 0 (com=0.51),0.37915817588561423
643202,5,34903,783,0,Cluster 0 (com=0.51),0.5284836307929519
643220,5,34903,233,1,Cluster 1 (com=0.70),0.013018711997072272
643273,5,34903,1589,0,Cluster 0 (com=0.51),0.4110250701920171
643326,5,34903,2735,0,Cluster 0 (com=0.51),0.5597744282575426
643466,5,34903,991,0,Cluster 0 (com=0.51),0.5025163472673485
643477,5,34903,1040,0,Cluster 0 (com=0.51),0.45217163780971364
643496,5,34903,384,0,Cluster 0 (com=0.51),0.2505020745053034
643502,5,34903,341,0,Cluster 0 (com=0.51),0.3849243631100264
643591,5,34903,1183,0,Cluster 0 (com=0.51),0.5388406724292867
643653,5,34903,1130,0,Cluster 0 (com=0.51),0.45711338050793926
643751,5,34903,1901,0,Cluster 0 (com=0.51),0.5005754807107615
643754,5,34903,1187,0,Cluster 0 (com=0.51),0.43823107785871507
644025,5,34903,928,0,Cluster 0 (com=0.51),0.5479041449021524
644210,5,34903,591,0,Cluster 0 (com=0.51),0.43076235933377033
644343,5,34903,992,1,Cluster 1 (com=0.70),0.008169007963418544
644361,5,34903,6032,0,Cluster 0 (com=0.51),0.5600373050274218
644369,5,34903,165,0,Cluster 0 (com=0.51),0.13483550162945607
644450,5,34903,1545,0,Cluster 0 (com=0.51),0.5274074724214501
644508,5,34903,431,0,Cluster 0 (com=0.51),0.4139553931058787
644761,5,34903,572,0,Cluster 0 (com=0.51),0.4111811409278779
644784,5,34903,599,0,Cluster 0 (com=0.51),0.457704951916566
644791,5,34903,1609,0,Cluster 0 (com=0.51),0.5395279741517459
644818,5,34903,1652,0,Cluster 0 (com=0.51),0.4071261257177407
644847,5,34903,249,0,Cluster 0 (com=0.51),0.3914964892722875
644936,5,34903,148,0,Cluster 0 (com=0.51),0.33089005622448603
644974,5,34903,1631,0,Cluster 0 (com=0.51),0.555561123330773
645020,5,34903,182,0,Cluster 0 (com=0.51),0.20101155179011745
645078,5,34903,1109,0,Cluster 0 (com=0.51),0.4756012243542447
645405,5,34903,1516,0,Cluster 0 (com=0.51),0.528465152696021
645518,5,34903,566,0,Cluster 0 (com=0.51),0.48851593867461435
645586,5,34903,422,0,Cluster 0 (com=0.51),0.3126352162713891
645705,5,34903,499,0,Cluster 0 (com=0.51),0.43226392315375817
645784,5,34903,1096,0,Cluster 0 (com=0.51),0.35390335699934944
645840,5,34903,1246,0,Cluster 0 (com=0.51),0.5254809299677811
645960,5,34903,311,0,Cluster 0 (com=0.51),0.15437550171849784
645997,5,34903,771,0,Cluster 0 (com=0.51),0.4757488298801608
646015,5,34903,601,0,Cluster 0 (com=0.51),0.49971470736828116
646017,5,34903,1431,0,Cluster 0 (com=0.51),0.4902443678940848
646053,5,34903,1195,0,Cluster 0 (com=0.51),0.5490039170058054
646074,5,34903,1096,0,Cluster 0 (com=0.51),0.46083951247772237
646085,5,34903,1267,0,Cluster 0 (com=0.51),0.5486272391022766
646138,5,34903,396,1,Cluster 1 (com=0.70),0.010949800031796818
646313,5,34903,1409,0,Cluster 0 (com=0.51),0.49452106418334346
646357,5,34903,1217,0,Cluster 0 (com=0.51),0.5422361793610391
646402,5,34903,518,0,Cluster 0 (com=0.51),0.4745259756203483
646460,5,34903,695,0,Cluster 0 (com=0.51),0.5043607829261538
646539,5,34903,51,1,Cluster 1 (com=0.70),0.4273416798275441
646540,5,34903,1013,0,Cluster 0 (com=0.51),0.29619634097262904
646551,5,34903,1444,0,Cluster 0 (com=0.51),0.5426209992717875
646638,5,34903,176,1,Cluster 1 (com=0.70),0.42080787317126694
646670,5,34903,398,0,Cluster 0 (com=0.51),0.10754239512510186
646750,5,34903,456,0,Cluster 0 (com=0.51),0.4572571694711064
646778,5,34903,1475,0,Cluster 0 (com=0.51),0.45249987167187483
646990,5,34903,1119,0,Cluster 0 (com=0.51),0.547082876597389
647040,5,34903,971,0,Cluster 0 (com=0.51),0.2008731762274895
647154,5,34903,213,0,Cluster 0 (com=0.51),0.09132662501442634
647169,5,34903,1063,0,Cluster 0 (com=0.51),0.5359297346160553
647320,5,34903,788,0,Cluster 0 (com=0.51),0.3654127112317153
647324,5,34903,786,0,Cluster 0 (com=0.51),0.47773081381049004
647391,5,34903,516,1,Cluster 1 (com=0.70),0.05583902089692159
647398,5,34903,478,0,Cluster 0 (com=0.51),0.5147269602816175
647399,5,34903,741,0,Cluster 0 (com=0.51),0.43358951882355157
647425,5,34903,900,0,Cluster 0 (com=0.51),0.26215357010397045
647485,5,34903,410,0,Cluster 0 (com=0.51),0.24699180030976073
647765,5,34903,147,1,Cluster 1 (com=0.70),0.38183278153268885
647841,5,34903,430,0,Cluster 0 (com=0.51),0.11740258296894956
647898,5,34903,820,0,Cluster 0 (com=0.51),0.4968736298729515
647945,5,34903,454,0,Cluster 0 (com=0.51),0.4731246280506452
648027,5,34903,323,1,Cluster 1 (com=0.70),-0.035952409811519606
648037,5,34903,897,0,Cluster 0 (com=0.51),0.4804932633851095
648038,5,34903,1651,0,Cluster 0 (com=0.51),0.5048444718162757
648040,5,34903,1153,0,Cluster 0 (com=0.51),0.5365187046165056
648086,5,34903,263,0,Cluster 0 (com=0.51),0.2663139533626948
648105,5,34903,1838,0,Cluster 0 (com=0.51),0.5258536746542657
648114,5,34903,2033,0,Cluster 0 (com=0.51),0.4444333410983426
648116,5,34903,781,0,Cluster 0 (com=0.51),0.5064657672180017
648140,5,34903,617,0,Cluster 0 (com=0.51),0.26904879358060413
648254,5,34903,236,1,Cluster 1 (com=0.70),0.1730889536060984
648287,5,34903,724,0,Cluster 0 (com=0.51),0.4533591351271513
648365,5,34903,2258,0,Cluster 0 (com=0.51),0.5311890432126671
648366,5,34903,1048,0,Cluster 0 (com=0.51),0.5373139302403911
648457,5,34903,221,0,Cluster 0 (com=0.51),0.44646902333193716
648470,5,34903,1082,0,Cluster 0 (com=0.51),0.5035277447977136
648531,5,34903,951,0,Cluster 0 (com=0.51),0.4881243305747457
648536,5,34903,691,0,Cluster 0 (com=0.51),0.44128950372853315
648564,5,34903,973,0,Cluster 0 (com=0.51),0.36964034871090057
648571,5,34903,571,0,Cluster 0 (com=0.51),0.4100289990498531
648590,5,34903,114,0,Cluster 0 (com=0.51),0.363531121683134
648613,5,34903,429,0,Cluster 0 (com=0.51),0.19192958304878455
648685,5,34903,1077,0,Cluster 0 (com=0.51),0.26013522087043045
648815,5,34903,1400,0,Cluster 0 (com=0.51),0.527899326128
648903,5,34903,535,0,Cluster 0 (com=0.51),0.15320808809879755
648972,5,34903,744,0,Cluster 0 (com=0.51),0.423346579375513
649004,5,34903,2390,0,Cluster 0 (com=0.51),0.5361617565694252
649084,5,34903,285,1,Cluster 1 (com=0.70),0.32008595271599416
649093,5,34903,426,0,Cluster 0 (com=0.51),0.23798598829408607
649118,5,34903,314,0,Cluster 0 (com=0.51),0.10279439643746933
649159,5,34903,647,0,Cluster 0 (com=0.51),0.3910508298096665
649165,5,34903,377,1,Cluster 1 (com=0.70),-0.0034318214540576416
649207,5,34903,889,0,Cluster 0 (com=0.51),0.5073244015084548
649212,5,34903,629,0,Cluster 0 (com=0.51),0.3693588894619044
649258,5,34903,392,0,Cluster 0 (com=0.51),0.2413756437176956
649284,5,34903,128,0,Cluster 0 (com=0.51),0.1263020883892877
649379,5,34903,1116,0,Cluster 0 (com=0.51),0.49017720234207596
649400,5,34903,204,0,Cluster 0 (com=0.51),0.3233569442745256
649434,5,34903,1156,0,Cluster 0 (com=0.51),0.4602504924499868
649435,5,34903,457,0,Cluster 0 (com=0.51),0.20481438258442813
649457,5,34903,616,0,Cluster 0 (com=0.51),0.47247399315427085
649619,5,34903,1020,0,Cluster 0 (com=0.51),0.514546890075872
649735,5,34903,138,0,Cluster 0 (com=0.51),0.14935413133714537
649952,5,34903,1266,0,Cluster 0 (com=0.51),0.5182296620945162
649979,5,34903,226,0,Cluster 0 (com=0.51),0.3568472815656226
650108,5,34903,911,0,Cluster 0 (com=0.51),0.429049654950182
650160,5,34903,628,0,Cluster 0 (com=0.51),0.4196404680881596
650251,5,34903,926,0,Cluster 0 (com=0.51),0.5251322145364474
650363,5,34903,1049,0,Cluster 0 (com=0.51),0.4195605688183869
650370,5,34903,536,0,Cluster 0 (com=0.51),0.19723918389271114
650424,5,34903,664,0,Cluster 0 (com=0.51),0.49641753599505706
650461,5,34903,75,1,Cluster 1 (com=0.70),0.22147540202253532
650469,5,34903,604,0,Cluster 0 (com=0.51),0.4469296884038408
650473,5,34903,1395,0,Cluster 0 (com=0.51),0.5587436354886562
650570,5,34903,794,0,Cluster 0 (com=0.51),0.504469539034093
650866,5,34903,1514,0,Cluster 0 (com=0.51),0.5150349640696801
650923,5,34903,315,0,Cluster 0 (com=0.51),0.3905024508873817
650960,5,34903,234,0,Cluster 0 (com=0.51),0.19200281578708023
651040,5,34903,371,0,Cluster 0 (com=0.51),0.27361375681268485
651121,5,34903,644,0,Cluster 0 (com=0.51),0.32832582327301446
651126,5,34903,771,1,Cluster 1 (com=0.70),0.429661304721512
651182,5,34903,95,0,Cluster 0 (com=0.51),0.252637924493141
651354,5,34903,1068,0,Cluster 0 (com=0.51),0.20165351146749413
651381,5,34903,424,0,Cluster 0 (com=0.51),0.4107976094287199
651419,5,34903,1727,0,Cluster 0 (com=0.51),0.5123498872496253
651478,5,34903,1006,0,Cluster 0 (com=0.51),0.4576832311136919
651498,5,34903,1345,0,Cluster 0 (com=0.51),0.5081619003532775
651555,5,34903,244,1,Cluster 1 (com=0.70),0.24010708702468755
651598,5,34903,819,0,Cluster 0 (com=0.51),0.4966305047271544
651881,5,34903,270,0,Cluster 0 (com=0.51),0.36459165475712946
651927,5,34903,893,0,Cluster 0 (com=0.51),0.4493674895355967
651990,5,34903,805,0,Cluster 0 (com=0.51),0.49335068286503386
652008,5,34903,489,0,Cluster 0 (com=0.51),0.4726248220147114
652064,5,34903,1411,0,Cluster 0 (com=0.51),0.5181892097381028
652087,5,34903,164,0,Cluster 0 (com=0.51),0.27273625641085986
652333,5,34903,499,0,Cluster 0 (com=0.51),0.2819381981453438
652335,5,34903,387,0,Cluster 0 (com=0.51),0.37489453452207494
652576,5,34903,389,0,Cluster 0 (com=0.51),0.3332700268780559
652625,5,34903,1452,0,Cluster 0 (com=0.51),0.48261409474490125
652672,5,34903,518,0,Cluster 0 (com=0.51),0.48642284979133626
652684,5,34903,1022,1,Cluster 1 (com=0.70),-0.03266749488785052
652711,5,34903,939,0,Cluster 0 (com=0.51),0.4410002031331707
652753,5,34903,949,0,Cluster 0 (com=0.51),0.4922783859527958
652788,5,34903,510,0,Cluster 0 (com=0.51),0.48278661779054344
652887,5,34903,695,0,Cluster 0 (com=0.51),0.32069761394870816
652890,5,34903,107,1,Cluster 1 (com=0.70),0.33106027494445306
652898,5,34903,1010,0,Cluster 0 (com=0.51),0.520484541583017
652994,5,34903,204,1,Cluster 1 (com=0.70),0.33755545391767605
653045,5,34903,97,0,Cluster 0 (com=0.51),0.143160286665742
653297,5,34903,776,0,Cluster 0 (com=0.51),0.5079506660772721
653301,5,34903,1318,0,Cluster 0 (com=0.51),0.4787734406675821
653381,5,34903,722,0,Cluster 0 (com=0.51),0.5048117102097205
653417,5,34903,149,1,Cluster 1 (com=0.70),0.3141591459692295
653558,5,34903,246,1,Cluster 1 (com=0.70),0.08283254945680016
653567,5,34903,1261,1,Cluster 1 (com=0.70),0.20218957542109656
653595,5,34903,937,0,Cluster 0 (com=0.51),0.48751518036582825
653653,5,34903,384,0,Cluster 0 (com=0.51),0.41220861575053075
653773,5,34903,715,0,Cluster 0 (com=0.51),0.45393199477505314
654045,5,34903,391,0,Cluster 0 (com=0.51),0.5088173010593742
654114,5,34903,545,0,Cluster 0 (com=0.51),0.42350223388605346
654169,5,34903,536,0,Cluster 0 (com=0.51),0.4636706418371626
654217,5,34903,117,0,Cluster 0 (com=0.51),0.18512316642886054
654236,5,34903,1116,0,Cluster 0 (com=0.51),0.20871850592730787
654260,5,34903,509,0,Cluster 0 (com=0.51),0.2942732989475425
654339,5,34903,888,0,Cluster 0 (com=0.51),0.14451122743679032
654441,5,34903,1820,0,Cluster 0 (com=0.51),0.4746836990023679
654565,5,34903,1338,0,Cluster 0 (com=0.51),0.45522631774867
654578,5,34903,250,1,Cluster 1 (com=0.70),-0.05221460450309092
654597,5,34903,523,0,Cluster 0 (com=0.51),0.46504797797588904
654692,5,34903,514,0,Cluster 0 (com=0.51),0.5037331774803782
654819,5,34903,5576,0,Cluster 0 (com=0.51),0.49900426857127067
654824,5,34903,1403,0,Cluster 0 (com=0.51),0.5243999922721513
654834,5,34903,1004,0,Cluster 0 (com=0.51),0.4531984855635511
654867,5,34903,1743,0,Cluster 0 (com=0.51),0.5570000014197523
655115,5,34903,678,0,Cluster 0 (com=0.51),0.4529455024583778
655127,5,34903,321,0,Cluster 0 (com=0.51),0.2996788814212055
655386,5,34903,1304,0,Cluster 0 (com=0.51),0.5573646258490201
655412,5,34903,788,0,Cluster 0 (com=0.51),0.45366949889345626
655445,5,34903,491,0,Cluster 0 (com=0.51),0.5424123740427814
655569,5,34903,304,0,Cluster 0 (com=0.51),0.3402637047142026
655796,5,34903,339,1,Cluster 1 (com=0.70),-0.01667155674837681
655927,5,34903,258,1,Cluster 1 (com=0.70),0.1298389302100404
655981,5,34903,596,0,Cluster 0 (com=0.51),0.38972344017334304
656065,5,34903,517,0,Cluster 0 (com=0.51),0.4351130521428103
656092,5,34903,659,0,Cluster 0 (com=0.51),0.478174193192484
656131,5,34903,1293,0,Cluster 0 (com=0.51),0.3871899451147055
656158,5,34903,430,0,Cluster 0 (com=0.51),0.17689714347825958
656159,5,34903,439,0,Cluster 0 (com=0.51),0.4110052144583771
656165,5,34903,333,1,Cluster 1 (com=0.70),0.12550324545437921
656234,5,34903,495,0,Cluster 0 (com=0.51),0.3914813796387672
656323,5,34903,649,0,Cluster 0 (com=0.51),0.4359979069009101
656414,5,34903,1094,0,Cluster 0 (com=0.51),0.49675720540876755
656529,5,34903,1018,0,Cluster 0 (com=0.51),0.4141413234684566
656579,5,34903,840,0,Cluster 0 (com=0.51),0.45116473684517566
656607,5,34903,894,0,Cluster 0 (com=0.51),0.18107367170045643
656651,5,34903,222,0,Cluster 0 (com=0.51),0.5076995403948206
656734,5,34903,1622,0,Cluster 0 (com=0.51),0.5059087570464639
656791,5,34903,1858,0,Cluster 0 (com=0.51),0.5563148221465225
656882,5,34903,1012,0,Cluster 0 (com=0.51),0.27712081645560876
656996,5,34903,219,0,Cluster 0 (com=0.51),0.430475949872524
657048,5,34903,297,0,Cluster 0 (com=0.51),0.3808554985857092
657220,5,34903,981,0,Cluster 0 (com=0.51),0.49703027350716666
657330,5,34903,516,0,Cluster 0 (com=0.51),0.4922392403956544
657344,5,34903,927,0,Cluster 0 (com=0.51),0.49489191899658846
674222,5,34903,1397,0,Cluster 0 (com=0.51),0.5133724264707478
674226,5,34903,215,0,Cluster 0 (com=0.51),0.2599416634100562
674236,5,34903,611,0,Cluster 0 (com=0.51),0.39207183218793135
674262,5,34903,2066,0,Cluster 0 (com=0.51),0.5570437328167629
674320,5,34903,517,0,Cluster 0 (com=0.51),0.3850204747236501
674387,5,34903,1209,0,Cluster 0 (com=0.51),0.44622198478044756
674451,5,34903,799,0,Cluster 0 (com=0.51),0.5039025857625329
674484,5,34903,1314,0,Cluster 0 (com=0.51),0.5599031073746292
674497,5,34903,742,0,Cluster 0 (com=0.51),0.4216988159210413
674509,5,34903,3101,0,Cluster 0 (com=0.51),0.5314173621013484
674584,5,34903,654,0,Cluster 0 (com=0.51),0.42055896077123783
674644,5,34903,816,0,Cluster 0 (com=0.51),0.47962063514886594
674657,5,34903,598,0,Cluster 0 (com=0.51),0.4300048817735196
674671,5,34903,1465,0,Cluster 0 (com=0.51),0.48447699971179864
674691,5,34903,1887,0,Cluster 0 (com=0.51),0.5588562911876885
674694,5,34903,1252,0,Cluster 0 (com=0.51),0.4410229466817036
674699,5,34903,647,0,Cluster 0 (com=0.51),0.43870241964860285
674751,5,34903,953,0,Cluster 0 (com=0.51),0.423273493312531
674831,5,34903,378,0,Cluster 0 (com=0.51),0.44448194192558016
674870,5,34903,1254,0,Cluster 0 (com=0.51),0.4958803308892293
674921,5,34903,499,0,Cluster 0 (com=0.51),0.3305389937552265
675021,5,34903,1229,1,Cluster 1 (com=0.70),-0.002701571937282353
675054,5,34903,436,0,Cluster 0 (com=0.51),0.3606089509348332
675193,5,34903,649,0,Cluster 0 (com=0.51),0.3677683706414126
675225,5,34903,742,0,Cluster 0 (com=0.51),0.25009132646837634
675233,5,34903,1706,0,Cluster 0 (com=0.51),0.4632011794107702
675273,5,34903,244,0,Cluster 0 (com=0.51),0.28662779960770846
675279,5,34903,792,0,Cluster 0 (com=0.51),0.4239791427822993
675315,5,34903,592,0,Cluster 0 (com=0.51),0.32642932458656765
675328,5,34903,535,0,Cluster 0 (com=0.51),0.34615224092929053
675474,5,34903,21,0,Cluster 0 (com=0.51),0.2433379420402036
675566,5,34903,444,0,Cluster 0 (com=0.51),0.32551403579104427
675636,5,34903,1167,0,Cluster 0 (com=0.51),0.5469055607714818
675710,5,34903,761,0,Cluster 0 (com=0.51),0.5144117286612356
675989,5,34903,1946,0,Cluster 0 (com=0.51),0.559464048445073
676064,5,34903,1292,0,Cluster 0 (com=0.51),0.45987187103966426
676103,5,34903,333,1,Cluster 1 (com=0.70),0.14998122074639472
676190,5,34903,1425,0,Cluster 0 (com=0.51),0.5527236916700111
676265,5,34903,986,0,Cluster 0 (com=0.51),0.3396957732798899
676272,5,34903,60,1,Cluster 1 (com=0.70),0.10666258449892874
676303,5,34903,59,0,Cluster 0 (com=0.51),0.2647819532737994
676378,5,34903,918,0,Cluster 0 (com=0.51),0.5243844292135399
676444,5,34903,1721,0,Cluster 0 (com=0.51),0.5654897480649844
676459,5,34903,1157,0,Cluster 0 (com=0.51),0.5546665246858985
676478,5,34903,900,0,Cluster 0 (com=0.51),0.5265786449510647
676492,5,34903,955,0,Cluster 0 (com=0.51),0.4579206690628744
676610,5,34903,263,0,Cluster 0 (com=0.51),0.3065898258855882
676626,5,34903,932,0,Cluster 0 (com=0.51),0.4824220703007516
676866,5,34903,616,0,Cluster 0 (com=0.51),0.48812313836310073
677085,5,34903,257,0,Cluster 0 (com=0.51),0.3376924771134185
677111,5,34903,660,0,Cluster 0 (com=0.51),0.3903250422172126
677138,5,34903,872,0,Cluster 0 (com=0.51),0.4596932325937757
677155,5,34903,1565,0,Cluster 0 (com=0.51),0.40691841417962826
677167,5,34903,351,0,Cluster 0 (com=0.51),0.34800332774054854
677206,5,34903,1061,0,Cluster 0 (com=0.51),0.543235171905314
677221,5,34903,1415,0,Cluster 0 (com=0.51),0.4471712931014267
677235,5,34903,270,0,Cluster 0 (com=0.51),0.40187754610289256
677382,5,34903,842,0,Cluster 0 (com=0.51),0.3684005310612494
677400,5,34903,967,0,Cluster 0 (com=0.51),0.4367854034718668
677436,5,34903,537,0,Cluster 0 (com=0.51),0.4103518903690102
677456,5,34903,1443,0,Cluster 0 (com=0.51),0.5253389511893567
677486,5,34903,181,0,Cluster 0 (com=0.51),0.15724252665551292
677546,5,34903,490,1,Cluster 1 (com=0.70),-0.01838852947560484
677655,5,34903,1383,0,Cluster 0 (com=0.51),0.4829736372609591
677748,5,34903,2593,0,Cluster 0 (com=0.51),0.48546265042860137
677767,5,34903,257,1,Cluster 1 (com=0.70),0.16856651542934362
677833,5,34903,984,0,Cluster 0 (com=0.51),0.38377411919715204
678088,5,34903,1520,0,Cluster 0 (com=0.51),0.5318713411851617
678235,5,34903,1835,0,Cluster 0 (com=0.51),0.5577076024698501
678270,5,34903,53,1,Cluster 1 (com=0.70),0.15756832396741643
678381,5,34903,367,0,Cluster 0 (com=0.51),0.41956898819317273
678452,5,34903,109,1,Cluster 1 (com=0.70),0.3178940958032249
678528,5,34903,2133,0,Cluster 0 (com=0.51),0.4702132134788136
678628,5,34903,182,0,Cluster 0 (com=0.51),0.11147974816330382
678659,5,34903,892,0,Cluster 0 (com=0.51),0.36439166755018954
678819,5,34903,1059,0,Cluster 0 (com=0.51),0.5237072368611438
678859,5,34903,1596,0,Cluster 0 (com=0.51),0.48931222820024384
678946,5,34903,985,0,Cluster 0 (com=0.51),0.3849582520495368
678954,5,34903,1474,0,Cluster 0 (com=0.51),0.5379059130520156
679036,5,34903,2700,0,Cluster 0 (com=0.51),0.5628631302930119
679189,5,34903,1499,0,Cluster 0 (com=0.51),0.5521676671547256
679237,5,34903,514,0,Cluster 0 (com=0.51),0.1521154075911295
679251,5,34903,216,0,Cluster 0 (com=0.51),0.35606584623255433
679262,5,34903,133,0,Cluster 0 (com=0.51),0.2921711769021445
679278,5,34903,370,0,Cluster 0 (com=0.51),0.3963327641010904
679384,5,34903,652,0,Cluster 0 (com=0.51),0.36367677318110864
679386,5,34903,100,0,Cluster 0 (com=0.51),0.13006646192470414
679402,5,34903,490,0,Cluster 0 (com=0.51),0.4501516884304078
679445,5,34903,474,0,Cluster 0 (com=0.51),0.41739503199959826
679448,5,34903,1717,0,Cluster 0 (com=0.51),0.4751474789257669
679498,5,34903,312,1,Cluster 1 (com=0.70),0.33625513476493796
679509,5,34903,177,0,Cluster 0 (com=0.51),0.35342055980368725
679594,5,34903,1596,0,Cluster 0 (com=0.51),0.5602503565056496
679788,5,34903,411,0,Cluster 0 (com=0.51),0.31520490323395534
679790,5,34903,378,1,Cluster 1 (com=0.70),0.3197809682602006
679939,5,34903,568,0,Cluster 0 (com=0.51),0.3078810555132277
680014,5,34903,462,0,Cluster 0 (com=0.51),0.493374675576146
680027,5,34903,1525,0,Cluster 0 (com=0.51),0.36435318482056744
680145,5,34903,1031,0,Cluster 0 (com=0.51),0.44493594317722857
680266,5,34903,1627,0,Cluster 0 (com=0.51),0.5443504755485647
680270,5,34903,192,0,Cluster 0 (com=0.51),0.17661247222144624
680322,5,34903,392,0,Cluster 0 (com=0.51),0.5120110592586921
680343,5,34903,1444,1,Cluster 1 (com=0.70),0.028121397217823505
680348,5,34903,773,0,Cluster 0 (com=0.51),0.5253954006162632
680443,5,34903,1094,0,Cluster 0 (com=0.51),0.5346282386966945
680464,5,34903,1329,0,Cluster 0 (com=0.51),0.48896792904952574
680506,5,34903,686,1,Cluster 1 (com=0.70),0.13775890392296064
680572,5,34903,524,0,Cluster 0 (com=0.51),0.4109326516477901
680708,5,34903,415,0,Cluster 0 (com=0.51),0.40990638498582077
680713,5,34903,797,0,Cluster 0 (com=0.51),0.544112507441086
680747,5,34903,496,0,Cluster 0 (com=0.51),0.5231900853960743
680775,5,34903,165,0,Cluster 0 (com=0.51),0.35858785450501335
680810,5,34903,4753,0,Cluster 0 (com=0.51),0.2555336059060516
680955,5,34903,939,0,Cluster 0 (com=0.51),0.5388495158059852
680974,5,34903,131,0,Cluster 0 (com=0.51),0.12219436192549421
681004,5,34903,735,0,Cluster 0 (com=0.51),0.5328872643492448
681235,5,34903,303,0,Cluster 0 (com=0.51),0.25298849432677084
681328,5,34903,636,0,Cluster 0 (com=0.51),0.528356613701048
681352,5,34903,360,0,Cluster 0 (com=0.51),0.3050383395976501
681354,5,34903,577,1,Cluster 1 (com=0.70),0.10675934959993158
681452,5,34903,315,0,Cluster 0 (com=0.51),0.45985973223775106
681490,5,34903,1230,0,Cluster 0 (com=0.51),0.5449621075394555
681608,5,34903,147,1,Cluster 1 (com=0.70),0.06371822255890632
681633,5,34903,961,0,Cluster 0 (com=0.51),0.3127432796372883
681652,5,34903,489,0,Cluster 0 (com=0.51),0.3989919939184205
681658,5,34903,275,0,Cluster 0 (com=0.51),0.3304556988026981
681755,5,34903,759,0,Cluster 0 (com=0.51),0.4043333075764215
681763,5,34903,761,0,Cluster 0 (com=0.51),0.3248608318044477
681938,5,34903,375,0,Cluster 0 (com=0.51),0.34166020022233307
681973,5,34903,135,1,Cluster 1 (com=0.70),0.09424795474190867
682070,5,34903,999,0,Cluster 0 (com=0.51),0.5216511125530254
682298,5,34903,746,0,Cluster 0 (com=0.51),0.4712503924072551
682390,5,34903,259,1,Cluster 1 (com=0.70),0.3654666668429982
682436,5,34903,978,0,Cluster 0 (com=0.51),0.3907577831328299
682437,5,34903,683,0,Cluster 0 (com=0.51),0.49060171112390055
682511,5,34903,916,0,Cluster 0 (com=0.51),0.3708771738392717
682539,5,34903,1099,0,Cluster 0 (com=0.51),0.47516794634852844
682569,5,34903,914,0,Cluster 0 (com=0.51),0.3335615737577604
682613,5,34903,114,0,Cluster 0 (com=0.51),0.16016010604178815
682632,5,34903,812,0,Cluster 0 (com=0.51),0.5059164027292912
682695,5,34903,1045,0,Cluster 0 (com=0.51),0.5248749965005892
682753,5,34903,861,0,Cluster 0 (com=0.51),0.5241643387233826
682839,5,34903,952,0,Cluster 0 (com=0.51),0.499554436450294
682894,5,34903,470,0,Cluster 0 (com=0.51),0.4132490119515698
682963,5,34903,799,0,Cluster 0 (com=0.51),0.5375407478569961
682981,5,34903,846,0,Cluster 0 (com=0.51),0.5292959746195498
682983,5,34903,635,0,Cluster 0 (com=0.51),0.34383250196840726
682990,5,34903,1483,0,Cluster 0 (com=0.51),0.5600023522239372
683033,5,34903,2266,0,Cluster 0 (com=0.51),0.5208423681455456
683094,5,34903,434,0,Cluster 0 (com=0.51),0.43002536030531274
683178,5,34903,856,0,Cluster 0 (com=0.51),0.4779373661909059
683243,5,34903,139,1,Cluster 1 (com=0.70),-0.0288832718297975
683305,5,34903,53,0,Cluster 0 (com=0.51),0.33595368129939246
683346,5,34903,806,0,Cluster 0 (com=0.51),0.41086200328107647
683352,5,34903,579,0,Cluster 0 (com=0.51),0.31363828943164845
683353,5,34903,1168,0,Cluster 0 (com=0.51),0.40506011412759835
683375,5,34903,446,0,Cluster 0 (com=0.51),0.39920632698595176
683403,5,34903,885,0,Cluster 0 (com=0.51),0.5235619127264977
683467,5,34903,298,1,Cluster 1 (com=0.70),0.32136770990935865
683530,5,34903,1218,0,Cluster 0 (com=0.51),0.3654461066604529
683550,5,34903,151,0,Cluster 0 (com=0.51),0.14246524153708043
683604,5,34903,954,0,Cluster 0 (com=0.51),0.4336611036947904
683624,5,34903,1831,0,Cluster 0 (com=0.51),0.5643258472207936
683820,5,34903,511,0,Cluster 0 (com=0.51),0.4888958361169445
683902,5,34903,55,0,Cluster 0 (com=0.51),0.28519571039773284
683934,5,34903,573,0,Cluster 0 (com=0.51),0.36543596675290924
684013,5,34903,1378,0,Cluster 0 (com=0.51),0.5393933266498646
684183,5,34903,1166,0,Cluster 0 (com=0.51),0.5407025863466324
684311,5,34903,794,0,Cluster 0 (com=0.51),0.5262922666136481
684383,5,34903,831,0,Cluster 0 (com=0.51),0.31791539479996705
684386,5,34903,919,0,Cluster 0 (com=0.51),0.38102922087741664
684592,5,34903,366,1,Cluster 1 (com=0.70),0.2555344472164475
684671,5,34903,511,0,Cluster 0 (com=0.51),0.16298633266833817
684675,5,34903,150,1,Cluster 1 (com=0.70),0.006281818137900941
684882,5,34903,2299,0,Cluster 0 (com=0.51),0.5494042542194337
684981,5,34903,443,0,Cluster 0 (com=0.51),0.3707274919897776
685105,5,34903,164,0,Cluster 0 (com=0.51),0.20137091760151957
685128,5,34903,311,0,Cluster 0 (com=0.51),0.19572638323912364
685140,5,34903,74,1,Cluster 1 (com=0.70),0.3720709346187235
685155,5,34903,982,0,Cluster 0 (com=0.51),0.5076372583766761
685212,5,34903,1224,0,Cluster 0 (com=0.51),0.2956953606116258
685276,5,34903,669,0,Cluster 0 (com=0.51),0.4923414015509778
685339,5,34903,1045,0,Cluster 0 (com=0.51),0.46139896603826613
685373,5,34903,810,0,Cluster 0 (com=0.51),0.5329752514347459
685378,5,34903,118,1,Cluster 1 (com=0.70),0.40569962006101556
685410,5,34903,770,0,Cluster 0 (com=0.51),0.49026451577667346
685619,5,34903,777,1,Cluster 1 (com=0.70),0.04851233663650541
685705,5,34903,925,0,Cluster 0 (com=0.51),0.4781520051735664
685708,5,34903,640,0,Cluster 0 (com=0.51),0.2777878177874159
685772,5,34903,1023,0,Cluster 0 (com=0.51),0.5224826244557454
685831,5,34903,304,0,Cluster 0 (com=0.51),0.4958323385554008
686065,5,34903,1324,0,Cluster 0 (com=0.51),0.5274650374048822
686317,5,34903,338,0,Cluster 0 (com=0.51),0.09673455479465033
686344,5,34903,1003,0,Cluster 0 (com=0.51),0.4034683884506729
686348,5,34903,677,0,Cluster 0 (com=0.51),0.5000527576080459
686498,5,34903,1365,0,Cluster 0 (com=0.51),0.5225977724398511
686522,5,34903,758,0,Cluster 0 (com=0.51),0.3867950224981875
686558,5,34903,172,1,Cluster 1 (com=0.70),-0.003785966030825309
686700,5,34903,87,1,Cluster 1 (com=0.70),0.31036785033468833
686946,5,34903,110,1,Cluster 1 (com=0.70),0.04544518398876524
687112,5,34903,96,1,Cluster 1 (com=0.70),0.2523602701622106
687115,5,34903,55,1,Cluster 1 (com=0.70),0.38572453525629563
687351,5,34903,641,0,Cluster 0 (com=0.51),0.180521635087149
687410,5,34903,414,0,Cluster 0 (com=0.51),0.3939273488629588
687434,5,34903,1843,0,Cluster 0 (com=0.51),0.5348597791448979
687468,5,34903,906,0,Cluster 0 (com=0.51),0.5240390413160876
687485,5,34903,619,0,Cluster 0 (com=0.51),0.4570091413903525
687503,5,34903,1786,0,Cluster 0 (com=0.51),0.540155638598946
687910,5,34903,841,0,Cluster 0 (com=0.51),0.5328912453684593
687930,5,34903,1104,0,Cluster 0 (com=0.51),0.4861332596672597
687931,5,34903,600,0,Cluster 0 (com=0.51),0.4797320175493674
687988,5,34903,1196,0,Cluster 0 (com=0.51),0.5240801712586022
688008,5,34903,822,0,Cluster 0 (com=0.51),0.40700377911518437
688127,5,34903,695,0,Cluster 0 (com=0.51),0.15419824908350516
688136,5,34903,1346,0,Cluster 0 (com=0.51),0.5147249864542871
688192,5,34903,886,0,Cluster 0 (com=0.51),0.48047185690416067
688265,5,34903,111,0,Cluster 0 (com=0.51),0.20400692332421347
688337,5,34903,164,0,Cluster 0 (com=0.51),0.490468339377288
688543,5,34903,667,0,Cluster 0 (com=0.51),0.13404014624644256
688667,5,34903,2096,0,Cluster 0 (com=0.51),0.5139058642402123
688685,5,34903,164,0,Cluster 0 (com=0.51),0.29868413755478335
688727,5,34903,1299,0,Cluster 0 (com=0.51),0.44260472599605655
688891,5,34903,454,1,Cluster 1 (com=0.70),-0.04233660668209957
688895,5,34903,1786,0,Cluster 0 (com=0.51),0.5030131855940906
689005,5,34903,107,0,Cluster 0 (com=0.51),0.3774098318539666
689056,5,34903,68,1,Cluster 1 (com=0.70),0.37845334860869306
689260,5,34903,496,0,Cluster 0 (com=0.51),0.20003593536496778
689280,5,34903,913,0,Cluster 0 (com=0.51),0.5371360056392688
689347,5,34903,431,0,Cluster 0 (com=0.51),0.38876416274889736
689796,5,34903,2911,0,Cluster 0 (com=0.51),0.5254998108541642
689832,5,34903,470,0,Cluster 0 (com=0.51),0.3517699326415394
689855,5,34903,546,0,Cluster 0 (com=0.51),0.4243293948950411
689924,5,34903,148,0,Cluster 0 (com=0.51),0.427671691649143
690075,5,34903,77,1,Cluster 1 (com=0.70),0.41020396664164743
690198,5,34903,261,0,Cluster 0 (com=0.51),0.2789642222646411
690628,5,34903,686,0,Cluster 0 (com=0.51),0.35931110359321977
690635,5,34903,180,0,Cluster 0 (com=0.51),0.20398034519139674
690746,5,34903,1368,0,Cluster 0 (com=0.51),0.49134263139314366
690872,5,34903,300,0,Cluster 0 (com=0.51),0.3213773577208331
691269,5,34903,323,0,Cluster 0 (com=0.51),0.46891990186854016
691280,5,34903,9,0,Cluster 0 (com=0.51),0.06922057885306682
691326,5,34903,1023,0,Cluster 0 (com=0.51),0.47092027296287553
691465,5,34903,667,0,Cluster 0 (com=0.51),0.3968518591968962
691699,5,34903,411,0,Cluster 0 (com=0.51),0.34568994790449015
691722,5,34903,926,0,Cluster 0 (com=0.51),0.5269415135959283
691873,5,34903,476,0,Cluster 0 (com=0.51),0.4757109387441361
691932,5,34903,1337,0,Cluster 0 (com=0.51),0.40719398367040466
692010,5,34903,1034,0,Cluster 0 (com=0.51),0.45590511863409533
692097,5,34903,1198,0,Cluster 0 (com=0.51),0.5158039838489654
692220,5,34903,430,0,Cluster 0 (com=0.51),0.45136640944384593
692301,5,34903,61,1,Cluster 1 (com=0.70),-0.038718156017261265
692334,5,34903,1782,0,Cluster 0 (com=0.51),0.4159639464460992
692454,5,34903,425,0,Cluster 0 (com=0.51),0.2726498191388776
692612,5,34903,1077,0,Cluster 0 (com=0.51),0.5129635871981877
692893,5,34903,331,0,Cluster 0 (com=0.51),0.26380035634415405
692962,5,34903,1354,0,Cluster 0 (com=0.51),0.47969137918514
692968,5,34903,453,0,Cluster 0 (com=0.51),0.2633306288000479
693162,5,34903,1171,0,Cluster 0 (com=0.51),0.5100916746253243
693197,5,34903,496,0,Cluster 0 (com=0.51),0.1746536030840183
693236,5,34903,458,0,Cluster 0 (com=0.51),0.29860462210933436
693345,5,34903,469,1,Cluster 1 (com=0.70),0.02054985408632202
693373,5,34903,514,0,Cluster 0 (com=0.51),0.4701449831659176
693497,5,34903,703,0,Cluster 0 (com=0.51),0.49050418760037107
693519,5,34903,175,0,Cluster 0 (com=0.51),0.09544408337770843
693628,5,34903,405,1,Cluster 1 (com=0.70),-0.04308002885608687
693806,5,34903,1080,0,Cluster 0 (com=0.51),0.4027556109323918
693873,5,34903,178,1,Cluster 1 (com=0.70),0.23503528508556032
693903,5,34903,507,0,Cluster 0 (com=0.51),0.4631614092541541
693907,5,34903,1032,0,Cluster 0 (com=0.51),0.5326477991091314
694144,5,34903,638,0,Cluster 0 (com=0.51),0.499099686746777
694221,5,34903,20,0,Cluster 0 (com=0.51),0.19545842964203372
694428,5,34903,258,1,Cluster 1 (com=0.70),0.38183278153268885
694622,5,34903,560,0,Cluster 0 (com=0.51),0.4312918580950711
694716,5,34903,385,0,Cluster 0 (com=0.51),0.17991406053211859
694827,5,34903,756,0,Cluster 0 (com=0.51),0.41770715103450895
694836,5,34903,749,0,Cluster 0 (com=0.51),0.3863903723104151
694848,5,34903,1299,0,Cluster 0 (com=0.51),0.469426644142575
695090,5,34903,121,1,Cluster 1 (com=0.70),0.36626081055145104
695169,5,34903,188,1,Cluster 1 (com=0.70),0.3186290265965867
695471,5,34903,106,1,Cluster 1 (com=0.70),0.4004072836464381
695485,5,34903,234,1,Cluster 1 (com=0.70),0.05058695419604014
695637,5,34903,493,0,Cluster 0 (com=0.51),0.5256757084985442
695729,5,34903,1673,0,Cluster 0 (com=0.51),0.5187450198034039
695803,5,34903,503,0,Cluster 0 (com=0.51),0.5102091513862242
695869,5,34903,1020,0,Cluster 0 (com=0.51),0.5389226144960174
696039,5,34903,90,1,Cluster 1 (com=0.70),0.38183278153268885
696043,5,34903,586,0,Cluster 0 (com=0.51),0.4392394340986945
696082,5,34903,552,0,Cluster 0 (com=0.51),0.5481540842640477
696188,5,34903,290,1,Cluster 1 (com=0.70),0.3809043591872886
696275,5,34903,1802,0,Cluster 0 (com=0.51),0.5034795674819638
696318,5,34903,674,0,Cluster 0 (com=0.51),0.5159915185062038
696329,5,34903,970,0,Cluster 0 (com=0.51),0.47849528462780994
696347,5,34903,1699,0,Cluster 0 (com=0.51),0.45134771228021103
696364,5,34903,322,1,Cluster 1 (com=0.70),-0.07633184432021956
696659,5,34903,195,0,Cluster 0 (com=0.51),0.4288511498554772
696662,5,34903,2145,0,Cluster 0 (com=0.51),0.560032371167967
696666,5,34903,56,0,Cluster 0 (com=0.51),0.10055894405305509
696671,5,34903,694,0,Cluster 0 (com=0.51),0.39918266141577474
696672,5,34903,93,0,Cluster 0 (com=0.51),0.12871862071607337
696678,5,34903,461,0,Cluster 0 (com=0.51),0.43896313432482936
696729,5,34903,1065,0,Cluster 0 (com=0.51),0.49976143543207563
697114,5,34903,472,1,Cluster 1 (com=0.70),0.264837521029355
697255,5,34903,939,0,Cluster 0 (com=0.51),0.3311062434036883
697878,5,34903,343,0,Cluster 0 (com=0.51),0.4066920040654985
697998,5,34903,695,0,Cluster 0 (com=0.51),0.3818489088299636
698015,5,34903,498,0,Cluster 0 (com=0.51),0.4090087204815686
698384,5,34903,780,0,Cluster 0 (com=0.51),0.47149564391959015
698485,5,34903,898,0,Cluster 0 (com=0.51),0.2814951866588347
698656,5,34903,314,0,Cluster 0 (com=0.51),0.4961709615703519
699127,5,34903,43,1,Cluster 1 (com=0.70),0.38183278153268885
699128,5,34903,361,0,Cluster 0 (com=0.51),0.33629492788524334
895524,5,34903,2627,0,Cluster 0 (com=0.51),0.55384819733269
1042726,5,34903,12,1,Cluster 1 (com=0.70),0.3889798720969915
1318759,5,34903,1155,0,Cluster 0 (com=0.51),0.508259201005571
1348205,5,34903,2177,0,Cluster 0 (com=0.51),0.5208923219305535
1391717,5,34903,583,0,Cluster 0 (com=0.51),0.2498985767859522
1413902,5,34903,501,0,Cluster 0 (com=0.51),0.3414316052376609
1448966,5,34903,304,1,Cluster 1 (com=0.70),-0.004003878188505928
1450604,5,34903,737,0,Cluster 0 (com=0.51),0.329887020166914
1473878,5,34903,591,0,Cluster 0 (com=0.51),0.4922102970023223
1501577,5,34903,611,0,Cluster 0 (com=0.51),0.43744046654833607
1585671,5,34903,1128,0,Cluster 0 (com=0.51),0.4927728203605765
1603549,5,34903,668,1,Cluster 1 (com=0.70),0.058295128815871934
1639699,5,34903,620,0,Cluster 0 (com=0.51),0.48849894474794386
1658963,5,34903,640,0,Cluster 0 (com=0.51),0.3030868047607352
1677677,5,34903,1354,0,Cluster 0 (com=0.51),0.38475780608887666
1722493,5,34903,1435,0,Cluster 0 (com=0.51),0.5101133458829361
1755594,5,34903,799,0,Cluster 0 (com=0.51),0.5241010701340602
1810759,5,34903,705,0,Cluster 0 (com=0.51),0.3221623466108683
1816458,5,34903,1871,0,Cluster 0 (com=0.51),0.4929959511951102
1817710,5,34903,967,0,Cluster 0 (com=0.51),0.5478798635483765
1836241,5,34903,1216,0,Cluster 0 (com=0.51),0.5545405669926233
1837138,5,34903,2710,0,Cluster 0 (com=0.51),0.5565000523446533
1871598,5,34903,3789,0,Cluster 0 (com=0.51),0.5546952754708172
1871684,5,34903,435,0,Cluster 0 (com=0.51),0.3476616570818897
1877902,5,34903,941,0,Cluster 0 (com=0.51),0.4782366487322018
1879321,5,34903,1636,0,Cluster 0 (com=0.51),0.4762144257064783
1881231,5,34903,598,0,Cluster 0 (com=0.51),0.211983849558522
1887108,5,34903,1100,0,Cluster 0 (com=0.51),0.5356574176976776
1889752,5,34903,1293,0,Cluster 0 (com=0.51),0.4728720360397789
1948159,5,34903,855,0,Cluster 0 (com=0.51),0.40941315859191707
1962049,5,34903,1803,0,Cluster 0 (com=0.51),0.5145847793497167
1972092,5,34903,1671,0,Cluster 0 (com=0.51),0.5071709917191378
1995177,5,34903,1352,0,Cluster 0 (com=0.51),0.54571971749757
1998834,5,34903,30,0,Cluster 0 (com=0.51),0.29536497370023057
2017487,5,34903,1464,0,Cluster 0 (com=0.51),0.5297016877232852
2020628,5,34903,6384,0,Cluster 0 (com=0.51),0.5330625669361748
2035700,5,34903,1309,0,Cluster 0 (com=0.51),0.47714190189244426
2047575,5,34903,899,0,Cluster 0 (com=0.51),0.5238533549355304
2065972,5,34903,631,0,Cluster 0 (com=0.51),0.534526183200644
2081123,5,34903,877,0,Cluster 0 (com=0.51),0.4377330625675624
2096251,5,34903,922,0,Cluster 0 (com=0.51),0.5198945810350039
2106955,5,34903,1156,0,Cluster 0 (com=0.51),0.49215363584575755
2138970,5,34903,157,1,Cluster 1 (com=0.70),0.3382960713279976
2140300,5,34903,1035,0,Cluster 0 (com=0.51),0.4797801716613624
2143312,5,34903,1897,0,Cluster 0 (com=0.51),0.5075229793452583
2143440,5,34903,614,0,Cluster 0 (com=0.51),0.2751005258648231
2154361,5,34903,188,0,Cluster 0 (com=0.51),0.14336731692508453
2160316,5,34903,1276,0,Cluster 0 (com=0.51),0.5180945979215827
2180090,5,34903,2598,0,Cluster 0 (com=0.51),0.5462996735689658
2185729,5,34903,762,0,Cluster 0 (com=0.51),0.45583438154602907
2197766,5,34903,1221,0,Cluster 0 (com=0.51),0.518150512873245
2254637,5,34903,924,0,Cluster 0 (com=0.51),0.5165441612508297
2274542,5,34903,1410,0,Cluster 0 (com=0.51),0.5192101383168638
2278101,5,34903,413,1,Cluster 1 (com=0.70),0.15530532897546462
2293511,5,34903,725,0,Cluster 0 (com=0.51),0.3053616209670771
2298106,5,34903,676,1,Cluster 1 (com=0.70),0.18636528958525345
2298895,5,34903,882,0,Cluster 0 (com=0.51),0.5511815421613164
2301830,5,34903,1748,0,Cluster 0 (com=0.51),0.4829280076698911
2306410,5,34903,446,0,Cluster 0 (com=0.51),0.4974736636412039
2332934,5,34903,90,1,Cluster 1 (com=0.70),0.36533722810118746
2341420,5,34903,162,1,Cluster 1 (com=0.70),0.15417675389847066
2343785,5,34903,673,0,Cluster 0 (com=0.51),0.44736491093423536
2351969,5,34903,104,1,Cluster 1 (com=0.70),0.38183278153268885
2360559,5,34903,848,0,Cluster 0 (com=0.51),0.5060933468500903
2366656,5,34903,448,0,Cluster 0 (com=0.51),0.43978506542828366
2378208,5,34903,443,1,Cluster 1 (com=0.70),-0.058921744987119766
2386732,5,34903,2138,0,Cluster 0 (com=0.51),0.5447117211787901
2399758,5,34903,716,0,Cluster 0 (com=0.51),0.46605773096087816
2403701,5,34903,3816,0,Cluster 0 (com=0.51),0.5523101733158094
2417975,5,34903,1123,0,Cluster 0 (com=0.51),0.20880180992609337
2424257,5,34903,798,0,Cluster 0 (com=0.51),0.4233165583732511
2427845,5,34903,953,0,Cluster 0 (com=0.51),0.5245201106668756
2438784,5,34903,640,0,Cluster 0 (com=0.51),0.493187639653837
2457440,5,34903,448,0,Cluster 0 (com=0.51),0.4208058033244481
2459292,5,34903,34,1,Cluster 1 (com=0.70),0.2112794816659889
2482710,5,34903,2176,0,Cluster 0 (com=0.51),0.46898474467914647
2486930,5,34903,154,1,Cluster 1 (com=0.70),0.1914095457693877
2499307,5,34903,1066,0,Cluster 0 (com=0.51),0.47748030107431144
2519138,5,34903,761,0,Cluster 0 (com=0.51),0.3933280147120062
2529419,5,34903,1278,0,Cluster 0 (com=0.51),0.4376340462200119
2537777,5,34903,765,0,Cluster 0 (com=0.51),0.4309374510506024
2542209,5,34903,771,0,Cluster 0 (com=0.51),0.35985530872387683
2544643,5,34903,1590,0,Cluster 0 (com=0.51),0.5317506525474714
2544766,5,34903,315,1,Cluster 1 (com=0.70),0.4012143129724036
2546315,5,34903,1338,0,Cluster 0 (com=0.51),0.47105943761295344
2557008,5,34903,4003,0,Cluster 0 (com=0.51),0.5586009310881678
2559144,5,34903,320,0,Cluster 0 (com=0.51),0.2675004198559932
2563095,5,34903,1724,0,Cluster 0 (com=0.51),0.5036346068546735
2579891,5,34903,922,0,Cluster 0 (com=0.51),0.5051104651782489
2584244,5,34903,321,1,Cluster 1 (com=0.70),0.3552211959116602
2597117,5,34903,1178,0,Cluster 0 (com=0.51),0.5170550187559858
2599883,5,34903,479,0,Cluster 0 (com=0.51),0.356866465384067
2602542,5,34903,950,0,Cluster 0 (com=0.51),0.47493336823088483
2603027,5,34903,967,0,Cluster 0 (com=0.51),0.5166180878113995
2612102,5,34903,947,0,Cluster 0 (com=0.51),0.5343778796460972
2624028,5,34903,1217,0,Cluster 0 (com=0.51),0.4715390738400525
2641156,5,34903,162,1,Cluster 1 (com=0.70),0.24076507574424627
2642532,5,34903,165,0,Cluster 0 (com=0.51),0.37935173448299625
2649948,5,34903,339,0,Cluster 0 (com=0.51),0.2957778611771544
2657913,5,34903,469,0,Cluster 0 (com=0.51),0.27844168161715044
2658856,5,34903,574,0,Cluster 0 (com=0.51),0.397582780015651
2681198,5,34903,951,0,Cluster 0 (com=0.51),0.4840377098895304
2682682,5,34903,852,0,Cluster 0 (com=0.51),0.3981915601201906
2683857,5,34903,2307,0,Cluster 0 (com=0.51),0.5514637142459694
2686035,5,34903,511,0,Cluster 0 (com=0.51),0.15531077113749242
2697921,5,34903,395,0,Cluster 0 (com=0.51),0.21825712120180418
