id_student,ciclo,id_assessment,total_clicks,perfil_divisivo,perfil_k3_direto
31296,1,34899,45,Tardio,Tardio
35747,1,34899,491,Tardio,Tardio
35796,1,34899,277,Adiantado,Adiantado
40857,1,34899,207,Adiantado,Adiantado
40878,1,34899,345,Equilibrado,Equilibrado
42552,1,34899,500,Adiantado,Adiantado
43958,1,34899,297,Equilibrado,Equilibrado
45423,1,34899,807,Equilibrado,Adiantado
47861,1,34899,2276,Equilibrado,Equilibrado
56637,1,34899,1140,Equilibrado,Equilibrado
56667,1,34899,54,Tardio,Tardio
58884,1,34899,667,Equilibrado,Equilibrado
63112,1,34899,126,Tardio,Tardio
64427,1,34899,415,Equilibrado,Equilibrado
66892,1,34899,81,Equilibrado,Equilibrado
69439,1,34899,229,Equilibrado,Equilibrado
71159,1,34899,459,Equilibrado,Equilibrado
74165,1,34899,461,Equilibrado,Equilibrado
75107,1,34899,938,Equilibrado,Equilibrado
77692,1,34899,600,Tardio,Tardio
77995,1,34899,103,Equilibrado,Equilibrado
79610,1,34899,304,Adiantado,Adiantado
80438,1,34899,903,Equilibrado,Equilibrado
84604,1,34899,710,Equilibrado,Equilibrado
85241,1,34899,142,Equilibrado,Equilibrado
87264,1,34899,500,Tardio,Equilibrado
87322,1,34899,88,Equilibrado,Equilibrado
91801,1,34899,795,Equilibrado,Equilibrado
94749,1,34899,584,Equilibrado,Equilibrado
98256,1,34899,164,Equilibrado,Equilibrado
101217,1,34899,62,Adiantado,Adiantado
102854,1,34899,610,Adiantado,Adiantado
105125,1,34899,388,Equilibrado,Equilibrado
105939,1,34899,265,Tardio,Tardio
107455,1,34899,252,Adiantado,Adiantado
109577,1,34899,143,Adiantado,Adiantado
110820,1,34899,471,Equilibrado,Equilibrado
113702,1,34899,973,Equilibrado,Equilibrado
116529,1,34899,11,Tardio,Tardio
119310,1,34899,232,Adiantado,Adiantado
119865,1,34899,410,Equilibrado,Equilibrado
125063,1,34899,490,Equilibrado,Equilibrado
129907,1,34899,639,Tardio,Tardio
131597,1,34899,60,Equilibrado,Equilibrado
132423,1,34899,278,Adiantado,Adiantado
132475,1,34899,590,Equilibrado,Equilibrado
135280,1,34899,863,Equilibrado,Equilibrado
136944,1,34899,6,Tardio,Equilibrado
139206,1,34899,627,Equilibrado,Equilibrado
142310,1,34899,244,Equilibrado,Adiantado
143755,1,34899,1129,Adiantado,Adiantado
144959,1,34899,66,Tardio,Adiantado
149178,1,34899,532,Adiantado,Adiantado
150282,1,34899,168,Adiantado,Adiantado
152524,1,34899,964,Equilibrado,Equilibrado
152917,1,34899,694,Equilibrado,Equilibrado
155938,1,34899,557,Equilibrado,Equilibrado
157225,1,34899,201,Tardio,Tardio
159906,1,34899,266,Equilibrado,Equilibrado
159947,1,34899,129,Tardio,Tardio
164148,1,34899,306,Tardio,Tardio
166123,1,34899,339,Equilibrado,Equilibrado
169596,1,34899,336,Equilibrado,Equilibrado
170874,1,34899,336,Equilibrado,Equilibrado
172493,1,34899,458,Tardio,Equilibrado
177492,1,34899,908,Equilibrado,Equilibrado
184627,1,34899,315,Tardio,Tardio
184720,1,34899,323,Equilibrado,Equilibrado
185994,1,34899,330,Equilibrado,Equilibrado
191504,1,34899,178,Equilibrado,Equilibrado
194163,1,34899,369,Equilibrado,Equilibrado
195246,1,34899,558,Equilibrado,Equilibrado
195552,1,34899,474,Adiantado,Adiantado
199009,1,34899,354,Equilibrado,Equilibrado
204117,1,34899,386,Equilibrado,Equilibrado
226955,1,34899,721,Equilibrado,Equilibrado
228633,1,34899,602,Equilibrado,Adiantado
229498,1,34899,682,Equilibrado,Equilibrado
230947,1,34899,101,Equilibrado,Equilibrado
232173,1,34899,1155,Equilibrado,Equilibrado
234661,1,34899,466,Equilibrado,Equilibrado
235747,1,34899,136,Tardio,Tardio
235768,1,34899,410,Tardio,Tardio
235971,1,34899,693,Equilibrado,Equilibrado
236090,1,34899,558,Equilibrado,Equilibrado
237891,1,34899,217,Equilibrado,Equilibrado
249357,1,34899,410,Tardio,Tardio
251166,1,34899,560,Adiantado,Adiantado
253633,1,34899,370,Equilibrado,Equilibrado
253763,1,34899,1234,Equilibrado,Equilibrado
258245,1,34899,377,Adiantado,Adiantado
258509,1,34899,311,Tardio,Tardio
258978,1,34899,343,Adiantado,Adiantado
261863,1,34899,228,Adiantado,Adiantado
262025,1,34899,349,Tardio,Tardio
262394,1,34899,156,Equilibrado,Equilibrado
263862,1,34899,262,Tardio,Equilibrado
265497,1,34899,400,Equilibrado,Equilibrado
268823,1,34899,48,Tardio,Tardio
269584,1,34899,140,Equilibrado,Equilibrado
270421,1,34899,124,Tardio,Equilibrado
275127,1,34899,184,Equilibrado,Equilibrado
277384,1,34899,602,Equilibrado,Equilibrado
278380,1,34899,564,Equilibrado,Equilibrado
279440,1,34899,674,Equilibrado,Equilibrado
279653,1,34899,534,Adiantado,Adiantado
279883,1,34899,136,Equilibrado,Equilibrado
281134,1,34899,420,Equilibrado,Equilibrado
282849,1,34899,614,Adiantado,Adiantado
283402,1,34899,1046,Equilibrado,Equilibrado
286778,1,34899,398,Tardio,Equilibrado
287079,1,34899,109,Adiantado,Adiantado
287258,1,34899,446,Equilibrado,Adiantado
289247,1,34899,286,Equilibrado,Equilibrado
294112,1,34899,910,Equilibrado,Equilibrado
294219,1,34899,1512,Equilibrado,Equilibrado
294920,1,34899,1025,Equilibrado,Equilibrado
294929,1,34899,800,Equilibrado,Equilibrado
297218,1,34899,321,Equilibrado,Equilibrado
297341,1,34899,720,Adiantado,Adiantado
301074,1,34899,463,Equilibrado,Equilibrado
301561,1,34899,354,Adiantado,Adiantado
305064,1,34899,1013,Equilibrado,Equilibrado
305659,1,34899,198,Adiantado,Adiantado
310205,1,34899,739,Equilibrado,Equilibrado
312126,1,34899,510,Equilibrado,Equilibrado
312231,1,34899,139,Equilibrado,Equilibrado
312960,1,34899,27,Tardio,Equilibrado
315795,1,34899,284,Adiantado,Adiantado
316082,1,34899,112,Tardio,Tardio
318139,1,34899,515,Adiantado,Adiantado
318147,1,34899,558,Equilibrado,Equilibrado
319073,1,34899,589,Equilibrado,Equilibrado
320133,1,34899,997,Equilibrado,Equilibrado
320612,1,34899,698,Equilibrado,Equilibrado
322499,1,34899,124,Equilibrado,Equilibrado
328797,1,34899,212,Tardio,Tardio
331789,1,34899,206,Tardio,Equilibrado
332237,1,34899,23,Equilibrado,Equilibrado
333993,1,34899,584,Adiantado,Adiantado
334224,1,34899,96,Adiantado,Adiantado
335095,1,34899,495,Equilibrado,Equilibrado
337000,1,34899,414,Adiantado,Adiantado
338689,1,34899,40,Equilibrado,Equilibrado
338806,1,34899,31,Tardio,Tardio
339519,1,34899,452,Adiantado,Adiantado
340831,1,34899,55,Tardio,Equilibrado
341093,1,34899,117,Adiantado,Adiantado
341457,1,34899,591,Adiantado,Adiantado
341629,1,34899,381,Adiantado,Adiantado
343709,1,34899,132,Adiantado,Adiantado
345271,1,34899,2534,Equilibrado,Equilibrado
347197,1,34899,692,Adiantado,Adiantado
348108,1,34899,207,Tardio,Equilibrado
348324,1,34899,380,Adiantado,Adiantado
349515,1,34899,385,Equilibrado,Adiantado
351147,1,34899,261,Adiantado,Adiantado
354698,1,34899,220,Tardio,Tardio
355293,1,34899,212,Tardio,Tardio
364066,1,34899,954,Equilibrado,Equilibrado
366140,1,34899,1052,Equilibrado,Equilibrado
367151,1,34899,533,Tardio,Tardio
369242,1,34899,230,Equilibrado,Equilibrado
369450,1,34899,612,Equilibrado,Equilibrado
369644,1,34899,758,Adiantado,Adiantado
370735,1,34899,352,Equilibrado,Adiantado
372345,1,34899,518,Equilibrado,Equilibrado
372509,1,34899,24,Adiantado,Adiantado
372511,1,34899,153,Tardio,Tardio
374353,1,34899,696,Equilibrado,Equilibrado
375527,1,34899,105,Tardio,Tardio
378705,1,34899,341,Equilibrado,Equilibrado
378946,1,34899,1083,Equilibrado,Equilibrado
379278,1,34899,1209,Equilibrado,Equilibrado
379311,1,34899,160,Adiantado,Adiantado
379563,1,34899,86,Tardio,Tardio
380952,1,34899,257,Equilibrado,Equilibrado
381257,1,34899,778,Equilibrado,Equilibrado
381414,1,34899,174,Equilibrado,Equilibrado
381428,1,34899,502,Equilibrado,Equilibrado
381529,1,34899,435,Adiantado,Adiantado
383445,1,34899,143,Adiantado,Adiantado
383602,1,34899,632,Adiantado,Adiantado
383629,1,34899,58,Tardio,Tardio
384107,1,34899,567,Equilibrado,Equilibrado
386121,1,34899,185,Adiantado,Adiantado
386389,1,34899,291,Equilibrado,Equilibrado
386956,1,34899,475,Adiantado,Adiantado
389853,1,34899,386,Adiantado,Adiantado
390070,1,34899,361,Tardio,Tardio
393141,1,34899,645,Adiantado,Adiantado
395758,1,34899,277,Tardio,Tardio
396683,1,34899,1038,Equilibrado,Equilibrado
396834,1,34899,70,Equilibrado,Equilibrado
396907,1,34899,424,Adiantado,Adiantado
397219,1,34899,830,Equilibrado,Equilibrado
397292,1,34899,115,Tardio,Tardio
397671,1,34899,782,Equilibrado,Equilibrado
398550,1,34899,160,Adiantado,Adiantado
398630,1,34899,123,Tardio,Tardio
399429,1,34899,732,Equilibrado,Equilibrado
402695,1,34899,227,Tardio,Tardio
405193,1,34899,729,Adiantado,Adiantado
407232,1,34899,1067,Equilibrado,Equilibrado
408499,1,34899,670,Equilibrado,Equilibrado
410407,1,34899,889,Equilibrado,Equilibrado
410883,1,34899,244,Tardio,Tardio
411304,1,34899,241,Tardio,Tardio
412353,1,34899,1925,Equilibrado,Equilibrado
413180,1,34899,80,Tardio,Tardio
413709,1,34899,226,Equilibrado,Equilibrado
413949,1,34899,505,Tardio,Equilibrado
416199,1,34899,218,Adiantado,Adiantado
416407,1,34899,465,Adiantado,Adiantado
418201,1,34899,781,Equilibrado,Equilibrado
419059,1,34899,173,Adiantado,Adiantado
419081,1,34899,209,Adiantado,Adiantado
420834,1,34899,900,Adiantado,Adiantado
421070,1,34899,85,Tardio,Tardio
423210,1,34899,142,Tardio,Tardio
423488,1,34899,553,Equilibrado,Equilibrado
423781,1,34899,438,Tardio,Tardio
427256,1,34899,677,Adiantado,Adiantado
429832,1,34899,48,Equilibrado,Equilibrado
431139,1,34899,157,Equilibrado,Equilibrado
434476,1,34899,1363,Equilibrado,Equilibrado
438063,1,34899,404,Adiantado,Adiantado
438644,1,34899,111,Adiantado,Adiantado
439950,1,34899,174,Tardio,Tardio
439995,1,34899,292,Equilibrado,Equilibrado
440818,1,34899,1279,Equilibrado,Equilibrado
441165,1,34899,372,Equilibrado,Equilibrado
441421,1,34899,524,Equilibrado,Equilibrado
442199,1,34899,204,Equilibrado,Equilibrado
442347,1,34899,438,Equilibrado,Equilibrado
442563,1,34899,290,Equilibrado,Equilibrado
442802,1,34899,526,Equilibrado,Adiantado
443151,1,34899,167,Equilibrado,Equilibrado
443514,1,34899,145,Tardio,Tardio
443696,1,34899,539,Equilibrado,Equilibrado
444011,1,34899,234,Equilibrado,Equilibrado
444619,1,34899,97,Tardio,Tardio
444907,1,34899,448,Tardio,Tardio
445686,1,34899,231,Equilibrado,Equilibrado
464522,1,34899,376,Tardio,Tardio
465009,1,34899,142,Equilibrado,Equilibrado
465078,1,34899,828,Equilibrado,Equilibrado
465121,1,34899,246,Equilibrado,Equilibrado
465294,1,34899,299,Equilibrado,Equilibrado
466120,1,34899,521,Equilibrado,Equilibrado
466807,1,34899,27,Adiantado,Adiantado
466987,1,34899,331,Adiantado,Adiantado
467363,1,34899,419,Equilibrado,Equilibrado
469499,1,34899,844,Equilibrado,Adiantado
471284,1,34899,356,Tardio,Tardio
474667,1,34899,340,Equilibrado,Equilibrado
475015,1,34899,644,Equilibrado,Equilibrado
476401,1,34899,656,Equilibrado,Equilibrado
476629,1,34899,838,Equilibrado,Equilibrado
477833,1,34899,133,Equilibrado,Equilibrado
479939,1,34899,763,Equilibrado,Equilibrado
480303,1,34899,782,Equilibrado,Equilibrado
481240,1,34899,35,Tardio,Tardio
481717,1,34899,901,Equilibrado,Adiantado
482644,1,34899,210,Adiantado,Adiantado
483037,1,34899,443,Equilibrado,Equilibrado
483656,1,34899,460,Adiantado,Adiantado
484010,1,34899,340,Equilibrado,Equilibrado
484494,1,34899,209,Equilibrado,Equilibrado
484594,1,34899,1474,Equilibrado,Equilibrado
485228,1,34899,678,Equilibrado,Equilibrado
486087,1,34899,433,Equilibrado,Equilibrado
486964,1,34899,115,Adiantado,Adiantado
488525,1,34899,273,Equilibrado,Equilibrado
489553,1,34899,145,Adiantado,Adiantado
490297,1,34899,65,Tardio,Tardio
491077,1,34899,302,Equilibrado,Equilibrado
491126,1,34899,575,Equilibrado,Equilibrado
491863,1,34899,439,Equilibrado,Equilibrado
491959,1,34899,468,Equilibrado,Equilibrado
492024,1,34899,309,Adiantado,Adiantado
492557,1,34899,16,Adiantado,Adiantado
493793,1,34899,286,Equilibrado,Equilibrado
494046,1,34899,255,Equilibrado,Equilibrado
494184,1,34899,217,Equilibrado,Equilibrado
496493,1,34899,344,Adiantado,Adiantado
497415,1,34899,944,Equilibrado,Equilibrado
498442,1,34899,515,Equilibrado,Adiantado
499244,1,34899,311,Equilibrado,Equilibrado
499404,1,34899,296,Equilibrado,Equilibrado
500068,1,34899,325,Adiantado,Adiantado
500618,1,34899,398,Adiantado,Adiantado
501444,1,34899,412,Equilibrado,Equilibrado
501897,1,34899,59,Adiantado,Adiantado
502011,1,34899,768,Equilibrado,Equilibrado
503684,1,34899,57,Adiantado,Adiantado
505773,1,34899,985,Adiantado,Adiantado
506705,1,34899,260,Equilibrado,Equilibrado
507311,1,34899,254,Adiantado,Adiantado
507743,1,34899,688,Equilibrado,Equilibrado
507935,1,34899,1167,Equilibrado,Equilibrado
508626,1,34899,1208,Equilibrado,Equilibrado
509536,1,34899,738,Equilibrado,Equilibrado
511309,1,34899,511,Adiantado,Adiantado
511350,1,34899,22,Tardio,Tardio
511981,1,34899,464,Equilibrado,Equilibrado
513272,1,34899,79,Tardio,Tardio
513422,1,34899,137,Equilibrado,Equilibrado
513428,1,34899,183,Equilibrado,Equilibrado
514078,1,34899,1024,Equilibrado,Equilibrado
514556,1,34899,617,Equilibrado,Equilibrado
516602,1,34899,237,Equilibrado,Equilibrado
517551,1,34899,127,Equilibrado,Equilibrado
519115,1,34899,189,Equilibrado,Equilibrado
521032,1,34899,295,Adiantado,Adiantado
521115,1,34899,317,Tardio,Equilibrado
521153,1,34899,92,Adiantado,Adiantado
522082,1,34899,484,Equilibrado,Equilibrado
523017,1,34899,344,Adiantado,Adiantado
523249,1,34899,347,Equilibrado,Equilibrado
524827,1,34899,511,Equilibrado,Equilibrado
526721,1,34899,865,Equilibrado,Adiantado
526819,1,34899,19,Adiantado,Adiantado
527619,1,34899,83,Adiantado,Adiantado
529693,1,34899,486,Tardio,Equilibrado
529991,1,34899,165,Tardio,Equilibrado
530148,1,34899,474,Adiantado,Adiantado
531018,1,34899,575,Equilibrado,Equilibrado
531871,1,34899,430,Tardio,Tardio
532254,1,34899,819,Equilibrado,Equilibrado
533418,1,34899,842,Equilibrado,Equilibrado
534018,1,34899,440,Equilibrado,Equilibrado
534112,1,34899,364,Equilibrado,Adiantado
534457,1,34899,270,Equilibrado,Equilibrado
535542,1,34899,474,Adiantado,Adiantado
535997,1,34899,203,Adiantado,Adiantado
536351,1,34899,438,Equilibrado,Equilibrado
536475,1,34899,473,Equilibrado,Equilibrado
536963,1,34899,633,Equilibrado,Equilibrado
537322,1,34899,270,Adiantado,Adiantado
537606,1,34899,264,Tardio,Tardio
537811,1,34899,2515,Equilibrado,Equilibrado
539308,1,34899,358,Equilibrado,Equilibrado
539945,1,34899,158,Equilibrado,Equilibrado
540723,1,34899,894,Equilibrado,Equilibrado
541532,1,34899,461,Adiantado,Adiantado
541921,1,34899,869,Equilibrado,Adiantado
542202,1,34899,991,Equilibrado,Equilibrado
542550,1,34899,506,Equilibrado,Equilibrado
543010,1,34899,846,Equilibrado,Equilibrado
543432,1,34899,588,Equilibrado,Equilibrado
544141,1,34899,176,Tardio,Tardio
544745,1,34899,447,Equilibrado,Equilibrado
545164,1,34899,315,Equilibrado,Equilibrado
545962,1,34899,895,Equilibrado,Equilibrado
546547,1,34899,311,Tardio,Tardio
546645,1,34899,666,Equilibrado,Equilibrado
547347,1,34899,76,Tardio,Tardio
549219,1,34899,578,Equilibrado,Equilibrado
549321,1,34899,179,Tardio,Equilibrado
549523,1,34899,197,Adiantado,Adiantado
549847,1,34899,530,Equilibrado,Equilibrado
550420,1,34899,376,Equilibrado,Equilibrado
550703,1,34899,834,Equilibrado,Equilibrado
552173,1,34899,1364,Equilibrado,Equilibrado
553031,1,34899,503,Equilibrado,Equilibrado
553284,1,34899,605,Adiantado,Adiantado
553813,1,34899,98,Tardio,Tardio
554063,1,34899,572,Equilibrado,Equilibrado
554525,1,34899,1275,Equilibrado,Equilibrado
555049,1,34899,684,Equilibrado,Equilibrado
555827,1,34899,200,Adiantado,Adiantado
556126,1,34899,69,Adiantado,Adiantado
557085,1,34899,614,Equilibrado,Equilibrado
557290,1,34899,690,Equilibrado,Adiantado
557792,1,34899,173,Adiantado,Adiantado
557830,1,34899,348,Adiantado,Adiantado
558044,1,34899,293,Equilibrado,Equilibrado
558342,1,34899,271,Equilibrado,Equilibrado
558764,1,34899,664,Equilibrado,Equilibrado
560047,1,34899,207,Adiantado,Adiantado
560459,1,34899,251,Adiantado,Adiantado
560645,1,34899,721,Equilibrado,Equilibrado
560765,1,34899,486,Equilibrado,Equilibrado
561231,1,34899,527,Equilibrado,Equilibrado
562754,1,34899,822,Equilibrado,Equilibrado
562990,1,34899,351,Equilibrado,Equilibrado
563108,1,34899,157,Equilibrado,Equilibrado
563414,1,34899,1032,Equilibrado,Equilibrado
564243,1,34899,567,Equilibrado,Equilibrado
564617,1,34899,1364,Equilibrado,Equilibrado
564770,1,34899,176,Adiantado,Adiantado
564821,1,34899,146,Equilibrado,Equilibrado
564933,1,34899,476,Tardio,Equilibrado
565017,1,34899,1239,Equilibrado,Equilibrado
566823,1,34899,38,Adiantado,Adiantado
568987,1,34899,182,Adiantado,Adiantado
568998,1,34899,66,Adiantado,Adiantado
569034,1,34899,1701,Equilibrado,Equilibrado
569080,1,34899,818,Equilibrado,Equilibrado
569108,1,34899,594,Tardio,Equilibrado
569876,1,34899,922,Equilibrado,Equilibrado
570004,1,34899,33,Adiantado,Adiantado
570213,1,34899,100,Tardio,Tardio
570689,1,34899,121,Adiantado,Adiantado
571074,1,34899,608,Equilibrado,Adiantado
571950,1,34899,68,Equilibrado,Equilibrado
572071,1,34899,118,Equilibrado,Equilibrado
572074,1,34899,48,Tardio,Tardio
572213,1,34899,518,Equilibrado,Equilibrado
572265,1,34899,97,Tardio,Tardio
573007,1,34899,93,Tardio,Tardio
573583,1,34899,303,Equilibrado,Equilibrado
573697,1,34899,240,Equilibrado,Adiantado
574527,1,34899,631,Equilibrado,Equilibrado
574695,1,34899,509,Equilibrado,Equilibrado
575069,1,34899,495,Equilibrado,Equilibrado
575112,1,34899,217,Tardio,Tardio
575302,1,34899,1025,Equilibrado,Equilibrado
575685,1,34899,10,Tardio,Tardio
577032,1,34899,262,Equilibrado,Adiantado
577429,1,34899,549,Equilibrado,Equilibrado
577533,1,34899,8,Adiantado,Adiantado
578152,1,34899,132,Adiantado,Adiantado
578495,1,34899,152,Tardio,Tardio
578847,1,34899,332,Adiantado,Adiantado
579221,1,34899,389,Equilibrado,Equilibrado
579660,1,34899,346,Equilibrado,Equilibrado
579686,1,34899,96,Equilibrado,Equilibrado
580459,1,34899,261,Equilibrado,Equilibrado
580834,1,34899,1192,Equilibrado,Equilibrado
580845,1,34899,272,Equilibrado,Equilibrado
580926,1,34899,64,Equilibrado,Equilibrado
581253,1,34899,911,Equilibrado,Equilibrado
581659,1,34899,964,Equilibrado,Equilibrado
581779,1,34899,149,Equilibrado,Equilibrado
582034,1,34899,282,Equilibrado,Equilibrado
582117,1,34899,411,Equilibrado,Equilibrado
582266,1,34899,130,Equilibrado,Adiantado
582332,1,34899,418,Equilibrado,Equilibrado
582530,1,34899,162,Tardio,Tardio
582653,1,34899,210,Equilibrado,Equilibrado
582670,1,34899,29,Adiantado,Adiantado
583056,1,34899,53,Equilibrado,Equilibrado
583318,1,34899,19,Tardio,Equilibrado
583487,1,34899,5643,Equilibrado,Equilibrado
584515,1,34899,1772,Adiantado,Adiantado
584673,1,34899,562,Adiantado,Adiantado
585224,1,34899,727,Equilibrado,Equilibrado
585261,1,34899,511,Equilibrado,Equilibrado
585284,1,34899,390,Equilibrado,Equilibrado
585503,1,34899,1038,Equilibrado,Equilibrado
585572,1,34899,1143,Equilibrado,Equilibrado
585825,1,34899,498,Equilibrado,Adiantado
585958,1,34899,331,Equilibrado,Equilibrado
586811,1,34899,224,Tardio,Equilibrado
586906,1,34899,612,Tardio,Tardio
587509,1,34899,447,Equilibrado,Adiantado
587571,1,34899,1349,Equilibrado,Equilibrado
587654,1,34899,274,Tardio,Tardio
587706,1,34899,415,Equilibrado,Equilibrado
588128,1,34899,239,Adiantado,Adiantado
588628,1,34899,919,Equilibrado,Equilibrado
589080,1,34899,832,Equilibrado,Equilibrado
589162,1,34899,272,Tardio,Tardio
589332,1,34899,1636,Equilibrado,Equilibrado
589389,1,34899,138,Equilibrado,Equilibrado
589441,1,34899,80,Tardio,Tardio
589798,1,34899,38,Equilibrado,Equilibrado
589828,1,34899,60,Tardio,Tardio
590120,1,34899,631,Equilibrado,Equilibrado
590462,1,34899,254,Adiantado,Adiantado
591525,1,34899,505,Adiantado,Adiantado
591581,1,34899,260,Equilibrado,Equilibrado
591746,1,34899,234,Equilibrado,Equilibrado
591946,1,34899,520,Equilibrado,Adiantado
592218,1,34899,413,Equilibrado,Equilibrado
592295,1,34899,150,Tardio,Tardio
592558,1,34899,528,Adiantado,Equilibrado
592939,1,34899,62,Tardio,Adiantado
593136,1,34899,669,Adiantado,Adiantado
593563,1,34899,312,Equilibrado,Equilibrado
593722,1,34899,504,Equilibrado,Equilibrado
593796,1,34899,1424,Equilibrado,Equilibrado
594065,1,34899,601,Equilibrado,Equilibrado
594122,1,34899,334,Equilibrado,Equilibrado
594229,1,34899,673,Equilibrado,Equilibrado
594258,1,34899,39,Tardio,Tardio
594406,1,34899,140,Adiantado,Adiantado
594615,1,34899,124,Adiantado,Adiantado
594636,1,34899,589,Equilibrado,Equilibrado
595262,1,34899,549,Equilibrado,Equilibrado
595721,1,34899,159,Adiantado,Adiantado
595943,1,34899,431,Equilibrado,Equilibrado
596052,1,34899,452,Tardio,Tardio
596203,1,34899,370,Adiantado,Adiantado
596243,1,34899,288,Equilibrado,Equilibrado
596253,1,34899,369,Tardio,Tardio
596464,1,34899,37,Equilibrado,Adiantado
596758,1,34899,581,Equilibrado,Equilibrado
596805,1,34899,87,Tardio,Tardio
597740,1,34899,739,Adiantado,Adiantado
597937,1,34899,243,Equilibrado,Equilibrado
598308,1,34899,251,Equilibrado,Equilibrado
598540,1,34899,585,Equilibrado,Equilibrado
598559,1,34899,395,Equilibrado,Equilibrado
598757,1,34899,152,Equilibrado,Equilibrado
599297,1,34899,131,Equilibrado,Equilibrado
599865,1,34899,117,Equilibrado,Equilibrado
600071,1,34899,642,Equilibrado,Equilibrado
600405,1,34899,444,Equilibrado,Equilibrado
600615,1,34899,79,Adiantado,Adiantado
600773,1,34899,181,Equilibrado,Equilibrado
600893,1,34899,31,Adiantado,Adiantado
601008,1,34899,397,Tardio,Tardio
601235,1,34899,375,Equilibrado,Equilibrado
601271,1,34899,232,Adiantado,Adiantado
601680,1,34899,308,Equilibrado,Equilibrado
601820,1,34899,56,Tardio,Tardio
602594,1,34899,263,Adiantado,Adiantado
603648,1,34899,568,Equilibrado,Equilibrado
603931,1,34899,100,Adiantado,Adiantado
604567,1,34899,520,Tardio,Equilibrado
604614,1,34899,140,Tardio,Tardio
604907,1,34899,246,Tardio,Tardio
605180,1,34899,160,Equilibrado,Equilibrado
605228,1,34899,301,Tardio,Equilibrado
605682,1,34899,318,Equilibrado,Equilibrado
606257,1,34899,649,Equilibrado,Equilibrado
606428,1,34899,723,Equilibrado,Adiantado
606805,1,34899,105,Tardio,Tardio
606904,1,34899,409,Equilibrado,Equilibrado
607243,1,34899,1153,Equilibrado,Equilibrado
607303,1,34899,686,Equilibrado,Equilibrado
607501,1,34899,639,Adiantado,Adiantado
607679,1,34899,632,Equilibrado,Equilibrado
607700,1,34899,442,Adiantado,Adiantado
607733,1,34899,193,Adiantado,Adiantado
609142,1,34899,1235,Equilibrado,Equilibrado
609240,1,34899,815,Equilibrado,Equilibrado
611603,1,34899,299,Equilibrado,Equilibrado
612842,1,34899,570,Equilibrado,Equilibrado
613165,1,34899,1726,Adiantado,Adiantado
613330,1,34899,1747,Equilibrado,Equilibrado
613634,1,34899,176,Equilibrado,Adiantado
613899,1,34899,1416,Equilibrado,Adiantado
613966,1,34899,955,Equilibrado,Equilibrado
614059,1,34899,101,Equilibrado,Equilibrado
614984,1,34899,256,Equilibrado,Equilibrado
615266,1,34899,448,Equilibrado,Equilibrado
615299,1,34899,886,Equilibrado,Equilibrado
615301,1,34899,281,Tardio,Tardio
615302,1,34899,474,Equilibrado,Equilibrado
615306,1,34899,681,Equilibrado,Equilibrado
615328,1,34899,511,Equilibrado,Equilibrado
615340,1,34899,245,Adiantado,Adiantado
615342,1,34899,134,Tardio,Tardio
615356,1,34899,371,Equilibrado,Equilibrado
616517,1,34899,379,Tardio,Tardio
616912,1,34899,527,Adiantado,Adiantado
617010,1,34899,430,Equilibrado,Equilibrado
617119,1,34899,370,Equilibrado,Equilibrado
617150,1,34899,622,Equilibrado,Equilibrado
617332,1,34899,197,Adiantado,Adiantado
617436,1,34899,372,Equilibrado,Adiantado
617580,1,34899,1219,Equilibrado,Equilibrado
617783,1,34899,328,Equilibrado,Equilibrado
617922,1,34899,401,Adiantado,Adiantado
618252,1,34899,282,Equilibrado,Equilibrado
618663,1,34899,163,Adiantado,Adiantado
619204,1,34899,144,Equilibrado,Equilibrado
619292,1,34899,705,Equilibrado,Equilibrado
619321,1,34899,731,Equilibrado,Equilibrado
619502,1,34899,231,Tardio,Tardio
620094,1,34899,1233,Equilibrado,Equilibrado
620112,1,34899,178,Equilibrado,Equilibrado
620269,1,34899,459,Equilibrado,Equilibrado
620349,1,34899,606,Adiantado,Adiantado
620431,1,34899,561,Equilibrado,Equilibrado
620740,1,34899,182,Equilibrado,Equilibrado
620750,1,34899,409,Adiantado,Adiantado
620810,1,34899,301,Adiantado,Adiantado
622275,1,34899,489,Equilibrado,Equilibrado
622362,1,34899,152,Adiantado,Adiantado
622481,1,34899,441,Equilibrado,Equilibrado
622760,1,34899,250,Equilibrado,Equilibrado
622899,1,34899,517,Equilibrado,Equilibrado
622934,1,34899,550,Adiantado,Adiantado
622967,1,34899,178,Equilibrado,Equilibrado
623166,1,34899,500,Tardio,Equilibrado
623230,1,34899,797,Equilibrado,Equilibrado
623471,1,34899,766,Equilibrado,Equilibrado
623589,1,34899,388,Equilibrado,Equilibrado
623765,1,34899,363,Equilibrado,Equilibrado
623917,1,34899,268,Adiantado,Adiantado
623955,1,34899,100,Adiantado,Adiantado
624282,1,34899,524,Adiantado,Adiantado
624864,1,34899,769,Equilibrado,Equilibrado
624970,1,34899,545,Adiantado,Adiantado
625245,1,34899,693,Equilibrado,Equilibrado
625330,1,34899,774,Adiantado,Adiantado
625515,1,34899,82,Equilibrado,Equilibrado
625609,1,34899,289,Adiantado,Adiantado
625743,1,34899,335,Tardio,Tardio
625802,1,34899,288,Adiantado,Adiantado
625838,1,34899,356,Equilibrado,Equilibrado
626033,1,34899,1240,Equilibrado,Equilibrado
626349,1,34899,86,Equilibrado,Equilibrado
626416,1,34899,442,Equilibrado,Equilibrado
626454,1,34899,197,Adiantado,Adiantado
626477,1,34899,367,Equilibrado,Equilibrado
626514,1,34899,1244,Equilibrado,Equilibrado
626552,1,34899,307,Equilibrado,Equilibrado
626579,1,34899,57,Equilibrado,Equilibrado
627365,1,34899,867,Equilibrado,Equilibrado
627379,1,34899,150,Equilibrado,Equilibrado
627829,1,34899,553,Equilibrado,Equilibrado
628149,1,34899,894,Equilibrado,Equilibrado
628157,1,34899,114,Equilibrado,Equilibrado
628308,1,34899,150,Adiantado,Adiantado
628383,1,34899,280,Equilibrado,Equilibrado
628521,1,34899,79,Tardio,Tardio
628888,1,34899,348,Tardio,Tardio
628964,1,34899,635,Equilibrado,Equilibrado
629029,1,34899,395,Equilibrado,Equilibrado
629491,1,34899,740,Equilibrado,Equilibrado
629522,1,34899,181,Tardio,Tardio
629594,1,34899,208,Equilibrado,Equilibrado
629686,1,34899,73,Adiantado,Adiantado
629818,1,34899,641,Adiantado,Adiantado
629922,1,34899,310,Equilibrado,Equilibrado
629944,1,34899,332,Adiantado,Adiantado
630109,1,34899,362,Equilibrado,Adiantado
630158,1,34899,760,Equilibrado,Equilibrado
630168,1,34899,387,Adiantado,Adiantado
630186,1,34899,444,Equilibrado,Equilibrado
630745,1,34899,511,Adiantado,Adiantado
630835,1,34899,1511,Equilibrado,Equilibrado
630905,1,34899,2066,Adiantado,Adiantado
630910,1,34899,536,Equilibrado,Equilibrado
630992,1,34899,175,Equilibrado,Adiantado
631193,1,34899,168,Equilibrado,Equilibrado
631438,1,34899,237,Equilibrado,Equilibrado
631524,1,34899,509,Adiantado,Adiantado
631658,1,34899,1723,Equilibrado,Equilibrado
631681,1,34899,33,Equilibrado,Equilibrado
631715,1,34899,276,Adiantado,Adiantado
631740,1,34899,394,Tardio,Tardio
631837,1,34899,759,Equilibrado,Equilibrado
631924,1,34899,452,Equilibrado,Equilibrado
632074,1,34899,257,Tardio,Tardio
632179,1,34899,281,Adiantado,Adiantado
632276,1,34899,96,Adiantado,Adiantado
632290,1,34899,355,Equilibrado,Equilibrado
632458,1,34899,761,Equilibrado,Equilibrado
632556,1,34899,173,Tardio,Equilibrado
632597,1,34899,64,Tardio,Tardio
632826,1,34899,1073,Adiantado,Adiantado
632836,1,34899,194,Tardio,Tardio
633079,1,34899,779,Adiantado,Adiantado
633516,1,34899,390,Equilibrado,Equilibrado
633555,1,34899,607,Equilibrado,Equilibrado
633568,1,34899,217,Tardio,Tardio
633628,1,34899,378,Equilibrado,Adiantado
633867,1,34899,389,Adiantado,Adiantado
633931,1,34899,1146,Equilibrado,Equilibrado
634088,1,34899,296,Equilibrado,Equilibrado
634114,1,34899,11,Equilibrado,Equilibrado
634512,1,34899,146,Equilibrado,Equilibrado
634526,1,34899,478,Equilibrado,Equilibrado
634601,1,34899,383,Adiantado,Adiantado
634749,1,34899,1381,Equilibrado,Equilibrado
634943,1,34899,222,Equilibrado,Equilibrado
635184,1,34899,505,Equilibrado,Equilibrado
635410,1,34899,143,Equilibrado,Equilibrado
635746,1,34899,191,Equilibrado,Equilibrado
635751,1,34899,188,Tardio,Tardio
635795,1,34899,551,Equilibrado,Adiantado
635903,1,34899,278,Tardio,Equilibrado
636314,1,34899,779,Equilibrado,Equilibrado
636375,1,34899,282,Equilibrado,Adiantado
636400,1,34899,766,Adiantado,Adiantado
636408,1,34899,246,Equilibrado,Adiantado
636469,1,34899,757,Equilibrado,Adiantado
636492,1,34899,276,Equilibrado,Equilibrado
636547,1,34899,285,Adiantado,Adiantado
636565,1,34899,212,Tardio,Tardio
636634,1,34899,406,Adiantado,Adiantado
636656,1,34899,551,Equilibrado,Adiantado
636704,1,34899,318,Adiantado,Adiantado
636783,1,34899,414,Equilibrado,Equilibrado
636830,1,34899,843,Equilibrado,Equilibrado
636832,1,34899,1290,Equilibrado,Equilibrado
637004,1,34899,420,Equilibrado,Equilibrado
637089,1,34899,182,Adiantado,Adiantado
637358,1,34899,240,Equilibrado,Equilibrado
637509,1,34899,247,Tardio,Tardio
637514,1,34899,148,Tardio,Tardio
637563,1,34899,422,Adiantado,Adiantado
637582,1,34899,386,Equilibrado,Equilibrado
637708,1,34899,702,Equilibrado,Adiantado
637788,1,34899,155,Equilibrado,Equilibrado
637800,1,34899,371,Equilibrado,Equilibrado
637906,1,34899,342,Adiantado,Adiantado
637939,1,34899,394,Equilibrado,Equilibrado
637980,1,34899,497,Equilibrado,Equilibrado
638034,1,34899,660,Equilibrado,Equilibrado
638388,1,34899,373,Equilibrado,Equilibrado
638411,1,34899,1198,Equilibrado,Adiantado
638498,1,34899,477,Equilibrado,Equilibrado
638515,1,34899,210,Equilibrado,Equilibrado
638625,1,34899,617,Equilibrado,Equilibrado
638655,1,34899,711,Equilibrado,Equilibrado
638677,1,34899,326,Adiantado,Adiantado
638831,1,34899,106,Tardio,Tardio
639028,1,34899,459,Equilibrado,Equilibrado
639231,1,34899,504,Equilibrado,Adiantado
639234,1,34899,312,Equilibrado,Equilibrado
639238,1,34899,348,Equilibrado,Equilibrado
639522,1,34899,254,Equilibrado,Equilibrado
639919,1,34899,151,Adiantado,Adiantado
640098,1,34899,276,Equilibrado,Adiantado
640278,1,34899,1991,Equilibrado,Equilibrado
640329,1,34899,688,Adiantado,Adiantado
640429,1,34899,515,Equilibrado,Equilibrado
640552,1,34899,62,Equilibrado,Equilibrado
640584,1,34899,101,Adiantado,Adiantado
640711,1,34899,797,Equilibrado,Equilibrado
640848,1,34899,428,Adiantado,Adiantado
640892,1,34899,257,Tardio,Equilibrado
640913,1,34899,74,Tardio,Tardio
640927,1,34899,536,Adiantado,Adiantado
641085,1,34899,198,Adiantado,Adiantado
641137,1,34899,457,Equilibrado,Equilibrado
641275,1,34899,77,Adiantado,Adiantado
641309,1,34899,365,Tardio,Equilibrado
641311,1,34899,786,Adiantado,Adiantado
641363,1,34899,153,Adiantado,Adiantado
641401,1,34899,454,Equilibrado,Equilibrado
641404,1,34899,833,Adiantado,Adiantado
641433,1,34899,307,Equilibrado,Equilibrado
641461,1,34899,352,Tardio,Equilibrado
641470,1,34899,308,Equilibrado,Equilibrado
641547,1,34899,157,Tardio,Tardio
641804,1,34899,117,Tardio,Tardio
641864,1,34899,760,Equilibrado,Equilibrado
641914,1,34899,638,Adiantado,Adiantado
642029,1,34899,299,Adiantado,Adiantado
642056,1,34899,389,Equilibrado,Equilibrado
642375,1,34899,523,Equilibrado,Equilibrado
642448,1,34899,719,Adiantado,Adiantado
642449,1,34899,360,Equilibrado,Equilibrado
642493,1,34899,910,Equilibrado,Equilibrado
642496,1,34899,378,Equilibrado,Adiantado
642498,1,34899,432,Equilibrado,Equilibrado
642551,1,34899,773,Equilibrado,Equilibrado
642626,1,34899,556,Equilibrado,Equilibrado
642730,1,34899,351,Adiantado,Adiantado
642740,1,34899,809,Adiantado,Adiantado
642750,1,34899,386,Adiantado,Adiantado
642790,1,34899,1041,Equilibrado,Equilibrado
642840,1,34899,751,Equilibrado,Equilibrado
642843,1,34899,1160,Equilibrado,Adiantado
642872,1,34899,1094,Equilibrado,Equilibrado
642909,1,34899,375,Adiantado,Adiantado
642939,1,34899,689,Adiantado,Adiantado
643069,1,34899,277,Equilibrado,Equilibrado
643202,1,34899,599,Equilibrado,Equilibrado
643220,1,34899,354,Adiantado,Adiantado
643273,1,34899,1084,Equilibrado,Adiantado
643326,1,34899,778,Equilibrado,Equilibrado
643372,1,34899,265,Adiantado,Adiantado
643466,1,34899,681,Equilibrado,Equilibrado
643477,1,34899,911,Equilibrado,Equilibrado
643496,1,34899,627,Adiantado,Adiantado
643502,1,34899,402,Adiantado,Adiantado
643591,1,34899,865,Equilibrado,Equilibrado
643653,1,34899,357,Equilibrado,Equilibrado
643690,1,34899,341,Equilibrado,Equilibrado
643696,1,34899,682,Adiantado,Adiantado
643751,1,34899,775,Equilibrado,Equilibrado
643754,1,34899,1173,Equilibrado,Equilibrado
643757,1,34899,248,Equilibrado,Equilibrado
644025,1,34899,475,Adiantado,Adiantado
644210,1,34899,462,Equilibrado,Equilibrado
644303,1,34899,550,Adiantado,Adiantado
644343,1,34899,280,Adiantado,Adiantado
644361,1,34899,2146,Equilibrado,Equilibrado
644369,1,34899,59,Adiantado,Adiantado
644430,1,34899,140,Adiantado,Adiantado
644450,1,34899,961,Equilibrado,Equilibrado
644508,1,34899,822,Equilibrado,Equilibrado
644761,1,34899,1032,Equilibrado,Equilibrado
644784,1,34899,1059,Equilibrado,Adiantado
644791,1,34899,1251,Equilibrado,Equilibrado
644818,1,34899,1067,Adiantado,Adiantado
644847,1,34899,580,Equilibrado,Equilibrado
644871,1,34899,258,Equilibrado,Equilibrado
644936,1,34899,256,Equilibrado,Equilibrado
644974,1,34899,883,Equilibrado,Adiantado
645003,1,34899,576,Tardio,Tardio
645020,1,34899,517,Equilibrado,Equilibrado
645078,1,34899,706,Equilibrado,Equilibrado
645145,1,34899,142,Adiantado,Adiantado
645366,1,34899,599,Equilibrado,Equilibrado
645405,1,34899,2059,Equilibrado,Equilibrado
645433,1,34899,242,Equilibrado,Equilibrado
645496,1,34899,355,Equilibrado,Equilibrado
645518,1,34899,875,Equilibrado,Equilibrado
645586,1,34899,357,Equilibrado,Equilibrado
645705,1,34899,519,Equilibrado,Equilibrado
645732,1,34899,474,Adiantado,Adiantado
645784,1,34899,506,Equilibrado,Equilibrado
645790,1,34899,34,Tardio,Tardio
645840,1,34899,1472,Equilibrado,Equilibrado
645880,1,34899,524,Equilibrado,Equilibrado
645948,1,34899,875,Equilibrado,Equilibrado
645960,1,34899,395,Equilibrado,Adiantado
645997,1,34899,798,Equilibrado,Equilibrado
646015,1,34899,489,Equilibrado,Equilibrado
646017,1,34899,839,Equilibrado,Equilibrado
646053,1,34899,333,Tardio,Tardio
646074,1,34899,1053,Equilibrado,Equilibrado
646085,1,34899,663,Equilibrado,Equilibrado
646091,1,34899,246,Adiantado,Adiantado
646138,1,34899,284,Equilibrado,Equilibrado
646313,1,34899,399,Tardio,Tardio
646357,1,34899,990,Equilibrado,Equilibrado
646402,1,34899,472,Equilibrado,Equilibrado
646460,1,34899,423,Adiantado,Adiantado
646539,1,34899,258,Adiantado,Adiantado
646540,1,34899,854,Adiantado,Adiantado
646551,1,34899,288,Equilibrado,Equilibrado
646638,1,34899,85,Tardio,Tardio
646670,1,34899,356,Tardio,Tardio
646734,1,34899,161,Adiantado,Adiantado
646742,1,34899,158,Adiantado,Adiantado
646750,1,34899,257,Adiantado,Adiantado
646778,1,34899,1030,Equilibrado,Equilibrado
646807,1,34899,427,Equilibrado,Equilibrado
646990,1,34899,552,Equilibrado,Equilibrado
647005,1,34899,459,Adiantado,Adiantado
647033,1,34899,120,Tardio,Equilibrado
647040,1,34899,497,Adiantado,Adiantado
647045,1,34899,913,Adiantado,Adiantado
647154,1,34899,650,Equilibrado,Equilibrado
647169,1,34899,384,Equilibrado,Equilibrado
647171,1,34899,195,Equilibrado,Equilibrado
647210,1,34899,532,Equilibrado,Equilibrado
647320,1,34899,1025,Equilibrado,Equilibrado
647324,1,34899,682,Adiantado,Adiantado
647339,1,34899,196,Equilibrado,Equilibrado
647348,1,34899,247,Adiantado,Adiantado
647391,1,34899,284,Adiantado,Adiantado
647398,1,34899,430,Equilibrado,Equilibrado
647399,1,34899,1594,Equilibrado,Equilibrado
647425,1,34899,1300,Adiantado,Adiantado
647485,1,34899,200,Adiantado,Adiantado
647496,1,34899,329,Equilibrado,Equilibrado
647525,1,34899,456,Equilibrado,Equilibrado
647765,1,34899,167,Equilibrado,Equilibrado
647784,1,34899,402,Equilibrado,Equilibrado
647841,1,34899,585,Equilibrado,Equilibrado
647898,1,34899,606,Adiantado,Adiantado
647910,1,34899,254,Tardio,Tardio
647915,1,34899,330,Adiantado,Adiantado
647945,1,34899,431,Equilibrado,Equilibrado
647987,1,34899,1197,Equilibrado,Equilibrado
648027,1,34899,335,Equilibrado,Adiantado
648037,1,34899,1018,Equilibrado,Equilibrado
648038,1,34899,605,Adiantado,Adiantado
648040,1,34899,1784,Equilibrado,Equilibrado
648086,1,34899,647,Equilibrado,Equilibrado
648105,1,34899,58,Tardio,Tardio
648114,1,34899,611,Adiantado,Adiantado
648116,1,34899,433,Tardio,Tardio
648140,1,34899,265,Equilibrado,Equilibrado
648190,1,34899,176,Adiantado,Adiantado
648244,1,34899,120,Adiantado,Adiantado
648254,1,34899,200,Adiantado,Adiantado
648287,1,34899,320,Tardio,Tardio
648353,1,34899,290,Adiantado,Adiantado
648365,1,34899,1273,Equilibrado,Equilibrado
648366,1,34899,921,Equilibrado,Adiantado
648455,1,34899,16,Tardio,Adiantado
648457,1,34899,207,Equilibrado,Equilibrado
648470,1,34899,477,Equilibrado,Equilibrado
648508,1,34899,93,Adiantado,Adiantado
648515,1,34899,112,Adiantado,Adiantado
648531,1,34899,482,Equilibrado,Equilibrado
648536,1,34899,795,Equilibrado,Equilibrado
648564,1,34899,667,Equilibrado,Equilibrado
648571,1,34899,772,Equilibrado,Equilibrado
648590,1,34899,408,Equilibrado,Adiantado
648613,1,34899,778,Adiantado,Adiantado
648661,1,34899,297,Adiantado,Adiantado
648685,1,34899,456,Equilibrado,Equilibrado
648725,1,34899,399,Equilibrado,Equilibrado
648804,1,34899,589,Equilibrado,Equilibrado
648815,1,34899,951,Equilibrado,Equilibrado
648903,1,34899,41,Equilibrado,Equilibrado
648927,1,34899,937,Adiantado,Adiantado
648972,1,34899,143,Equilibrado,Equilibrado
648995,1,34899,159,Tardio,Tardio
649004,1,34899,730,Equilibrado,Equilibrado
649009,1,34899,57,Tardio,Tardio
649020,1,34899,110,Equilibrado,Equilibrado
649036,1,34899,65,Tardio,Equilibrado
649079,1,34899,1110,Equilibrado,Equilibrado
649084,1,34899,607,Equilibrado,Equilibrado
649093,1,34899,307,Equilibrado,Equilibrado
649118,1,34899,200,Tardio,Tardio
649141,1,34899,413,Equilibrado,Equilibrado
649159,1,34899,384,Equilibrado,Equilibrado
649165,1,34899,228,Equilibrado,Equilibrado
649207,1,34899,544,Equilibrado,Equilibrado
649212,1,34899,638,Equilibrado,Equilibrado
649230,1,34899,337,Equilibrado,Equilibrado
649258,1,34899,230,Equilibrado,Equilibrado
649284,1,34899,362,Adiantado,Adiantado
649325,1,34899,380,Tardio,Equilibrado
649336,1,34899,108,Tardio,Tardio
649379,1,34899,862,Equilibrado,Equilibrado
649385,1,34899,150,Adiantado,Adiantado
649400,1,34899,454,Adiantado,Adiantado
649434,1,34899,562,Adiantado,Adiantado
649435,1,34899,200,Equilibrado,Equilibrado
649457,1,34899,755,Equilibrado,Equilibrado
649469,1,34899,1233,Equilibrado,Equilibrado
649566,1,34899,214,Tardio,Tardio
649580,1,34899,442,Equilibrado,Equilibrado
649619,1,34899,537,Equilibrado,Equilibrado
649735,1,34899,312,Adiantado,Adiantado
649806,1,34899,105,Tardio,Tardio
649891,1,34899,188,Equilibrado,Equilibrado
649952,1,34899,1203,Equilibrado,Equilibrado
649954,1,34899,693,Tardio,Equilibrado
649979,1,34899,289,Equilibrado,Equilibrado
650031,1,34899,437,Equilibrado,Equilibrado
650048,1,34899,61,Equilibrado,Equilibrado
650054,1,34899,355,Equilibrado,Equilibrado
650085,1,34899,456,Adiantado,Adiantado
650108,1,34899,562,Adiantado,Adiantado
650123,1,34899,279,Tardio,Tardio
650148,1,34899,152,Adiantado,Adiantado
650160,1,34899,433,Adiantado,Adiantado
650170,1,34899,1348,Equilibrado,Equilibrado
650251,1,34899,612,Equilibrado,Adiantado
650287,1,34899,1186,Adiantado,Adiantado
650363,1,34899,115,Tardio,Tardio
650370,1,34899,237,Adiantado,Adiantado
650424,1,34899,383,Equilibrado,Equilibrado
650461,1,34899,331,Adiantado,Adiantado
650469,1,34899,440,Equilibrado,Equilibrado
650473,1,34899,691,Adiantado,Adiantado
650543,1,34899,316,Adiantado,Adiantado
650570,1,34899,464,Equilibrado,Equilibrado
650682,1,34899,374,Equilibrado,Equilibrado
650716,1,34899,22,Equilibrado,Equilibrado
650717,1,34899,386,Tardio,Tardio
650758,1,34899,112,Equilibrado,Equilibrado
650861,1,34899,143,Tardio,Equilibrado
650866,1,34899,989,Equilibrado,Equilibrado
650923,1,34899,38,Equilibrado,Equilibrado
650960,1,34899,76,Equilibrado,Equilibrado
651040,1,34899,166,Adiantado,Adiantado
651121,1,34899,794,Equilibrado,Equilibrado
651126,1,34899,500,Adiantado,Adiantado
651182,1,34899,327,Equilibrado,Adiantado
651200,1,34899,28,Tardio,Tardio
651238,1,34899,935,Equilibrado,Equilibrado
651253,1,34899,227,Adiantado,Adiantado
651330,1,34899,44,Tardio,Tardio
651334,1,34899,174,Equilibrado,Equilibrado
651354,1,34899,1046,Equilibrado,Adiantado
651381,1,34899,863,Equilibrado,Equilibrado
651398,1,34899,303,Adiantado,Adiantado
651419,1,34899,742,Equilibrado,Equilibrado
651478,1,34899,1121,Equilibrado,Equilibrado
651498,1,34899,500,Equilibrado,Equilibrado
651555,1,34899,312,Tardio,Tardio
651598,1,34899,319,Equilibrado,Adiantado
651693,1,34899,181,Tardio,Tardio
651881,1,34899,713,Tardio,Equilibrado
651886,1,34899,263,Tardio,Equilibrado
651927,1,34899,185,Adiantado,Adiantado
651972,1,34899,125,Tardio,Tardio
651990,1,34899,169,Equilibrado,Equilibrado
652008,1,34899,434,Equilibrado,Equilibrado
652064,1,34899,978,Equilibrado,Equilibrado
652087,1,34899,142,Adiantado,Adiantado
652333,1,34899,203,Adiantado,Adiantado
652335,1,34899,1447,Equilibrado,Equilibrado
652336,1,34899,429,Equilibrado,Equilibrado
652438,1,34899,157,Equilibrado,Equilibrado
652576,1,34899,221,Tardio,Tardio
652593,1,34899,130,Adiantado,Adiantado
652625,1,34899,454,Equilibrado,Equilibrado
652647,1,34899,345,Equilibrado,Equilibrado
652659,1,34899,498,Tardio,Tardio
652664,1,34899,93,Equilibrado,Equilibrado
652672,1,34899,196,Tardio,Tardio
652684,1,34899,1062,Equilibrado,Equilibrado
652711,1,34899,962,Adiantado,Adiantado
652752,1,34899,228,Equilibrado,Equilibrado
652753,1,34899,771,Equilibrado,Equilibrado
652769,1,34899,136,Adiantado,Adiantado
652788,1,34899,508,Equilibrado,Equilibrado
652801,1,34899,447,Equilibrado,Equilibrado
652824,1,34899,20,Adiantado,Adiantado
652887,1,34899,282,Adiantado,Adiantado
652890,1,34899,495,Equilibrado,Equilibrado
652898,1,34899,776,Equilibrado,Equilibrado
652994,1,34899,55,Tardio,Tardio
652998,1,34899,15,Tardio,Equilibrado
653045,1,34899,710,Equilibrado,Equilibrado
653115,1,34899,184,Tardio,Tardio
653144,1,34899,176,Equilibrado,Equilibrado
653183,1,34899,244,Adiantado,Adiantado
653297,1,34899,763,Equilibrado,Equilibrado
653301,1,34899,630,Equilibrado,Equilibrado
653356,1,34899,478,Equilibrado,Equilibrado
653372,1,34899,398,Adiantado,Adiantado
653381,1,34899,411,Equilibrado,Equilibrado
653417,1,34899,160,Equilibrado,Equilibrado
653536,1,34899,314,Equilibrado,Adiantado
653558,1,34899,362,Adiantado,Adiantado
653567,1,34899,428,Adiantado,Adiantado
653595,1,34899,343,Equilibrado,Equilibrado
653653,1,34899,331,Adiantado,Adiantado
653659,1,34899,103,Tardio,Tardio
653773,1,34899,832,Equilibrado,Equilibrado
653797,1,34899,242,Tardio,Equilibrado
653841,1,34899,171,Adiantado,Adiantado
653846,1,34899,384,Equilibrado,Adiantado
653857,1,34899,398,Adiantado,Adiantado
653988,1,34899,268,Equilibrado,Equilibrado
654045,1,34899,264,Tardio,Tardio
654048,1,34899,409,Equilibrado,Equilibrado
654112,1,34899,518,Adiantado,Adiantado
654114,1,34899,414,Equilibrado,Adiantado
654169,1,34899,385,Adiantado,Adiantado
654217,1,34899,280,Adiantado,Adiantado
654228,1,34899,440,Equilibrado,Equilibrado
654236,1,34899,105,Adiantado,Adiantado
654260,1,34899,543,Equilibrado,Equilibrado
654339,1,34899,357,Equilibrado,Equilibrado
654351,1,34899,138,Adiantado,Adiantado
654441,1,34899,578,Equilibrado,Equilibrado
654563,1,34899,915,Equilibrado,Equilibrado
654565,1,34899,139,Adiantado,Adiantado
654578,1,34899,258,Equilibrado,Equilibrado
654597,1,34899,781,Equilibrado,Adiantado
654684,1,34899,69,Adiantado,Adiantado
654692,1,34899,277,Adiantado,Adiantado
654738,1,34899,152,Adiantado,Adiantado
654819,1,34899,1479,Equilibrado,Equilibrado
654824,1,34899,1309,Equilibrado,Equilibrado
654834,1,34899,871,Equilibrado,Equilibrado
654852,1,34899,1123,Tardio,Equilibrado
654867,1,34899,866,Equilibrado,Equilibrado
654947,1,34899,173,Tardio,Adiantado
655028,1,34899,46,Tardio,Tardio
655088,1,34899,219,Equilibrado,Equilibrado
655113,1,34899,110,Equilibrado,Equilibrado
655115,1,34899,572,Equilibrado,Equilibrado
655124,1,34899,279,Equilibrado,Equilibrado
655127,1,34899,460,Equilibrado,Equilibrado
655353,1,34899,1472,Equilibrado,Equilibrado
655386,1,34899,658,Adiantado,Adiantado
655412,1,34899,599,Tardio,Equilibrado
655416,1,34899,58,Adiantado,Adiantado
655445,1,34899,316,Equilibrado,Equilibrado
655569,1,34899,421,Equilibrado,Equilibrado
655629,1,34899,195,Adiantado,Adiantado
655796,1,34899,621,Equilibrado,Equilibrado
655852,1,34899,183,Tardio,Tardio
655927,1,34899,138,Equilibrado,Equilibrado
655981,1,34899,750,Adiantado,Adiantado
656029,1,34899,386,Adiantado,Adiantado
656065,1,34899,365,Equilibrado,Equilibrado
656086,1,34899,506,Equilibrado,Equilibrado
656092,1,34899,582,Adiantado,Adiantado
656107,1,34899,23,Tardio,Tardio
656131,1,34899,573,Equilibrado,Equilibrado
656145,1,34899,167,Equilibrado,Equilibrado
656158,1,34899,565,Equilibrado,Equilibrado
656159,1,34899,673,Adiantado,Adiantado
656165,1,34899,458,Tardio,Tardio
656234,1,34899,419,Equilibrado,Equilibrado
656323,1,34899,376,Adiantado,Adiantado
656353,1,34899,1725,Equilibrado,Adiantado
656360,1,34899,685,Equilibrado,Equilibrado
656414,1,34899,360,Equilibrado,Equilibrado
656436,1,34899,172,Adiantado,Adiantado
656510,1,34899,186,Equilibrado,Equilibrado
656529,1,34899,808,Adiantado,Adiantado
656579,1,34899,1232,Adiantado,Adiantado
656607,1,34899,341,Equilibrado,Equilibrado
656651,1,34899,299,Equilibrado,Equilibrado
656693,1,34899,162,Adiantado,Adiantado
656734,1,34899,686,Equilibrado,Adiantado
656791,1,34899,1035,Equilibrado,Equilibrado
656800,1,34899,227,Equilibrado,Equilibrado
656882,1,34899,1107,Equilibrado,Equilibrado
656988,1,34899,788,Equilibrado,Equilibrado
656996,1,34899,387,Equilibrado,Equilibrado
657048,1,34899,194,Equilibrado,Equilibrado
657181,1,34899,29,Tardio,Tardio
657220,1,34899,1046,Equilibrado,Adiantado
657330,1,34899,936,Adiantado,Adiantado
657344,1,34899,788,Equilibrado,Equilibrado
674222,1,34899,657,Equilibrado,Equilibrado
674226,1,34899,311,Equilibrado,Equilibrado
674236,1,34899,121,Adiantado,Adiantado
674260,1,34899,752,Adiantado,Adiantado
674262,1,34899,862,Equilibrado,Adiantado
674320,1,34899,347,Equilibrado,Equilibrado
674387,1,34899,722,Adiantado,Adiantado
674406,1,34899,307,Adiantado,Adiantado
674451,1,34899,345,Equilibrado,Adiantado
674478,1,34899,270,Equilibrado,Equilibrado
674484,1,34899,631,Equilibrado,Equilibrado
674497,1,34899,471,Adiantado,Adiantado
674509,1,34899,741,Adiantado,Adiantado
674584,1,34899,118,Tardio,Tardio
674594,1,34899,645,Equilibrado,Equilibrado
674644,1,34899,531,Equilibrado,Equilibrado
674657,1,34899,444,Adiantado,Adiantado
674671,1,34899,423,Tardio,Equilibrado
674691,1,34899,987,Equilibrado,Equilibrado
674694,1,34899,754,Adiantado,Adiantado
674699,1,34899,416,Equilibrado,Equilibrado
674751,1,34899,580,Equilibrado,Equilibrado
674831,1,34899,544,Equilibrado,Equilibrado
674870,1,34899,1222,Equilibrado,Equilibrado
674921,1,34899,399,Tardio,Tardio
675021,1,34899,488,Tardio,Tardio
675054,1,34899,361,Equilibrado,Equilibrado
675193,1,34899,234,Adiantado,Adiantado
675225,1,34899,234,Adiantado,Adiantado
675233,1,34899,484,Equilibrado,Equilibrado
675261,1,34899,258,Adiantado,Adiantado
675273,1,34899,207,Adiantado,Adiantado
675279,1,34899,1736,Equilibrado,Equilibrado
675315,1,34899,240,Equilibrado,Equilibrado
675328,1,34899,471,Adiantado,Adiantado
675337,1,34899,178,Tardio,Tardio
675474,1,34899,175,Adiantado,Adiantado
675486,1,34899,226,Adiantado,Adiantado
675514,1,34899,115,Adiantado,Adiantado
675566,1,34899,176,Tardio,Tardio
675577,1,34899,548,Equilibrado,Equilibrado
675636,1,34899,553,Equilibrado,Adiantado
675710,1,34899,415,Adiantado,Adiantado
675843,1,34899,453,Adiantado,Adiantado
675947,1,34899,284,Adiantado,Adiantado
675989,1,34899,593,Equilibrado,Adiantado
676007,1,34899,289,Equilibrado,Equilibrado
676040,1,34899,448,Equilibrado,Equilibrado
676064,1,34899,436,Adiantado,Adiantado
676103,1,34899,295,Adiantado,Adiantado
676139,1,34899,310,Equilibrado,Equilibrado
676190,1,34899,606,Equilibrado,Equilibrado
676265,1,34899,360,Equilibrado,Equilibrado
676272,1,34899,166,Adiantado,Adiantado
676303,1,34899,181,Tardio,Equilibrado
676378,1,34899,573,Equilibrado,Equilibrado
676444,1,34899,1029,Equilibrado,Equilibrado
676458,1,34899,345,Adiantado,Adiantado
676459,1,34899,992,Equilibrado,Equilibrado
676478,1,34899,582,Adiantado,Adiantado
676492,1,34899,1001,Equilibrado,Equilibrado
676600,1,34899,514,Equilibrado,Equilibrado
676610,1,34899,1024,Equilibrado,Equilibrado
676626,1,34899,697,Equilibrado,Equilibrado
676627,1,34899,50,Equilibrado,Equilibrado
676866,1,34899,423,Equilibrado,Equilibrado
676882,1,34899,753,Equilibrado,Adiantado
677081,1,34899,307,Equilibrado,Equilibrado
677085,1,34899,122,Equilibrado,Equilibrado
677111,1,34899,793,Equilibrado,Equilibrado
677138,1,34899,1043,Adiantado,Adiantado
677155,1,34899,541,Adiantado,Adiantado
677167,1,34899,1279,Equilibrado,Adiantado
677206,1,34899,153,Adiantado,Adiantado
677221,1,34899,724,Adiantado,Adiantado
677235,1,34899,266,Adiantado,Adiantado
677327,1,34899,532,Equilibrado,Equilibrado
677382,1,34899,233,Equilibrado,Equilibrado
677400,1,34899,991,Equilibrado,Equilibrado
677436,1,34899,627,Adiantado,Adiantado
677456,1,34899,893,Equilibrado,Equilibrado
677486,1,34899,166,Adiantado,Adiantado
677546,1,34899,459,Adiantado,Adiantado
677582,1,34899,270,Tardio,Tardio
677608,1,34899,1623,Adiantado,Adiantado
677655,1,34899,925,Adiantado,Adiantado
677687,1,34899,153,Tardio,Equilibrado
677701,1,34899,528,Equilibrado,Equilibrado
677748,1,34899,277,Equilibrado,Equilibrado
677767,1,34899,302,Equilibrado,Equilibrado
677833,1,34899,870,Adiantado,Adiantado
677867,1,34899,334,Tardio,Tardio
677869,1,34899,122,Tardio,Tardio
678088,1,34899,1387,Equilibrado,Equilibrado
678203,1,34899,67,Tardio,Tardio
678235,1,34899,734,Equilibrado,Equilibrado
678270,1,34899,117,Adiantado,Adiantado
678381,1,34899,232,Tardio,Tardio
678407,1,34899,588,Equilibrado,Equilibrado
678452,1,34899,83,Equilibrado,Equilibrado
678528,1,34899,510,Equilibrado,Equilibrado
678619,1,34899,162,Equilibrado,Equilibrado
678628,1,34899,395,Equilibrado,Equilibrado
678639,1,34899,497,Equilibrado,Equilibrado
678659,1,34899,345,Tardio,Tardio
678819,1,34899,624,Equilibrado,Equilibrado
678831,1,34899,162,Adiantado,Adiantado
678859,1,34899,775,Equilibrado,Equilibrado
678877,1,34899,319,Equilibrado,Equilibrado
678946,1,34899,1046,Equilibrado,Equilibrado
678954,1,34899,840,Equilibrado,Equilibrado
679019,1,34899,779,Adiantado,Adiantado
679036,1,34899,1752,Equilibrado,Equilibrado
679111,1,34899,498,Adiantado,Adiantado
679189,1,34899,1171,Equilibrado,Equilibrado
679227,1,34899,903,Adiantado,Adiantado
679237,1,34899,494,Tardio,Tardio
679251,1,34899,278,Equilibrado,Equilibrado
679262,1,34899,282,Adiantado,Adiantado
679269,1,34899,342,Equilibrado,Equilibrado
679278,1,34899,563,Adiantado,Adiantado
679342,1,34899,563,Equilibrado,Equilibrado
679384,1,34899,705,Equilibrado,Equilibrado
679386,1,34899,296,Equilibrado,Equilibrado
679402,1,34899,381,Equilibrado,Equilibrado
679445,1,34899,367,Equilibrado,Equilibrado
679448,1,34899,938,Equilibrado,Equilibrado
679498,1,34899,307,Adiantado,Adiantado
679502,1,34899,286,Equilibrado,Adiantado
679509,1,34899,833,Equilibrado,Adiantado
679594,1,34899,902,Equilibrado,Equilibrado
679676,1,34899,842,Equilibrado,Equilibrado
679749,1,34899,82,Equilibrado,Equilibrado
679788,1,34899,319,Adiantado,Adiantado
679790,1,34899,70,Adiantado,Adiantado
679939,1,34899,340,Equilibrado,Equilibrado
680014,1,34899,341,Equilibrado,Equilibrado
680018,1,34899,424,Equilibrado,Equilibrado
680027,1,34899,1172,Equilibrado,Equilibrado
680080,1,34899,887,Adiantado,Adiantado
680145,1,34899,162,Tardio,Tardio
680212,1,34899,74,Equilibrado,Equilibrado
680222,1,34899,88,Tardio,Equilibrado
680231,1,34899,204,Adiantado,Adiantado
680255,1,34899,42,Equilibrado,Equilibrado
680266,1,34899,727,Equilibrado,Equilibrado
680270,1,34899,183,Tardio,Tardio
680273,1,34899,1202,Equilibrado,Equilibrado
680322,1,34899,620,Equilibrado,Equilibrado
680343,1,34899,371,Tardio,Equilibrado
680348,1,34899,658,Equilibrado,Equilibrado
680410,1,34899,224,Adiantado,Adiantado
680443,1,34899,671,Equilibrado,Equilibrado
680464,1,34899,516,Equilibrado,Equilibrado
680506,1,34899,214,Tardio,Tardio
680517,1,34899,125,Tardio,Tardio
680572,1,34899,3178,Equilibrado,Equilibrado
680708,1,34899,239,Equilibrado,Equilibrado
680713,1,34899,663,Equilibrado,Adiantado
680747,1,34899,639,Adiantado,Adiantado
680775,1,34899,608,Equilibrado,Equilibrado
680810,1,34899,808,Equilibrado,Equilibrado
680855,1,34899,138,Equilibrado,Adiantado
680872,1,34899,391,Adiantado,Adiantado
680912,1,34899,478,Equilibrado,Equilibrado
680955,1,34899,538,Equilibrado,Equilibrado
680974,1,34899,134,Adiantado,Adiantado
681004,1,34899,599,Equilibrado,Equilibrado
681073,1,34899,418,Equilibrado,Equilibrado
681152,1,34899,1143,Equilibrado,Equilibrado
681235,1,34899,303,Adiantado,Adiantado
681277,1,34899,173,Equilibrado,Equilibrado
681328,1,34899,663,Equilibrado,Adiantado
681335,1,34899,447,Tardio,Tardio
681341,1,34899,368,Adiantado,Adiantado
681352,1,34899,283,Tardio,Tardio
681354,1,34899,211,Tardio,Tardio
681452,1,34899,72,Tardio,Tardio
681490,1,34899,790,Equilibrado,Equilibrado
681608,1,34899,364,Tardio,Tardio
681633,1,34899,650,Equilibrado,Equilibrado
681652,1,34899,615,Equilibrado,Equilibrado
681655,1,34899,1124,Equilibrado,Equilibrado
681658,1,34899,154,Equilibrado,Adiantado
681691,1,34899,57,Equilibrado,Equilibrado
681735,1,34899,109,Adiantado,Equilibrado
681755,1,34899,967,Adiantado,Adiantado
681763,1,34899,1798,Equilibrado,Equilibrado
681938,1,34899,570,Equilibrado,Equilibrado
681973,1,34899,429,Equilibrado,Equilibrado
682015,1,34899,273,Adiantado,Adiantado
682025,1,34899,131,Adiantado,Adiantado
682070,1,34899,519,Adiantado,Adiantado
682276,1,34899,327,Equilibrado,Equilibrado
682298,1,34899,612,Equilibrado,Equilibrado
682390,1,34899,189,Adiantado,Adiantado
682391,1,34899,431,Tardio,Equilibrado
682436,1,34899,272,Tardio,Equilibrado
682437,1,34899,1046,Equilibrado,Equilibrado
682504,1,34899,231,Adiantado,Adiantado
682511,1,34899,254,Tardio,Tardio
682539,1,34899,468,Equilibrado,Equilibrado
682546,1,34899,192,Tardio,Tardio
682569,1,34899,805,Equilibrado,Equilibrado
682578,1,34899,532,Equilibrado,Equilibrado
682588,1,34899,1166,Adiantado,Adiantado
682613,1,34899,424,Tardio,Tardio
682632,1,34899,1373,Equilibrado,Equilibrado
682671,1,34899,327,Equilibrado,Equilibrado
682695,1,34899,309,Equilibrado,Equilibrado
682753,1,34899,431,Equilibrado,Equilibrado
682839,1,34899,927,Equilibrado,Equilibrado
682863,1,34899,120,Equilibrado,Equilibrado
682894,1,34899,448,Equilibrado,Equilibrado
682946,1,34899,158,Tardio,Tardio
682963,1,34899,301,Adiantado,Adiantado
682981,1,34899,603,Equilibrado,Equilibrado
682982,1,34899,214,Tardio,Tardio
682983,1,34899,455,Equilibrado,Equilibrado
682985,1,34899,189,Equilibrado,Equilibrado
682990,1,34899,465,Tardio,Tardio
683033,1,34899,908,Equilibrado,Equilibrado
683094,1,34899,136,Adiantado,Adiantado
683177,1,34899,390,Equilibrado,Equilibrado
683178,1,34899,581,Equilibrado,Equilibrado
683243,1,34899,79,Adiantado,Adiantado
683305,1,34899,284,Equilibrado,Adiantado
683323,1,34899,609,Tardio,Equilibrado
683346,1,34899,735,Equilibrado,Equilibrado
683347,1,34899,91,Adiantado,Adiantado
683352,1,34899,265,Equilibrado,Equilibrado
683353,1,34899,522,Equilibrado,Equilibrado
683375,1,34899,753,Equilibrado,Equilibrado
683403,1,34899,661,Equilibrado,Equilibrado
683446,1,34899,273,Tardio,Tardio
683467,1,34899,120,Tardio,Tardio
683508,1,34899,216,Equilibrado,Equilibrado
683530,1,34899,1318,Tardio,Tardio
683550,1,34899,188,Tardio,Tardio
683555,1,34899,124,Equilibrado,Equilibrado
683576,1,34899,401,Equilibrado,Equilibrado
683604,1,34899,481,Equilibrado,Equilibrado
683624,1,34899,1208,Equilibrado,Equilibrado
683699,1,34899,316,Equilibrado,Equilibrado
683745,1,34899,761,Equilibrado,Equilibrado
683764,1,34899,116,Adiantado,Adiantado
683772,1,34899,419,Tardio,Tardio
683820,1,34899,1548,Equilibrado,Equilibrado
683832,1,34899,329,Equilibrado,Equilibrado
683902,1,34899,318,Equilibrado,Equilibrado
683934,1,34899,523,Equilibrado,Equilibrado
684013,1,34899,1028,Tardio,Tardio
684040,1,34899,430,Equilibrado,Equilibrado
684183,1,34899,346,Adiantado,Adiantado
684311,1,34899,438,Adiantado,Adiantado
684383,1,34899,503,Tardio,Tardio
684386,1,34899,520,Equilibrado,Equilibrado
684526,1,34899,521,Tardio,Equilibrado
684592,1,34899,327,Adiantado,Adiantado
684594,1,34899,214,Equilibrado,Equilibrado
684671,1,34899,319,Tardio,Tardio
684675,1,34899,352,Equilibrado,Equilibrado
684882,1,34899,1471,Equilibrado,Equilibrado
684981,1,34899,1136,Adiantado,Adiantado
685004,1,34899,414,Equilibrado,Adiantado
685100,1,34899,417,Adiantado,Adiantado
685105,1,34899,9,Tardio,Tardio
685128,1,34899,323,Adiantado,Adiantado
685140,1,34899,21,Equilibrado,Equilibrado
685155,1,34899,646,Equilibrado,Equilibrado
685192,1,34899,295,Equilibrado,Equilibrado
685212,1,34899,485,Equilibrado,Adiantado
685276,1,34899,894,Equilibrado,Equilibrado
685283,1,34899,279,Tardio,Tardio
685330,1,34899,1101,Adiantado,Adiantado
685339,1,34899,509,Adiantado,Adiantado
685373,1,34899,365,Equilibrado,Equilibrado
685378,1,34899,62,Equilibrado,Equilibrado
685410,1,34899,589,Equilibrado,Equilibrado
685619,1,34899,94,Tardio,Tardio
685657,1,34899,163,Equilibrado,Equilibrado
685705,1,34899,576,Equilibrado,Equilibrado
685708,1,34899,113,Equilibrado,Equilibrado
685772,1,34899,656,Adiantado,Adiantado
685831,1,34899,574,Equilibrado,Equilibrado
685860,1,34899,591,Equilibrado,Adiantado
685928,1,34899,49,Tardio,Tardio
685998,1,34899,424,Equilibrado,Equilibrado
686065,1,34899,552,Equilibrado,Equilibrado
686164,1,34899,68,Adiantado,Adiantado
686314,1,34899,215,Adiantado,Adiantado
686317,1,34899,275,Equilibrado,Equilibrado
686344,1,34899,999,Adiantado,Adiantado
686348,1,34899,1557,Equilibrado,Equilibrado
686448,1,34899,157,Adiantado,Adiantado
686498,1,34899,452,Adiantado,Adiantado
686522,1,34899,565,Adiantado,Adiantado
686558,1,34899,103,Tardio,Tardio
686700,1,34899,229,Equilibrado,Equilibrado
686705,1,34899,318,Adiantado,Adiantado
686786,1,34899,409,Adiantado,Adiantado
686946,1,34899,160,Adiantado,Adiantado
687007,1,34899,343,Tardio,Equilibrado
687033,1,34899,81,Tardio,Tardio
687073,1,34899,565,Equilibrado,Equilibrado
687112,1,34899,405,Adiantado,Adiantado
687115,1,34899,75,Tardio,Adiantado
687288,1,34899,231,Equilibrado,Equilibrado
687331,1,34899,485,Tardio,Tardio
687341,1,34899,358,Equilibrado,Equilibrado
687345,1,34899,189,Tardio,Equilibrado
687351,1,34899,613,Equilibrado,Equilibrado
687410,1,34899,191,Adiantado,Adiantado
687434,1,34899,2276,Equilibrado,Adiantado
687468,1,34899,471,Equilibrado,Equilibrado
687485,1,34899,359,Adiantado,Adiantado
687503,1,34899,824,Adiantado,Adiantado
687510,1,34899,484,Equilibrado,Equilibrado
687511,1,34899,184,Equilibrado,Equilibrado
687525,1,34899,208,Adiantado,Adiantado
687686,1,34899,299,Equilibrado,Equilibrado
687752,1,34899,177,Adiantado,Adiantado
687846,1,34899,343,Adiantado,Adiantado
687910,1,34899,537,Equilibrado,Equilibrado
687930,1,34899,1069,Equilibrado,Equilibrado
687931,1,34899,679,Equilibrado,Equilibrado
687988,1,34899,318,Adiantado,Adiantado
688008,1,34899,487,Equilibrado,Equilibrado
688071,1,34899,75,Adiantado,Adiantado
688127,1,34899,327,Adiantado,Adiantado
688136,1,34899,2012,Adiantado,Adiantado
688159,1,34899,456,Adiantado,Adiantado
688192,1,34899,430,Equilibrado,Equilibrado
688225,1,34899,377,Tardio,Tardio
688250,1,34899,73,Adiantado,Adiantado
688265,1,34899,78,Tardio,Equilibrado
688337,1,34899,470,Equilibrado,Equilibrado
688453,1,34899,181,Equilibrado,Equilibrado
688470,1,34899,196,Equilibrado,Adiantado
688543,1,34899,386,Equilibrado,Equilibrado
688664,1,34899,326,Adiantado,Adiantado
688667,1,34899,1600,Equilibrado,Equilibrado
688685,1,34899,716,Equilibrado,Equilibrado
688727,1,34899,806,Equilibrado,Equilibrado
688881,1,34899,352,Equilibrado,Adiantado
688891,1,34899,370,Tardio,Tardio
688895,1,34899,411,Equilibrado,Equilibrado
688904,1,34899,1044,Equilibrado,Equilibrado
688976,1,34899,431,Adiantado,Adiantado
689005,1,34899,283,Adiantado,Adiantado
689052,1,34899,416,Adiantado,Adiantado
689056,1,34899,578,Equilibrado,Adiantado
689225,1,34899,436,Equilibrado,Adiantado
689260,1,34899,402,Equilibrado,Equilibrado
689280,1,34899,752,Equilibrado,Adiantado
689347,1,34899,592,Equilibrado,Equilibrado
689444,1,34899,678,Equilibrado,Equilibrado
689498,1,34899,146,Tardio,Tardio
689626,1,34899,109,Tardio,Equilibrado
689796,1,34899,885,Equilibrado,Equilibrado
689827,1,34899,106,Tardio,Tardio
689832,1,34899,294,Equilibrado,Equilibrado
689855,1,34899,387,Equilibrado,Equilibrado
689924,1,34899,169,Adiantado,Adiantado
690075,1,34899,110,Adiantado,Adiantado
690198,1,34899,508,Equilibrado,Equilibrado
690296,1,34899,386,Adiantado,Adiantado
690382,1,34899,42,Tardio,Equilibrado
690585,1,34899,117,Tardio,Tardio
690628,1,34899,468,Equilibrado,Adiantado
690635,1,34899,66,Adiantado,Adiantado
690746,1,34899,999,Equilibrado,Equilibrado
690832,1,34899,336,Equilibrado,Equilibrado
690872,1,34899,138,Tardio,Tardio
690962,1,34899,209,Equilibrado,Equilibrado
691269,1,34899,416,Equilibrado,Equilibrado
691280,1,34899,338,Adiantado,Adiantado
691326,1,34899,994,Equilibrado,Adiantado
691375,1,34899,517,Equilibrado,Adiantado
691465,1,34899,111,Equilibrado,Equilibrado
691699,1,34899,349,Adiantado,Adiantado
691722,1,34899,807,Equilibrado,Equilibrado
691805,1,34899,71,Equilibrado,Equilibrado
691873,1,34899,224,Equilibrado,Equilibrado
691932,1,34899,991,Equilibrado,Equilibrado
692010,1,34899,1060,Adiantado,Adiantado
692097,1,34899,694,Equilibrado,Equilibrado
692220,1,34899,449,Equilibrado,Equilibrado
692297,1,34899,43,Tardio,Tardio
692301,1,34899,195,Tardio,Equilibrado
692334,1,34899,388,Tardio,Tardio
692454,1,34899,694,Adiantado,Adiantado
692612,1,34899,534,Equilibrado,Equilibrado
692632,1,34899,315,Tardio,Equilibrado
692893,1,34899,224,Equilibrado,Equilibrado
692946,1,34899,118,Equilibrado,Equilibrado
692962,1,34899,711,Equilibrado,Equilibrado
692968,1,34899,146,Adiantado,Adiantado
693160,1,34899,548,Equilibrado,Equilibrado
693162,1,34899,1091,Equilibrado,Equilibrado
693197,1,34899,224,Adiantado,Adiantado
693236,1,34899,435,Equilibrado,Equilibrado
693345,1,34899,354,Equilibrado,Adiantado
693373,1,34899,420,Equilibrado,Equilibrado
693497,1,34899,819,Equilibrado,Equilibrado
693519,1,34899,296,Equilibrado,Equilibrado
693573,1,34899,677,Equilibrado,Equilibrado
693628,1,34899,523,Adiantado,Adiantado
693764,1,34899,60,Tardio,Tardio
693806,1,34899,627,Adiantado,Adiantado
693812,1,34899,31,Tardio,Tardio
693873,1,34899,417,Equilibrado,Equilibrado
693903,1,34899,243,Adiantado,Adiantado
693906,1,34899,246,Equilibrado,Equilibrado
693907,1,34899,449,Equilibrado,Equilibrado
694128,1,34899,257,Equilibrado,Equilibrado
694144,1,34899,637,Adiantado,Adiantado
694221,1,34899,176,Adiantado,Adiantado
694284,1,34899,96,Tardio,Tardio
694376,1,34899,396,Equilibrado,Equilibrado
694428,1,34899,372,Tardio,Adiantado
694456,1,34899,606,Equilibrado,Equilibrado
694622,1,34899,419,Adiantado,Adiantado
694716,1,34899,327,Tardio,Tardio
694827,1,34899,421,Adiantado,Adiantado
694836,1,34899,479,Equilibrado,Equilibrado
694848,1,34899,721,Equilibrado,Equilibrado
695090,1,34899,116,Equilibrado,Equilibrado
695169,1,34899,356,Adiantado,Adiantado
695220,1,34899,302,Adiantado,Adiantado
695250,1,34899,644,Equilibrado,Equilibrado
695251,1,34899,535,Equilibrado,Equilibrado
695369,1,34899,176,Adiantado,Adiantado
695471,1,34899,279,Adiantado,Adiantado
695485,1,34899,315,Adiantado,Adiantado
695550,1,34899,192,Equilibrado,Equilibrado
695637,1,34899,464,Equilibrado,Equilibrado
695676,1,34899,320,Tardio,Tardio
695700,1,34899,277,Adiantado,Adiantado
695729,1,34899,765,Equilibrado,Equilibrado
695748,1,34899,402,Equilibrado,Equilibrado
695803,1,34899,860,Equilibrado,Equilibrado
695825,1,34899,729,Equilibrado,Equilibrado
695869,1,34899,478,Equilibrado,Equilibrado
695879,1,34899,192,Equilibrado,Equilibrado
695926,1,34899,440,Adiantado,Adiantado
695964,1,34899,109,Adiantado,Adiantado
696039,1,34899,277,Adiantado,Adiantado
696043,1,34899,126,Tardio,Tardio
696071,1,34899,398,Equilibrado,Equilibrado
696082,1,34899,243,Tardio,Tardio
696188,1,34899,204,Equilibrado,Equilibrado
696275,1,34899,503,Equilibrado,Equilibrado
696318,1,34899,250,Adiantado,Adiantado
696329,1,34899,959,Equilibrado,Equilibrado
696347,1,34899,532,Adiantado,Adiantado
696364,1,34899,440,Equilibrado,Equilibrado
696410,1,34899,296,Adiantado,Adiantado
696456,1,34899,125,Tardio,Tardio
696583,1,34899,283,Tardio,Tardio
696615,1,34899,282,Equilibrado,Equilibrado
696653,1,34899,362,Adiantado,Adiantado
696659,1,34899,117,Equilibrado,Equilibrado
696662,1,34899,991,Equilibrado,Equilibrado
696666,1,34899,103,Tardio,Tardio
696671,1,34899,257,Equilibrado,Equilibrado
696672,1,34899,89,Equilibrado,Equilibrado
696674,1,34899,187,Adiantado,Adiantado
696678,1,34899,246,Equilibrado,Equilibrado
696729,1,34899,811,Equilibrado,Equilibrado
697027,1,34899,1104,Equilibrado,Equilibrado
697042,1,34899,769,Adiantado,Adiantado
697114,1,34899,119,Tardio,Tardio
697160,1,34899,82,Adiantado,Adiantado
697192,1,34899,188,Adiantado,Adiantado
697255,1,34899,610,Adiantado,Adiantado
697299,1,34899,158,Adiantado,Adiantado
697438,1,34899,632,Equilibrado,Equilibrado
697478,1,34899,486,Equilibrado,Adiantado
697665,1,34899,89,Tardio,Equilibrado
697878,1,34899,436,Equilibrado,Equilibrado
697998,1,34899,294,Equilibrado,Equilibrado
698015,1,34899,87,Equilibrado,Equilibrado
698020,1,34899,570,Adiantado,Adiantado
698112,1,34899,125,Equilibrado,Equilibrado
698193,1,34899,140,Adiantado,Adiantado
698278,1,34899,486,Adiantado,Adiantado
698384,1,34899,725,Adiantado,Adiantado
698407,1,34899,74,Tardio,Tardio
698485,1,34899,259,Equilibrado,Equilibrado
698656,1,34899,290,Adiantado,Adiantado
698762,1,34899,294,Adiantado,Adiantado
699126,1,34899,89,Tardio,Tardio
699127,1,34899,183,Equilibrado,Equilibrado
699128,1,34899,559,Adiantado,Adiantado
836614,1,34899,357,Adiantado,Adiantado
884652,1,34899,415,Equilibrado,Equilibrado
895524,1,34899,1746,Equilibrado,Equilibrado
1021350,1,34899,284,Equilibrado,Equilibrado
1042726,1,34899,636,Adiantado,Adiantado
1318759,1,34899,624,Tardio,Equilibrado
1348205,1,34899,1806,Equilibrado,Equilibrado
1391717,1,34899,224,Adiantado,Adiantado
1409532,1,34899,531,Equilibrado,Equilibrado
1413902,1,34899,617,Equilibrado,Equilibrado
1424608,1,34899,209,Tardio,Tardio
1448966,1,34899,281,Equilibrado,Equilibrado
1450604,1,34899,416,Adiantado,Adiantado
1473878,1,34899,507,Equilibrado,Equilibrado
1477284,1,34899,234,Adiantado,Adiantado
1501577,1,34899,639,Equilibrado,Equilibrado
1514245,1,34899,107,Adiantado,Adiantado
1532711,1,34899,203,Equilibrado,Equilibrado
1585671,1,34899,478,Equilibrado,Equilibrado
1588621,1,34899,93,Adiantado,Adiantado
1603549,1,34899,151,Equilibrado,Equilibrado
1631797,1,34899,431,Adiantado,Adiantado
1639699,1,34899,399,Equilibrado,Equilibrado
1640680,1,34899,324,Adiantado,Adiantado
1658963,1,34899,374,Adiantado,Adiantado
1677677,1,34899,717,Equilibrado,Equilibrado
1683192,1,34899,113,Tardio,Tardio
1722493,1,34899,1590,Equilibrado,Equilibrado
1733664,1,34899,3191,Equilibrado,Equilibrado
1752994,1,34899,648,Equilibrado,Equilibrado
1755594,1,34899,945,Equilibrado,Equilibrado
1765045,1,34899,38,Equilibrado,Equilibrado
1771775,1,34899,381,Equilibrado,Equilibrado
1796402,1,34899,631,Equilibrado,Equilibrado
1810759,1,34899,359,Equilibrado,Equilibrado
1816458,1,34899,1087,Equilibrado,Equilibrado
1817710,1,34899,145,Equilibrado,Equilibrado
1818385,1,34899,598,Equilibrado,Equilibrado
1836241,1,34899,547,Equilibrado,Equilibrado
1837138,1,34899,2382,Equilibrado,Equilibrado
1856869,1,34899,260,Tardio,Tardio
1871598,1,34899,3429,Equilibrado,Equilibrado
1871684,1,34899,431,Adiantado,Adiantado
1877902,1,34899,725,Tardio,Tardio
1879321,1,34899,1095,Equilibrado,Equilibrado
1881231,1,34899,449,Tardio,Tardio
1887108,1,34899,273,Equilibrado,Equilibrado
1889752,1,34899,792,Adiantado,Adiantado
1944167,1,34899,357,Tardio,Tardio
1948159,1,34899,1226,Adiantado,Adiantado
1962049,1,34899,750,Adiantado,Adiantado
1962062,1,34899,419,Equilibrado,Equilibrado
1972092,1,34899,2078,Equilibrado,Equilibrado
1995177,1,34899,830,Adiantado,Adiantado
1998834,1,34899,200,Tardio,Tardio
2017487,1,34899,973,Equilibrado,Equilibrado
2020628,1,34899,2605,Adiantado,Adiantado
2026075,1,34899,482,Tardio,Tardio
2028523,1,34899,609,Tardio,Tardio
2029571,1,34899,585,Tardio,Tardio
2035700,1,34899,741,Equilibrado,Equilibrado
2036893,1,34899,790,Adiantado,Adiantado
2047575,1,34899,706,Equilibrado,Equilibrado
2065972,1,34899,454,Adiantado,Adiantado
2067799,1,34899,424,Equilibrado,Equilibrado
2081123,1,34899,81,Equilibrado,Equilibrado
2096251,1,34899,629,Equilibrado,Equilibrado
2103552,1,34899,409,Equilibrado,Equilibrado
2104819,1,34899,659,Equilibrado,Equilibrado
2106955,1,34899,995,Equilibrado,Equilibrado
2107747,1,34899,504,Adiantado,Adiantado
2128283,1,34899,702,Equilibrado,Equilibrado
2138970,1,34899,300,Equilibrado,Equilibrado
2140300,1,34899,634,Equilibrado,Adiantado
2143312,1,34899,635,Equilibrado,Equilibrado
2143440,1,34899,534,Equilibrado,Equilibrado
2154361,1,34899,457,Equilibrado,Equilibrado
2160316,1,34899,707,Equilibrado,Equilibrado
2161710,1,34899,41,Adiantado,Adiantado
2178837,1,34899,276,Equilibrado,Equilibrado
2180090,1,34899,1046,Equilibrado,Equilibrado
2185729,1,34899,942,Equilibrado,Equilibrado
2195853,1,34899,391,Tardio,Tardio
2197766,1,34899,318,Equilibrado,Equilibrado
2198970,1,34899,197,Adiantado,Adiantado
2223401,1,34899,236,Tardio,Tardio
2254637,1,34899,261,Equilibrado,Adiantado
2256134,1,34899,371,Equilibrado,Equilibrado
2272023,1,34899,214,Equilibrado,Equilibrado
2274542,1,34899,619,Adiantado,Adiantado
2278101,1,34899,161,Tardio,Tardio
2282620,1,34899,143,Tardio,Equilibrado
2283708,1,34899,1873,Equilibrado,Equilibrado
2293511,1,34899,794,Equilibrado,Equilibrado
2298106,1,34899,170,Equilibrado,Equilibrado
2298895,1,34899,674,Equilibrado,Equilibrado
2301830,1,34899,982,Adiantado,Adiantado
2306410,1,34899,455,Adiantado,Adiantado
2316717,1,34899,361,Equilibrado,Equilibrado
2332934,1,34899,172,Equilibrado,Equilibrado
2339267,1,34899,499,Tardio,Tardio
2341420,1,34899,885,Equilibrado,Adiantado
2343785,1,34899,709,Equilibrado,Equilibrado
2351969,1,34899,235,Equilibrado,Equilibrado
2360559,1,34899,280,Equilibrado,Equilibrado
2366656,1,34899,268,Equilibrado,Equilibrado
2378208,1,34899,347,Equilibrado,Equilibrado
2386732,1,34899,421,Equilibrado,Equilibrado
2395016,1,34899,381,Equilibrado,Equilibrado
2399758,1,34899,315,Tardio,Tardio
2403701,1,34899,2492,Equilibrado,Equilibrado
2417433,1,34899,158,Tardio,Tardio
2417975,1,34899,381,Adiantado,Adiantado
2424257,1,34899,261,Equilibrado,Adiantado
2427845,1,34899,462,Equilibrado,Equilibrado
2438784,1,34899,712,Adiantado,Adiantado
2449490,1,34899,173,Adiantado,Adiantado
2457440,1,34899,154,Adiantado,Adiantado
2459292,1,34899,111,Adiantado,Adiantado
2470326,1,34899,280,Equilibrado,Equilibrado
2480886,1,34899,718,Equilibrado,Equilibrado
2482710,1,34899,623,Tardio,Tardio
2486930,1,34899,158,Tardio,Tardio
2499307,1,34899,338,Equilibrado,Equilibrado
2504129,1,34899,167,Equilibrado,Adiantado
2505058,1,34899,128,Tardio,Tardio
2519138,1,34899,798,Equilibrado,Equilibrado
2529052,1,34899,234,Adiantado,Adiantado
2529419,1,34899,725,Equilibrado,Equilibrado
2530976,1,34899,411,Equilibrado,Equilibrado
2537777,1,34899,433,Equilibrado,Equilibrado
2540871,1,34899,569,Equilibrado,Equilibrado
2542209,1,34899,274,Adiantado,Adiantado
2544643,1,34899,510,Equilibrado,Equilibrado
2544766,1,34899,210,Equilibrado,Equilibrado
2546315,1,34899,770,Equilibrado,Equilibrado
2550534,1,34899,404,Adiantado,Adiantado
2557008,1,34899,854,Adiantado,Adiantado
2559144,1,34899,102,Adiantado,Adiantado
2563095,1,34899,125,Adiantado,Adiantado
2579891,1,34899,304,Tardio,Tardio
2584244,1,34899,141,Tardio,Tardio
2597117,1,34899,608,Equilibrado,Equilibrado
2599162,1,34899,60,Tardio,Tardio
2599883,1,34899,765,Equilibrado,Equilibrado
2602542,1,34899,514,Tardio,Equilibrado
2603027,1,34899,1067,Equilibrado,Equilibrado
2612102,1,34899,753,Equilibrado,Equilibrado
2612728,1,34899,324,Adiantado,Adiantado
2624028,1,34899,639,Equilibrado,Adiantado
2641156,1,34899,259,Adiantado,Adiantado
2642532,1,34899,142,Equilibrado,Equilibrado
2643472,1,34899,294,Equilibrado,Equilibrado
2643829,1,34899,801,Adiantado,Adiantado
2649948,1,34899,385,Adiantado,Adiantado
2657913,1,34899,425,Adiantado,Adiantado
2658856,1,34899,312,Adiantado,Adiantado
2667478,1,34899,704,Equilibrado,Equilibrado
2678580,1,34899,177,Adiantado,Adiantado
2681198,1,34899,886,Equilibrado,Equilibrado
2682682,1,34899,538,Adiantado,Adiantado
2683857,1,34899,944,Equilibrado,Equilibrado
2684048,1,34899,281,Adiantado,Adiantado
2686035,1,34899,356,Adiantado,Adiantado
2693932,1,34899,731,Adiantado,Adiantado
2694139,1,34899,101,Tardio,Tardio
2697921,1,34899,251,Equilibrado,Equilibrado
31296,2,34900,42,Tardio,Tardio
40878,2,34900,398,Equilibrado,Equilibrado
42552,2,34900,1187,Equilibrado,Equilibrado
43958,2,34900,420,Equilibrado,Equilibrado
45423,2,34900,698,Equilibrado,Equilibrado
47861,2,34900,1491,Equilibrado,Equilibrado
56637,2,34900,696,Equilibrado,Equilibrado
56667,2,34900,7,Tardio,Tardio
58884,2,34900,678,Equilibrado,Equilibrado
63112,2,34900,51,Tardio,Tardio
64427,2,34900,532,Equilibrado,Equilibrado
69439,2,34900,49,Tardio,Tardio
71159,2,34900,483,Tardio,Tardio
74165,2,34900,204,Equilibrado,Equilibrado
75107,2,34900,642,Equilibrado,Equilibrado
77692,2,34900,205,Tardio,Tardio
77995,2,34900,37,Tardio,Tardio
79610,2,34900,456,Equilibrado,Equilibrado
80438,2,34900,450,Adiantado,Adiantado
84604,2,34900,1106,Adiantado,Adiantado
87264,2,34900,1281,Equilibrado,Equilibrado
87322,2,34900,259,Equilibrado,Equilibrado
94749,2,34900,596,Equilibrado,Equilibrado
98256,2,34900,118,Equilibrado,Equilibrado
102854,2,34900,379,Equilibrado,Equilibrado
105939,2,34900,409,Equilibrado,Equilibrado
107455,2,34900,138,Equilibrado,Equilibrado
109577,2,34900,176,Equilibrado,Equilibrado
110820,2,34900,378,Adiantado,Adiantado
113702,2,34900,458,Equilibrado,Equilibrado
119310,2,34900,333,Tardio,Tardio
119865,2,34900,552,Equilibrado,Equilibrado
125063,2,34900,376,Equilibrado,Equilibrado
127179,2,34900,347,Tardio,Tardio
129907,2,34900,446,Adiantado,Adiantado
130409,2,34900,214,Adiantado,Adiantado
131597,2,34900,557,Tardio,Equilibrado
132475,2,34900,519,Equilibrado,Equilibrado
135280,2,34900,166,Equilibrado,Equilibrado
139206,2,34900,684,Equilibrado,Equilibrado
142310,2,34900,234,Equilibrado,Equilibrado
143755,2,34900,530,Equilibrado,Adiantado
144959,2,34900,53,Tardio,Tardio
149178,2,34900,659,Equilibrado,Equilibrado
150282,2,34900,123,Adiantado,Adiantado
152524,2,34900,1030,Equilibrado,Equilibrado
152917,2,34900,894,Tardio,Tardio
155938,2,34900,508,Adiantado,Adiantado
159906,2,34900,228,Equilibrado,Equilibrado
159947,2,34900,659,Equilibrado,Equilibrado
164148,2,34900,727,Equilibrado,Equilibrado
166123,2,34900,603,Equilibrado,Equilibrado
169596,2,34900,216,Equilibrado,Equilibrado
170874,2,34900,299,Adiantado,Adiantado
172493,2,34900,346,Equilibrado,Equilibrado
173412,2,34900,47,Equilibrado,Equilibrado
177492,2,34900,578,Equilibrado,Adiantado
184720,2,34900,167,Adiantado,Adiantado
185994,2,34900,505,Adiantado,Adiantado
194163,2,34900,416,Equilibrado,Equilibrado
195246,2,34900,208,Equilibrado,Equilibrado
195552,2,34900,587,Adiantado,Adiantado
197536,2,34900,376,Tardio,Tardio
199009,2,34900,196,Equilibrado,Equilibrado
204117,2,34900,351,Tardio,Tardio
226955,2,34900,81,Tardio,Tardio
228633,2,34900,518,Equilibrado,Equilibrado
229498,2,34900,722,Equilibrado,Equilibrado
232173,2,34900,437,Equilibrado,Equilibrado
234661,2,34900,644,Equilibrado,Equilibrado
235768,2,34900,508,Equilibrado,Equilibrado
235971,2,34900,653,Equilibrado,Equilibrado
236090,2,34900,587,Equilibrado,Equilibrado
237891,2,34900,283,Equilibrado,Equilibrado
249357,2,34900,678,Equilibrado,Adiantado
251166,2,34900,746,Equilibrado,Equilibrado
253633,2,34900,453,Equilibrado,Equilibrado
253763,2,34900,957,Equilibrado,Equilibrado
258245,2,34900,380,Equilibrado,Equilibrado
258509,2,34900,459,Tardio,Tardio
258978,2,34900,277,Equilibrado,Equilibrado
261863,2,34900,191,Tardio,Tardio
262025,2,34900,230,Equilibrado,Equilibrado
262394,2,34900,117,Tardio,Tardio
263862,2,34900,247,Equilibrado,Equilibrado
265497,2,34900,151,Adiantado,Adiantado
269584,2,34900,252,Tardio,Tardio
270421,2,34900,116,Tardio,Tardio
276337,2,34900,33,Equilibrado,Equilibrado
277384,2,34900,590,Equilibrado,Equilibrado
278380,2,34900,372,Equilibrado,Equilibrado
279440,2,34900,232,Equilibrado,Equilibrado
279653,2,34900,499,Equilibrado,Equilibrado
281134,2,34900,542,Equilibrado,Equilibrado
282849,2,34900,734,Equilibrado,Equilibrado
283402,2,34900,631,Tardio,Tardio
286778,2,34900,583,Equilibrado,Equilibrado
287079,2,34900,787,Equilibrado,Equilibrado
287258,2,34900,392,Adiantado,Adiantado
289247,2,34900,471,Equilibrado,Equilibrado
294112,2,34900,550,Tardio,Equilibrado
294219,2,34900,516,Adiantado,Adiantado
294920,2,34900,898,Equilibrado,Equilibrado
294929,2,34900,739,Adiantado,Adiantado
295893,2,34900,79,Tardio,Tardio
297218,2,34900,87,Tardio,Equilibrado
297341,2,34900,427,Equilibrado,Equilibrado
301074,2,34900,235,Equilibrado,Equilibrado
301561,2,34900,42,Tardio,Tardio
305064,2,34900,565,Equilibrado,Adiantado
305659,2,34900,193,Tardio,Tardio
310205,2,34900,462,Equilibrado,Equilibrado
312126,2,34900,216,Adiantado,Adiantado
312231,2,34900,102,Tardio,Tardio
312960,2,34900,52,Equilibrado,Equilibrado
315795,2,34900,55,Adiantado,Adiantado
316082,2,34900,413,Adiantado,Adiantado
318139,2,34900,86,Equilibrado,Equilibrado
318147,2,34900,412,Equilibrado,Equilibrado
319073,2,34900,379,Equilibrado,Equilibrado
320133,2,34900,791,Equilibrado,Equilibrado
320612,2,34900,727,Equilibrado,Equilibrado
322499,2,34900,375,Equilibrado,Equilibrado
328797,2,34900,407,Tardio,Tardio
329895,2,34900,68,Tardio,Tardio
331789,2,34900,457,Equilibrado,Equilibrado
333993,2,34900,635,Equilibrado,Equilibrado
334224,2,34900,32,Adiantado,Adiantado
335095,2,34900,464,Equilibrado,Equilibrado
337000,2,34900,300,Equilibrado,Equilibrado
338689,2,34900,129,Tardio,Tardio
339519,2,34900,520,Equilibrado,Equilibrado
341457,2,34900,403,Tardio,Tardio
341629,2,34900,137,Equilibrado,Equilibrado
345271,2,34900,1678,Equilibrado,Equilibrado
347197,2,34900,354,Equilibrado,Equilibrado
348108,2,34900,102,Tardio,Tardio
348324,2,34900,94,Adiantado,Adiantado
349515,2,34900,500,Equilibrado,Adiantado
351147,2,34900,274,Equilibrado,Adiantado
354698,2,34900,174,Equilibrado,Equilibrado
355293,2,34900,5,Adiantado,Adiantado
364066,2,34900,1185,Equilibrado,Equilibrado
366140,2,34900,538,Equilibrado,Equilibrado
367151,2,34900,519,Adiantado,Adiantado
369242,2,34900,216,Equilibrado,Equilibrado
369450,2,34900,707,Equilibrado,Equilibrado
369644,2,34900,249,Tardio,Tardio
370735,2,34900,385,Equilibrado,Adiantado
372345,2,34900,432,Adiantado,Adiantado
372509,2,34900,153,Equilibrado,Equilibrado
372511,2,34900,117,Tardio,Tardio
374353,2,34900,168,Adiantado,Adiantado
378705,2,34900,247,Equilibrado,Equilibrado
378946,2,34900,861,Equilibrado,Equilibrado
379278,2,34900,1348,Equilibrado,Equilibrado
379311,2,34900,89,Tardio,Equilibrado
381257,2,34900,546,Equilibrado,Adiantado
381414,2,34900,60,Adiantado,Adiantado
381428,2,34900,216,Equilibrado,Equilibrado
383445,2,34900,121,Tardio,Equilibrado
383602,2,34900,735,Tardio,Tardio
383629,2,34900,174,Equilibrado,Equilibrado
384107,2,34900,377,Equilibrado,Equilibrado
386389,2,34900,389,Equilibrado,Equilibrado
386956,2,34900,248,Tardio,Tardio
389853,2,34900,68,Equilibrado,Equilibrado
390070,2,34900,105,Tardio,Tardio
393141,2,34900,27,Tardio,Tardio
395758,2,34900,108,Tardio,Tardio
396683,2,34900,211,Adiantado,Adiantado
396834,2,34900,222,Equilibrado,Equilibrado
396907,2,34900,544,Equilibrado,Equilibrado
397219,2,34900,925,Equilibrado,Equilibrado
397292,2,34900,220,Tardio,Tardio
397671,2,34900,381,Equilibrado,Adiantado
398550,2,34900,409,Equilibrado,Equilibrado
398630,2,34900,205,Equilibrado,Equilibrado
399429,2,34900,721,Equilibrado,Equilibrado
402695,2,34900,339,Adiantado,Adiantado
405193,2,34900,757,Equilibrado,Equilibrado
407232,2,34900,897,Equilibrado,Equilibrado
408499,2,34900,580,Equilibrado,Adiantado
410407,2,34900,1233,Equilibrado,Equilibrado
410883,2,34900,247,Tardio,Tardio
411304,2,34900,249,Equilibrado,Equilibrado
412353,2,34900,1483,Equilibrado,Equilibrado
413180,2,34900,130,Equilibrado,Equilibrado
413709,2,34900,172,Tardio,Tardio
413949,2,34900,530,Adiantado,Adiantado
416199,2,34900,736,Equilibrado,Equilibrado
416407,2,34900,391,Adiantado,Adiantado
418201,2,34900,407,Adiantado,Adiantado
419059,2,34900,319,Equilibrado,Equilibrado
419081,2,34900,317,Equilibrado,Equilibrado
421070,2,34900,226,Adiantado,Adiantado
423210,2,34900,74,Tardio,Tardio
423488,2,34900,311,Tardio,Tardio
423781,2,34900,325,Equilibrado,Equilibrado
427256,2,34900,422,Equilibrado,Equilibrado
429832,2,34900,42,Equilibrado,Equilibrado
431139,2,34900,266,Tardio,Equilibrado
434476,2,34900,1947,Equilibrado,Adiantado
438063,2,34900,44,Equilibrado,Equilibrado
438644,2,34900,13,Adiantado,Adiantado
439950,2,34900,178,Tardio,Tardio
439995,2,34900,293,Adiantado,Adiantado
440818,2,34900,1143,Equilibrado,Equilibrado
441165,2,34900,324,Equilibrado,Equilibrado
441421,2,34900,116,Tardio,Adiantado
442563,2,34900,338,Equilibrado,Equilibrado
442802,2,34900,921,Equilibrado,Equilibrado
443151,2,34900,252,Equilibrado,Equilibrado
443514,2,34900,416,Equilibrado,Equilibrado
443696,2,34900,213,Tardio,Tardio
444011,2,34900,338,Equilibrado,Equilibrado
444619,2,34900,78,Tardio,Tardio
444907,2,34900,268,Tardio,Tardio
445686,2,34900,104,Equilibrado,Equilibrado
465078,2,34900,465,Adiantado,Adiantado
465121,2,34900,150,Tardio,Tardio
465294,2,34900,619,Equilibrado,Equilibrado
466120,2,34900,342,Equilibrado,Equilibrado
466807,2,34900,35,Tardio,Tardio
466987,2,34900,393,Equilibrado,Equilibrado
467363,2,34900,54,Equilibrado,Equilibrado
469499,2,34900,673,Equilibrado,Equilibrado
471284,2,34900,38,Equilibrado,Equilibrado
474667,2,34900,403,Equilibrado,Equilibrado
475015,2,34900,500,Equilibrado,Equilibrado
476401,2,34900,1659,Equilibrado,Equilibrado
476629,2,34900,392,Equilibrado,Equilibrado
477833,2,34900,446,Equilibrado,Equilibrado
479939,2,34900,749,Equilibrado,Equilibrado
480303,2,34900,316,Adiantado,Adiantado
481717,2,34900,752,Equilibrado,Adiantado
482644,2,34900,320,Tardio,Tardio
483037,2,34900,664,Equilibrado,Equilibrado
483656,2,34900,147,Equilibrado,Equilibrado
484010,2,34900,399,Equilibrado,Equilibrado
484594,2,34900,1606,Equilibrado,Equilibrado
485228,2,34900,477,Adiantado,Adiantado
486087,2,34900,271,Equilibrado,Equilibrado
486964,2,34900,119,Equilibrado,Equilibrado
488525,2,34900,129,Equilibrado,Equilibrado
489553,2,34900,140,Adiantado,Equilibrado
491126,2,34900,422,Adiantado,Adiantado
491863,2,34900,139,Adiantado,Adiantado
492024,2,34900,134,Adiantado,Adiantado
492557,2,34900,15,Adiantado,Adiantado
493793,2,34900,171,Equilibrado,Equilibrado
494046,2,34900,418,Equilibrado,Equilibrado
494184,2,34900,319,Equilibrado,Equilibrado
496493,2,34900,42,Equilibrado,Equilibrado
497415,2,34900,806,Equilibrado,Equilibrado
498442,2,34900,669,Equilibrado,Adiantado
499244,2,34900,134,Adiantado,Adiantado
499404,2,34900,500,Equilibrado,Equilibrado
500068,2,34900,812,Equilibrado,Equilibrado
500618,2,34900,126,Equilibrado,Equilibrado
501444,2,34900,314,Tardio,Tardio
501897,2,34900,383,Equilibrado,Equilibrado
502011,2,34900,425,Equilibrado,Equilibrado
504270,2,34900,69,Equilibrado,Equilibrado
505773,2,34900,377,Equilibrado,Equilibrado
506705,2,34900,220,Equilibrado,Equilibrado
507743,2,34900,734,Equilibrado,Equilibrado
507935,2,34900,969,Equilibrado,Equilibrado
508626,2,34900,1207,Equilibrado,Equilibrado
509536,2,34900,682,Equilibrado,Equilibrado
511309,2,34900,213,Equilibrado,Equilibrado
511350,2,34900,42,Tardio,Tardio
511981,2,34900,217,Tardio,Tardio
513272,2,34900,62,Tardio,Tardio
513422,2,34900,164,Tardio,Equilibrado
513428,2,34900,105,Equilibrado,Equilibrado
514078,2,34900,415,Equilibrado,Equilibrado
514556,2,34900,208,Equilibrado,Equilibrado
516602,2,34900,114,Equilibrado,Equilibrado
517551,2,34900,260,Equilibrado,Equilibrado
519115,2,34900,88,Equilibrado,Equilibrado
521115,2,34900,405,Equilibrado,Equilibrado
521153,2,34900,66,Tardio,Tardio
522082,2,34900,319,Equilibrado,Equilibrado
523017,2,34900,300,Equilibrado,Equilibrado
523249,2,34900,225,Tardio,Tardio
524827,2,34900,166,Equilibrado,Equilibrado
526721,2,34900,814,Equilibrado,Equilibrado
526819,2,34900,178,Equilibrado,Equilibrado
529693,2,34900,139,Tardio,Tardio
529991,2,34900,252,Tardio,Equilibrado
530148,2,34900,226,Equilibrado,Equilibrado
531018,2,34900,519,Equilibrado,Equilibrado
531871,2,34900,410,Equilibrado,Equilibrado
532254,2,34900,466,Equilibrado,Equilibrado
533418,2,34900,403,Equilibrado,Adiantado
534112,2,34900,347,Equilibrado,Equilibrado
534457,2,34900,271,Equilibrado,Equilibrado
535671,2,34900,99,Tardio,Equilibrado
536351,2,34900,609,Equilibrado,Equilibrado
536475,2,34900,126,Tardio,Tardio
536963,2,34900,266,Equilibrado,Equilibrado
537322,2,34900,342,Equilibrado,Equilibrado
537606,2,34900,373,Equilibrado,Equilibrado
537811,2,34900,2087,Equilibrado,Equilibrado
539308,2,34900,283,Equilibrado,Equilibrado
539945,2,34900,471,Tardio,Tardio
540723,2,34900,1089,Equilibrado,Equilibrado
541532,2,34900,419,Adiantado,Adiantado
541921,2,34900,1011,Equilibrado,Equilibrado
542202,2,34900,565,Adiantado,Adiantado
542550,2,34900,21,Adiantado,Adiantado
543010,2,34900,430,Equilibrado,Adiantado
543432,2,34900,419,Adiantado,Adiantado
544141,2,34900,219,Adiantado,Adiantado
544745,2,34900,219,Equilibrado,Adiantado
545164,2,34900,489,Equilibrado,Equilibrado
545962,2,34900,758,Adiantado,Adiantado
546547,2,34900,977,Equilibrado,Equilibrado
546645,2,34900,630,Equilibrado,Equilibrado
547347,2,34900,43,Equilibrado,Equilibrado
549219,2,34900,435,Tardio,Tardio
549321,2,34900,526,Adiantado,Adiantado
549523,2,34900,900,Equilibrado,Equilibrado
549847,2,34900,554,Equilibrado,Equilibrado
550420,2,34900,492,Equilibrado,Equilibrado
550703,2,34900,385,Equilibrado,Equilibrado
552173,2,34900,1157,Equilibrado,Equilibrado
553031,2,34900,591,Equilibrado,Adiantado
553284,2,34900,764,Equilibrado,Adiantado
553813,2,34900,153,Tardio,Tardio
554063,2,34900,724,Equilibrado,Equilibrado
554525,2,34900,476,Equilibrado,Adiantado
555049,2,34900,472,Equilibrado,Adiantado
555827,2,34900,38,Equilibrado,Equilibrado
557085,2,34900,972,Equilibrado,Equilibrado
557290,2,34900,321,Adiantado,Adiantado
558044,2,34900,408,Adiantado,Adiantado
558342,2,34900,102,Tardio,Tardio
558764,2,34900,528,Adiantado,Adiantado
560047,2,34900,370,Adiantado,Adiantado
560459,2,34900,219,Equilibrado,Equilibrado
560645,2,34900,519,Equilibrado,Equilibrado
561231,2,34900,654,Adiantado,Adiantado
562754,2,34900,528,Equilibrado,Equilibrado
562990,2,34900,201,Equilibrado,Equilibrado
563108,2,34900,135,Tardio,Tardio
563414,2,34900,779,Equilibrado,Equilibrado
564243,2,34900,691,Equilibrado,Equilibrado
564617,2,34900,1034,Equilibrado,Equilibrado
564933,2,34900,195,Adiantado,Adiantado
565017,2,34900,607,Equilibrado,Adiantado
566823,2,34900,177,Tardio,Tardio
568987,2,34900,85,Tardio,Tardio
568998,2,34900,166,Tardio,Tardio
569034,2,34900,1536,Equilibrado,Equilibrado
569080,2,34900,507,Equilibrado,Equilibrado
569108,2,34900,351,Equilibrado,Equilibrado
569876,2,34900,984,Equilibrado,Equilibrado
570004,2,34900,42,Adiantado,Adiantado
570213,2,34900,703,Equilibrado,Equilibrado
570689,2,34900,55,Tardio,Tardio
571074,2,34900,528,Equilibrado,Equilibrado
572074,2,34900,1334,Tardio,Tardio
572213,2,34900,172,Adiantado,Adiantado
572265,2,34900,70,Tardio,Tardio
573583,2,34900,131,Tardio,Tardio
573697,2,34900,50,Equilibrado,Equilibrado
574527,2,34900,554,Equilibrado,Equilibrado
575069,2,34900,278,Equilibrado,Equilibrado
575112,2,34900,174,Adiantado,Adiantado
575302,2,34900,663,Equilibrado,Equilibrado
575685,2,34900,167,Equilibrado,Equilibrado
577032,2,34900,263,Equilibrado,Equilibrado
577429,2,34900,445,Adiantado,Adiantado
578152,2,34900,167,Equilibrado,Equilibrado
578847,2,34900,821,Adiantado,Adiantado
579221,2,34900,413,Equilibrado,Equilibrado
579660,2,34900,267,Adiantado,Adiantado
579686,2,34900,142,Tardio,Tardio
580459,2,34900,314,Equilibrado,Equilibrado
580834,2,34900,1175,Equilibrado,Adiantado
580845,2,34900,181,Equilibrado,Equilibrado
580926,2,34900,46,Equilibrado,Equilibrado
581253,2,34900,476,Equilibrado,Equilibrado
581659,2,34900,946,Equilibrado,Equilibrado
581779,2,34900,351,Equilibrado,Equilibrado
582034,2,34900,446,Equilibrado,Equilibrado
582117,2,34900,280,Equilibrado,Equilibrado
582266,2,34900,328,Tardio,Tardio
582332,2,34900,311,Equilibrado,Equilibrado
582530,2,34900,119,Tardio,Tardio
582653,2,34900,119,Tardio,Equilibrado
582670,2,34900,222,Tardio,Equilibrado
583056,2,34900,20,Adiantado,Adiantado
583318,2,34900,109,Tardio,Tardio
583487,2,34900,3774,Equilibrado,Equilibrado
584515,2,34900,543,Equilibrado,Equilibrado
584673,2,34900,272,Equilibrado,Equilibrado
585224,2,34900,440,Equilibrado,Equilibrado
585261,2,34900,1123,Equilibrado,Equilibrado
585284,2,34900,143,Tardio,Equilibrado
585503,2,34900,805,Equilibrado,Equilibrado
585572,2,34900,837,Equilibrado,Equilibrado
585825,2,34900,401,Equilibrado,Equilibrado
585958,2,34900,99,Equilibrado,Equilibrado
586906,2,34900,455,Equilibrado,Equilibrado
587571,2,34900,1232,Equilibrado,Equilibrado
587654,2,34900,398,Adiantado,Adiantado
587706,2,34900,156,Tardio,Tardio
588128,2,34900,153,Equilibrado,Equilibrado
588628,2,34900,918,Equilibrado,Equilibrado
589080,2,34900,1182,Equilibrado,Equilibrado
589162,2,34900,574,Equilibrado,Equilibrado
589332,2,34900,939,Equilibrado,Equilibrado
589389,2,34900,42,Adiantado,Adiantado
589441,2,34900,99,Tardio,Tardio
589828,2,34900,40,Tardio,Tardio
590120,2,34900,525,Equilibrado,Equilibrado
591525,2,34900,151,Equilibrado,Equilibrado
591581,2,34900,227,Equilibrado,Equilibrado
591746,2,34900,235,Equilibrado,Equilibrado
591946,2,34900,318,Equilibrado,Equilibrado
592218,2,34900,338,Equilibrado,Equilibrado
592295,2,34900,157,Equilibrado,Adiantado
592558,2,34900,605,Equilibrado,Equilibrado
592939,2,34900,144,Adiantado,Adiantado
593136,2,34900,693,Equilibrado,Equilibrado
593563,2,34900,518,Equilibrado,Equilibrado
593722,2,34900,528,Equilibrado,Equilibrado
593796,2,34900,1349,Equilibrado,Equilibrado
594065,2,34900,399,Equilibrado,Equilibrado
594122,2,34900,470,Equilibrado,Equilibrado
594229,2,34900,457,Equilibrado,Equilibrado
594258,2,34900,38,Equilibrado,Equilibrado
594406,2,34900,476,Equilibrado,Equilibrado
594615,2,34900,110,Tardio,Tardio
594636,2,34900,562,Equilibrado,Equilibrado
595262,2,34900,247,Equilibrado,Equilibrado
595721,2,34900,249,Equilibrado,Equilibrado
595943,2,34900,513,Equilibrado,Equilibrado
596243,2,34900,73,Equilibrado,Equilibrado
596253,2,34900,634,Equilibrado,Equilibrado
596758,2,34900,199,Equilibrado,Equilibrado
596805,2,34900,97,Adiantado,Adiantado
597740,2,34900,393,Equilibrado,Equilibrado
597937,2,34900,539,Equilibrado,Equilibrado
598308,2,34900,275,Equilibrado,Equilibrado
598540,2,34900,868,Equilibrado,Equilibrado
598559,2,34900,521,Equilibrado,Equilibrado
599297,2,34900,14,Adiantado,Adiantado
600071,2,34900,539,Equilibrado,Equilibrado
600405,2,34900,441,Equilibrado,Equilibrado
600615,2,34900,7,Adiantado,Adiantado
600773,2,34900,876,Equilibrado,Equilibrado
601008,2,34900,183,Tardio,Tardio
601235,2,34900,421,Equilibrado,Equilibrado
601271,2,34900,332,Equilibrado,Equilibrado
601680,2,34900,336,Equilibrado,Equilibrado
601820,2,34900,112,Tardio,Tardio
602594,2,34900,275,Equilibrado,Equilibrado
603648,2,34900,509,Tardio,Equilibrado
603931,2,34900,9,Equilibrado,Equilibrado
604567,2,34900,207,Adiantado,Adiantado
604614,2,34900,205,Tardio,Tardio
605180,2,34900,184,Equilibrado,Equilibrado
605394,2,34900,144,Tardio,Tardio
605682,2,34900,241,Equilibrado,Equilibrado
606257,2,34900,529,Equilibrado,Equilibrado
606428,2,34900,125,Tardio,Equilibrado
606805,2,34900,237,Tardio,Tardio
606904,2,34900,69,Tardio,Tardio
607243,2,34900,1074,Equilibrado,Equilibrado
607303,2,34900,409,Equilibrado,Adiantado
607501,2,34900,1068,Equilibrado,Equilibrado
607679,2,34900,564,Equilibrado,Equilibrado
607700,2,34900,189,Equilibrado,Adiantado
609142,2,34900,907,Equilibrado,Equilibrado
609240,2,34900,461,Equilibrado,Equilibrado
611603,2,34900,141,Adiantado,Adiantado
612842,2,34900,174,Tardio,Tardio
613165,2,34900,283,Equilibrado,Equilibrado
613330,2,34900,566,Adiantado,Adiantado
613634,2,34900,536,Adiantado,Adiantado
613899,2,34900,1327,Equilibrado,Equilibrado
613966,2,34900,677,Equilibrado,Equilibrado
614059,2,34900,344,Equilibrado,Equilibrado
614984,2,34900,309,Adiantado,Adiantado
615266,2,34900,801,Equilibrado,Equilibrado
615299,2,34900,978,Equilibrado,Equilibrado
615301,2,34900,970,Tardio,Equilibrado
615302,2,34900,626,Equilibrado,Equilibrado
615306,2,34900,444,Equilibrado,Equilibrado
615328,2,34900,310,Tardio,Tardio
615340,2,34900,27,Tardio,Tardio
615342,2,34900,49,Equilibrado,Equilibrado
615356,2,34900,301,Equilibrado,Equilibrado
616517,2,34900,644,Equilibrado,Equilibrado
616912,2,34900,336,Equilibrado,Equilibrado
617010,2,34900,475,Equilibrado,Equilibrado
617119,2,34900,603,Equilibrado,Equilibrado
617150,2,34900,549,Equilibrado,Equilibrado
617436,2,34900,481,Equilibrado,Equilibrado
617580,2,34900,1604,Equilibrado,Equilibrado
617783,2,34900,194,Equilibrado,Equilibrado
617922,2,34900,574,Equilibrado,Equilibrado
618663,2,34900,118,Equilibrado,Equilibrado
619204,2,34900,160,Tardio,Equilibrado
619292,2,34900,737,Equilibrado,Equilibrado
619321,2,34900,676,Equilibrado,Equilibrado
619502,2,34900,250,Tardio,Tardio
620094,2,34900,1455,Equilibrado,Equilibrado
620112,2,34900,165,Tardio,Tardio
620269,2,34900,247,Equilibrado,Equilibrado
620349,2,34900,557,Equilibrado,Equilibrado
620431,2,34900,961,Adiantado,Adiantado
620740,2,34900,156,Tardio,Tardio
620750,2,34900,344,Equilibrado,Equilibrado
620810,2,34900,207,Tardio,Tardio
622275,2,34900,609,Equilibrado,Equilibrado
622481,2,34900,498,Equilibrado,Equilibrado
622760,2,34900,372,Tardio,Tardio
622934,2,34900,531,Tardio,Tardio
622967,2,34900,204,Equilibrado,Equilibrado
623166,2,34900,583,Adiantado,Adiantado
623230,2,34900,433,Equilibrado,Adiantado
623471,2,34900,534,Equilibrado,Equilibrado
623589,2,34900,358,Equilibrado,Equilibrado
623765,2,34900,548,Equilibrado,Equilibrado
624282,2,34900,490,Equilibrado,Equilibrado
624864,2,34900,428,Equilibrado,Equilibrado
624970,2,34900,553,Equilibrado,Equilibrado
625245,2,34900,498,Equilibrado,Equilibrado
625330,2,34900,284,Adiantado,Adiantado
625515,2,34900,326,Equilibrado,Equilibrado
625609,2,34900,161,Equilibrado,Equilibrado
625743,2,34900,505,Equilibrado,Adiantado
625802,2,34900,575,Tardio,Tardio
625838,2,34900,687,Equilibrado,Equilibrado
626033,2,34900,1432,Equilibrado,Equilibrado
626416,2,34900,433,Equilibrado,Equilibrado
626454,2,34900,427,Tardio,Equilibrado
626477,2,34900,205,Adiantado,Adiantado
626514,2,34900,1159,Equilibrado,Equilibrado
626539,2,34900,58,Equilibrado,Equilibrado
626552,2,34900,279,Equilibrado,Equilibrado
626579,2,34900,101,Tardio,Tardio
627365,2,34900,669,Equilibrado,Adiantado
627829,2,34900,488,Equilibrado,Equilibrado
628149,2,34900,929,Equilibrado,Equilibrado
628157,2,34900,75,Tardio,Tardio
628308,2,34900,158,Adiantado,Adiantado
628383,2,34900,354,Equilibrado,Equilibrado
628521,2,34900,275,Equilibrado,Equilibrado
628888,2,34900,337,Adiantado,Adiantado
628964,2,34900,611,Equilibrado,Equilibrado
629029,2,34900,351,Equilibrado,Equilibrado
629182,2,34900,20,Equilibrado,Adiantado
629491,2,34900,564,Equilibrado,Equilibrado
629522,2,34900,487,Adiantado,Adiantado
629594,2,34900,79,Equilibrado,Equilibrado
629818,2,34900,397,Equilibrado,Adiantado
629922,2,34900,739,Tardio,Tardio
629944,2,34900,315,Tardio,Tardio
630109,2,34900,485,Tardio,Equilibrado
630158,2,34900,502,Equilibrado,Equilibrado
630745,2,34900,367,Equilibrado,Equilibrado
630835,2,34900,1411,Equilibrado,Equilibrado
630905,2,34900,1960,Equilibrado,Equilibrado
630910,2,34900,429,Equilibrado,Equilibrado
630992,2,34900,20,Adiantado,Adiantado
631524,2,34900,906,Adiantado,Adiantado
631658,2,34900,1999,Equilibrado,Equilibrado
631681,2,34900,158,Tardio,Tardio
631715,2,34900,219,Equilibrado,Equilibrado
631740,2,34900,336,Equilibrado,Equilibrado
631837,2,34900,552,Equilibrado,Equilibrado
631924,2,34900,560,Equilibrado,Equilibrado
632074,2,34900,401,Equilibrado,Equilibrado
632179,2,34900,45,Tardio,Tardio
632290,2,34900,235,Tardio,Equilibrado
632458,2,34900,689,Adiantado,Adiantado
632556,2,34900,164,Tardio,Tardio
632597,2,34900,24,Tardio,Tardio
632826,2,34900,378,Tardio,Tardio
632836,2,34900,519,Equilibrado,Equilibrado
633079,2,34900,317,Equilibrado,Equilibrado
633516,2,34900,141,Equilibrado,Equilibrado
633555,2,34900,599,Equilibrado,Equilibrado
633568,2,34900,500,Equilibrado,Equilibrado
633628,2,34900,106,Equilibrado,Equilibrado
633867,2,34900,499,Equilibrado,Equilibrado
633931,2,34900,918,Equilibrado,Equilibrado
634088,2,34900,287,Tardio,Equilibrado
634114,2,34900,6,Equilibrado,Equilibrado
634512,2,34900,340,Equilibrado,Equilibrado
634526,2,34900,608,Tardio,Equilibrado
634601,2,34900,205,Tardio,Equilibrado
634749,2,34900,1723,Equilibrado,Equilibrado
635184,2,34900,246,Adiantado,Adiantado
635751,2,34900,127,Equilibrado,Equilibrado
635795,2,34900,827,Equilibrado,Equilibrado
635903,2,34900,241,Equilibrado,Equilibrado
635985,2,34900,81,Tardio,Tardio
636314,2,34900,836,Equilibrado,Equilibrado
636375,2,34900,331,Adiantado,Adiantado
636400,2,34900,282,Equilibrado,Equilibrado
636408,2,34900,139,Tardio,Tardio
636469,2,34900,267,Equilibrado,Equilibrado
636547,2,34900,11,Adiantado,Adiantado
636565,2,34900,65,Tardio,Tardio
636656,2,34900,388,Tardio,Equilibrado
636704,2,34900,153,Equilibrado,Equilibrado
636783,2,34900,752,Equilibrado,Equilibrado
636830,2,34900,929,Equilibrado,Equilibrado
636832,2,34900,669,Equilibrado,Equilibrado
637004,2,34900,596,Equilibrado,Equilibrado
637358,2,34900,388,Equilibrado,Equilibrado
637563,2,34900,346,Tardio,Tardio
637582,2,34900,269,Equilibrado,Equilibrado
637708,2,34900,406,Equilibrado,Equilibrado
637788,2,34900,40,Tardio,Tardio
637906,2,34900,403,Equilibrado,Adiantado
637939,2,34900,153,Tardio,Tardio
637980,2,34900,293,Equilibrado,Adiantado
638034,2,34900,605,Equilibrado,Equilibrado
638388,2,34900,179,Equilibrado,Equilibrado
638411,2,34900,1738,Equilibrado,Equilibrado
638498,2,34900,362,Equilibrado,Equilibrado
638515,2,34900,230,Equilibrado,Equilibrado
638625,2,34900,684,Equilibrado,Equilibrado
638655,2,34900,436,Equilibrado,Equilibrado
638677,2,34900,365,Equilibrado,Equilibrado
639028,2,34900,393,Equilibrado,Equilibrado
639231,2,34900,175,Equilibrado,Equilibrado
639234,2,34900,436,Adiantado,Adiantado
639238,2,34900,399,Equilibrado,Equilibrado
639522,2,34900,239,Tardio,Tardio
640098,2,34900,440,Equilibrado,Equilibrado
640278,2,34900,1735,Equilibrado,Equilibrado
640329,2,34900,429,Equilibrado,Adiantado
640429,2,34900,911,Equilibrado,Equilibrado
640584,2,34900,86,Tardio,Tardio
640711,2,34900,248,Equilibrado,Equilibrado
640752,2,34900,768,Adiantado,Adiantado
640848,2,34900,74,Tardio,Tardio
640892,2,34900,279,Equilibrado,Equilibrado
640913,2,34900,90,Tardio,Tardio
640927,2,34900,358,Tardio,Tardio
641085,2,34900,33,Tardio,Tardio
641137,2,34900,194,Equilibrado,Equilibrado
641309,2,34900,492,Adiantado,Adiantado
641311,2,34900,790,Equilibrado,Equilibrado
641363,2,34900,53,Tardio,Tardio
641401,2,34900,234,Tardio,Tardio
641433,2,34900,193,Tardio,Equilibrado
641461,2,34900,181,Equilibrado,Equilibrado
641470,2,34900,96,Equilibrado,Equilibrado
641547,2,34900,60,Tardio,Tardio
641804,2,34900,81,Equilibrado,Equilibrado
641864,2,34900,408,Equilibrado,Equilibrado
641914,2,34900,637,Equilibrado,Equilibrado
642029,2,34900,469,Adiantado,Adiantado
642056,2,34900,284,Equilibrado,Equilibrado
642375,2,34900,288,Adiantado,Equilibrado
642448,2,34900,583,Adiantado,Adiantado
642449,2,34900,190,Adiantado,Adiantado
642493,2,34900,663,Adiantado,Adiantado
642496,2,34900,177,Tardio,Equilibrado
642498,2,34900,412,Equilibrado,Equilibrado
642551,2,34900,340,Equilibrado,Equilibrado
642626,2,34900,307,Adiantado,Adiantado
642740,2,34900,622,Equilibrado,Equilibrado
642750,2,34900,667,Equilibrado,Equilibrado
642790,2,34900,291,Equilibrado,Equilibrado
642840,2,34900,483,Equilibrado,Equilibrado
642843,2,34900,906,Equilibrado,Equilibrado
642872,2,34900,463,Equilibrado,Adiantado
642909,2,34900,109,Equilibrado,Equilibrado
643069,2,34900,134,Equilibrado,Equilibrado
643202,2,34900,249,Adiantado,Adiantado
643220,2,34900,178,Tardio,Tardio
643273,2,34900,527,Equilibrado,Equilibrado
643326,2,34900,1361,Equilibrado,Equilibrado
643372,2,34900,150,Equilibrado,Equilibrado
643466,2,34900,248,Adiantado,Adiantado
643477,2,34900,783,Equilibrado,Equilibrado
643496,2,34900,1028,Equilibrado,Equilibrado
643502,2,34900,203,Equilibrado,Equilibrado
643591,2,34900,973,Equilibrado,Equilibrado
643653,2,34900,394,Equilibrado,Equilibrado
643696,2,34900,370,Adiantado,Adiantado
643751,2,34900,590,Equilibrado,Equilibrado
643754,2,34900,658,Equilibrado,Equilibrado
643757,2,34900,89,Adiantado,Adiantado
644025,2,34900,540,Equilibrado,Equilibrado
644210,2,34900,226,Equilibrado,Equilibrado
644343,2,34900,198,Tardio,Tardio
644361,2,34900,2152,Equilibrado,Equilibrado
644369,2,34900,67,Equilibrado,Adiantado
644450,2,34900,935,Equilibrado,Equilibrado
644508,2,34900,1901,Tardio,Equilibrado
644761,2,34900,873,Equilibrado,Equilibrado
644784,2,34900,1086,Equilibrado,Equilibrado
644791,2,34900,657,Equilibrado,Equilibrado
644818,2,34900,374,Equilibrado,Adiantado
644847,2,34900,216,Tardio,Equilibrado
644936,2,34900,71,Adiantado,Adiantado
644974,2,34900,826,Equilibrado,Equilibrado
645003,2,34900,410,Equilibrado,Equilibrado
645020,2,34900,475,Equilibrado,Adiantado
645078,2,34900,395,Equilibrado,Equilibrado
645145,2,34900,116,Adiantado,Adiantado
645405,2,34900,1361,Equilibrado,Equilibrado
645433,2,34900,143,Equilibrado,Equilibrado
645496,2,34900,409,Equilibrado,Equilibrado
645518,2,34900,843,Equilibrado,Equilibrado
645586,2,34900,277,Tardio,Tardio
645705,2,34900,292,Equilibrado,Equilibrado
645732,2,34900,156,Equilibrado,Equilibrado
645784,2,34900,385,Equilibrado,Equilibrado
645790,2,34900,12,Equilibrado,Equilibrado
645840,2,34900,788,Equilibrado,Equilibrado
645880,2,34900,72,Tardio,Tardio
645948,2,34900,656,Adiantado,Adiantado
645960,2,34900,232,Equilibrado,Equilibrado
645997,2,34900,603,Equilibrado,Equilibrado
646015,2,34900,350,Equilibrado,Equilibrado
646017,2,34900,1005,Equilibrado,Equilibrado
646053,2,34900,635,Equilibrado,Equilibrado
646074,2,34900,825,Equilibrado,Equilibrado
646085,2,34900,552,Equilibrado,Equilibrado
646138,2,34900,202,Equilibrado,Equilibrado
646313,2,34900,516,Equilibrado,Equilibrado
646357,2,34900,758,Equilibrado,Equilibrado
646402,2,34900,576,Equilibrado,Equilibrado
646460,2,34900,436,Equilibrado,Equilibrado
646539,2,34900,254,Equilibrado,Equilibrado
646540,2,34900,493,Tardio,Equilibrado
646551,2,34900,825,Equilibrado,Equilibrado
646638,2,34900,106,Tardio,Tardio
646670,2,34900,275,Tardio,Tardio
646734,2,34900,108,Tardio,Equilibrado
646750,2,34900,379,Equilibrado,Equilibrado
646778,2,34900,537,Adiantado,Adiantado
646807,2,34900,480,Equilibrado,Equilibrado
646990,2,34900,434,Equilibrado,Equilibrado
647005,2,34900,425,Equilibrado,Equilibrado
647040,2,34900,828,Equilibrado,Equilibrado
647154,2,34900,384,Tardio,Tardio
647169,2,34900,331,Equilibrado,Equilibrado
647320,2,34900,829,Adiantado,Adiantado
647324,2,34900,709,Equilibrado,Equilibrado
647339,2,34900,45,Tardio,Tardio
647348,2,34900,85,Tardio,Tardio
647391,2,34900,133,Tardio,Tardio
647398,2,34900,496,Equilibrado,Equilibrado
647399,2,34900,926,Equilibrado,Equilibrado
647425,2,34900,1275,Equilibrado,Equilibrado
647485,2,34900,216,Tardio,Tardio
647496,2,34900,169,Equilibrado,Equilibrado
647765,2,34900,312,Equilibrado,Equilibrado
647841,2,34900,508,Equilibrado,Equilibrado
647898,2,34900,187,Tardio,Equilibrado
647910,2,34900,651,Tardio,Tardio
647945,2,34900,304,Equilibrado,Adiantado
647987,2,34900,693,Adiantado,Adiantado
648027,2,34900,302,Equilibrado,Equilibrado
648037,2,34900,1234,Equilibrado,Equilibrado
648038,2,34900,495,Equilibrado,Equilibrado
648040,2,34900,653,Equilibrado,Equilibrado
648086,2,34900,178,Equilibrado,Equilibrado
648105,2,34900,550,Equilibrado,Equilibrado
648114,2,34900,574,Equilibrado,Equilibrado
648116,2,34900,505,Equilibrado,Equilibrado
648140,2,34900,261,Equilibrado,Equilibrado
648244,2,34900,87,Tardio,Tardio
648254,2,34900,358,Equilibrado,Equilibrado
648287,2,34900,522,Equilibrado,Equilibrado
648353,2,34900,118,Equilibrado,Equilibrado
648365,2,34900,1236,Equilibrado,Adiantado
648366,2,34900,722,Equilibrado,Equilibrado
648457,2,34900,362,Adiantado,Adiantado
648470,2,34900,795,Equilibrado,Equilibrado
648508,2,34900,18,Equilibrado,Equilibrado
648515,2,34900,219,Adiantado,Adiantado
648531,2,34900,479,Equilibrado,Equilibrado
648536,2,34900,498,Equilibrado,Equilibrado
648564,2,34900,656,Equilibrado,Equilibrado
648571,2,34900,433,Equilibrado,Equilibrado
648590,2,34900,280,Equilibrado,Equilibrado
648613,2,34900,145,Adiantado,Adiantado
648661,2,34900,116,Tardio,Tardio
648685,2,34900,769,Equilibrado,Equilibrado
648804,2,34900,374,Equilibrado,Equilibrado
648815,2,34900,745,Adiantado,Adiantado
648903,2,34900,553,Equilibrado,Equilibrado
648972,2,34900,117,Tardio,Tardio
648995,2,34900,218,Adiantado,Adiantado
649004,2,34900,1408,Equilibrado,Equilibrado
649009,2,34900,69,Tardio,Tardio
649036,2,34900,60,Adiantado,Adiantado
649079,2,34900,1017,Equilibrado,Equilibrado
649084,2,34900,513,Equilibrado,Equilibrado
649093,2,34900,275,Equilibrado,Equilibrado
649118,2,34900,313,Equilibrado,Adiantado
649141,2,34900,358,Equilibrado,Equilibrado
649159,2,34900,400,Adiantado,Adiantado
649165,2,34900,387,Equilibrado,Equilibrado
649207,2,34900,606,Equilibrado,Equilibrado
649212,2,34900,256,Tardio,Tardio
649230,2,34900,298,Tardio,Equilibrado
649258,2,34900,133,Tardio,Tardio
649284,2,34900,281,Equilibrado,Equilibrado
649325,2,34900,67,Adiantado,Adiantado
649336,2,34900,196,Tardio,Tardio
649379,2,34900,651,Equilibrado,Equilibrado
649385,2,34900,89,Equilibrado,Equilibrado
649400,2,34900,103,Equilibrado,Equilibrado
649434,2,34900,429,Equilibrado,Equilibrado
649435,2,34900,60,Adiantado,Adiantado
649457,2,34900,869,Equilibrado,Equilibrado
649469,2,34900,713,Equilibrado,Equilibrado
649566,2,34900,35,Tardio,Tardio
649619,2,34900,467,Equilibrado,Equilibrado
649735,2,34900,175,Tardio,Tardio
649806,2,34900,168,Tardio,Tardio
649891,2,34900,160,Tardio,Tardio
649952,2,34900,399,Tardio,Equilibrado
649954,2,34900,512,Equilibrado,Equilibrado
649979,2,34900,280,Equilibrado,Equilibrado
650031,2,34900,396,Adiantado,Adiantado
650054,2,34900,451,Equilibrado,Equilibrado
650108,2,34900,757,Equilibrado,Equilibrado
650123,2,34900,355,Equilibrado,Adiantado
650148,2,34900,61,Tardio,Tardio
650160,2,34900,503,Equilibrado,Equilibrado
650170,2,34900,1044,Equilibrado,Equilibrado
650251,2,34900,478,Equilibrado,Equilibrado
650287,2,34900,681,Equilibrado,Equilibrado
650363,2,34900,75,Tardio,Tardio
650370,2,34900,212,Equilibrado,Equilibrado
650424,2,34900,488,Equilibrado,Equilibrado
650461,2,34900,137,Tardio,Tardio
650469,2,34900,312,Equilibrado,Equilibrado
650473,2,34900,389,Equilibrado,Equilibrado
650570,2,34900,348,Equilibrado,Equilibrado
650682,2,34900,356,Adiantado,Adiantado
650717,2,34900,637,Adiantado,Adiantado
650758,2,34900,109,Tardio,Tardio
650861,2,34900,19,Tardio,Tardio
650866,2,34900,1131,Equilibrado,Equilibrado
650923,2,34900,144,Adiantado,Adiantado
650960,2,34900,39,Equilibrado,Equilibrado
651040,2,34900,107,Equilibrado,Equilibrado
651121,2,34900,340,Equilibrado,Equilibrado
651126,2,34900,125,Adiantado,Adiantado
651182,2,34900,99,Tardio,Tardio
651200,2,34900,152,Adiantado,Adiantado
651238,2,34900,717,Equilibrado,Equilibrado
651253,2,34900,390,Equilibrado,Equilibrado
651330,2,34900,61,Tardio,Tardio
651334,2,34900,105,Adiantado,Adiantado
651354,2,34900,625,Equilibrado,Equilibrado
651381,2,34900,533,Adiantado,Adiantado
651419,2,34900,598,Equilibrado,Equilibrado
651478,2,34900,1282,Equilibrado,Equilibrado
651498,2,34900,419,Equilibrado,Equilibrado
651555,2,34900,219,Tardio,Tardio
651598,2,34900,440,Equilibrado,Equilibrado
651881,2,34900,385,Equilibrado,Equilibrado
651886,2,34900,231,Equilibrado,Equilibrado
651927,2,34900,169,Adiantado,Adiantado
651990,2,34900,343,Equilibrado,Equilibrado
652008,2,34900,384,Equilibrado,Equilibrado
652064,2,34900,682,Equilibrado,Equilibrado
652087,2,34900,273,Equilibrado,Equilibrado
652333,2,34900,190,Adiantado,Adiantado
652335,2,34900,642,Adiantado,Adiantado
652438,2,34900,216,Equilibrado,Equilibrado
652576,2,34900,383,Equilibrado,Equilibrado
652625,2,34900,428,Tardio,Equilibrado
652647,2,34900,187,Adiantado,Adiantado
652659,2,34900,251,Equilibrado,Equilibrado
652664,2,34900,87,Adiantado,Adiantado
652672,2,34900,262,Adiantado,Adiantado
652684,2,34900,1320,Equilibrado,Equilibrado
652711,2,34900,361,Tardio,Tardio
652753,2,34900,1081,Equilibrado,Equilibrado
652769,2,34900,51,Tardio,Tardio
652788,2,34900,507,Equilibrado,Equilibrado
652801,2,34900,464,Adiantado,Adiantado
652832,2,34900,132,Tardio,Tardio
652887,2,34900,290,Equilibrado,Equilibrado
652890,2,34900,113,Tardio,Tardio
652898,2,34900,666,Equilibrado,Equilibrado
652994,2,34900,79,Tardio,Tardio
653045,2,34900,765,Equilibrado,Equilibrado
653115,2,34900,35,Tardio,Tardio
653144,2,34900,189,Equilibrado,Equilibrado
653297,2,34900,321,Equilibrado,Equilibrado
653301,2,34900,459,Equilibrado,Equilibrado
653356,2,34900,226,Tardio,Equilibrado
653372,2,34900,44,Tardio,Tardio
653381,2,34900,397,Equilibrado,Equilibrado
653417,2,34900,96,Tardio,Tardio
653536,2,34900,251,Equilibrado,Adiantado
653558,2,34900,575,Equilibrado,Adiantado
653567,2,34900,375,Equilibrado,Equilibrado
653595,2,34900,439,Equilibrado,Equilibrado
653653,2,34900,149,Tardio,Equilibrado
653659,2,34900,55,Tardio,Tardio
653773,2,34900,520,Equilibrado,Equilibrado
653797,2,34900,458,Adiantado,Adiantado
653841,2,34900,388,Adiantado,Adiantado
653857,2,34900,266,Adiantado,Adiantado
654045,2,34900,325,Tardio,Tardio
654048,2,34900,276,Equilibrado,Adiantado
654094,2,34900,125,Equilibrado,Equilibrado
654114,2,34900,536,Equilibrado,Equilibrado
654169,2,34900,408,Equilibrado,Equilibrado
654217,2,34900,271,Equilibrado,Equilibrado
654228,2,34900,79,Equilibrado,Equilibrado
654236,2,34900,251,Equilibrado,Equilibrado
654260,2,34900,183,Equilibrado,Equilibrado
654339,2,34900,130,Equilibrado,Equilibrado
654441,2,34900,894,Equilibrado,Equilibrado
654563,2,34900,332,Adiantado,Adiantado
654565,2,34900,79,Tardio,Tardio
654578,2,34900,373,Equilibrado,Equilibrado
654597,2,34900,421,Equilibrado,Equilibrado
654692,2,34900,402,Equilibrado,Equilibrado
654819,2,34900,1674,Equilibrado,Equilibrado
654824,2,34900,801,Equilibrado,Equilibrado
654834,2,34900,673,Adiantado,Adiantado
654852,2,34900,481,Equilibrado,Equilibrado
654867,2,34900,520,Equilibrado,Equilibrado
654947,2,34900,425,Tardio,Tardio
655028,2,34900,249,Equilibrado,Equilibrado
655115,2,34900,616,Equilibrado,Equilibrado
655124,2,34900,17,Tardio,Tardio
655127,2,34900,528,Equilibrado,Equilibrado
655353,2,34900,870,Equilibrado,Adiantado
655386,2,34900,766,Equilibrado,Equilibrado
655412,2,34900,234,Equilibrado,Equilibrado
655416,2,34900,86,Equilibrado,Equilibrado
655445,2,34900,402,Equilibrado,Equilibrado
655569,2,34900,201,Adiantado,Adiantado
655796,2,34900,205,Adiantado,Equilibrado
655927,2,34900,146,Tardio,Tardio
655981,2,34900,151,Adiantado,Adiantado
656065,2,34900,429,Equilibrado,Equilibrado
656086,2,34900,468,Equilibrado,Equilibrado
656092,2,34900,427,Equilibrado,Equilibrado
656131,2,34900,308,Equilibrado,Equilibrado
656145,2,34900,20,Tardio,Tardio
656158,2,34900,719,Equilibrado,Equilibrado
656159,2,34900,325,Equilibrado,Equilibrado
656165,2,34900,288,Equilibrado,Equilibrado
656234,2,34900,499,Equilibrado,Equilibrado
656323,2,34900,486,Equilibrado,Equilibrado
656353,2,34900,564,Equilibrado,Equilibrado
656360,2,34900,422,Adiantado,Adiantado
656414,2,34900,346,Adiantado,Adiantado
656436,2,34900,186,Equilibrado,Equilibrado
656529,2,34900,829,Equilibrado,Equilibrado
656579,2,34900,356,Adiantado,Adiantado
656607,2,34900,274,Adiantado,Adiantado
656651,2,34900,156,Equilibrado,Adiantado
656734,2,34900,881,Equilibrado,Equilibrado
656791,2,34900,1190,Equilibrado,Equilibrado
656800,2,34900,189,Tardio,Tardio
656882,2,34900,1001,Equilibrado,Equilibrado
656988,2,34900,367,Equilibrado,Equilibrado
656996,2,34900,311,Equilibrado,Equilibrado
657048,2,34900,263,Equilibrado,Equilibrado
657220,2,34900,220,Equilibrado,Equilibrado
657330,2,34900,470,Equilibrado,Equilibrado
657344,2,34900,574,Equilibrado,Equilibrado
674222,2,34900,412,Adiantado,Adiantado
674226,2,34900,442,Equilibrado,Equilibrado
674236,2,34900,143,Equilibrado,Equilibrado
674262,2,34900,737,Equilibrado,Equilibrado
674320,2,34900,306,Equilibrado,Adiantado
674387,2,34900,680,Equilibrado,Equilibrado
674406,2,34900,223,Equilibrado,Equilibrado
674451,2,34900,235,Adiantado,Adiantado
674478,2,34900,336,Tardio,Tardio
674484,2,34900,519,Equilibrado,Equilibrado
674497,2,34900,321,Equilibrado,Equilibrado
674509,2,34900,1357,Equilibrado,Equilibrado
674584,2,34900,382,Tardio,Equilibrado
674594,2,34900,296,Adiantado,Adiantado
674644,2,34900,423,Equilibrado,Equilibrado
674657,2,34900,511,Equilibrado,Equilibrado
674671,2,34900,455,Equilibrado,Equilibrado
674691,2,34900,733,Equilibrado,Equilibrado
674694,2,34900,369,Equilibrado,Equilibrado
674699,2,34900,432,Equilibrado,Equilibrado
674751,2,34900,291,Tardio,Tardio
674831,2,34900,342,Equilibrado,Equilibrado
674870,2,34900,951,Equilibrado,Adiantado
674921,2,34900,673,Equilibrado,Equilibrado
675021,2,34900,546,Adiantado,Adiantado
675054,2,34900,216,Equilibrado,Equilibrado
675193,2,34900,232,Equilibrado,Equilibrado
675225,2,34900,409,Equilibrado,Equilibrado
675233,2,34900,470,Equilibrado,Equilibrado
675261,2,34900,201,Tardio,Tardio
675273,2,34900,89,Equilibrado,Equilibrado
675279,2,34900,1639,Equilibrado,Equilibrado
675315,2,34900,572,Tardio,Tardio
675328,2,34900,337,Adiantado,Adiantado
675474,2,34900,75,Tardio,Tardio
675566,2,34900,284,Equilibrado,Equilibrado
675577,2,34900,278,Equilibrado,Equilibrado
675636,2,34900,471,Equilibrado,Equilibrado
675710,2,34900,498,Adiantado,Adiantado
675989,2,34900,684,Equilibrado,Equilibrado
676007,2,34900,228,Adiantado,Adiantado
676040,2,34900,285,Equilibrado,Equilibrado
676064,2,34900,528,Equilibrado,Equilibrado
676103,2,34900,341,Equilibrado,Equilibrado
676139,2,34900,368,Adiantado,Adiantado
676190,2,34900,534,Equilibrado,Equilibrado
676265,2,34900,316,Equilibrado,Equilibrado
676303,2,34900,92,Tardio,Tardio
676378,2,34900,336,Equilibrado,Equilibrado
676444,2,34900,1107,Equilibrado,Equilibrado
676458,2,34900,417,Equilibrado,Equilibrado
676459,2,34900,389,Equilibrado,Equilibrado
676478,2,34900,350,Equilibrado,Equilibrado
676492,2,34900,822,Equilibrado,Equilibrado
676610,2,34900,913,Equilibrado,Equilibrado
676626,2,34900,618,Equilibrado,Equilibrado
676866,2,34900,812,Equilibrado,Equilibrado
676882,2,34900,352,Equilibrado,Equilibrado
677085,2,34900,301,Equilibrado,Equilibrado
677111,2,34900,616,Equilibrado,Equilibrado
677138,2,34900,520,Equilibrado,Equilibrado
677155,2,34900,602,Equilibrado,Equilibrado
677167,2,34900,231,Adiantado,Adiantado
677206,2,34900,272,Equilibrado,Equilibrado
677221,2,34900,617,Equilibrado,Equilibrado
677235,2,34900,34,Equilibrado,Equilibrado
677382,2,34900,666,Equilibrado,Equilibrado
677400,2,34900,558,Adiantado,Adiantado
677436,2,34900,430,Equilibrado,Equilibrado
677456,2,34900,703,Equilibrado,Equilibrado
677486,2,34900,352,Equilibrado,Equilibrado
677546,2,34900,199,Equilibrado,Equilibrado
677582,2,34900,490,Equilibrado,Equilibrado
677655,2,34900,681,Equilibrado,Equilibrado
677687,2,34900,104,Equilibrado,Equilibrado
677748,2,34900,363,Equilibrado,Equilibrado
677767,2,34900,299,Equilibrado,Equilibrado
677833,2,34900,702,Equilibrado,Equilibrado
677867,2,34900,1039,Equilibrado,Equilibrado
678088,2,34900,1662,Equilibrado,Equilibrado
678203,2,34900,179,Tardio,Tardio
678235,2,34900,1190,Equilibrado,Equilibrado
678270,2,34900,35,Equilibrado,Equilibrado
678381,2,34900,276,Equilibrado,Equilibrado
678407,2,34900,669,Equilibrado,Equilibrado
678452,2,34900,92,Adiantado,Adiantado
678528,2,34900,650,Adiantado,Adiantado
678619,2,34900,204,Equilibrado,Adiantado
678628,2,34900,216,Equilibrado,Equilibrado
678659,2,34900,225,Equilibrado,Equilibrado
678819,2,34900,448,Equilibrado,Adiantado
678831,2,34900,46,Tardio,Tardio
678859,2,34900,585,Equilibrado,Adiantado
678877,2,34900,352,Adiantado,Adiantado
678946,2,34900,701,Equilibrado,Equilibrado
678954,2,34900,591,Equilibrado,Equilibrado
679019,2,34900,120,Equilibrado,Equilibrado
679036,2,34900,2804,Equilibrado,Equilibrado
679111,2,34900,317,Equilibrado,Equilibrado
679189,2,34900,715,Equilibrado,Equilibrado
679227,2,34900,576,Adiantado,Adiantado
679237,2,34900,592,Tardio,Tardio
679251,2,34900,119,Tardio,Equilibrado
679262,2,34900,197,Equilibrado,Equilibrado
679278,2,34900,224,Equilibrado,Equilibrado
679342,2,34900,453,Equilibrado,Equilibrado
679384,2,34900,494,Equilibrado,Equilibrado
679386,2,34900,133,Tardio,Tardio
679402,2,34900,238,Equilibrado,Equilibrado
679445,2,34900,337,Equilibrado,Equilibrado
679448,2,34900,741,Equilibrado,Equilibrado
679498,2,34900,186,Adiantado,Adiantado
679509,2,34900,203,Adiantado,Adiantado
679594,2,34900,839,Equilibrado,Equilibrado
679676,2,34900,900,Adiantado,Adiantado
679788,2,34900,129,Equilibrado,Equilibrado
679790,2,34900,505,Equilibrado,Equilibrado
679939,2,34900,152,Equilibrado,Equilibrado
680014,2,34900,594,Equilibrado,Equilibrado
680018,2,34900,247,Equilibrado,Equilibrado
680027,2,34900,1299,Equilibrado,Equilibrado
680080,2,34900,830,Equilibrado,Equilibrado
680145,2,34900,71,Tardio,Tardio
680212,2,34900,465,Tardio,Equilibrado
680231,2,34900,225,Equilibrado,Equilibrado
680266,2,34900,488,Equilibrado,Equilibrado
680270,2,34900,607,Equilibrado,Equilibrado
680273,2,34900,898,Adiantado,Adiantado
680322,2,34900,468,Equilibrado,Equilibrado
680343,2,34900,799,Equilibrado,Equilibrado
680348,2,34900,447,Equilibrado,Equilibrado
680443,2,34900,855,Equilibrado,Equilibrado
680464,2,34900,312,Equilibrado,Equilibrado
680506,2,34900,71,Tardio,Tardio
680572,2,34900,1448,Equilibrado,Equilibrado
680708,2,34900,234,Tardio,Tardio
680713,2,34900,573,Equilibrado,Equilibrado
680747,2,34900,351,Equilibrado,Adiantado
680775,2,34900,128,Tardio,Equilibrado
680810,2,34900,1252,Equilibrado,Equilibrado
680872,2,34900,135,Equilibrado,Equilibrado
680912,2,34900,301,Equilibrado,Equilibrado
680955,2,34900,624,Equilibrado,Equilibrado
680974,2,34900,172,Adiantado,Adiantado
681004,2,34900,476,Equilibrado,Equilibrado
681152,2,34900,317,Adiantado,Adiantado
681235,2,34900,282,Equilibrado,Equilibrado
681277,2,34900,55,Tardio,Tardio
681328,2,34900,581,Equilibrado,Equilibrado
681341,2,34900,96,Tardio,Equilibrado
681352,2,34900,336,Equilibrado,Equilibrado
681354,2,34900,100,Tardio,Tardio
681452,2,34900,39,Tardio,Tardio
681490,2,34900,730,Equilibrado,Equilibrado
681608,2,34900,106,Tardio,Equilibrado
681633,2,34900,464,Equilibrado,Equilibrado
681652,2,34900,373,Adiantado,Adiantado
681655,2,34900,376,Equilibrado,Equilibrado
681658,2,34900,415,Equilibrado,Equilibrado
681735,2,34900,152,Equilibrado,Equilibrado
681755,2,34900,201,Equilibrado,Equilibrado
681763,2,34900,836,Equilibrado,Equilibrado
681938,2,34900,254,Equilibrado,Equilibrado
681973,2,34900,194,Tardio,Tardio
682019,2,34900,226,Tardio,Tardio
682025,2,34900,106,Equilibrado,Equilibrado
682070,2,34900,509,Equilibrado,Equilibrado
682276,2,34900,372,Equilibrado,Equilibrado
682298,2,34900,411,Equilibrado,Equilibrado
682358,2,34900,359,Equilibrado,Equilibrado
682390,2,34900,80,Tardio,Tardio
682391,2,34900,248,Equilibrado,Equilibrado
682436,2,34900,451,Equilibrado,Equilibrado
682437,2,34900,918,Equilibrado,Equilibrado
682504,2,34900,145,Equilibrado,Adiantado
682511,2,34900,297,Equilibrado,Equilibrado
682539,2,34900,644,Equilibrado,Equilibrado
682569,2,34900,819,Adiantado,Adiantado
682588,2,34900,632,Equilibrado,Equilibrado
682613,2,34900,871,Equilibrado,Equilibrado
682632,2,34900,865,Equilibrado,Equilibrado
682695,2,34900,348,Equilibrado,Adiantado
682753,2,34900,521,Equilibrado,Equilibrado
682839,2,34900,846,Equilibrado,Equilibrado
682863,2,34900,217,Equilibrado,Equilibrado
682894,2,34900,555,Equilibrado,Equilibrado
682963,2,34900,324,Equilibrado,Equilibrado
682981,2,34900,548,Equilibrado,Equilibrado
682983,2,34900,293,Adiantado,Adiantado
682985,2,34900,240,Tardio,Adiantado
682990,2,34900,758,Equilibrado,Equilibrado
683033,2,34900,707,Equilibrado,Equilibrado
683094,2,34900,98,Equilibrado,Equilibrado
683177,2,34900,410,Tardio,Tardio
683178,2,34900,487,Equilibrado,Equilibrado
683243,2,34900,179,Equilibrado,Equilibrado
683305,2,34900,95,Equilibrado,Equilibrado
683346,2,34900,583,Equilibrado,Equilibrado
683352,2,34900,446,Equilibrado,Equilibrado
683353,2,34900,455,Tardio,Tardio
683375,2,34900,326,Equilibrado,Equilibrado
683403,2,34900,775,Equilibrado,Equilibrado
683446,2,34900,214,Equilibrado,Equilibrado
683467,2,34900,86,Tardio,Tardio
683530,2,34900,1446,Equilibrado,Equilibrado
683550,2,34900,74,Tardio,Tardio
683555,2,34900,102,Tardio,Tardio
683604,2,34900,682,Equilibrado,Equilibrado
683624,2,34900,1374,Equilibrado,Equilibrado
683699,2,34900,127,Equilibrado,Equilibrado
683745,2,34900,386,Equilibrado,Equilibrado
683764,2,34900,197,Equilibrado,Equilibrado
683772,2,34900,431,Tardio,Tardio
683820,2,34900,327,Equilibrado,Equilibrado
683832,2,34900,239,Equilibrado,Equilibrado
683902,2,34900,105,Equilibrado,Equilibrado
683934,2,34900,600,Equilibrado,Equilibrado
684013,2,34900,509,Equilibrado,Equilibrado
684040,2,34900,473,Adiantado,Adiantado
684183,2,34900,524,Equilibrado,Equilibrado
684311,2,34900,228,Equilibrado,Equilibrado
684383,2,34900,518,Equilibrado,Equilibrado
684386,2,34900,624,Adiantado,Adiantado
684526,2,34900,540,Equilibrado,Equilibrado
684592,2,34900,290,Equilibrado,Equilibrado
684671,2,34900,556,Equilibrado,Equilibrado
684675,2,34900,127,Equilibrado,Equilibrado
684882,2,34900,1889,Equilibrado,Equilibrado
684981,2,34900,1184,Equilibrado,Equilibrado
685004,2,34900,222,Tardio,Equilibrado
685105,2,34900,56,Tardio,Tardio
685128,2,34900,310,Equilibrado,Equilibrado
685140,2,34900,224,Equilibrado,Equilibrado
685155,2,34900,414,Equilibrado,Equilibrado
685212,2,34900,678,Equilibrado,Equilibrado
685276,2,34900,482,Equilibrado,Equilibrado
685283,2,34900,97,Tardio,Tardio
685330,2,34900,1366,Equilibrado,Equilibrado
685339,2,34900,258,Equilibrado,Equilibrado
685367,2,34900,416,Tardio,Tardio
685373,2,34900,537,Equilibrado,Equilibrado
685378,2,34900,45,Equilibrado,Equilibrado
685410,2,34900,811,Equilibrado,Equilibrado
685619,2,34900,127,Tardio,Tardio
685657,2,34900,161,Adiantado,Adiantado
685705,2,34900,452,Equilibrado,Equilibrado
685708,2,34900,197,Equilibrado,Equilibrado
685772,2,34900,535,Equilibrado,Equilibrado
685831,2,34900,310,Equilibrado,Equilibrado
685860,2,34900,441,Equilibrado,Equilibrado
686065,2,34900,576,Equilibrado,Equilibrado
686314,2,34900,123,Adiantado,Adiantado
686317,2,34900,168,Tardio,Tardio
686344,2,34900,542,Equilibrado,Equilibrado
686348,2,34900,940,Equilibrado,Equilibrado
686498,2,34900,404,Equilibrado,Equilibrado
686522,2,34900,345,Equilibrado,Equilibrado
686558,2,34900,137,Tardio,Tardio
686700,2,34900,72,Tardio,Tardio
686705,2,34900,227,Equilibrado,Equilibrado
686786,2,34900,189,Equilibrado,Equilibrado
686946,2,34900,131,Tardio,Tardio
687033,2,34900,150,Tardio,Tardio
687073,2,34900,307,Equilibrado,Equilibrado
687112,2,34900,548,Tardio,Tardio
687115,2,34900,119,Tardio,Tardio
687288,2,34900,398,Equilibrado,Equilibrado
687304,2,34900,281,Adiantado,Adiantado
687341,2,34900,231,Adiantado,Adiantado
687345,2,34900,126,Equilibrado,Equilibrado
687351,2,34900,471,Tardio,Tardio
687410,2,34900,288,Equilibrado,Equilibrado
687434,2,34900,1210,Equilibrado,Equilibrado
687468,2,34900,411,Equilibrado,Equilibrado
687485,2,34900,598,Equilibrado,Equilibrado
687503,2,34900,655,Equilibrado,Equilibrado
687510,2,34900,50,Equilibrado,Equilibrado
687511,2,34900,146,Tardio,Tardio
687525,2,34900,227,Equilibrado,Equilibrado
687686,2,34900,251,Equilibrado,Equilibrado
687752,2,34900,79,Tardio,Tardio
687846,2,34900,154,Tardio,Tardio
687910,2,34900,460,Equilibrado,Equilibrado
687930,2,34900,857,Equilibrado,Equilibrado
687931,2,34900,484,Adiantado,Adiantado
687988,2,34900,380,Equilibrado,Equilibrado
688008,2,34900,371,Adiantado,Adiantado
688127,2,34900,567,Adiantado,Adiantado
688136,2,34900,979,Equilibrado,Equilibrado
688159,2,34900,495,Equilibrado,Equilibrado
688192,2,34900,391,Equilibrado,Equilibrado
688225,2,34900,543,Equilibrado,Equilibrado
688250,2,34900,42,Tardio,Tardio
688265,2,34900,315,Equilibrado,Equilibrado
688337,2,34900,318,Equilibrado,Equilibrado
688470,2,34900,105,Tardio,Tardio
688543,2,34900,638,Equilibrado,Equilibrado
688667,2,34900,782,Equilibrado,Equilibrado
688685,2,34900,351,Equilibrado,Equilibrado
688727,2,34900,1174,Equilibrado,Equilibrado
688881,2,34900,208,Equilibrado,Equilibrado
688891,2,34900,70,Adiantado,Adiantado
688895,2,34900,776,Equilibrado,Equilibrado
688904,2,34900,765,Equilibrado,Equilibrado
688976,2,34900,245,Tardio,Equilibrado
689005,2,34900,115,Equilibrado,Equilibrado
689052,2,34900,40,Tardio,Tardio
689056,2,34900,239,Equilibrado,Equilibrado
689260,2,34900,235,Equilibrado,Equilibrado
689280,2,34900,649,Equilibrado,Equilibrado
689347,2,34900,221,Equilibrado,Equilibrado
689444,2,34900,557,Equilibrado,Equilibrado
689796,2,34900,878,Equilibrado,Equilibrado
689832,2,34900,234,Adiantado,Adiantado
689855,2,34900,316,Equilibrado,Equilibrado
689924,2,34900,485,Tardio,Tardio
690075,2,34900,250,Equilibrado,Equilibrado
690198,2,34900,516,Equilibrado,Equilibrado
690296,2,34900,238,Adiantado,Equilibrado
690382,2,34900,310,Adiantado,Adiantado
690628,2,34900,416,Equilibrado,Equilibrado
690635,2,34900,126,Tardio,Equilibrado
690746,2,34900,957,Equilibrado,Equilibrado
690832,2,34900,1191,Equilibrado,Adiantado
690872,2,34900,351,Tardio,Equilibrado
690962,2,34900,95,Equilibrado,Equilibrado
691269,2,34900,382,Equilibrado,Equilibrado
691280,2,34900,26,Adiantado,Adiantado
691326,2,34900,1493,Equilibrado,Equilibrado
691375,2,34900,269,Adiantado,Adiantado
691465,2,34900,334,Adiantado,Adiantado
691699,2,34900,306,Equilibrado,Equilibrado
691722,2,34900,773,Equilibrado,Equilibrado
691873,2,34900,279,Equilibrado,Equilibrado
691932,2,34900,555,Adiantado,Adiantado
692010,2,34900,735,Equilibrado,Equilibrado
692097,2,34900,415,Adiantado,Adiantado
692220,2,34900,217,Equilibrado,Equilibrado
692297,2,34900,45,Tardio,Tardio
692301,2,34900,62,Tardio,Tardio
692334,2,34900,474,Adiantado,Adiantado
692454,2,34900,327,Adiantado,Adiantado
692612,2,34900,780,Adiantado,Adiantado
692632,2,34900,291,Tardio,Tardio
692893,2,34900,102,Tardio,Equilibrado
692946,2,34900,40,Equilibrado,Equilibrado
692962,2,34900,901,Equilibrado,Equilibrado
692968,2,34900,236,Equilibrado,Equilibrado
693160,2,34900,302,Equilibrado,Equilibrado
693162,2,34900,794,Equilibrado,Equilibrado
693197,2,34900,123,Adiantado,Adiantado
693236,2,34900,448,Equilibrado,Equilibrado
693345,2,34900,75,Tardio,Tardio
693373,2,34900,522,Equilibrado,Equilibrado
693497,2,34900,764,Adiantado,Adiantado
693519,2,34900,74,Tardio,Tardio
693573,2,34900,219,Tardio,Tardio
693628,2,34900,519,Equilibrado,Equilibrado
693764,2,34900,45,Equilibrado,Equilibrado
693806,2,34900,596,Equilibrado,Equilibrado
693873,2,34900,272,Equilibrado,Equilibrado
693903,2,34900,206,Equilibrado,Equilibrado
693906,2,34900,248,Adiantado,Adiantado
693907,2,34900,451,Equilibrado,Equilibrado
694128,2,34900,534,Equilibrado,Equilibrado
694144,2,34900,261,Equilibrado,Equilibrado
694221,2,34900,139,Equilibrado,Equilibrado
694284,2,34900,488,Equilibrado,Equilibrado
694428,2,34900,116,Equilibrado,Equilibrado
694456,2,34900,13,Tardio,Tardio
694622,2,34900,611,Equilibrado,Equilibrado
694716,2,34900,214,Equilibrado,Equilibrado
694827,2,34900,297,Tardio,Equilibrado
694836,2,34900,438,Equilibrado,Equilibrado
694848,2,34900,603,Adiantado,Adiantado
695090,2,34900,138,Tardio,Tardio
695169,2,34900,366,Equilibrado,Equilibrado
695250,2,34900,408,Adiantado,Adiantado
695471,2,34900,258,Adiantado,Adiantado
695485,2,34900,387,Equilibrado,Equilibrado
695550,2,34900,423,Equilibrado,Equilibrado
695637,2,34900,650,Equilibrado,Equilibrado
695700,2,34900,212,Tardio,Tardio
695729,2,34900,1038,Equilibrado,Equilibrado
695748,2,34900,435,Equilibrado,Equilibrado
695803,2,34900,547,Equilibrado,Equilibrado
695825,2,34900,679,Equilibrado,Equilibrado
695869,2,34900,540,Equilibrado,Equilibrado
695926,2,34900,347,Equilibrado,Equilibrado
696039,2,34900,244,Equilibrado,Equilibrado
696043,2,34900,101,Adiantado,Adiantado
696071,2,34900,367,Equilibrado,Equilibrado
696082,2,34900,267,Equilibrado,Equilibrado
696188,2,34900,49,Tardio,Tardio
696275,2,34900,1319,Equilibrado,Equilibrado
696318,2,34900,316,Equilibrado,Adiantado
696329,2,34900,701,Equilibrado,Adiantado
696347,2,34900,695,Equilibrado,Equilibrado
696364,2,34900,265,Equilibrado,Adiantado
696456,2,34900,80,Tardio,Adiantado
696583,2,34900,122,Tardio,Equilibrado
696615,2,34900,99,Tardio,Tardio
696653,2,34900,183,Equilibrado,Equilibrado
696659,2,34900,525,Tardio,Equilibrado
696662,2,34900,1178,Equilibrado,Equilibrado
696666,2,34900,95,Adiantado,Adiantado
696671,2,34900,260,Equilibrado,Equilibrado
696674,2,34900,88,Equilibrado,Equilibrado
696678,2,34900,277,Equilibrado,Equilibrado
696729,2,34900,439,Equilibrado,Adiantado
697027,2,34900,568,Equilibrado,Adiantado
697042,2,34900,721,Adiantado,Adiantado
697114,2,34900,64,Tardio,Tardio
697255,2,34900,418,Equilibrado,Equilibrado
697438,2,34900,453,Equilibrado,Equilibrado
697478,2,34900,242,Equilibrado,Equilibrado
697878,2,34900,470,Equilibrado,Equilibrado
697998,2,34900,215,Tardio,Equilibrado
698015,2,34900,42,Tardio,Tardio
698384,2,34900,972,Equilibrado,Equilibrado
698485,2,34900,310,Tardio,Tardio
698656,2,34900,372,Adiantado,Adiantado
699126,2,34900,41,Tardio,Tardio
699127,2,34900,116,Tardio,Tardio
699128,2,34900,430,Equilibrado,Equilibrado
836614,2,34900,553,Adiantado,Adiantado
895524,2,34900,876,Equilibrado,Equilibrado
1021350,2,34900,47,Equilibrado,Equilibrado
1042726,2,34900,485,Equilibrado,Equilibrado
1318759,2,34900,1055,Equilibrado,Equilibrado
1348205,2,34900,974,Equilibrado,Equilibrado
1391717,2,34900,320,Equilibrado,Equilibrado
1409532,2,34900,433,Equilibrado,Equilibrado
1413902,2,34900,653,Tardio,Equilibrado
1448966,2,34900,99,Tardio,Tardio
1450604,2,34900,412,Tardio,Tardio
1473878,2,34900,438,Adiantado,Adiantado
1477284,2,34900,401,Equilibrado,Equilibrado
1501577,2,34900,269,Equilibrado,Equilibrado
1514245,2,34900,181,Equilibrado,Equilibrado
1532711,2,34900,168,Tardio,Tardio
1585671,2,34900,458,Equilibrado,Equilibrado
1603549,2,34900,258,Tardio,Tardio
1631797,2,34900,417,Adiantado,Adiantado
1639699,2,34900,481,Equilibrado,Equilibrado
1640680,2,34900,147,Equilibrado,Equilibrado
1658963,2,34900,172,Tardio,Tardio
1677677,2,34900,423,Equilibrado,Equilibrado
1722493,2,34900,1116,Equilibrado,Equilibrado
1733664,2,34900,967,Adiantado,Adiantado
1752994,2,34900,477,Equilibrado,Equilibrado
1755594,2,34900,424,Equilibrado,Equilibrado
1771775,2,34900,332,Equilibrado,Equilibrado
1796402,2,34900,569,Equilibrado,Equilibrado
1810759,2,34900,321,Adiantado,Adiantado
1816458,2,34900,659,Equilibrado,Equilibrado
1817710,2,34900,372,Adiantado,Adiantado
1818385,2,34900,295,Adiantado,Adiantado
1836241,2,34900,583,Equilibrado,Equilibrado
1837138,2,34900,1848,Equilibrado,Equilibrado
1856869,2,34900,203,Equilibrado,Equilibrado
1871598,2,34900,3264,Equilibrado,Equilibrado
1871684,2,34900,252,Equilibrado,Equilibrado
1877902,2,34900,464,Equilibrado,Equilibrado
1879321,2,34900,1164,Adiantado,Adiantado
1881231,2,34900,146,Equilibrado,Equilibrado
1887108,2,34900,715,Equilibrado,Equilibrado
1889752,2,34900,1092,Equilibrado,Equilibrado
1944167,2,34900,125,Adiantado,Adiantado
1948159,2,34900,351,Tardio,Equilibrado
1962049,2,34900,1126,Equilibrado,Equilibrado
1962062,2,34900,302,Equilibrado,Adiantado
1972092,2,34900,1420,Equilibrado,Equilibrado
1995177,2,34900,909,Equilibrado,Equilibrado
1998834,2,34900,101,Adiantado,Adiantado
2017487,2,34900,671,Equilibrado,Equilibrado
2020628,2,34900,3904,Equilibrado,Equilibrado
2026075,2,34900,681,Equilibrado,Equilibrado
2029571,2,34900,800,Equilibrado,Equilibrado
2035700,2,34900,956,Equilibrado,Equilibrado
2047575,2,34900,875,Equilibrado,Equilibrado
2065972,2,34900,302,Equilibrado,Adiantado
2067799,2,34900,129,Tardio,Tardio
2081123,2,34900,138,Equilibrado,Equilibrado
2096251,2,34900,544,Equilibrado,Equilibrado
2103552,2,34900,422,Equilibrado,Equilibrado
2104819,2,34900,354,Tardio,Equilibrado
2106955,2,34900,770,Equilibrado,Equilibrado
2107747,2,34900,288,Adiantado,Adiantado
2128283,2,34900,575,Equilibrado,Equilibrado
2138970,2,34900,151,Equilibrado,Equilibrado
2140300,2,34900,740,Equilibrado,Equilibrado
2143312,2,34900,345,Equilibrado,Equilibrado
2143440,2,34900,436,Equilibrado,Equilibrado
2154361,2,34900,248,Adiantado,Adiantado
2160316,2,34900,629,Equilibrado,Equilibrado
2178837,2,34900,349,Equilibrado,Equilibrado
2180090,2,34900,1079,Equilibrado,Equilibrado
2185729,2,34900,484,Equilibrado,Equilibrado
2197766,2,34900,663,Equilibrado,Adiantado
2198970,2,34900,289,Tardio,Tardio
2254637,2,34900,270,Tardio,Equilibrado
2256134,2,34900,694,Equilibrado,Equilibrado
2272023,2,34900,137,Tardio,Tardio
2274542,2,34900,685,Equilibrado,Equilibrado
2278101,2,34900,265,Tardio,Tardio
2282620,2,34900,1091,Equilibrado,Equilibrado
2283708,2,34900,898,Adiantado,Adiantado
2293511,2,34900,719,Equilibrado,Equilibrado
2298106,2,34900,156,Tardio,Tardio
2298895,2,34900,417,Equilibrado,Equilibrado
2301830,2,34900,1163,Equilibrado,Equilibrado
2306410,2,34900,391,Equilibrado,Equilibrado
2316717,2,34900,609,Equilibrado,Equilibrado
2332934,2,34900,171,Equilibrado,Equilibrado
2339267,2,34900,178,Tardio,Tardio
2341420,2,34900,334,Adiantado,Adiantado
2343785,2,34900,309,Equilibrado,Equilibrado
2351969,2,34900,189,Equilibrado,Equilibrado
2360559,2,34900,1090,Equilibrado,Equilibrado
2366656,2,34900,415,Equilibrado,Equilibrado
2378208,2,34900,157,Equilibrado,Equilibrado
2386732,2,34900,854,Adiantado,Adiantado
2399758,2,34900,615,Adiantado,Adiantado
2403701,2,34900,1714,Equilibrado,Equilibrado
2417975,2,34900,705,Adiantado,Adiantado
2424257,2,34900,440,Equilibrado,Equilibrado
2427845,2,34900,498,Equilibrado,Equilibrado
2438784,2,34900,152,Equilibrado,Equilibrado
2457440,2,34900,504,Equilibrado,Equilibrado
2459292,2,34900,18,Adiantado,Adiantado
2470326,2,34900,20,Adiantado,Adiantado
2480886,2,34900,398,Equilibrado,Equilibrado
2482710,2,34900,623,Adiantado,Adiantado
2486930,2,34900,28,Equilibrado,Equilibrado
2499307,2,34900,194,Adiantado,Adiantado
2504129,2,34900,93,Tardio,Tardio
2519138,2,34900,931,Adiantado,Adiantado
2529052,2,34900,58,Tardio,Tardio
2529419,2,34900,351,Tardio,Tardio
2530976,2,34900,274,Equilibrado,Equilibrado
2537777,2,34900,292,Tardio,Equilibrado
2540871,2,34900,585,Equilibrado,Equilibrado
2542209,2,34900,683,Equilibrado,Equilibrado
2544643,2,34900,887,Equilibrado,Equilibrado
2544766,2,34900,44,Tardio,Adiantado
2546315,2,34900,419,Equilibrado,Equilibrado
2550534,2,34900,317,Adiantado,Adiantado
2557008,2,34900,1027,Tardio,Equilibrado
2558365,2,34900,127,Equilibrado,Equilibrado
2559144,2,34900,73,Equilibrado,Equilibrado
2563095,2,34900,344,Equilibrado,Equilibrado
2579891,2,34900,320,Equilibrado,Equilibrado
2584244,2,34900,301,Tardio,Tardio
2597117,2,34900,529,Equilibrado,Equilibrado
2599883,2,34900,457,Equilibrado,Equilibrado
2602542,2,34900,606,Equilibrado,Equilibrado
2603027,2,34900,937,Equilibrado,Equilibrado
2612102,2,34900,355,Equilibrado,Adiantado
2624028,2,34900,727,Adiantado,Adiantado
2630284,2,34900,197,Equilibrado,Equilibrado
2641156,2,34900,130,Tardio,Tardio
2642532,2,34900,105,Tardio,Tardio
2643472,2,34900,134,Tardio,Tardio
2643829,2,34900,474,Tardio,Equilibrado
2649948,2,34900,284,Tardio,Tardio
2657913,2,34900,396,Equilibrado,Equilibrado
2658856,2,34900,276,Adiantado,Adiantado
2667478,2,34900,483,Equilibrado,Equilibrado
2678580,2,34900,81,Adiantado,Adiantado
2681198,2,34900,536,Equilibrado,Adiantado
2682682,2,34900,339,Equilibrado,Equilibrado
2683857,2,34900,418,Equilibrado,Equilibrado
2686035,2,34900,174,Adiantado,Adiantado
2693932,2,34900,405,Equilibrado,Equilibrado
2694139,2,34900,263,Tardio,Tardio
2697921,2,34900,108,Tardio,Tardio
31296,3,34901,171,Tardio,Adiantado
40878,3,34901,357,Equilibrado,Equilibrado
42552,3,34901,339,Tardio,Tardio
43958,3,34901,357,Equilibrado,Adiantado
45423,3,34901,830,Adiantado,Adiantado
47861,3,34901,555,Adiantado,Adiantado
56637,3,34901,1151,Adiantado,Adiantado
56667,3,34901,17,Adiantado,Adiantado
58884,3,34901,327,Adiantado,Adiantado
63112,3,34901,77,Tardio,Tardio
64427,3,34901,834,Equilibrado,Equilibrado
71159,3,34901,656,Equilibrado,Equilibrado
74165,3,34901,387,Tardio,Adiantado
75107,3,34901,687,Adiantado,Adiantado
77692,3,34901,171,Tardio,Tardio
79610,3,34901,157,Equilibrado,Equilibrado
80438,3,34901,234,Adiantado,Adiantado
84604,3,34901,1160,Adiantado,Adiantado
87264,3,34901,350,Tardio,Tardio
87322,3,34901,68,Tardio,Tardio
94749,3,34901,232,Equilibrado,Adiantado
102854,3,34901,774,Equilibrado,Equilibrado
105939,3,34901,400,Adiantado,Adiantado
107455,3,34901,98,Tardio,Tardio
108949,3,34901,20,Equilibrado,Equilibrado
109577,3,34901,113,Tardio,Tardio
116529,3,34901,38,Adiantado,Adiantado
119310,3,34901,203,Adiantado,Adiantado
119865,3,34901,167,Adiantado,Adiantado
125063,3,34901,371,Equilibrado,Equilibrado
129907,3,34901,669,Adiantado,Adiantado
130409,3,34901,10,Tardio,Equilibrado
131597,3,34901,222,Equilibrado,Equilibrado
132475,3,34901,544,Adiantado,Adiantado
135280,3,34901,180,Tardio,Tardio
136944,3,34901,30,Tardio,Tardio
139206,3,34901,816,Adiantado,Adiantado
142310,3,34901,225,Equilibrado,Equilibrado
143755,3,34901,579,Adiantado,Adiantado
149178,3,34901,558,Adiantado,Adiantado
150282,3,34901,120,Equilibrado,Equilibrado
152524,3,34901,1159,Equilibrado,Equilibrado
152917,3,34901,577,Adiantado,Adiantado
155938,3,34901,325,Equilibrado,Adiantado
159906,3,34901,69,Tardio,Tardio
159947,3,34901,263,Equilibrado,Equilibrado
164148,3,34901,1036,Equilibrado,Equilibrado
166123,3,34901,273,Equilibrado,Equilibrado
169596,3,34901,334,Tardio,Tardio
170874,3,34901,463,Tardio,Tardio
171692,3,34901,29,Equilibrado,Equilibrado
172493,3,34901,605,Adiantado,Adiantado
177492,3,34901,378,Adiantado,Adiantado
185994,3,34901,339,Adiantado,Adiantado
194163,3,34901,352,Equilibrado,Adiantado
195246,3,34901,69,Adiantado,Adiantado
195552,3,34901,477,Tardio,Tardio
197536,3,34901,139,Tardio,Tardio
199009,3,34901,326,Equilibrado,Equilibrado
226955,3,34901,321,Tardio,Tardio
228633,3,34901,208,Equilibrado,Adiantado
229498,3,34901,412,Equilibrado,Adiantado
232173,3,34901,733,Adiantado,Adiantado
234661,3,34901,509,Adiantado,Adiantado
235768,3,34901,211,Adiantado,Adiantado
235971,3,34901,344,Equilibrado,Equilibrado
236090,3,34901,834,Equilibrado,Equilibrado
237891,3,34901,128,Adiantado,Adiantado
249357,3,34901,122,Adiantado,Adiantado
251166,3,34901,359,Adiantado,Adiantado
253633,3,34901,492,Adiantado,Adiantado
253763,3,34901,895,Adiantado,Adiantado
258245,3,34901,330,Tardio,Tardio
258509,3,34901,379,Equilibrado,Equilibrado
258978,3,34901,232,Tardio,Tardio
261863,3,34901,46,Adiantado,Adiantado
262025,3,34901,297,Tardio,Tardio
262394,3,34901,140,Tardio,Tardio
263862,3,34901,115,Tardio,Tardio
265497,3,34901,129,Equilibrado,Equilibrado
269584,3,34901,206,Adiantado,Adiantado
270421,3,34901,102,Tardio,Tardio
276265,3,34901,14,Tardio,Tardio
278380,3,34901,64,Equilibrado,Equilibrado
279440,3,34901,454,Adiantado,Adiantado
279653,3,34901,776,Equilibrado,Equilibrado
281134,3,34901,323,Adiantado,Adiantado
282849,3,34901,959,Adiantado,Adiantado
283402,3,34901,1151,Adiantado,Adiantado
286778,3,34901,218,Tardio,Tardio
287079,3,34901,309,Adiantado,Adiantado
287258,3,34901,377,Adiantado,Adiantado
289247,3,34901,304,Tardio,Equilibrado
294219,3,34901,258,Tardio,Tardio
294929,3,34901,301,Adiantado,Adiantado
297218,3,34901,20,Equilibrado,Equilibrado
297341,3,34901,129,Adiantado,Adiantado
301074,3,34901,434,Equilibrado,Equilibrado
305064,3,34901,1155,Adiantado,Adiantado
305659,3,34901,52,Tardio,Tardio
310205,3,34901,572,Equilibrado,Equilibrado
312960,3,34901,85,Tardio,Tardio
315795,3,34901,194,Adiantado,Adiantado
316082,3,34901,89,Adiantado,Adiantado
318147,3,34901,832,Adiantado,Adiantado
319073,3,34901,404,Tardio,Equilibrado
320133,3,34901,1152,Equilibrado,Equilibrado
320612,3,34901,861,Adiantado,Adiantado
328797,3,34901,195,Tardio,Tardio
329895,3,34901,14,Adiantado,Adiantado
331789,3,34901,651,Adiantado,Adiantado
333993,3,34901,295,Tardio,Tardio
334224,3,34901,175,Adiantado,Adiantado
335095,3,34901,602,Equilibrado,Equilibrado
337000,3,34901,217,Adiantado,Adiantado
338689,3,34901,176,Tardio,Tardio
339519,3,34901,213,Tardio,Tardio
341457,3,34901,363,Tardio,Tardio
341629,3,34901,375,Tardio,Tardio
343709,3,34901,140,Tardio,Tardio
345271,3,34901,977,Adiantado,Adiantado
347197,3,34901,180,Equilibrado,Equilibrado
348108,3,34901,126,Tardio,Tardio
348324,3,34901,49,Equilibrado,Equilibrado
349515,3,34901,134,Tardio,Tardio
351147,3,34901,484,Tardio,Equilibrado
354698,3,34901,141,Tardio,Tardio
355293,3,34901,56,Tardio,Adiantado
364066,3,34901,856,Equilibrado,Equilibrado
366140,3,34901,1064,Adiantado,Adiantado
367151,3,34901,560,Adiantado,Adiantado
369242,3,34901,443,Equilibrado,Equilibrado
369450,3,34901,669,Adiantado,Adiantado
370735,3,34901,322,Adiantado,Adiantado
372345,3,34901,258,Tardio,Tardio
372509,3,34901,226,Tardio,Tardio
372511,3,34901,128,Tardio,Tardio
375527,3,34901,178,Adiantado,Adiantado
378946,3,34901,1391,Equilibrado,Adiantado
379278,3,34901,1109,Tardio,Tardio
380952,3,34901,88,Tardio,Tardio
381257,3,34901,252,Adiantado,Adiantado
381414,3,34901,153,Adiantado,Adiantado
383445,3,34901,43,Tardio,Tardio
383602,3,34901,629,Tardio,Tardio
383629,3,34901,130,Adiantado,Adiantado
384107,3,34901,64,Tardio,Adiantado
386389,3,34901,201,Tardio,Tardio
390070,3,34901,275,Tardio,Tardio
396683,3,34901,198,Tardio,Tardio
396834,3,34901,95,Tardio,Tardio
397219,3,34901,1147,Adiantado,Adiantado
397671,3,34901,984,Equilibrado,Equilibrado
398550,3,34901,264,Equilibrado,Equilibrado
398630,3,34901,146,Tardio,Tardio
399429,3,34901,609,Adiantado,Adiantado
402695,3,34901,143,Equilibrado,Equilibrado
405193,3,34901,705,Equilibrado,Equilibrado
407232,3,34901,797,Adiantado,Adiantado
410407,3,34901,1179,Equilibrado,Equilibrado
410883,3,34901,148,Tardio,Tardio
411304,3,34901,246,Adiantado,Adiantado
412353,3,34901,368,Adiantado,Adiantado
413180,3,34901,57,Tardio,Tardio
413709,3,34901,574,Equilibrado,Equilibrado
413949,3,34901,599,Adiantado,Adiantado
416199,3,34901,661,Adiantado,Adiantado
416407,3,34901,205,Adiantado,Adiantado
418201,3,34901,138,Equilibrado,Equilibrado
419059,3,34901,772,Adiantado,Adiantado
423210,3,34901,262,Tardio,Tardio
423488,3,34901,345,Tardio,Tardio
423781,3,34901,378,Tardio,Equilibrado
427256,3,34901,367,Adiantado,Adiantado
429832,3,34901,49,Tardio,Tardio
431139,3,34901,67,Adiantado,Adiantado
434476,3,34901,2660,Equilibrado,Equilibrado
439995,3,34901,326,Equilibrado,Equilibrado
440818,3,34901,1059,Equilibrado,Equilibrado
441165,3,34901,184,Equilibrado,Equilibrado
441421,3,34901,218,Tardio,Tardio
442199,3,34901,100,Tardio,Tardio
442563,3,34901,176,Adiantado,Adiantado
442802,3,34901,596,Adiantado,Adiantado
443151,3,34901,89,Tardio,Tardio
443514,3,34901,250,Equilibrado,Equilibrado
443696,3,34901,227,Adiantado,Adiantado
444011,3,34901,45,Tardio,Tardio
444619,3,34901,944,Equilibrado,Equilibrado
444907,3,34901,87,Adiantado,Adiantado
465121,3,34901,113,Adiantado,Adiantado
465294,3,34901,332,Adiantado,Adiantado
466120,3,34901,171,Equilibrado,Equilibrado
466807,3,34901,167,Tardio,Tardio
466987,3,34901,475,Adiantado,Adiantado
467363,3,34901,359,Adiantado,Adiantado
469499,3,34901,1955,Adiantado,Adiantado
471284,3,34901,389,Tardio,Tardio
474667,3,34901,251,Tardio,Tardio
475015,3,34901,568,Equilibrado,Adiantado
476401,3,34901,1412,Equilibrado,Equilibrado
476629,3,34901,82,Adiantado,Adiantado
477833,3,34901,329,Equilibrado,Equilibrado
479939,3,34901,1586,Equilibrado,Equilibrado
481717,3,34901,774,Adiantado,Adiantado
482644,3,34901,617,Equilibrado,Equilibrado
483037,3,34901,421,Equilibrado,Equilibrado
484010,3,34901,61,Tardio,Tardio
484594,3,34901,1205,Adiantado,Adiantado
485228,3,34901,199,Adiantado,Adiantado
486087,3,34901,77,Tardio,Tardio
486964,3,34901,25,Tardio,Tardio
488525,3,34901,158,Tardio,Tardio
489553,3,34901,23,Adiantado,Adiantado
491126,3,34901,561,Tardio,Equilibrado
491756,3,34901,6,Equilibrado,Adiantado
491863,3,34901,202,Equilibrado,Equilibrado
492024,3,34901,129,Tardio,Tardio
493793,3,34901,418,Tardio,Tardio
494046,3,34901,558,Equilibrado,Equilibrado
494184,3,34901,253,Adiantado,Adiantado
497415,3,34901,589,Equilibrado,Equilibrado
498442,3,34901,1183,Adiantado,Adiantado
499404,3,34901,647,Equilibrado,Equilibrado
500068,3,34901,872,Adiantado,Adiantado
500618,3,34901,29,Tardio,Tardio
501444,3,34901,648,Adiantado,Adiantado
501897,3,34901,422,Equilibrado,Adiantado
502011,3,34901,621,Equilibrado,Equilibrado
505773,3,34901,863,Adiantado,Adiantado
506705,3,34901,175,Tardio,Tardio
507743,3,34901,1028,Equilibrado,Adiantado
507935,3,34901,828,Adiantado,Adiantado
508626,3,34901,1225,Equilibrado,Equilibrado
509536,3,34901,330,Adiantado,Adiantado
511309,3,34901,90,Adiantado,Adiantado
511350,3,34901,28,Tardio,Tardio
511981,3,34901,107,Equilibrado,Equilibrado
513422,3,34901,111,Tardio,Tardio
513428,3,34901,236,Tardio,Tardio
514078,3,34901,903,Adiantado,Adiantado
514556,3,34901,44,Tardio,Tardio
516602,3,34901,66,Tardio,Tardio
517551,3,34901,294,Tardio,Tardio
519115,3,34901,94,Equilibrado,Equilibrado
521115,3,34901,351,Tardio,Tardio
522082,3,34901,104,Equilibrado,Equilibrado
523017,3,34901,326,Equilibrado,Equilibrado
523249,3,34901,336,Tardio,Tardio
526721,3,34901,625,Adiantado,Adiantado
526819,3,34901,100,Tardio,Tardio
529693,3,34901,538,Tardio,Tardio
529991,3,34901,441,Equilibrado,Equilibrado
530148,3,34901,35,Tardio,Tardio
531018,3,34901,340,Adiantado,Adiantado
531871,3,34901,368,Adiantado,Adiantado
532254,3,34901,60,Adiantado,Adiantado
533418,3,34901,304,Adiantado,Adiantado
534112,3,34901,122,Adiantado,Adiantado
534457,3,34901,220,Tardio,Tardio
535671,3,34901,156,Tardio,Tardio
535997,3,34901,46,Tardio,Equilibrado
536351,3,34901,231,Tardio,Tardio
536475,3,34901,158,Tardio,Tardio
536963,3,34901,152,Tardio,Tardio
537322,3,34901,543,Adiantado,Adiantado
537811,3,34901,994,Equilibrado,Adiantado
539308,3,34901,333,Equilibrado,Equilibrado
539945,3,34901,646,Tardio,Equilibrado
540723,3,34901,1390,Adiantado,Adiantado
541532,3,34901,281,Equilibrado,Equilibrado
541921,3,34901,529,Adiantado,Adiantado
542202,3,34901,643,Adiantado,Adiantado
543010,3,34901,619,Equilibrado,Equilibrado
543432,3,34901,409,Adiantado,Adiantado
544745,3,34901,540,Tardio,Tardio
545164,3,34901,322,Adiantado,Adiantado
545962,3,34901,696,Equilibrado,Equilibrado
546547,3,34901,586,Equilibrado,Equilibrado
546645,3,34901,249,Equilibrado,Adiantado
547347,3,34901,126,Adiantado,Adiantado
549219,3,34901,487,Adiantado,Adiantado
549321,3,34901,186,Tardio,Tardio
549847,3,34901,495,Adiantado,Adiantado
550420,3,34901,717,Adiantado,Adiantado
550703,3,34901,442,Tardio,Equilibrado
552173,3,34901,741,Adiantado,Adiantado
553031,3,34901,1043,Equilibrado,Equilibrado
553284,3,34901,663,Equilibrado,Equilibrado
553813,3,34901,325,Adiantado,Adiantado
554063,3,34901,289,Tardio,Equilibrado
554525,3,34901,631,Adiantado,Adiantado
555049,3,34901,725,Equilibrado,Equilibrado
555827,3,34901,17,Equilibrado,Equilibrado
556126,3,34901,31,Tardio,Tardio
557085,3,34901,1158,Equilibrado,Equilibrado
557290,3,34901,256,Equilibrado,Equilibrado
558044,3,34901,650,Equilibrado,Equilibrado
558764,3,34901,477,Adiantado,Adiantado
560047,3,34901,516,Equilibrado,Equilibrado
560459,3,34901,134,Tardio,Tardio
560645,3,34901,1242,Adiantado,Adiantado
561231,3,34901,434,Tardio,Tardio
562064,3,34901,300,Tardio,Tardio
562754,3,34901,197,Equilibrado,Equilibrado
562990,3,34901,262,Tardio,Tardio
563108,3,34901,25,Tardio,Tardio
563414,3,34901,1172,Adiantado,Adiantado
564243,3,34901,1202,Equilibrado,Equilibrado
564617,3,34901,724,Equilibrado,Equilibrado
564933,3,34901,222,Adiantado,Adiantado
565017,3,34901,1144,Equilibrado,Equilibrado
568987,3,34901,46,Tardio,Tardio
569034,3,34901,824,Equilibrado,Equilibrado
569080,3,34901,1042,Equilibrado,Equilibrado
569108,3,34901,672,Equilibrado,Equilibrado
569876,3,34901,1480,Equilibrado,Equilibrado
570004,3,34901,93,Tardio,Equilibrado
570213,3,34901,359,Equilibrado,Equilibrado
571074,3,34901,748,Adiantado,Adiantado
572074,3,34901,181,Equilibrado,Equilibrado
572213,3,34901,183,Tardio,Tardio
573583,3,34901,387,Tardio,Tardio
574527,3,34901,646,Adiantado,Adiantado
575069,3,34901,238,Tardio,Adiantado
575112,3,34901,593,Adiantado,Adiantado
575302,3,34901,1018,Equilibrado,Adiantado
575685,3,34901,49,Tardio,Equilibrado
577032,3,34901,126,Equilibrado,Adiantado
577429,3,34901,944,Equilibrado,Equilibrado
577533,3,34901,79,Tardio,Tardio
578152,3,34901,44,Adiantado,Adiantado
578847,3,34901,86,Tardio,Tardio
579660,3,34901,260,Tardio,Tardio
579686,3,34901,278,Adiantado,Adiantado
580459,3,34901,462,Equilibrado,Adiantado
580834,3,34901,1377,Equilibrado,Equilibrado
580845,3,34901,133,Tardio,Tardio
581253,3,34901,1262,Adiantado,Adiantado
581659,3,34901,916,Adiantado,Adiantado
581779,3,34901,494,Equilibrado,Equilibrado
582034,3,34901,444,Adiantado,Adiantado
582117,3,34901,229,Adiantado,Adiantado
582266,3,34901,45,Tardio,Tardio
582332,3,34901,592,Adiantado,Adiantado
582653,3,34901,36,Tardio,Tardio
582670,3,34901,65,Adiantado,Adiantado
583056,3,34901,692,Tardio,Tardio
583318,3,34901,8,Tardio,Equilibrado
583487,3,34901,2037,Equilibrado,Equilibrado
584515,3,34901,101,Equilibrado,Equilibrado
585224,3,34901,766,Equilibrado,Equilibrado
585261,3,34901,417,Equilibrado,Equilibrado
585284,3,34901,337,Equilibrado,Equilibrado
585503,3,34901,1275,Equilibrado,Equilibrado
585572,3,34901,132,Adiantado,Adiantado
585825,3,34901,883,Adiantado,Adiantado
585958,3,34901,280,Equilibrado,Adiantado
586906,3,34901,250,Equilibrado,Equilibrado
587571,3,34901,1305,Adiantado,Adiantado
588128,3,34901,146,Adiantado,Adiantado
588628,3,34901,509,Adiantado,Adiantado
589080,3,34901,671,Adiantado,Adiantado
589162,3,34901,597,Equilibrado,Adiantado
589332,3,34901,822,Equilibrado,Adiantado
589389,3,34901,132,Tardio,Tardio
589828,3,34901,29,Adiantado,Adiantado
590120,3,34901,452,Equilibrado,Equilibrado
591525,3,34901,299,Equilibrado,Equilibrado
591581,3,34901,163,Equilibrado,Equilibrado
591746,3,34901,582,Tardio,Equilibrado
591946,3,34901,585,Adiantado,Adiantado
592218,3,34901,444,Tardio,Equilibrado
592295,3,34901,110,Adiantado,Adiantado
592558,3,34901,463,Equilibrado,Equilibrado
592939,3,34901,40,Adiantado,Adiantado
593136,3,34901,164,Adiantado,Adiantado
593563,3,34901,514,Adiantado,Adiantado
593722,3,34901,252,Equilibrado,Equilibrado
593796,3,34901,1184,Adiantado,Adiantado
594065,3,34901,248,Equilibrado,Equilibrado
594122,3,34901,321,Equilibrado,Equilibrado
594229,3,34901,462,Equilibrado,Equilibrado
594258,3,34901,17,Tardio,Tardio
594406,3,34901,139,Equilibrado,Equilibrado
594636,3,34901,497,Equilibrado,Equilibrado
595262,3,34901,236,Equilibrado,Equilibrado
595721,3,34901,152,Tardio,Tardio
595943,3,34901,447,Adiantado,Adiantado
596243,3,34901,330,Tardio,Tardio
596253,3,34901,360,Tardio,Equilibrado
596758,3,34901,572,Adiantado,Adiantado
597740,3,34901,231,Tardio,Tardio
597937,3,34901,636,Equilibrado,Equilibrado
598308,3,34901,522,Equilibrado,Adiantado
598540,3,34901,537,Adiantado,Adiantado
598559,3,34901,880,Equilibrado,Adiantado
600071,3,34901,590,Adiantado,Adiantado
600773,3,34901,368,Equilibrado,Equilibrado
601008,3,34901,249,Tardio,Tardio
601235,3,34901,603,Adiantado,Adiantado
601271,3,34901,145,Equilibrado,Adiantado
601680,3,34901,107,Tardio,Tardio
602594,3,34901,669,Equilibrado,Equilibrado
603648,3,34901,550,Adiantado,Adiantado
604567,3,34901,351,Adiantado,Adiantado
604614,3,34901,103,Adiantado,Adiantado
605180,3,34901,28,Tardio,Tardio
605228,3,34901,42,Adiantado,Adiantado
605394,3,34901,36,Tardio,Tardio
605682,3,34901,493,Adiantado,Adiantado
606257,3,34901,1637,Adiantado,Adiantado
606805,3,34901,168,Tardio,Tardio
606904,3,34901,268,Adiantado,Adiantado
607243,3,34901,1191,Equilibrado,Equilibrado
607303,3,34901,386,Adiantado,Adiantado
607501,3,34901,566,Adiantado,Adiantado
607679,3,34901,551,Adiantado,Adiantado
607700,3,34901,245,Adiantado,Adiantado
609142,3,34901,502,Adiantado,Adiantado
609240,3,34901,329,Adiantado,Adiantado
611603,3,34901,96,Equilibrado,Equilibrado
612842,3,34901,130,Equilibrado,Equilibrado
613165,3,34901,281,Equilibrado,Equilibrado
613330,3,34901,690,Adiantado,Adiantado
613634,3,34901,214,Equilibrado,Equilibrado
613899,3,34901,1942,Equilibrado,Equilibrado
614059,3,34901,72,Tardio,Tardio
614984,3,34901,380,Equilibrado,Equilibrado
615266,3,34901,769,Adiantado,Adiantado
615299,3,34901,743,Equilibrado,Equilibrado
615301,3,34901,1148,Adiantado,Adiantado
615302,3,34901,766,Adiantado,Adiantado
615306,3,34901,892,Adiantado,Adiantado
615328,3,34901,265,Tardio,Tardio
615340,3,34901,113,Adiantado,Adiantado
615342,3,34901,315,Adiantado,Adiantado
615356,3,34901,353,Equilibrado,Equilibrado
616517,3,34901,511,Adiantado,Adiantado
616912,3,34901,278,Equilibrado,Equilibrado
617010,3,34901,715,Adiantado,Adiantado
617119,3,34901,384,Tardio,Tardio
617436,3,34901,420,Tardio,Tardio
617580,3,34901,1145,Equilibrado,Equilibrado
617783,3,34901,231,Tardio,Tardio
617922,3,34901,272,Adiantado,Adiantado
618663,3,34901,477,Adiantado,Adiantado
619204,3,34901,58,Tardio,Tardio
619292,3,34901,1149,Adiantado,Adiantado
619321,3,34901,569,Equilibrado,Equilibrado
619502,3,34901,296,Tardio,Tardio
620094,3,34901,2462,Equilibrado,Equilibrado
620269,3,34901,246,Adiantado,Adiantado
620349,3,34901,933,Equilibrado,Equilibrado
620431,3,34901,311,Tardio,Equilibrado
620740,3,34901,44,Tardio,Tardio
620810,3,34901,443,Tardio,Tardio
622275,3,34901,546,Adiantado,Adiantado
622481,3,34901,574,Equilibrado,Equilibrado
622760,3,34901,185,Adiantado,Adiantado
622934,3,34901,720,Tardio,Tardio
622967,3,34901,79,Tardio,Tardio
623471,3,34901,364,Adiantado,Adiantado
623589,3,34901,463,Tardio,Tardio
623765,3,34901,580,Equilibrado,Equilibrado
624282,3,34901,360,Tardio,Tardio
624864,3,34901,748,Equilibrado,Equilibrado
624970,3,34901,513,Equilibrado,Equilibrado
625245,3,34901,677,Equilibrado,Equilibrado
625330,3,34901,655,Equilibrado,Equilibrado
625515,3,34901,154,Adiantado,Adiantado
625743,3,34901,151,Tardio,Tardio
625802,3,34901,202,Adiantado,Adiantado
625838,3,34901,633,Tardio,Tardio
626033,3,34901,1232,Equilibrado,Equilibrado
626349,3,34901,182,Equilibrado,Adiantado
626416,3,34901,421,Adiantado,Adiantado
626454,3,34901,379,Tardio,Tardio
626477,3,34901,470,Equilibrado,Equilibrado
626514,3,34901,838,Adiantado,Adiantado
626552,3,34901,321,Tardio,Tardio
626579,3,34901,43,Tardio,Tardio
627365,3,34901,383,Adiantado,Adiantado
627829,3,34901,253,Adiantado,Adiantado
628149,3,34901,847,Adiantado,Adiantado
628157,3,34901,41,Tardio,Tardio
628383,3,34901,413,Equilibrado,Equilibrado
628521,3,34901,342,Adiantado,Adiantado
628888,3,34901,363,Adiantado,Adiantado
628964,3,34901,620,Equilibrado,Equilibrado
629029,3,34901,166,Equilibrado,Equilibrado
629491,3,34901,819,Equilibrado,Equilibrado
629522,3,34901,156,Tardio,Tardio
629818,3,34901,177,Tardio,Tardio
629922,3,34901,322,Tardio,Tardio
629944,3,34901,451,Equilibrado,Equilibrado
630109,3,34901,302,Equilibrado,Equilibrado
630158,3,34901,520,Tardio,Equilibrado
630835,3,34901,1202,Equilibrado,Equilibrado
630905,3,34901,1707,Equilibrado,Adiantado
630910,3,34901,617,Equilibrado,Equilibrado
630992,3,34901,75,Equilibrado,Equilibrado
631524,3,34901,527,Adiantado,Adiantado
631658,3,34901,1760,Equilibrado,Adiantado
631681,3,34901,205,Equilibrado,Equilibrado
631715,3,34901,310,Tardio,Tardio
631740,3,34901,322,Tardio,Tardio
631837,3,34901,806,Adiantado,Adiantado
631924,3,34901,1141,Equilibrado,Equilibrado
632074,3,34901,422,Adiantado,Adiantado
632290,3,34901,154,Tardio,Tardio
632458,3,34901,944,Adiantado,Adiantado
632556,3,34901,191,Tardio,Tardio
632597,3,34901,21,Tardio,Tardio
632826,3,34901,583,Adiantado,Adiantado
632836,3,34901,431,Tardio,Tardio
633079,3,34901,151,Tardio,Tardio
633516,3,34901,139,Equilibrado,Equilibrado
633555,3,34901,981,Adiantado,Adiantado
633568,3,34901,566,Equilibrado,Equilibrado
633867,3,34901,459,Adiantado,Adiantado
633931,3,34901,1144,Equilibrado,Equilibrado
634088,3,34901,371,Equilibrado,Equilibrado
634114,3,34901,11,Adiantado,Adiantado
634512,3,34901,795,Equilibrado,Equilibrado
634526,3,34901,781,Adiantado,Adiantado
634601,3,34901,103,Equilibrado,Equilibrado
634749,3,34901,1944,Adiantado,Adiantado
635184,3,34901,554,Equilibrado,Equilibrado
635751,3,34901,74,Equilibrado,Equilibrado
635795,3,34901,233,Adiantado,Adiantado
635903,3,34901,233,Adiantado,Adiantado
636314,3,34901,666,Adiantado,Adiantado
636400,3,34901,185,Equilibrado,Equilibrado
636408,3,34901,25,Equilibrado,Equilibrado
636469,3,34901,458,Equilibrado,Equilibrado
636547,3,34901,201,Tardio,Equilibrado
636565,3,34901,150,Tardio,Tardio
636656,3,34901,209,Equilibrado,Adiantado
636704,3,34901,135,Adiantado,Adiantado
636783,3,34901,657,Adiantado,Adiantado
636830,3,34901,863,Equilibrado,Adiantado
636832,3,34901,1679,Equilibrado,Equilibrado
637004,3,34901,387,Adiantado,Adiantado
637089,3,34901,165,Tardio,Tardio
637358,3,34901,159,Equilibrado,Equilibrado
637509,3,34901,82,Tardio,Equilibrado
637514,3,34901,62,Adiantado,Adiantado
637582,3,34901,159,Adiantado,Adiantado
637708,3,34901,527,Adiantado,Adiantado
637906,3,34901,123,Equilibrado,Equilibrado
637939,3,34901,24,Tardio,Tardio
637980,3,34901,535,Equilibrado,Adiantado
638034,3,34901,248,Tardio,Tardio
638388,3,34901,137,Tardio,Tardio
638411,3,34901,1208,Adiantado,Adiantado
638498,3,34901,402,Adiantado,Adiantado
638515,3,34901,65,Tardio,Tardio
638625,3,34901,1196,Equilibrado,Equilibrado
638655,3,34901,581,Equilibrado,Equilibrado
638677,3,34901,121,Adiantado,Adiantado
638831,3,34901,294,Tardio,Tardio
639028,3,34901,501,Tardio,Equilibrado
639231,3,34901,293,Equilibrado,Equilibrado
639234,3,34901,853,Adiantado,Adiantado
639522,3,34901,58,Tardio,Tardio
640098,3,34901,412,Adiantado,Adiantado
640278,3,34901,1908,Adiantado,Adiantado
640329,3,34901,322,Equilibrado,Equilibrado
640429,3,34901,1274,Equilibrado,Equilibrado
640711,3,34901,818,Equilibrado,Equilibrado
640752,3,34901,452,Tardio,Equilibrado
640848,3,34901,87,Tardio,Tardio
640892,3,34901,192,Tardio,Tardio
640913,3,34901,131,Tardio,Tardio
640927,3,34901,696,Equilibrado,Equilibrado
641137,3,34901,146,Equilibrado,Equilibrado
641309,3,34901,307,Equilibrado,Equilibrado
641311,3,34901,826,Equilibrado,Equilibrado
641363,3,34901,42,Tardio,Tardio
641401,3,34901,368,Tardio,Tardio
641461,3,34901,158,Adiantado,Adiantado
641470,3,34901,64,Tardio,Tardio
641547,3,34901,369,Tardio,Tardio
641864,3,34901,468,Equilibrado,Equilibrado
641914,3,34901,1566,Adiantado,Adiantado
642029,3,34901,59,Equilibrado,Adiantado
642056,3,34901,213,Tardio,Tardio
642375,3,34901,210,Adiantado,Adiantado
642448,3,34901,230,Adiantado,Adiantado
642449,3,34901,247,Adiantado,Adiantado
642493,3,34901,754,Adiantado,Adiantado
642498,3,34901,845,Equilibrado,Equilibrado
642551,3,34901,639,Equilibrado,Adiantado
642740,3,34901,499,Tardio,Tardio
642750,3,34901,290,Adiantado,Adiantado
642840,3,34901,576,Equilibrado,Equilibrado
642843,3,34901,788,Equilibrado,Equilibrado
642872,3,34901,357,Equilibrado,Equilibrado
642909,3,34901,43,Tardio,Tardio
643069,3,34901,155,Equilibrado,Equilibrado
643202,3,34901,740,Adiantado,Adiantado
643220,3,34901,193,Tardio,Tardio
643273,3,34901,596,Equilibrado,Equilibrado
643326,3,34901,374,Adiantado,Adiantado
643466,3,34901,627,Adiantado,Adiantado
643477,3,34901,1113,Adiantado,Adiantado
643496,3,34901,1038,Equilibrado,Equilibrado
643502,3,34901,158,Adiantado,Adiantado
643591,3,34901,995,Equilibrado,Adiantado
643653,3,34901,505,Adiantado,Adiantado
643696,3,34901,292,Adiantado,Adiantado
643751,3,34901,855,Equilibrado,Equilibrado
643754,3,34901,588,Adiantado,Adiantado
644025,3,34901,363,Tardio,Tardio
644210,3,34901,399,Equilibrado,Equilibrado
644343,3,34901,68,Tardio,Tardio
644361,3,34901,2971,Equilibrado,Equilibrado
644369,3,34901,63,Tardio,Equilibrado
644450,3,34901,1422,Equilibrado,Equilibrado
644508,3,34901,448,Adiantado,Adiantado
644761,3,34901,405,Adiantado,Adiantado
644784,3,34901,648,Tardio,Tardio
644791,3,34901,1569,Equilibrado,Equilibrado
644818,3,34901,1324,Adiantado,Adiantado
644847,3,34901,161,Equilibrado,Equilibrado
644936,3,34901,230,Adiantado,Adiantado
644974,3,34901,492,Equilibrado,Equilibrado
645003,3,34901,155,Equilibrado,Equilibrado
645020,3,34901,179,Equilibrado,Equilibrado
645078,3,34901,550,Equilibrado,Equilibrado
645145,3,34901,27,Adiantado,Adiantado
645405,3,34901,1480,Adiantado,Adiantado
645433,3,34901,112,Tardio,Tardio
645496,3,34901,494,Equilibrado,Equilibrado
645518,3,34901,393,Adiantado,Adiantado
645586,3,34901,324,Tardio,Tardio
645705,3,34901,122,Equilibrado,Equilibrado
645732,3,34901,223,Equilibrado,Equilibrado
645784,3,34901,342,Equilibrado,Equilibrado
645840,3,34901,586,Adiantado,Adiantado
645880,3,34901,66,Tardio,Tardio
645948,3,34901,336,Equilibrado,Equilibrado
645960,3,34901,133,Tardio,Tardio
645997,3,34901,481,Adiantado,Adiantado
646015,3,34901,555,Equilibrado,Equilibrado
646017,3,34901,1191,Adiantado,Adiantado
646053,3,34901,483,Tardio,Tardio
646074,3,34901,1038,Adiantado,Adiantado
646085,3,34901,510,Adiantado,Adiantado
646138,3,34901,80,Adiantado,Adiantado
646313,3,34901,89,Equilibrado,Equilibrado
646357,3,34901,539,Equilibrado,Adiantado
646402,3,34901,391,Equilibrado,Equilibrado
646460,3,34901,709,Adiantado,Adiantado
646539,3,34901,437,Tardio,Tardio
646540,3,34901,173,Adiantado,Adiantado
646551,3,34901,1465,Adiantado,Adiantado
646638,3,34901,57,Tardio,Tardio
646670,3,34901,67,Tardio,Tardio
646734,3,34901,79,Tardio,Tardio
646750,3,34901,162,Tardio,Tardio
646778,3,34901,681,Adiantado,Adiantado
646807,3,34901,362,Equilibrado,Equilibrado
646990,3,34901,432,Equilibrado,Equilibrado
647040,3,34901,391,Equilibrado,Equilibrado
647154,3,34901,103,Tardio,Tardio
647169,3,34901,240,Adiantado,Adiantado
647320,3,34901,635,Tardio,Adiantado
647324,3,34901,572,Equilibrado,Equilibrado
647391,3,34901,48,Tardio,Tardio
647398,3,34901,527,Adiantado,Adiantado
647399,3,34901,1561,Equilibrado,Equilibrado
647425,3,34901,1458,Adiantado,Adiantado
647485,3,34901,217,Tardio,Tardio
647496,3,34901,253,Equilibrado,Equilibrado
647765,3,34901,302,Adiantado,Adiantado
647841,3,34901,683,Equilibrado,Equilibrado
647898,3,34901,353,Equilibrado,Adiantado
647945,3,34901,444,Adiantado,Adiantado
647987,3,34901,161,Equilibrado,Adiantado
648027,3,34901,263,Tardio,Tardio
648037,3,34901,361,Equilibrado,Equilibrado
648038,3,34901,534,Equilibrado,Equilibrado
648040,3,34901,1030,Adiantado,Adiantado
648086,3,34901,431,Tardio,Equilibrado
648105,3,34901,814,Equilibrado,Equilibrado
648114,3,34901,545,Equilibrado,Equilibrado
648116,3,34901,180,Adiantado,Adiantado
648140,3,34901,185,Tardio,Tardio
648254,3,34901,216,Tardio,Tardio
648287,3,34901,448,Equilibrado,Equilibrado
648365,3,34901,612,Adiantado,Adiantado
648366,3,34901,388,Equilibrado,Equilibrado
648457,3,34901,137,Tardio,Tardio
648470,3,34901,928,Adiantado,Adiantado
648531,3,34901,517,Equilibrado,Equilibrado
648536,3,34901,197,Tardio,Tardio
648564,3,34901,452,Adiantado,Adiantado
648571,3,34901,415,Adiantado,Adiantado
648590,3,34901,43,Tardio,Tardio
648613,3,34901,203,Tardio,Tardio
648685,3,34901,586,Adiantado,Adiantado
648804,3,34901,515,Adiantado,Adiantado
648815,3,34901,1180,Equilibrado,Adiantado
648903,3,34901,96,Tardio,Tardio
648972,3,34901,40,Tardio,Tardio
649004,3,34901,1889,Equilibrado,Equilibrado
649009,3,34901,9,Tardio,Tardio
649079,3,34901,1802,Equilibrado,Equilibrado
649084,3,34901,496,Equilibrado,Equilibrado
649093,3,34901,234,Adiantado,Adiantado
649141,3,34901,280,Equilibrado,Equilibrado
649159,3,34901,444,Equilibrado,Equilibrado
649165,3,34901,205,Tardio,Tardio
649207,3,34901,892,Adiantado,Adiantado
649212,3,34901,199,Tardio,Tardio
649230,3,34901,88,Tardio,Tardio
649258,3,34901,172,Tardio,Tardio
649284,3,34901,183,Tardio,Tardio
649325,3,34901,453,Tardio,Adiantado
649379,3,34901,454,Equilibrado,Equilibrado
649400,3,34901,143,Equilibrado,Equilibrado
649434,3,34901,598,Adiantado,Adiantado
649435,3,34901,515,Equilibrado,Equilibrado
649457,3,34901,659,Equilibrado,Equilibrado
649469,3,34901,152,Adiantado,Adiantado
649619,3,34901,425,Equilibrado,Equilibrado
649735,3,34901,105,Tardio,Tardio
649806,3,34901,60,Tardio,Equilibrado
649891,3,34901,55,Tardio,Tardio
649952,3,34901,1101,Equilibrado,Equilibrado
649954,3,34901,1079,Adiantado,Adiantado
649979,3,34901,185,Adiantado,Adiantado
650031,3,34901,418,Tardio,Equilibrado
650054,3,34901,134,Adiantado,Adiantado
650108,3,34901,723,Adiantado,Adiantado
650160,3,34901,668,Adiantado,Adiantado
650170,3,34901,350,Adiantado,Adiantado
650251,3,34901,1004,Equilibrado,Equilibrado
650363,3,34901,149,Tardio,Tardio
650370,3,34901,210,Adiantado,Adiantado
650424,3,34901,609,Adiantado,Adiantado
650469,3,34901,123,Adiantado,Adiantado
650473,3,34901,925,Equilibrado,Adiantado
650570,3,34901,201,Adiantado,Adiantado
650682,3,34901,273,Tardio,Equilibrado
650758,3,34901,119,Tardio,Tardio
650861,3,34901,106,Tardio,Tardio
650866,3,34901,1159,Equilibrado,Equilibrado
650923,3,34901,60,Adiantado,Adiantado
650960,3,34901,38,Tardio,Tardio
651040,3,34901,36,Tardio,Tardio
651121,3,34901,937,Equilibrado,Equilibrado
651126,3,34901,306,Equilibrado,Equilibrado
651182,3,34901,8,Equilibrado,Equilibrado
651238,3,34901,537,Adiantado,Adiantado
651330,3,34901,63,Tardio,Tardio
651354,3,34901,636,Equilibrado,Equilibrado
651381,3,34901,629,Equilibrado,Equilibrado
651419,3,34901,771,Adiantado,Adiantado
651478,3,34901,2741,Equilibrado,Equilibrado
651498,3,34901,310,Equilibrado,Equilibrado
651555,3,34901,74,Tardio,Tardio
651598,3,34901,569,Equilibrado,Equilibrado
651693,3,34901,194,Tardio,Tardio
651881,3,34901,176,Equilibrado,Equilibrado
651927,3,34901,184,Equilibrado,Equilibrado
651990,3,34901,310,Adiantado,Adiantado
652008,3,34901,360,Adiantado,Adiantado
652064,3,34901,1144,Adiantado,Adiantado
652087,3,34901,426,Equilibrado,Equilibrado
652333,3,34901,367,Tardio,Tardio
652335,3,34901,1507,Equilibrado,Equilibrado
652438,3,34901,95,Tardio,Equilibrado
652576,3,34901,184,Adiantado,Adiantado
652625,3,34901,476,Equilibrado,Adiantado
652659,3,34901,64,Tardio,Tardio
652664,3,34901,62,Tardio,Tardio
652672,3,34901,273,Adiantado,Adiantado
652684,3,34901,858,Equilibrado,Equilibrado
652711,3,34901,522,Tardio,Tardio
652753,3,34901,488,Equilibrado,Equilibrado
652788,3,34901,502,Tardio,Equilibrado
652887,3,34901,406,Equilibrado,Equilibrado
652890,3,34901,107,Tardio,Tardio
652898,3,34901,651,Adiantado,Adiantado
652994,3,34901,57,Tardio,Tardio
653045,3,34901,646,Adiantado,Adiantado
653115,3,34901,273,Tardio,Tardio
653144,3,34901,264,Tardio,Adiantado
653297,3,34901,310,Tardio,Tardio
653301,3,34901,344,Equilibrado,Equilibrado
653381,3,34901,138,Equilibrado,Adiantado
653417,3,34901,101,Tardio,Tardio
653536,3,34901,331,Equilibrado,Equilibrado
653558,3,34901,213,Adiantado,Adiantado
653567,3,34901,181,Tardio,Tardio
653595,3,34901,242,Adiantado,Adiantado
653653,3,34901,169,Adiantado,Adiantado
653773,3,34901,556,Equilibrado,Equilibrado
653841,3,34901,1038,Tardio,Tardio
653857,3,34901,548,Tardio,Tardio
654045,3,34901,256,Equilibrado,Equilibrado
654114,3,34901,438,Adiantado,Adiantado
654169,3,34901,337,Adiantado,Adiantado
654217,3,34901,53,Equilibrado,Equilibrado
654236,3,34901,101,Adiantado,Adiantado
654260,3,34901,502,Tardio,Tardio
654339,3,34901,86,Adiantado,Adiantado
654441,3,34901,1258,Equilibrado,Equilibrado
654565,3,34901,435,Tardio,Tardio
654578,3,34901,576,Adiantado,Adiantado
654597,3,34901,489,Equilibrado,Equilibrado
654684,3,34901,218,Tardio,Tardio
654692,3,34901,217,Tardio,Tardio
654819,3,34901,1139,Adiantado,Adiantado
654824,3,34901,607,Adiantado,Adiantado
654834,3,34901,897,Adiantado,Adiantado
654852,3,34901,1185,Equilibrado,Equilibrado
654867,3,34901,724,Adiantado,Adiantado
654947,3,34901,435,Tardio,Tardio
655028,3,34901,106,Equilibrado,Equilibrado
655115,3,34901,467,Adiantado,Adiantado
655124,3,34901,111,Tardio,Tardio
655127,3,34901,590,Equilibrado,Equilibrado
655353,3,34901,381,Adiantado,Adiantado
655386,3,34901,430,Equilibrado,Adiantado
655412,3,34901,488,Adiantado,Adiantado
655445,3,34901,292,Adiantado,Adiantado
655569,3,34901,59,Adiantado,Adiantado
655796,3,34901,25,Adiantado,Adiantado
655927,3,34901,82,Tardio,Tardio
655981,3,34901,161,Adiantado,Adiantado
656065,3,34901,179,Tardio,Tardio
656086,3,34901,680,Equilibrado,Equilibrado
656092,3,34901,574,Adiantado,Adiantado
656131,3,34901,337,Adiantado,Adiantado
656158,3,34901,473,Adiantado,Adiantado
656159,3,34901,653,Adiantado,Adiantado
656165,3,34901,342,Tardio,Equilibrado
656234,3,34901,526,Tardio,Tardio
656323,3,34901,407,Adiantado,Adiantado
656353,3,34901,544,Equilibrado,Equilibrado
656414,3,34901,153,Equilibrado,Equilibrado
656436,3,34901,276,Adiantado,Adiantado
656529,3,34901,732,Tardio,Tardio
656579,3,34901,495,Tardio,Tardio
656607,3,34901,577,Tardio,Tardio
656651,3,34901,139,Equilibrado,Equilibrado
656734,3,34901,778,Equilibrado,Equilibrado
656791,3,34901,1175,Equilibrado,Equilibrado
656882,3,34901,785,Adiantado,Adiantado
656988,3,34901,170,Equilibrado,Equilibrado
656996,3,34901,184,Tardio,Tardio
657048,3,34901,106,Tardio,Tardio
657220,3,34901,75,Tardio,Tardio
657330,3,34901,341,Adiantado,Adiantado
657344,3,34901,572,Equilibrado,Equilibrado
674222,3,34901,326,Adiantado,Adiantado
674226,3,34901,90,Tardio,Tardio
674236,3,34901,506,Tardio,Tardio
674262,3,34901,604,Equilibrado,Equilibrado
674320,3,34901,306,Tardio,Tardio
674387,3,34901,504,Adiantado,Adiantado
674406,3,34901,189,Adiantado,Adiantado
674451,3,34901,367,Adiantado,Adiantado
674478,3,34901,208,Tardio,Tardio
674484,3,34901,778,Equilibrado,Equilibrado
674497,3,34901,281,Adiantado,Adiantado
674509,3,34901,1231,Adiantado,Adiantado
674584,3,34901,371,Equilibrado,Equilibrado
674594,3,34901,27,Equilibrado,Equilibrado
674644,3,34901,359,Tardio,Tardio
674657,3,34901,200,Adiantado,Adiantado
674671,3,34901,715,Adiantado,Adiantado
674691,3,34901,778,Equilibrado,Equilibrado
674694,3,34901,738,Equilibrado,Adiantado
674699,3,34901,159,Equilibrado,Equilibrado
674751,3,34901,351,Equilibrado,Equilibrado
674831,3,34901,497,Adiantado,Adiantado
674870,3,34901,712,Adiantado,Adiantado
674921,3,34901,689,Equilibrado,Equilibrado
675021,3,34901,788,Tardio,Tardio
675054,3,34901,98,Adiantado,Adiantado
675193,3,34901,551,Adiantado,Adiantado
675225,3,34901,618,Adiantado,Adiantado
675233,3,34901,1657,Adiantado,Adiantado
675261,3,34901,225,Adiantado,Adiantado
675273,3,34901,78,Tardio,Tardio
675279,3,34901,755,Adiantado,Adiantado
675315,3,34901,566,Equilibrado,Adiantado
675328,3,34901,477,Equilibrado,Equilibrado
675474,3,34901,80,Tardio,Adiantado
675566,3,34901,181,Tardio,Tardio
675577,3,34901,215,Adiantado,Adiantado
675636,3,34901,708,Equilibrado,Equilibrado
675710,3,34901,377,Equilibrado,Equilibrado
675989,3,34901,857,Equilibrado,Equilibrado
676007,3,34901,91,Adiantado,Adiantado
676064,3,34901,409,Adiantado,Adiantado
676103,3,34901,596,Equilibrado,Equilibrado
676139,3,34901,283,Tardio,Tardio
676190,3,34901,503,Equilibrado,Equilibrado
676265,3,34901,639,Adiantado,Adiantado
676272,3,34901,18,Tardio,Tardio
676303,3,34901,71,Tardio,Tardio
676378,3,34901,509,Equilibrado,Adiantado
676444,3,34901,844,Equilibrado,Equilibrado
676458,3,34901,388,Adiantado,Adiantado
676459,3,34901,625,Equilibrado,Equilibrado
676478,3,34901,347,Adiantado,Adiantado
676492,3,34901,952,Equilibrado,Equilibrado
676610,3,34901,423,Adiantado,Adiantado
676626,3,34901,647,Equilibrado,Equilibrado
676866,3,34901,784,Adiantado,Adiantado
676882,3,34901,418,Adiantado,Adiantado
677085,3,34901,148,Equilibrado,Equilibrado
677111,3,34901,818,Tardio,Equilibrado
677138,3,34901,429,Adiantado,Adiantado
677155,3,34901,404,Equilibrado,Adiantado
677167,3,34901,240,Tardio,Tardio
677206,3,34901,131,Tardio,Tardio
677221,3,34901,699,Equilibrado,Equilibrado
677235,3,34901,15,Tardio,Tardio
677382,3,34901,987,Equilibrado,Equilibrado
677400,3,34901,324,Adiantado,Adiantado
677436,3,34901,319,Tardio,Tardio
677456,3,34901,1008,Equilibrado,Adiantado
677546,3,34901,195,Equilibrado,Equilibrado
677582,3,34901,369,Tardio,Tardio
677655,3,34901,245,Adiantado,Adiantado
677687,3,34901,76,Tardio,Tardio
677748,3,34901,431,Equilibrado,Equilibrado
677767,3,34901,166,Tardio,Tardio
677833,3,34901,496,Adiantado,Adiantado
678088,3,34901,714,Equilibrado,Equilibrado
678203,3,34901,42,Tardio,Tardio
678235,3,34901,865,Adiantado,Adiantado
678270,3,34901,58,Adiantado,Adiantado
678381,3,34901,111,Equilibrado,Equilibrado
678407,3,34901,493,Adiantado,Adiantado
678452,3,34901,163,Tardio,Tardio
678528,3,34901,369,Adiantado,Adiantado
678619,3,34901,274,Tardio,Tardio
678628,3,34901,73,Tardio,Tardio
678659,3,34901,174,Tardio,Tardio
678819,3,34901,479,Adiantado,Adiantado
678859,3,34901,726,Tardio,Equilibrado
678946,3,34901,453,Equilibrado,Equilibrado
678954,3,34901,784,Equilibrado,Equilibrado
679019,3,34901,30,Tardio,Tardio
679036,3,34901,1798,Adiantado,Adiantado
679111,3,34901,435,Equilibrado,Adiantado
679189,3,34901,627,Adiantado,Adiantado
679227,3,34901,219,Adiantado,Adiantado
679237,3,34901,532,Tardio,Tardio
679262,3,34901,52,Tardio,Tardio
679278,3,34901,217,Equilibrado,Adiantado
679342,3,34901,294,Adiantado,Adiantado
679384,3,34901,874,Equilibrado,Equilibrado
679386,3,34901,171,Adiantado,Adiantado
679402,3,34901,285,Adiantado,Adiantado
679445,3,34901,627,Equilibrado,Equilibrado
679448,3,34901,1175,Equilibrado,Equilibrado
679498,3,34901,151,Equilibrado,Equilibrado
679509,3,34901,56,Tardio,Tardio
679594,3,34901,577,Equilibrado,Equilibrado
679676,3,34901,686,Equilibrado,Adiantado
679788,3,34901,461,Tardio,Tardio
679790,3,34901,124,Adiantado,Adiantado
679939,3,34901,110,Tardio,Tardio
680014,3,34901,385,Adiantado,Adiantado
680018,3,34901,266,Tardio,Tardio
680027,3,34901,1406,Equilibrado,Equilibrado
680080,3,34901,968,Equilibrado,Adiantado
680145,3,34901,60,Tardio,Tardio
680212,3,34901,22,Tardio,Tardio
680266,3,34901,762,Adiantado,Adiantado
680270,3,34901,433,Adiantado,Adiantado
680322,3,34901,352,Adiantado,Adiantado
680343,3,34901,536,Tardio,Tardio
680348,3,34901,616,Adiantado,Adiantado
680443,3,34901,1126,Equilibrado,Equilibrado
680464,3,34901,464,Adiantado,Adiantado
680506,3,34901,229,Tardio,Tardio
680572,3,34901,306,Adiantado,Adiantado
680708,3,34901,106,Adiantado,Adiantado
680713,3,34901,489,Equilibrado,Equilibrado
680747,3,34901,230,Tardio,Tardio
680775,3,34901,64,Adiantado,Adiantado
680810,3,34901,622,Tardio,Tardio
680872,3,34901,110,Adiantado,Adiantado
680912,3,34901,276,Adiantado,Adiantado
680955,3,34901,911,Adiantado,Adiantado
680974,3,34901,79,Tardio,Tardio
681004,3,34901,693,Equilibrado,Equilibrado
681235,3,34901,217,Tardio,Tardio
681328,3,34901,619,Equilibrado,Adiantado
681341,3,34901,262,Tardio,Tardio
681352,3,34901,734,Tardio,Equilibrado
681354,3,34901,14,Adiantado,Adiantado
681452,3,34901,95,Tardio,Tardio
681490,3,34901,763,Equilibrado,Equilibrado
681608,3,34901,43,Tardio,Tardio
681633,3,34901,337,Equilibrado,Equilibrado
681652,3,34901,107,Equilibrado,Equilibrado
681655,3,34901,863,Tardio,Tardio
681658,3,34901,257,Adiantado,Adiantado
681755,3,34901,148,Equilibrado,Equilibrado
681763,3,34901,1621,Adiantado,Adiantado
681938,3,34901,273,Tardio,Tardio
681973,3,34901,143,Tardio,Tardio
682019,3,34901,68,Tardio,Tardio
682070,3,34901,582,Equilibrado,Equilibrado
682276,3,34901,284,Adiantado,Adiantado
682298,3,34901,336,Adiantado,Adiantado
682358,3,34901,160,Adiantado,Adiantado
682390,3,34901,49,Equilibrado,Equilibrado
682436,3,34901,368,Tardio,Tardio
682437,3,34901,877,Adiantado,Adiantado
682511,3,34901,444,Equilibrado,Equilibrado
682539,3,34901,458,Equilibrado,Equilibrado
682569,3,34901,753,Equilibrado,Equilibrado
682588,3,34901,532,Tardio,Tardio
682613,3,34901,595,Equilibrado,Equilibrado
682632,3,34901,663,Adiantado,Adiantado
682695,3,34901,388,Equilibrado,Equilibrado
682753,3,34901,474,Equilibrado,Adiantado
682839,3,34901,830,Tardio,Adiantado
682894,3,34901,143,Adiantado,Adiantado
682963,3,34901,905,Equilibrado,Equilibrado
682981,3,34901,915,Adiantado,Adiantado
682983,3,34901,392,Adiantado,Adiantado
682985,3,34901,189,Tardio,Tardio
682990,3,34901,909,Adiantado,Adiantado
683033,3,34901,249,Adiantado,Adiantado
683094,3,34901,66,Adiantado,Adiantado
683178,3,34901,555,Equilibrado,Equilibrado
683243,3,34901,52,Equilibrado,Equilibrado
683305,3,34901,25,Tardio,Tardio
683346,3,34901,891,Adiantado,Adiantado
683352,3,34901,405,Equilibrado,Equilibrado
683353,3,34901,811,Equilibrado,Equilibrado
683375,3,34901,314,Adiantado,Adiantado
683403,3,34901,510,Adiantado,Adiantado
683467,3,34901,34,Tardio,Tardio
683530,3,34901,1139,Equilibrado,Equilibrado
683550,3,34901,9,Equilibrado,Equilibrado
683604,3,34901,895,Adiantado,Adiantado
683624,3,34901,791,Equilibrado,Equilibrado
683764,3,34901,204,Adiantado,Adiantado
683820,3,34901,316,Equilibrado,Adiantado
683902,3,34901,48,Tardio,Tardio
683934,3,34901,356,Adiantado,Adiantado
684013,3,34901,1125,Equilibrado,Equilibrado
684183,3,34901,237,Equilibrado,Equilibrado
684311,3,34901,242,Equilibrado,Equilibrado
684383,3,34901,390,Adiantado,Adiantado
684386,3,34901,37,Adiantado,Adiantado
684526,3,34901,99,Equilibrado,Equilibrado
684592,3,34901,293,Tardio,Tardio
684671,3,34901,70,Adiantado,Adiantado
684675,3,34901,87,Tardio,Tardio
684882,3,34901,394,Adiantado,Adiantado
684981,3,34901,974,Adiantado,Adiantado
685128,3,34901,263,Tardio,Tardio
685140,3,34901,111,Equilibrado,Equilibrado
685155,3,34901,580,Adiantado,Adiantado
685212,3,34901,867,Equilibrado,Equilibrado
685276,3,34901,1411,Adiantado,Adiantado
685283,3,34901,61,Equilibrado,Equilibrado
685330,3,34901,1282,Adiantado,Adiantado
685339,3,34901,195,Adiantado,Adiantado
685367,3,34901,110,Tardio,Tardio
685373,3,34901,601,Adiantado,Adiantado
685410,3,34901,906,Adiantado,Adiantado
685619,3,34901,38,Tardio,Tardio
685705,3,34901,489,Equilibrado,Equilibrado
685708,3,34901,355,Adiantado,Adiantado
685772,3,34901,893,Equilibrado,Equilibrado
685831,3,34901,286,Tardio,Adiantado
686065,3,34901,469,Adiantado,Adiantado
686314,3,34901,207,Adiantado,Adiantado
686317,3,34901,161,Tardio,Tardio
686344,3,34901,546,Equilibrado,Equilibrado
686348,3,34901,862,Equilibrado,Equilibrado
686498,3,34901,488,Adiantado,Adiantado
686522,3,34901,162,Adiantado,Adiantado
686558,3,34901,62,Tardio,Tardio
686700,3,34901,31,Tardio,Tardio
686705,3,34901,385,Adiantado,Adiantado
686786,3,34901,158,Adiantado,Adiantado
686946,3,34901,71,Tardio,Equilibrado
687033,3,34901,22,Tardio,Tardio
687073,3,34901,222,Equilibrado,Equilibrado
687112,3,34901,416,Tardio,Tardio
687115,3,34901,112,Tardio,Tardio
687345,3,34901,121,Equilibrado,Equilibrado
687351,3,34901,336,Tardio,Tardio
687410,3,34901,333,Tardio,Tardio
687434,3,34901,1073,Equilibrado,Equilibrado
687468,3,34901,502,Adiantado,Adiantado
687485,3,34901,465,Tardio,Equilibrado
687503,3,34901,809,Equilibrado,Adiantado
687686,3,34901,398,Tardio,Tardio
687846,3,34901,46,Tardio,Tardio
687910,3,34901,502,Adiantado,Adiantado
687930,3,34901,284,Tardio,Tardio
687931,3,34901,510,Adiantado,Adiantado
687988,3,34901,685,Equilibrado,Equilibrado
688008,3,34901,280,Adiantado,Adiantado
688127,3,34901,353,Tardio,Tardio
688136,3,34901,338,Adiantado,Adiantado
688192,3,34901,509,Equilibrado,Equilibrado
688225,3,34901,663,Equilibrado,Equilibrado
688265,3,34901,96,Equilibrado,Equilibrado
688337,3,34901,217,Tardio,Tardio
688470,3,34901,93,Tardio,Tardio
688543,3,34901,229,Adiantado,Adiantado
688667,3,34901,907,Equilibrado,Equilibrado
688685,3,34901,312,Adiantado,Adiantado
688727,3,34901,1039,Equilibrado,Equilibrado
688891,3,34901,644,Adiantado,Adiantado
688895,3,34901,1101,Equilibrado,Equilibrado
688904,3,34901,454,Adiantado,Adiantado
689005,3,34901,87,Equilibrado,Equilibrado
689056,3,34901,26,Tardio,Tardio
689260,3,34901,361,Adiantado,Adiantado
689280,3,34901,1131,Adiantado,Adiantado
689347,3,34901,192,Equilibrado,Equilibrado
689444,3,34901,172,Tardio,Tardio
689796,3,34901,771,Equilibrado,Equilibrado
689832,3,34901,368,Equilibrado,Equilibrado
689855,3,34901,487,Equilibrado,Equilibrado
689924,3,34901,177,Equilibrado,Equilibrado
690075,3,34901,88,Tardio,Tardio
690198,3,34901,297,Adiantado,Adiantado
690382,3,34901,40,Tardio,Tardio
690628,3,34901,706,Equilibrado,Equilibrado
690635,3,34901,212,Tardio,Tardio
690746,3,34901,1052,Adiantado,Adiantado
690832,3,34901,67,Adiantado,Adiantado
690872,3,34901,926,Tardio,Tardio
690962,3,34901,22,Tardio,Tardio
691269,3,34901,695,Adiantado,Adiantado
691280,3,34901,116,Tardio,Tardio
691326,3,34901,444,Adiantado,Adiantado
691375,3,34901,159,Equilibrado,Equilibrado
691465,3,34901,272,Equilibrado,Equilibrado
691699,3,34901,198,Tardio,Tardio
691722,3,34901,686,Equilibrado,Equilibrado
691873,3,34901,56,Equilibrado,Equilibrado
691932,3,34901,959,Equilibrado,Equilibrado
692010,3,34901,794,Equilibrado,Equilibrado
692097,3,34901,748,Equilibrado,Equilibrado
692220,3,34901,441,Tardio,Equilibrado
692301,3,34901,50,Tardio,Tardio
692334,3,34901,447,Equilibrado,Equilibrado
692454,3,34901,704,Equilibrado,Adiantado
692612,3,34901,1301,Equilibrado,Equilibrado
692893,3,34901,164,Tardio,Tardio
692946,3,34901,53,Adiantado,Adiantado
692962,3,34901,557,Adiantado,Adiantado
692968,3,34901,65,Tardio,Tardio
693160,3,34901,454,Equilibrado,Equilibrado
693162,3,34901,774,Equilibrado,Equilibrado
693197,3,34901,77,Tardio,Tardio
693236,3,34901,306,Adiantado,Adiantado
693345,3,34901,195,Adiantado,Adiantado
693373,3,34901,103,Adiantado,Adiantado
693497,3,34901,575,Equilibrado,Equilibrado
693519,3,34901,25,Tardio,Tardio
693628,3,34901,506,Adiantado,Adiantado
693764,3,34901,57,Tardio,Tardio
693806,3,34901,412,Adiantado,Adiantado
693873,3,34901,190,Tardio,Tardio
693903,3,34901,301,Equilibrado,Equilibrado
693907,3,34901,298,Tardio,Tardio
694128,3,34901,276,Equilibrado,Equilibrado
694144,3,34901,278,Tardio,Tardio
694221,3,34901,71,Equilibrado,Equilibrado
694456,3,34901,33,Adiantado,Adiantado
694622,3,34901,379,Equilibrado,Equilibrado
694716,3,34901,593,Adiantado,Adiantado
694827,3,34901,185,Tardio,Tardio
694836,3,34901,247,Equilibrado,Equilibrado
694848,3,34901,299,Adiantado,Adiantado
695090,3,34901,116,Tardio,Tardio
695169,3,34901,186,Tardio,Tardio
695471,3,34901,630,Adiantado,Adiantado
695485,3,34901,77,Equilibrado,Equilibrado
695637,3,34901,337,Adiantado,Adiantado
695729,3,34901,1615,Adiantado,Adiantado
695803,3,34901,381,Equilibrado,Equilibrado
695825,3,34901,469,Adiantado,Adiantado
695869,3,34901,824,Equilibrado,Equilibrado
696039,3,34901,167,Adiantado,Adiantado
696043,3,34901,128,Tardio,Tardio
696082,3,34901,316,Tardio,Adiantado
696188,3,34901,53,Tardio,Tardio
696275,3,34901,1440,Equilibrado,Adiantado
696318,3,34901,377,Equilibrado,Equilibrado
696329,3,34901,818,Adiantado,Adiantado
696347,3,34901,407,Adiantado,Adiantado
696364,3,34901,159,Equilibrado,Equilibrado
696583,3,34901,429,Adiantado,Adiantado
696653,3,34901,204,Tardio,Tardio
696659,3,34901,78,Adiantado,Adiantado
696662,3,34901,1309,Adiantado,Adiantado
696666,3,34901,32,Tardio,Tardio
696671,3,34901,258,Equilibrado,Equilibrado
696672,3,34901,41,Tardio,Tardio
696674,3,34901,116,Equilibrado,Equilibrado
696678,3,34901,168,Tardio,Tardio
696729,3,34901,427,Equilibrado,Adiantado
697027,3,34901,577,Equilibrado,Equilibrado
697114,3,34901,59,Tardio,Tardio
697255,3,34901,562,Tardio,Tardio
697438,3,34901,630,Adiantado,Adiantado
697478,3,34901,127,Adiantado,Adiantado
697878,3,34901,627,Tardio,Tardio
697998,3,34901,73,Equilibrado,Equilibrado
698384,3,34901,407,Adiantado,Adiantado
698485,3,34901,282,Equilibrado,Equilibrado
698656,3,34901,602,Adiantado,Adiantado
699126,3,34901,53,Tardio,Tardio
699127,3,34901,96,Tardio,Tardio
699128,3,34901,88,Tardio,Tardio
895524,3,34901,1572,Equilibrado,Equilibrado
1042726,3,34901,183,Tardio,Tardio
1318759,3,34901,380,Adiantado,Adiantado
1348205,3,34901,1260,Adiantado,Adiantado
1391717,3,34901,180,Tardio,Tardio
1409532,3,34901,359,Equilibrado,Adiantado
1413902,3,34901,343,Adiantado,Adiantado
1448966,3,34901,33,Tardio,Tardio
1450604,3,34901,565,Adiantado,Adiantado
1473878,3,34901,125,Adiantado,Adiantado
1501577,3,34901,193,Adiantado,Adiantado
1532711,3,34901,309,Tardio,Tardio
1585671,3,34901,517,Equilibrado,Equilibrado
1603549,3,34901,113,Tardio,Tardio
1631797,3,34901,177,Tardio,Adiantado
1639699,3,34901,259,Equilibrado,Equilibrado
1640680,3,34901,386,Equilibrado,Equilibrado
1658963,3,34901,17,Tardio,Tardio
1722493,3,34901,911,Adiantado,Adiantado
1733664,3,34901,1491,Tardio,Tardio
1752994,3,34901,785,Equilibrado,Equilibrado
1755594,3,34901,314,Adiantado,Adiantado
1771775,3,34901,295,Tardio,Tardio
1796402,3,34901,102,Tardio,Tardio
1810759,3,34901,149,Adiantado,Adiantado
1816458,3,34901,817,Adiantado,Adiantado
1817710,3,34901,209,Tardio,Tardio
1818385,3,34901,433,Equilibrado,Adiantado
1836241,3,34901,569,Adiantado,Adiantado
1837138,3,34901,1998,Adiantado,Adiantado
1856869,3,34901,199,Equilibrado,Equilibrado
1871598,3,34901,1781,Equilibrado,Adiantado
1871684,3,34901,125,Adiantado,Adiantado
1877902,3,34901,742,Equilibrado,Adiantado
1879321,3,34901,836,Equilibrado,Equilibrado
1881231,3,34901,329,Adiantado,Adiantado
1887108,3,34901,835,Equilibrado,Equilibrado
1889752,3,34901,300,Adiantado,Adiantado
1944167,3,34901,226,Adiantado,Adiantado
1948159,3,34901,213,Equilibrado,Equilibrado
1962049,3,34901,1734,Equilibrado,Equilibrado
1962062,3,34901,298,Adiantado,Adiantado
1972092,3,34901,1069,Equilibrado,Adiantado
1995177,3,34901,406,Adiantado,Adiantado
1998834,3,34901,110,Adiantado,Adiantado
2017487,3,34901,743,Adiantado,Adiantado
2020628,3,34901,1236,Equilibrado,Equilibrado
2026075,3,34901,670,Equilibrado,Equilibrado
2029571,3,34901,459,Equilibrado,Equilibrado
2035700,3,34901,1368,Adiantado,Adiantado
2047575,3,34901,792,Equilibrado,Equilibrado
2065972,3,34901,465,Equilibrado,Equilibrado
2067799,3,34901,53,Tardio,Tardio
2081123,3,34901,194,Equilibrado,Equilibrado
2096251,3,34901,371,Equilibrado,Adiantado
2103552,3,34901,289,Adiantado,Adiantado
2106955,3,34901,1179,Equilibrado,Equilibrado
2128283,3,34901,862,Adiantado,Adiantado
2138970,3,34901,103,Adiantado,Adiantado
2140300,3,34901,741,Adiantado,Adiantado
2143312,3,34901,1448,Equilibrado,Equilibrado
2143440,3,34901,519,Equilibrado,Equilibrado
2154361,3,34901,195,Tardio,Tardio
2160316,3,34901,1291,Equilibrado,Equilibrado
2178837,3,34901,1258,Equilibrado,Equilibrado
2180090,3,34901,1841,Equilibrado,Equilibrado
2185729,3,34901,633,Equilibrado,Equilibrado
2197766,3,34901,376,Equilibrado,Equilibrado
2254637,3,34901,493,Adiantado,Adiantado
2274542,3,34901,441,Equilibrado,Equilibrado
2278101,3,34901,183,Tardio,Tardio
2293511,3,34901,889,Adiantado,Adiantado
2298106,3,34901,1180,Tardio,Tardio
2298895,3,34901,782,Adiantado,Adiantado
2301830,3,34901,828,Adiantado,Adiantado
2306410,3,34901,197,Adiantado,Adiantado
2316717,3,34901,736,Tardio,Tardio
2339267,3,34901,345,Tardio,Tardio
2341420,3,34901,333,Equilibrado,Equilibrado
2343785,3,34901,517,Adiantado,Adiantado
2351969,3,34901,111,Tardio,Tardio
2360559,3,34901,938,Equilibrado,Adiantado
2366656,3,34901,199,Tardio,Tardio
2378208,3,34901,390,Tardio,Tardio
2386732,3,34901,605,Equilibrado,Adiantado
2399758,3,34901,217,Adiantado,Adiantado
2403701,3,34901,1836,Equilibrado,Equilibrado
2417975,3,34901,731,Equilibrado,Equilibrado
2424257,3,34901,433,Equilibrado,Equilibrado
2427845,3,34901,803,Equilibrado,Equilibrado
2438784,3,34901,379,Tardio,Tardio
2457440,3,34901,99,Adiantado,Adiantado
2459292,3,34901,106,Tardio,Tardio
2480886,3,34901,419,Adiantado,Adiantado
2482710,3,34901,468,Tardio,Tardio
2486930,3,34901,127,Tardio,Tardio
2499307,3,34901,329,Equilibrado,Equilibrado
2519138,3,34901,435,Adiantado,Adiantado
2529419,3,34901,316,Equilibrado,Equilibrado
2530976,3,34901,187,Adiantado,Adiantado
2537777,3,34901,288,Adiantado,Adiantado
2540871,3,34901,439,Equilibrado,Equilibrado
2542209,3,34901,677,Adiantado,Adiantado
2544643,3,34901,743,Equilibrado,Equilibrado
2544766,3,34901,70,Adiantado,Adiantado
2546315,3,34901,177,Tardio,Tardio
2550534,3,34901,392,Tardio,Tardio
2557008,3,34901,781,Adiantado,Adiantado
2558365,3,34901,78,Tardio,Tardio
2559144,3,34901,35,Tardio,Tardio
2563095,3,34901,335,Tardio,Tardio
2579891,3,34901,313,Equilibrado,Equilibrado
2584244,3,34901,236,Adiantado,Adiantado
2597117,3,34901,920,Adiantado,Adiantado
2599883,3,34901,522,Equilibrado,Equilibrado
2602542,3,34901,813,Tardio,Equilibrado
2603027,3,34901,1220,Adiantado,Adiantado
2612102,3,34901,757,Tardio,Equilibrado
2624028,3,34901,254,Adiantado,Adiantado
2641156,3,34901,209,Equilibrado,Equilibrado
2642532,3,34901,187,Equilibrado,Equilibrado
2643472,3,34901,162,Tardio,Tardio
2643829,3,34901,73,Adiantado,Adiantado
2649948,3,34901,236,Equilibrado,Equilibrado
2657913,3,34901,334,Tardio,Tardio
2658856,3,34901,524,Equilibrado,Adiantado
2667478,3,34901,123,Adiantado,Adiantado
2681198,3,34901,421,Equilibrado,Equilibrado
2682682,3,34901,367,Tardio,Tardio
2683857,3,34901,972,Tardio,Tardio
2686035,3,34901,118,Tardio,Tardio
2693932,3,34901,499,Equilibrado,Equilibrado
2694139,3,34901,755,Equilibrado,Equilibrado
2697921,3,34901,122,Tardio,Tardio
31296,4,34902,42,Adiantado,Adiantado
40878,4,34902,480,Equilibrado,Equilibrado
42552,4,34902,790,Equilibrado,Equilibrado
45423,4,34902,124,Adiantado,Adiantado
47861,4,34902,811,Equilibrado,Equilibrado
56637,4,34902,711,Equilibrado,Adiantado
56667,4,34902,42,Adiantado,Adiantado
58884,4,34902,1099,Equilibrado,Equilibrado
64427,4,34902,974,Equilibrado,Equilibrado
71159,4,34902,659,Tardio,Tardio
74165,4,34902,12,Tardio,Tardio
75107,4,34902,1210,Equilibrado,Equilibrado
77692,4,34902,220,Tardio,Tardio
77995,4,34902,50,Adiantado,Adiantado
79610,4,34902,480,Adiantado,Adiantado
80438,4,34902,1665,Adiantado,Adiantado
84604,4,34902,1357,Equilibrado,Equilibrado
87264,4,34902,1628,Equilibrado,Equilibrado
87322,4,34902,167,Tardio,Tardio
102854,4,34902,959,Equilibrado,Equilibrado
105939,4,34902,302,Equilibrado,Equilibrado
107455,4,34902,154,Equilibrado,Equilibrado
108949,4,34902,63,Tardio,Tardio
119310,4,34902,479,Adiantado,Adiantado
119865,4,34902,194,Equilibrado,Equilibrado
125063,4,34902,347,Tardio,Tardio
129907,4,34902,892,Equilibrado,Adiantado
130409,4,34902,15,Adiantado,Adiantado
131597,4,34902,738,Equilibrado,Equilibrado
132475,4,34902,568,Adiantado,Adiantado
135280,4,34902,164,Tardio,Tardio
136944,4,34902,227,Equilibrado,Equilibrado
139206,4,34902,679,Equilibrado,Equilibrado
142310,4,34902,387,Equilibrado,Equilibrado
149178,4,34902,268,Adiantado,Adiantado
150282,4,34902,105,Tardio,Tardio
152524,4,34902,1172,Adiantado,Adiantado
152917,4,34902,1408,Equilibrado,Equilibrado
155938,4,34902,318,Tardio,Tardio
159906,4,34902,284,Tardio,Tardio
159947,4,34902,278,Adiantado,Adiantado
164148,4,34902,794,Equilibrado,Equilibrado
166123,4,34902,488,Equilibrado,Equilibrado
170874,4,34902,499,Equilibrado,Equilibrado
171692,4,34902,82,Adiantado,Adiantado
172493,4,34902,764,Adiantado,Adiantado
173412,4,34902,769,Tardio,Adiantado
177492,4,34902,524,Equilibrado,Equilibrado
185994,4,34902,539,Adiantado,Adiantado
194163,4,34902,657,Equilibrado,Equilibrado
195246,4,34902,581,Equilibrado,Equilibrado
195552,4,34902,1985,Adiantado,Adiantado
197536,4,34902,176,Tardio,Tardio
199009,4,34902,728,Tardio,Equilibrado
226955,4,34902,207,Adiantado,Adiantado
228633,4,34902,159,Tardio,Equilibrado
229498,4,34902,603,Adiantado,Adiantado
232173,4,34902,591,Equilibrado,Equilibrado
234661,4,34902,426,Tardio,Tardio
235768,4,34902,47,Tardio,Tardio
235971,4,34902,495,Equilibrado,Adiantado
236090,4,34902,623,Adiantado,Adiantado
237891,4,34902,309,Adiantado,Adiantado
249357,4,34902,324,Equilibrado,Equilibrado
251166,4,34902,748,Equilibrado,Equilibrado
253633,4,34902,312,Adiantado,Adiantado
253763,4,34902,805,Equilibrado,Equilibrado
258245,4,34902,282,Adiantado,Adiantado
258509,4,34902,332,Equilibrado,Equilibrado
258978,4,34902,308,Tardio,Tardio
262025,4,34902,410,Tardio,Tardio
262394,4,34902,176,Tardio,Tardio
263862,4,34902,270,Equilibrado,Adiantado
265497,4,34902,228,Adiantado,Adiantado
269584,4,34902,102,Adiantado,Adiantado
270421,4,34902,239,Tardio,Tardio
278380,4,34902,230,Tardio,Tardio
279440,4,34902,107,Tardio,Adiantado
279653,4,34902,785,Equilibrado,Equilibrado
281134,4,34902,702,Equilibrado,Equilibrado
282849,4,34902,1126,Equilibrado,Equilibrado
283402,4,34902,904,Adiantado,Adiantado
286778,4,34902,453,Tardio,Equilibrado
287079,4,34902,253,Equilibrado,Equilibrado
287258,4,34902,627,Adiantado,Adiantado
289247,4,34902,637,Equilibrado,Equilibrado
294219,4,34902,533,Tardio,Tardio
294929,4,34902,868,Equilibrado,Equilibrado
297218,4,34902,41,Adiantado,Adiantado
297341,4,34902,250,Adiantado,Adiantado
301074,4,34902,437,Equilibrado,Equilibrado
305064,4,34902,1014,Equilibrado,Equilibrado
305659,4,34902,73,Tardio,Tardio
310205,4,34902,577,Tardio,Equilibrado
312231,4,34902,51,Tardio,Tardio
312960,4,34902,37,Tardio,Tardio
315795,4,34902,39,Equilibrado,Equilibrado
316082,4,34902,481,Tardio,Tardio
318147,4,34902,1085,Adiantado,Adiantado
319073,4,34902,283,Tardio,Tardio
320133,4,34902,907,Adiantado,Adiantado
320612,4,34902,751,Equilibrado,Adiantado
328797,4,34902,258,Tardio,Tardio
329895,4,34902,145,Equilibrado,Equilibrado
331789,4,34902,673,Equilibrado,Equilibrado
333993,4,34902,407,Equilibrado,Equilibrado
335095,4,34902,527,Tardio,Tardio
337000,4,34902,624,Equilibrado,Adiantado
338689,4,34902,600,Adiantado,Adiantado
338806,4,34902,110,Tardio,Tardio
339519,4,34902,494,Tardio,Tardio
341629,4,34902,436,Equilibrado,Equilibrado
343709,4,34902,59,Tardio,Tardio
345271,4,34902,878,Adiantado,Adiantado
347197,4,34902,1051,Equilibrado,Equilibrado
348108,4,34902,195,Tardio,Tardio
348324,4,34902,331,Adiantado,Adiantado
349515,4,34902,14,Tardio,Tardio
351147,4,34902,615,Equilibrado,Equilibrado
354698,4,34902,147,Tardio,Tardio
355293,4,34902,396,Equilibrado,Equilibrado
364066,4,34902,694,Equilibrado,Equilibrado
366140,4,34902,1037,Equilibrado,Equilibrado
367151,4,34902,689,Tardio,Tardio
369242,4,34902,323,Adiantado,Adiantado
369450,4,34902,974,Equilibrado,Equilibrado
370735,4,34902,306,Tardio,Tardio
372345,4,34902,124,Tardio,Tardio
372509,4,34902,91,Adiantado,Adiantado
372511,4,34902,78,Tardio,Tardio
375527,4,34902,425,Tardio,Tardio
378946,4,34902,1297,Adiantado,Adiantado
380952,4,34902,162,Adiantado,Adiantado
381257,4,34902,760,Equilibrado,Equilibrado
381414,4,34902,109,Equilibrado,Adiantado
383445,4,34902,27,Adiantado,Adiantado
383602,4,34902,879,Adiantado,Adiantado
383629,4,34902,140,Adiantado,Adiantado
384107,4,34902,80,Tardio,Adiantado
386389,4,34902,435,Tardio,Equilibrado
390070,4,34902,39,Adiantado,Adiantado
396683,4,34902,196,Tardio,Tardio
396834,4,34902,325,Adiantado,Adiantado
396907,4,34902,340,Tardio,Tardio
397219,4,34902,1527,Equilibrado,Adiantado
397671,4,34902,601,Equilibrado,Equilibrado
398550,4,34902,442,Adiantado,Adiantado
398630,4,34902,167,Tardio,Tardio
399429,4,34902,674,Adiantado,Adiantado
402695,4,34902,730,Tardio,Tardio
405193,4,34902,1731,Equilibrado,Equilibrado
407232,4,34902,1882,Equilibrado,Equilibrado
410407,4,34902,433,Adiantado,Adiantado
410883,4,34902,320,Tardio,Tardio
411304,4,34902,281,Tardio,Tardio
412353,4,34902,862,Adiantado,Adiantado
413180,4,34902,1595,Equilibrado,Equilibrado
413709,4,34902,484,Equilibrado,Equilibrado
413949,4,34902,878,Equilibrado,Equilibrado
416199,4,34902,545,Adiantado,Adiantado
416407,4,34902,789,Equilibrado,Equilibrado
419059,4,34902,272,Tardio,Tardio
423210,4,34902,274,Tardio,Tardio
423488,4,34902,195,Tardio,Tardio
423781,4,34902,505,Adiantado,Adiantado
427256,4,34902,618,Equilibrado,Equilibrado
429832,4,34902,40,Tardio,Tardio
431139,4,34902,569,Adiantado,Adiantado
434476,4,34902,2834,Equilibrado,Equilibrado
439950,4,34902,58,Tardio,Tardio
439995,4,34902,322,Equilibrado,Equilibrado
440818,4,34902,803,Equilibrado,Equilibrado
441165,4,34902,75,Equilibrado,Equilibrado
442199,4,34902,95,Tardio,Equilibrado
442563,4,34902,238,Adiantado,Adiantado
442802,4,34902,596,Equilibrado,Equilibrado
443151,4,34902,188,Tardio,Tardio
443514,4,34902,330,Equilibrado,Equilibrado
443696,4,34902,295,Tardio,Equilibrado
444011,4,34902,474,Equilibrado,Equilibrado
444619,4,34902,2312,Equilibrado,Equilibrado
444907,4,34902,306,Tardio,Equilibrado
445686,4,34902,10,Equilibrado,Adiantado
465121,4,34902,74,Adiantado,Adiantado
465294,4,34902,530,Equilibrado,Equilibrado
466120,4,34902,237,Equilibrado,Equilibrado
466987,4,34902,546,Adiantado,Adiantado
467363,4,34902,68,Tardio,Tardio
469499,4,34902,1527,Equilibrado,Equilibrado
471284,4,34902,219,Tardio,Tardio
474667,4,34902,557,Tardio,Tardio
475015,4,34902,340,Equilibrado,Equilibrado
476401,4,34902,1382,Equilibrado,Equilibrado
476629,4,34902,232,Equilibrado,Equilibrado
477833,4,34902,1297,Equilibrado,Equilibrado
479939,4,34902,1756,Equilibrado,Equilibrado
481717,4,34902,462,Equilibrado,Equilibrado
482644,4,34902,549,Equilibrado,Equilibrado
483037,4,34902,745,Adiantado,Adiantado
484010,4,34902,290,Equilibrado,Equilibrado
484594,4,34902,1366,Equilibrado,Equilibrado
485228,4,34902,624,Adiantado,Adiantado
486087,4,34902,708,Adiantado,Adiantado
486964,4,34902,37,Tardio,Tardio
488525,4,34902,524,Equilibrado,Equilibrado
489553,4,34902,49,Adiantado,Adiantado
491126,4,34902,566,Equilibrado,Equilibrado
491756,4,34902,91,Equilibrado,Equilibrado
491863,4,34902,427,Adiantado,Adiantado
492024,4,34902,369,Tardio,Tardio
493793,4,34902,650,Tardio,Tardio
494046,4,34902,831,Equilibrado,Equilibrado
494184,4,34902,244,Equilibrado,Equilibrado
497415,4,34902,118,Equilibrado,Equilibrado
498442,4,34902,744,Equilibrado,Equilibrado
499404,4,34902,796,Equilibrado,Equilibrado
500068,4,34902,705,Equilibrado,Equilibrado
500618,4,34902,94,Equilibrado,Equilibrado
501444,4,34902,673,Equilibrado,Equilibrado
501897,4,34902,360,Adiantado,Adiantado
502011,4,34902,451,Equilibrado,Equilibrado
505773,4,34902,587,Equilibrado,Equilibrado
506705,4,34902,229,Tardio,Tardio
507743,4,34902,814,Equilibrado,Equilibrado
507935,4,34902,715,Adiantado,Adiantado
508626,4,34902,1456,Equilibrado,Equilibrado
509536,4,34902,726,Adiantado,Adiantado
511309,4,34902,257,Adiantado,Adiantado
511981,4,34902,363,Adiantado,Adiantado
513422,4,34902,209,Tardio,Tardio
513428,4,34902,322,Equilibrado,Equilibrado
514078,4,34902,1177,Equilibrado,Equilibrado
514556,4,34902,468,Equilibrado,Adiantado
516602,4,34902,56,Tardio,Tardio
517551,4,34902,467,Tardio,Equilibrado
519115,4,34902,267,Tardio,Tardio
521115,4,34902,658,Adiantado,Adiantado
521255,4,34902,491,Adiantado,Adiantado
522082,4,34902,374,Equilibrado,Equilibrado
523017,4,34902,979,Equilibrado,Equilibrado
523249,4,34902,926,Adiantado,Adiantado
526721,4,34902,639,Equilibrado,Equilibrado
526819,4,34902,424,Equilibrado,Equilibrado
529693,4,34902,428,Tardio,Tardio
529991,4,34902,245,Tardio,Tardio
530148,4,34902,21,Tardio,Tardio
531018,4,34902,988,Equilibrado,Equilibrado
531871,4,34902,27,Tardio,Tardio
532254,4,34902,251,Adiantado,Adiantado
533418,4,34902,700,Equilibrado,Equilibrado
534112,4,34902,235,Adiantado,Adiantado
534457,4,34902,212,Tardio,Tardio
535671,4,34902,372,Adiantado,Adiantado
536351,4,34902,392,Adiantado,Adiantado
536475,4,34902,254,Tardio,Tardio
536963,4,34902,597,Adiantado,Adiantado
537322,4,34902,621,Equilibrado,Equilibrado
537811,4,34902,1541,Equilibrado,Equilibrado
539308,4,34902,95,Tardio,Tardio
539945,4,34902,556,Tardio,Equilibrado
540723,4,34902,1320,Equilibrado,Equilibrado
541532,4,34902,989,Equilibrado,Equilibrado
541921,4,34902,372,Equilibrado,Equilibrado
542202,4,34902,975,Adiantado,Adiantado
543010,4,34902,703,Adiantado,Adiantado
544745,4,34902,796,Tardio,Tardio
545164,4,34902,185,Adiantado,Adiantado
545962,4,34902,649,Equilibrado,Equilibrado
546547,4,34902,636,Tardio,Equilibrado
546645,4,34902,740,Tardio,Tardio
547347,4,34902,337,Equilibrado,Equilibrado
549219,4,34902,1228,Adiantado,Adiantado
549321,4,34902,486,Tardio,Tardio
549847,4,34902,949,Equilibrado,Equilibrado
550420,4,34902,605,Equilibrado,Equilibrado
550703,4,34902,825,Adiantado,Adiantado
552173,4,34902,800,Equilibrado,Equilibrado
553031,4,34902,558,Tardio,Tardio
553284,4,34902,1014,Equilibrado,Equilibrado
553813,4,34902,158,Tardio,Tardio
554063,4,34902,738,Equilibrado,Equilibrado
554525,4,34902,489,Equilibrado,Equilibrado
555049,4,34902,781,Equilibrado,Equilibrado
556126,4,34902,351,Tardio,Tardio
557085,4,34902,1536,Equilibrado,Equilibrado
557290,4,34902,371,Tardio,Equilibrado
558044,4,34902,415,Equilibrado,Equilibrado
558764,4,34902,773,Equilibrado,Equilibrado
560047,4,34902,247,Equilibrado,Equilibrado
560459,4,34902,138,Tardio,Tardio
560645,4,34902,599,Equilibrado,Equilibrado
561231,4,34902,422,Tardio,Tardio
562064,4,34902,102,Tardio,Tardio
562754,4,34902,217,Equilibrado,Equilibrado
562990,4,34902,443,Equilibrado,Equilibrado
563108,4,34902,71,Equilibrado,Equilibrado
563414,4,34902,881,Equilibrado,Equilibrado
564243,4,34902,852,Equilibrado,Equilibrado
564617,4,34902,847,Equilibrado,Equilibrado
564933,4,34902,468,Adiantado,Adiantado
565017,4,34902,1135,Equilibrado,Equilibrado
569034,4,34902,1780,Equilibrado,Equilibrado
569080,4,34902,881,Equilibrado,Equilibrado
569108,4,34902,617,Equilibrado,Equilibrado
569876,4,34902,656,Adiantado,Adiantado
570213,4,34902,426,Adiantado,Adiantado
571074,4,34902,831,Equilibrado,Equilibrado
572074,4,34902,2212,Equilibrado,Equilibrado
572213,4,34902,387,Tardio,Tardio
573583,4,34902,519,Tardio,Tardio
574527,4,34902,371,Adiantado,Adiantado
575069,4,34902,362,Equilibrado,Equilibrado
575112,4,34902,746,Equilibrado,Equilibrado
575302,4,34902,1035,Equilibrado,Equilibrado
577032,4,34902,65,Tardio,Adiantado
577533,4,34902,12,Equilibrado,Equilibrado
578152,4,34902,277,Adiantado,Adiantado
578847,4,34902,160,Adiantado,Adiantado
579660,4,34902,406,Tardio,Tardio
579686,4,34902,576,Equilibrado,Equilibrado
580459,4,34902,603,Adiantado,Adiantado
580834,4,34902,1461,Equilibrado,Equilibrado
580845,4,34902,240,Tardio,Tardio
581219,4,34902,210,Equilibrado,Equilibrado
581253,4,34902,782,Equilibrado,Equilibrado
581659,4,34902,1224,Adiantado,Adiantado
581779,4,34902,779,Equilibrado,Equilibrado
582117,4,34902,332,Adiantado,Adiantado
582266,4,34902,120,Adiantado,Adiantado
582332,4,34902,653,Equilibrado,Equilibrado
582653,4,34902,51,Tardio,Tardio
583056,4,34902,713,Equilibrado,Equilibrado
583318,4,34902,133,Tardio,Tardio
583487,4,34902,1672,Equilibrado,Equilibrado
584515,4,34902,152,Adiantado,Adiantado
585224,4,34902,627,Equilibrado,Adiantado
585261,4,34902,790,Equilibrado,Equilibrado
585284,4,34902,324,Equilibrado,Equilibrado
585503,4,34902,1227,Equilibrado,Adiantado
585572,4,34902,371,Tardio,Equilibrado
585958,4,34902,689,Adiantado,Adiantado
586906,4,34902,543,Equilibrado,Equilibrado
587571,4,34902,1117,Equilibrado,Adiantado
588128,4,34902,325,Tardio,Tardio
588628,4,34902,1132,Equilibrado,Equilibrado
589080,4,34902,1033,Adiantado,Adiantado
589162,4,34902,1196,Equilibrado,Equilibrado
589332,4,34902,833,Equilibrado,Adiantado
589389,4,34902,46,Equilibrado,Equilibrado
589828,4,34902,185,Adiantado,Adiantado
590120,4,34902,628,Tardio,Tardio
591525,4,34902,601,Adiantado,Adiantado
591581,4,34902,445,Equilibrado,Equilibrado
591946,4,34902,404,Adiantado,Adiantado
592218,4,34902,724,Equilibrado,Equilibrado
592295,4,34902,230,Adiantado,Adiantado
592558,4,34902,812,Tardio,Tardio
592939,4,34902,81,Equilibrado,Equilibrado
593136,4,34902,345,Equilibrado,Equilibrado
593563,4,34902,725,Equilibrado,Adiantado
593722,4,34902,718,Tardio,Tardio
593796,4,34902,2494,Equilibrado,Equilibrado
594065,4,34902,643,Equilibrado,Equilibrado
594122,4,34902,393,Equilibrado,Equilibrado
594229,4,34902,649,Adiantado,Adiantado
594258,4,34902,18,Tardio,Equilibrado
594636,4,34902,1217,Equilibrado,Equilibrado
595721,4,34902,349,Tardio,Tardio
595943,4,34902,700,Equilibrado,Equilibrado
596243,4,34902,304,Tardio,Tardio
596253,4,34902,513,Tardio,Tardio
596758,4,34902,594,Adiantado,Adiantado
597740,4,34902,450,Adiantado,Adiantado
597937,4,34902,473,Equilibrado,Equilibrado
598308,4,34902,444,Adiantado,Equilibrado
598540,4,34902,703,Adiantado,Adiantado
598559,4,34902,608,Adiantado,Adiantado
599865,4,34902,17,Tardio,Tardio
600071,4,34902,730,Equilibrado,Equilibrado
600773,4,34902,434,Equilibrado,Equilibrado
600893,4,34902,83,Tardio,Tardio
601008,4,34902,113,Tardio,Tardio
601235,4,34902,956,Equilibrado,Equilibrado
601271,4,34902,275,Equilibrado,Equilibrado
601820,4,34902,105,Tardio,Tardio
602594,4,34902,801,Equilibrado,Equilibrado
603648,4,34902,863,Equilibrado,Equilibrado
604567,4,34902,306,Tardio,Tardio
604614,4,34902,510,Adiantado,Adiantado
605180,4,34902,529,Tardio,Tardio
605682,4,34902,646,Equilibrado,Equilibrado
606257,4,34902,569,Tardio,Tardio
606805,4,34902,984,Adiantado,Adiantado
606904,4,34902,154,Equilibrado,Equilibrado
607243,4,34902,1867,Equilibrado,Equilibrado
607303,4,34902,708,Equilibrado,Equilibrado
607501,4,34902,824,Equilibrado,Equilibrado
607679,4,34902,1013,Equilibrado,Equilibrado
607700,4,34902,433,Tardio,Tardio
607866,4,34902,15,Equilibrado,Equilibrado
609142,4,34902,814,Equilibrado,Adiantado
609240,4,34902,549,Equilibrado,Adiantado
611603,4,34902,145,Tardio,Tardio
612842,4,34902,607,Equilibrado,Equilibrado
613165,4,34902,1730,Equilibrado,Equilibrado
613330,4,34902,693,Adiantado,Adiantado
613634,4,34902,842,Adiantado,Adiantado
613899,4,34902,1981,Equilibrado,Equilibrado
614059,4,34902,200,Tardio,Tardio
614984,4,34902,592,Adiantado,Adiantado
615266,4,34902,807,Adiantado,Adiantado
615299,4,34902,809,Equilibrado,Equilibrado
615301,4,34902,1252,Equilibrado,Equilibrado
615302,4,34902,1028,Equilibrado,Equilibrado
615306,4,34902,949,Adiantado,Adiantado
615328,4,34902,531,Adiantado,Adiantado
615340,4,34902,9,Adiantado,Adiantado
615342,4,34902,769,Equilibrado,Equilibrado
615356,4,34902,551,Equilibrado,Equilibrado
616517,4,34902,1026,Equilibrado,Adiantado
616912,4,34902,311,Equilibrado,Equilibrado
617010,4,34902,736,Equilibrado,Equilibrado
617119,4,34902,782,Tardio,Tardio
617580,4,34902,1927,Equilibrado,Equilibrado
617783,4,34902,514,Tardio,Tardio
617922,4,34902,270,Equilibrado,Equilibrado
618663,4,34902,166,Tardio,Tardio
619204,4,34902,184,Tardio,Tardio
619292,4,34902,1044,Equilibrado,Equilibrado
619321,4,34902,451,Adiantado,Adiantado
619502,4,34902,395,Tardio,Tardio
620094,4,34902,2235,Equilibrado,Equilibrado
620269,4,34902,273,Tardio,Tardio
620349,4,34902,297,Equilibrado,Equilibrado
620431,4,34902,645,Equilibrado,Equilibrado
620740,4,34902,736,Adiantado,Adiantado
620810,4,34902,141,Adiantado,Adiantado
622481,4,34902,602,Equilibrado,Equilibrado
622760,4,34902,314,Equilibrado,Equilibrado
622934,4,34902,868,Tardio,Tardio
623471,4,34902,593,Equilibrado,Equilibrado
623589,4,34902,561,Equilibrado,Equilibrado
623765,4,34902,864,Equilibrado,Equilibrado
624282,4,34902,922,Equilibrado,Equilibrado
624864,4,34902,762,Equilibrado,Equilibrado
624970,4,34902,800,Adiantado,Adiantado
625245,4,34902,578,Adiantado,Adiantado
625330,4,34902,398,Equilibrado,Equilibrado
625515,4,34902,398,Adiantado,Adiantado
625743,4,34902,609,Adiantado,Adiantado
625802,4,34902,1117,Adiantado,Adiantado
625838,4,34902,416,Equilibrado,Equilibrado
626033,4,34902,1277,Equilibrado,Equilibrado
626349,4,34902,192,Equilibrado,Equilibrado
626416,4,34902,1048,Adiantado,Adiantado
626454,4,34902,359,Tardio,Tardio
626477,4,34902,582,Equilibrado,Equilibrado
626514,4,34902,757,Equilibrado,Equilibrado
626552,4,34902,508,Adiantado,Adiantado
626579,4,34902,25,Adiantado,Adiantado
627365,4,34902,319,Adiantado,Adiantado
627829,4,34902,298,Equilibrado,Equilibrado
628149,4,34902,723,Equilibrado,Equilibrado
628157,4,34902,91,Tardio,Tardio
628383,4,34902,549,Equilibrado,Equilibrado
628521,4,34902,130,Tardio,Tardio
628888,4,34902,503,Equilibrado,Equilibrado
628964,4,34902,624,Equilibrado,Equilibrado
629029,4,34902,201,Equilibrado,Equilibrado
629182,4,34902,174,Tardio,Tardio
629491,4,34902,655,Equilibrado,Equilibrado
629818,4,34902,139,Tardio,Tardio
629922,4,34902,704,Equilibrado,Equilibrado
629944,4,34902,229,Tardio,Tardio
630109,4,34902,238,Adiantado,Adiantado
630158,4,34902,768,Equilibrado,Equilibrado
630835,4,34902,1203,Equilibrado,Adiantado
630905,4,34902,1944,Equilibrado,Equilibrado
630910,4,34902,605,Equilibrado,Equilibrado
630992,4,34902,7,Tardio,Tardio
631075,4,34902,118,Equilibrado,Adiantado
631658,4,34902,2536,Equilibrado,Equilibrado
631681,4,34902,174,Equilibrado,Equilibrado
631715,4,34902,1041,Adiantado,Adiantado
631740,4,34902,427,Adiantado,Adiantado
631837,4,34902,1191,Adiantado,Adiantado
631924,4,34902,1003,Adiantado,Adiantado
632074,4,34902,446,Equilibrado,Equilibrado
632290,4,34902,98,Tardio,Tardio
632458,4,34902,1932,Equilibrado,Equilibrado
632556,4,34902,25,Adiantado,Adiantado
632826,4,34902,449,Equilibrado,Adiantado
632836,4,34902,680,Equilibrado,Equilibrado
633079,4,34902,517,Equilibrado,Equilibrado
633516,4,34902,212,Tardio,Tardio
633555,4,34902,982,Equilibrado,Adiantado
633568,4,34902,498,Equilibrado,Equilibrado
633867,4,34902,554,Equilibrado,Equilibrado
633931,4,34902,596,Equilibrado,Equilibrado
634088,4,34902,275,Tardio,Tardio
634512,4,34902,452,Equilibrado,Equilibrado
634526,4,34902,879,Equilibrado,Equilibrado
634749,4,34902,1781,Equilibrado,Equilibrado
635184,4,34902,488,Equilibrado,Equilibrado
635795,4,34902,734,Equilibrado,Equilibrado
635903,4,34902,125,Tardio,Tardio
636314,4,34902,1030,Equilibrado,Adiantado
636400,4,34902,681,Adiantado,Adiantado
636408,4,34902,39,Adiantado,Adiantado
636469,4,34902,472,Tardio,Tardio
636547,4,34902,321,Adiantado,Adiantado
636565,4,34902,135,Tardio,Equilibrado
636656,4,34902,321,Adiantado,Adiantado
636704,4,34902,165,Tardio,Tardio
636783,4,34902,1068,Adiantado,Adiantado
636830,4,34902,1002,Adiantado,Adiantado
636832,4,34902,1519,Equilibrado,Equilibrado
637004,4,34902,1023,Equilibrado,Equilibrado
637089,4,34902,97,Tardio,Tardio
637358,4,34902,216,Tardio,Equilibrado
637514,4,34902,157,Tardio,Equilibrado
637582,4,34902,225,Adiantado,Adiantado
637708,4,34902,953,Equilibrado,Equilibrado
637906,4,34902,200,Tardio,Equilibrado
637939,4,34902,52,Tardio,Tardio
637980,4,34902,791,Equilibrado,Adiantado
638034,4,34902,731,Adiantado,Adiantado
638388,4,34902,265,Tardio,Tardio
638411,4,34902,1560,Equilibrado,Adiantado
638498,4,34902,422,Adiantado,Adiantado
638515,4,34902,153,Tardio,Adiantado
638625,4,34902,753,Equilibrado,Adiantado
638655,4,34902,778,Equilibrado,Equilibrado
638677,4,34902,346,Adiantado,Adiantado
638831,4,34902,468,Tardio,Equilibrado
639028,4,34902,473,Tardio,Tardio
639231,4,34902,422,Adiantado,Adiantado
639234,4,34902,566,Equilibrado,Equilibrado
639522,4,34902,50,Tardio,Tardio
640098,4,34902,599,Equilibrado,Equilibrado
640278,4,34902,2970,Equilibrado,Equilibrado
640329,4,34902,859,Equilibrado,Equilibrado
640429,4,34902,1112,Equilibrado,Equilibrado
640711,4,34902,693,Equilibrado,Adiantado
640752,4,34902,313,Tardio,Equilibrado
640848,4,34902,15,Equilibrado,Equilibrado
640892,4,34902,443,Tardio,Tardio
640913,4,34902,91,Tardio,Tardio
640927,4,34902,782,Equilibrado,Equilibrado
641137,4,34902,1149,Equilibrado,Equilibrado
641309,4,34902,712,Equilibrado,Equilibrado
641311,4,34902,1032,Equilibrado,Equilibrado
641363,4,34902,76,Tardio,Tardio
641401,4,34902,832,Adiantado,Adiantado
641461,4,34902,413,Adiantado,Adiantado
641547,4,34902,76,Tardio,Tardio
641864,4,34902,575,Adiantado,Adiantado
641914,4,34902,1590,Equilibrado,Equilibrado
642029,4,34902,255,Equilibrado,Equilibrado
642056,4,34902,137,Tardio,Tardio
642375,4,34902,374,Equilibrado,Equilibrado
642448,4,34902,293,Adiantado,Adiantado
642449,4,34902,405,Adiantado,Adiantado
642493,4,34902,475,Adiantado,Adiantado
642498,4,34902,152,Equilibrado,Equilibrado
642551,4,34902,409,Equilibrado,Equilibrado
642740,4,34902,1022,Equilibrado,Equilibrado
642750,4,34902,1073,Adiantado,Adiantado
642843,4,34902,1119,Equilibrado,Equilibrado
642872,4,34902,2130,Equilibrado,Equilibrado
642909,4,34902,53,Tardio,Tardio
643069,4,34902,126,Adiantado,Adiantado
643202,4,34902,851,Equilibrado,Equilibrado
643220,4,34902,128,Tardio,Tardio
643273,4,34902,673,Tardio,Tardio
643326,4,34902,1156,Equilibrado,Equilibrado
643466,4,34902,739,Equilibrado,Equilibrado
643477,4,34902,1068,Adiantado,Adiantado
643496,4,34902,1232,Equilibrado,Equilibrado
643502,4,34902,178,Equilibrado,Equilibrado
643591,4,34902,702,Equilibrado,Equilibrado
643653,4,34902,298,Equilibrado,Equilibrado
643751,4,34902,1349,Equilibrado,Equilibrado
643754,4,34902,1906,Equilibrado,Equilibrado
644025,4,34902,599,Equilibrado,Equilibrado
644210,4,34902,256,Adiantado,Adiantado
644343,4,34902,44,Equilibrado,Equilibrado
644361,4,34902,3202,Equilibrado,Equilibrado
644369,4,34902,123,Tardio,Tardio
644450,4,34902,945,Equilibrado,Adiantado
644508,4,34902,557,Tardio,Adiantado
644761,4,34902,1112,Equilibrado,Equilibrado
644791,4,34902,1070,Equilibrado,Equilibrado
644818,4,34902,655,Equilibrado,Equilibrado
644936,4,34902,197,Tardio,Tardio
644974,4,34902,737,Equilibrado,Equilibrado
645020,4,34902,331,Equilibrado,Equilibrado
645078,4,34902,625,Adiantado,Adiantado
645405,4,34902,1909,Equilibrado,Equilibrado
645433,4,34902,155,Tardio,Tardio
645496,4,34902,688,Adiantado,Adiantado
645518,4,34902,722,Equilibrado,Equilibrado
645586,4,34902,143,Tardio,Tardio
645705,4,34902,275,Equilibrado,Equilibrado
645784,4,34902,201,Equilibrado,Equilibrado
645840,4,34902,649,Equilibrado,Equilibrado
645880,4,34902,101,Tardio,Tardio
645948,4,34902,176,Tardio,Tardio
645960,4,34902,169,Tardio,Tardio
645997,4,34902,504,Equilibrado,Equilibrado
646015,4,34902,424,Adiantado,Adiantado
646017,4,34902,1526,Equilibrado,Equilibrado
646053,4,34902,854,Tardio,Equilibrado
646074,4,34902,1123,Adiantado,Adiantado
646085,4,34902,783,Adiantado,Adiantado
646138,4,34902,300,Equilibrado,Equilibrado
646313,4,34902,739,Adiantado,Adiantado
646357,4,34902,612,Equilibrado,Adiantado
646402,4,34902,525,Equilibrado,Equilibrado
646460,4,34902,493,Equilibrado,Equilibrado
646539,4,34902,310,Tardio,Tardio
646540,4,34902,1074,Adiantado,Adiantado
646551,4,34902,1433,Equilibrado,Equilibrado
646638,4,34902,301,Adiantado,Adiantado
646670,4,34902,425,Tardio,Tardio
646734,4,34902,123,Tardio,Tardio
646750,4,34902,106,Adiantado,Adiantado
646778,4,34902,913,Equilibrado,Equilibrado
646990,4,34902,505,Equilibrado,Equilibrado
647040,4,34902,441,Equilibrado,Equilibrado
647154,4,34902,418,Tardio,Tardio
647169,4,34902,461,Adiantado,Adiantado
647320,4,34902,1216,Tardio,Tardio
647324,4,34902,967,Adiantado,Adiantado
647391,4,34902,81,Tardio,Equilibrado
647398,4,34902,457,Adiantado,Adiantado
647399,4,34902,822,Equilibrado,Equilibrado
647425,4,34902,3121,Equilibrado,Equilibrado
647485,4,34902,209,Tardio,Equilibrado
647496,4,34902,220,Adiantado,Adiantado
647765,4,34902,119,Tardio,Tardio
647841,4,34902,224,Equilibrado,Equilibrado
647898,4,34902,413,Adiantado,Adiantado
647910,4,34902,151,Tardio,Tardio
647945,4,34902,311,Equilibrado,Equilibrado
647987,4,34902,104,Tardio,Tardio
648027,4,34902,179,Tardio,Tardio
648037,4,34902,1021,Equilibrado,Equilibrado
648038,4,34902,735,Equilibrado,Equilibrado
648040,4,34902,854,Equilibrado,Equilibrado
648086,4,34902,324,Equilibrado,Equilibrado
648105,4,34902,549,Tardio,Equilibrado
648114,4,34902,749,Equilibrado,Equilibrado
648116,4,34902,700,Equilibrado,Adiantado
648140,4,34902,126,Equilibrado,Equilibrado
648254,4,34902,350,Tardio,Tardio
648287,4,34902,467,Equilibrado,Equilibrado
648365,4,34902,1018,Equilibrado,Equilibrado
648366,4,34902,664,Equilibrado,Adiantado
648457,4,34902,350,Tardio,Tardio
648470,4,34902,852,Equilibrado,Equilibrado
648531,4,34902,870,Equilibrado,Equilibrado
648536,4,34902,142,Tardio,Tardio
648564,4,34902,796,Tardio,Tardio
648571,4,34902,592,Equilibrado,Equilibrado
648590,4,34902,324,Tardio,Tardio
648613,4,34902,443,Tardio,Tardio
648685,4,34902,377,Adiantado,Adiantado
648804,4,34902,306,Adiantado,Adiantado
648815,4,34902,1115,Equilibrado,Equilibrado
648903,4,34902,381,Tardio,Equilibrado
648972,4,34902,166,Tardio,Tardio
649004,4,34902,1619,Equilibrado,Equilibrado
649009,4,34902,38,Equilibrado,Adiantado
649079,4,34902,1972,Equilibrado,Adiantado
649084,4,34902,367,Equilibrado,Equilibrado
649093,4,34902,223,Equilibrado,Equilibrado
649118,4,34902,37,Equilibrado,Equilibrado
649141,4,34902,250,Tardio,Equilibrado
649159,4,34902,549,Equilibrado,Equilibrado
649165,4,34902,192,Tardio,Tardio
649207,4,34902,658,Equilibrado,Equilibrado
649212,4,34902,859,Adiantado,Adiantado
649230,4,34902,860,Equilibrado,Equilibrado
649258,4,34902,59,Tardio,Tardio
649284,4,34902,185,Tardio,Tardio
649379,4,34902,1618,Adiantado,Adiantado
649400,4,34902,681,Equilibrado,Equilibrado
649434,4,34902,710,Adiantado,Adiantado
649435,4,34902,382,Adiantado,Adiantado
649457,4,34902,1137,Adiantado,Adiantado
649566,4,34902,308,Adiantado,Adiantado
649619,4,34902,741,Adiantado,Adiantado
649735,4,34902,320,Tardio,Tardio
649806,4,34902,39,Tardio,Tardio
649952,4,34902,844,Equilibrado,Equilibrado
649979,4,34902,68,Tardio,Tardio
650031,4,34902,240,Tardio,Tardio
650108,4,34902,682,Adiantado,Adiantado
650160,4,34902,780,Equilibrado,Equilibrado
650251,4,34902,786,Equilibrado,Equilibrado
650363,4,34902,456,Equilibrado,Equilibrado
650370,4,34902,217,Tardio,Tardio
650424,4,34902,438,Adiantado,Adiantado
650461,4,34902,123,Adiantado,Adiantado
650469,4,34902,843,Equilibrado,Equilibrado
650473,4,34902,509,Adiantado,Adiantado
650570,4,34902,529,Adiantado,Adiantado
650866,4,34902,1672,Equilibrado,Equilibrado
650923,4,34902,134,Tardio,Tardio
650960,4,34902,109,Tardio,Tardio
651040,4,34902,109,Tardio,Tardio
651121,4,34902,790,Adiantado,Adiantado
651126,4,34902,282,Tardio,Tardio
651200,4,34902,23,Adiantado,Adiantado
651238,4,34902,470,Equilibrado,Equilibrado
651330,4,34902,203,Tardio,Tardio
651354,4,34902,752,Equilibrado,Equilibrado
651381,4,34902,639,Tardio,Tardio
651419,4,34902,1547,Equilibrado,Equilibrado
651478,4,34902,1179,Equilibrado,Equilibrado
651498,4,34902,1021,Equilibrado,Equilibrado
651555,4,34902,60,Tardio,Tardio
651598,4,34902,336,Equilibrado,Equilibrado
651693,4,34902,135,Tardio,Tardio
651881,4,34902,450,Adiantado,Adiantado
651927,4,34902,798,Tardio,Equilibrado
651990,4,34902,460,Adiantado,Adiantado
652008,4,34902,484,Equilibrado,Equilibrado
652064,4,34902,822,Equilibrado,Equilibrado
652087,4,34902,221,Equilibrado,Equilibrado
652333,4,34902,436,Tardio,Equilibrado
652335,4,34902,643,Adiantado,Adiantado
652438,4,34902,95,Adiantado,Adiantado
652576,4,34902,487,Adiantado,Adiantado
652625,4,34902,510,Equilibrado,Equilibrado
652672,4,34902,808,Adiantado,Adiantado
652684,4,34902,880,Equilibrado,Equilibrado
652711,4,34902,655,Tardio,Equilibrado
652753,4,34902,275,Adiantado,Adiantado
652788,4,34902,489,Equilibrado,Equilibrado
652887,4,34902,261,Adiantado,Adiantado
652890,4,34902,123,Tardio,Tardio
652898,4,34902,1236,Adiantado,Adiantado
652994,4,34902,90,Adiantado,Adiantado
653045,4,34902,220,Adiantado,Adiantado
653115,4,34902,79,Equilibrado,Equilibrado
653144,4,34902,161,Adiantado,Adiantado
653297,4,34902,413,Adiantado,Adiantado
653301,4,34902,711,Equilibrado,Adiantado
653381,4,34902,462,Adiantado,Adiantado
653417,4,34902,110,Tardio,Tardio
653536,4,34902,140,Tardio,Tardio
653558,4,34902,295,Adiantado,Adiantado
653567,4,34902,95,Tardio,Tardio
653595,4,34902,662,Adiantado,Adiantado
653653,4,34902,324,Adiantado,Adiantado
653773,4,34902,992,Adiantado,Adiantado
653841,4,34902,619,Adiantado,Adiantado
653857,4,34902,78,Adiantado,Adiantado
654045,4,34902,8,Equilibrado,Equilibrado
654114,4,34902,488,Equilibrado,Equilibrado
654169,4,34902,401,Equilibrado,Equilibrado
654217,4,34902,106,Equilibrado,Equilibrado
654236,4,34902,347,Equilibrado,Equilibrado
654260,4,34902,397,Equilibrado,Equilibrado
654339,4,34902,313,Tardio,Tardio
654441,4,34902,1028,Tardio,Tardio
654565,4,34902,373,Tardio,Tardio
654578,4,34902,435,Equilibrado,Equilibrado
654597,4,34902,406,Equilibrado,Equilibrado
654684,4,34902,197,Equilibrado,Equilibrado
654692,4,34902,408,Equilibrado,Equilibrado
654819,4,34902,2039,Equilibrado,Equilibrado
654824,4,34902,1056,Adiantado,Adiantado
654834,4,34902,993,Equilibrado,Equilibrado
654867,4,34902,1011,Adiantado,Adiantado
654947,4,34902,243,Tardio,Tardio
655115,4,34902,527,Equilibrado,Equilibrado
655124,4,34902,54,Tardio,Tardio
655127,4,34902,706,Equilibrado,Equilibrado
655353,4,34902,168,Equilibrado,Equilibrado
655386,4,34902,1057,Equilibrado,Equilibrado
655412,4,34902,692,Adiantado,Adiantado
655445,4,34902,471,Adiantado,Adiantado
655569,4,34902,169,Adiantado,Adiantado
655796,4,34902,36,Adiantado,Adiantado
655927,4,34902,284,Equilibrado,Equilibrado
655981,4,34902,270,Adiantado,Adiantado
656065,4,34902,239,Equilibrado,Equilibrado
656092,4,34902,616,Equilibrado,Adiantado
656131,4,34902,975,Equilibrado,Equilibrado
656158,4,34902,613,Tardio,Tardio
656159,4,34902,696,Equilibrado,Equilibrado
656165,4,34902,445,Tardio,Tardio
656234,4,34902,450,Tardio,Tardio
656323,4,34902,348,Equilibrado,Equilibrado
656414,4,34902,494,Adiantado,Adiantado
656436,4,34902,83,Equilibrado,Equilibrado
656529,4,34902,523,Tardio,Adiantado
656579,4,34902,1064,Adiantado,Adiantado
656607,4,34902,262,Tardio,Tardio
656651,4,34902,189,Equilibrado,Equilibrado
656734,4,34902,1407,Equilibrado,Equilibrado
656791,4,34902,1363,Equilibrado,Adiantado
656882,4,34902,425,Adiantado,Adiantado
656988,4,34902,109,Tardio,Equilibrado
656996,4,34902,340,Equilibrado,Equilibrado
657048,4,34902,197,Tardio,Tardio
657220,4,34902,236,Equilibrado,Equilibrado
657330,4,34902,778,Equilibrado,Equilibrado
657344,4,34902,568,Equilibrado,Equilibrado
674222,4,34902,936,Equilibrado,Equilibrado
674226,4,34902,532,Equilibrado,Equilibrado
674236,4,34902,451,Equilibrado,Equilibrado
674262,4,34902,983,Adiantado,Adiantado
674320,4,34902,320,Equilibrado,Equilibrado
674387,4,34902,922,Equilibrado,Equilibrado
674406,4,34902,204,Adiantado,Adiantado
674451,4,34902,427,Tardio,Tardio
674484,4,34902,799,Adiantado,Adiantado
674497,4,34902,305,Equilibrado,Equilibrado
674509,4,34902,1878,Equilibrado,Equilibrado
674584,4,34902,636,Equilibrado,Equilibrado
674644,4,34902,965,Equilibrado,Equilibrado
674657,4,34902,384,Equilibrado,Equilibrado
674671,4,34902,510,Adiantado,Adiantado
674691,4,34902,941,Adiantado,Adiantado
674694,4,34902,1326,Adiantado,Adiantado
674699,4,34902,155,Tardio,Tardio
674751,4,34902,541,Adiantado,Adiantado
674831,4,34902,514,Equilibrado,Equilibrado
674870,4,34902,1293,Equilibrado,Adiantado
674921,4,34902,1154,Equilibrado,Equilibrado
675021,4,34902,1312,Tardio,Tardio
675054,4,34902,75,Tardio,Tardio
675193,4,34902,460,Equilibrado,Equilibrado
675225,4,34902,499,Equilibrado,Equilibrado
675233,4,34902,1553,Adiantado,Adiantado
675261,4,34902,417,Tardio,Tardio
675273,4,34902,363,Tardio,Tardio
675279,4,34902,542,Equilibrado,Equilibrado
675315,4,34902,898,Adiantado,Adiantado
675328,4,34902,376,Equilibrado,Equilibrado
675474,4,34902,107,Adiantado,Adiantado
675566,4,34902,135,Tardio,Tardio
675636,4,34902,716,Equilibrado,Equilibrado
675710,4,34902,686,Adiantado,Adiantado
675989,4,34902,906,Equilibrado,Equilibrado
676007,4,34902,104,Tardio,Tardio
676064,4,34902,508,Tardio,Tardio
676103,4,34902,392,Tardio,Tardio
676190,4,34902,1628,Equilibrado,Adiantado
676265,4,34902,523,Equilibrado,Equilibrado
676272,4,34902,73,Tardio,Tardio
676303,4,34902,213,Tardio,Tardio
676378,4,34902,331,Adiantado,Adiantado
676444,4,34902,1072,Equilibrado,Equilibrado
676458,4,34902,412,Adiantado,Adiantado
676459,4,34902,315,Adiantado,Adiantado
676478,4,34902,743,Tardio,Equilibrado
676492,4,34902,1446,Equilibrado,Equilibrado
676610,4,34902,1059,Equilibrado,Equilibrado
676626,4,34902,677,Adiantado,Adiantado
676866,4,34902,515,Equilibrado,Equilibrado
676882,4,34902,719,Adiantado,Adiantado
677085,4,34902,462,Equilibrado,Equilibrado
677111,4,34902,721,Equilibrado,Equilibrado
677138,4,34902,838,Equilibrado,Equilibrado
677155,4,34902,1225,Equilibrado,Equilibrado
677167,4,34902,764,Equilibrado,Equilibrado
677206,4,34902,740,Equilibrado,Equilibrado
677221,4,34902,999,Equilibrado,Equilibrado
677235,4,34902,26,Tardio,Tardio
677382,4,34902,408,Equilibrado,Equilibrado
677400,4,34902,557,Equilibrado,Equilibrado
677436,4,34902,383,Tardio,Tardio
677456,4,34902,694,Equilibrado,Equilibrado
677486,4,34902,366,Equilibrado,Equilibrado
677546,4,34902,341,Tardio,Tardio
677582,4,34902,274,Adiantado,Adiantado
677655,4,34902,564,Equilibrado,Adiantado
677687,4,34902,62,Tardio,Adiantado
677748,4,34902,225,Equilibrado,Equilibrado
677767,4,34902,55,Adiantado,Adiantado
677833,4,34902,1257,Equilibrado,Equilibrado
677869,4,34902,36,Adiantado,Adiantado
678088,4,34902,859,Equilibrado,Equilibrado
678203,4,34902,313,Tardio,Tardio
678235,4,34902,1039,Equilibrado,Equilibrado
678270,4,34902,42,Tardio,Tardio
678381,4,34902,62,Tardio,Tardio
678452,4,34902,183,Tardio,Tardio
678528,4,34902,305,Tardio,Tardio
678628,4,34902,348,Tardio,Tardio
678659,4,34902,694,Tardio,Tardio
678819,4,34902,814,Equilibrado,Adiantado
678859,4,34902,731,Equilibrado,Equilibrado
678946,4,34902,613,Adiantado,Adiantado
678954,4,34902,1003,Equilibrado,Equilibrado
679036,4,34902,2948,Equilibrado,Equilibrado
679189,4,34902,724,Adiantado,Adiantado
679227,4,34902,391,Tardio,Tardio
679237,4,34902,654,Tardio,Tardio
679251,4,34902,273,Tardio,Tardio
679262,4,34902,81,Tardio,Tardio
679278,4,34902,471,Adiantado,Adiantado
679384,4,34902,875,Equilibrado,Equilibrado
679386,4,34902,122,Equilibrado,Equilibrado
679402,4,34902,162,Equilibrado,Equilibrado
679445,4,34902,474,Equilibrado,Equilibrado
679448,4,34902,758,Equilibrado,Adiantado
679498,4,34902,774,Adiantado,Adiantado
679509,4,34902,130,Tardio,Tardio
679594,4,34902,1623,Equilibrado,Equilibrado
679676,4,34902,473,Adiantado,Adiantado
679788,4,34902,196,Adiantado,Adiantado
679790,4,34902,646,Equilibrado,Equilibrado
679939,4,34902,241,Tardio,Adiantado
680014,4,34902,412,Tardio,Tardio
680027,4,34902,254,Adiantado,Adiantado
680080,4,34902,483,Equilibrado,Equilibrado
680145,4,34902,187,Tardio,Tardio
680212,4,34902,52,Tardio,Tardio
680266,4,34902,362,Equilibrado,Equilibrado
680270,4,34902,208,Adiantado,Adiantado
680322,4,34902,698,Tardio,Tardio
680343,4,34902,437,Equilibrado,Equilibrado
680348,4,34902,524,Adiantado,Adiantado
680443,4,34902,736,Equilibrado,Equilibrado
680464,4,34902,364,Equilibrado,Equilibrado
680506,4,34902,442,Tardio,Tardio
680572,4,34902,324,Equilibrado,Equilibrado
680708,4,34902,396,Tardio,Tardio
680713,4,34902,969,Equilibrado,Equilibrado
680747,4,34902,527,Equilibrado,Equilibrado
680775,4,34902,224,Equilibrado,Equilibrado
680810,4,34902,1019,Equilibrado,Equilibrado
680872,4,34902,13,Tardio,Tardio
680912,4,34902,448,Equilibrado,Equilibrado
680955,4,34902,825,Equilibrado,Equilibrado
680974,4,34902,55,Tardio,Tardio
681004,4,34902,616,Equilibrado,Equilibrado
681235,4,34902,204,Equilibrado,Equilibrado
681328,4,34902,624,Equilibrado,Equilibrado
681341,4,34902,230,Tardio,Tardio
681352,4,34902,437,Tardio,Tardio
681354,4,34902,75,Adiantado,Adiantado
681452,4,34902,140,Tardio,Tardio
681490,4,34902,1071,Equilibrado,Equilibrado
681608,4,34902,160,Tardio,Tardio
681633,4,34902,1122,Adiantado,Adiantado
681652,4,34902,923,Equilibrado,Equilibrado
681655,4,34902,735,Adiantado,Adiantado
681658,4,34902,109,Tardio,Tardio
681755,4,34902,105,Equilibrado,Equilibrado
681763,4,34902,954,Adiantado,Adiantado
681938,4,34902,433,Tardio,Tardio
681973,4,34902,229,Tardio,Tardio
682019,4,34902,116,Tardio,Tardio
682070,4,34902,778,Equilibrado,Equilibrado
682298,4,34902,439,Equilibrado,Equilibrado
682390,4,34902,162,Tardio,Tardio
682436,4,34902,1056,Adiantado,Adiantado
682437,4,34902,1019,Equilibrado,Equilibrado
682511,4,34902,396,Tardio,Tardio
682539,4,34902,1061,Equilibrado,Adiantado
682569,4,34902,703,Equilibrado,Equilibrado
682588,4,34902,580,Equilibrado,Equilibrado
682613,4,34902,78,Tardio,Tardio
682632,4,34902,1052,Equilibrado,Equilibrado
682695,4,34902,392,Adiantado,Adiantado
682753,4,34902,458,Equilibrado,Equilibrado
682839,4,34902,703,Equilibrado,Equilibrado
682894,4,34902,531,Adiantado,Equilibrado
682963,4,34902,749,Equilibrado,Equilibrado
682981,4,34902,662,Adiantado,Adiantado
682983,4,34902,404,Adiantado,Adiantado
682985,4,34902,184,Tardio,Tardio
682990,4,34902,1672,Equilibrado,Equilibrado
683033,4,34902,548,Adiantado,Adiantado
683094,4,34902,248,Adiantado,Adiantado
683178,4,34902,336,Equilibrado,Equilibrado
683243,4,34902,338,Tardio,Tardio
683305,4,34902,165,Tardio,Tardio
683346,4,34902,715,Adiantado,Adiantado
683352,4,34902,132,Tardio,Equilibrado
683353,4,34902,919,Equilibrado,Equilibrado
683375,4,34902,271,Equilibrado,Equilibrado
683403,4,34902,755,Adiantado,Adiantado
683467,4,34902,68,Tardio,Tardio
683508,4,34902,53,Tardio,Tardio
683530,4,34902,1375,Equilibrado,Equilibrado
683550,4,34902,477,Tardio,Tardio
683604,4,34902,957,Equilibrado,Equilibrado
683624,4,34902,1912,Equilibrado,Equilibrado
683820,4,34902,507,Equilibrado,Equilibrado
683902,4,34902,384,Tardio,Tardio
683934,4,34902,435,Tardio,Tardio
684013,4,34902,749,Equilibrado,Equilibrado
684183,4,34902,270,Adiantado,Adiantado
684311,4,34902,465,Equilibrado,Equilibrado
684383,4,34902,1008,Tardio,Equilibrado
684386,4,34902,1049,Equilibrado,Equilibrado
684526,4,34902,543,Adiantado,Adiantado
684592,4,34902,329,Tardio,Tardio
684671,4,34902,167,Tardio,Equilibrado
684675,4,34902,132,Tardio,Tardio
684882,4,34902,560,Adiantado,Adiantado
684981,4,34902,990,Equilibrado,Equilibrado
685105,4,34902,54,Tardio,Tardio
685128,4,34902,204,Tardio,Tardio
685140,4,34902,58,Equilibrado,Equilibrado
685155,4,34902,863,Equilibrado,Equilibrado
685212,4,34902,720,Equilibrado,Equilibrado
685276,4,34902,1602,Equilibrado,Equilibrado
685283,4,34902,65,Adiantado,Adiantado
685330,4,34902,769,Equilibrado,Equilibrado
685339,4,34902,549,Equilibrado,Equilibrado
685373,4,34902,430,Equilibrado,Equilibrado
685378,4,34902,89,Tardio,Tardio
685410,4,34902,730,Equilibrado,Equilibrado
685619,4,34902,104,Equilibrado,Equilibrado
685705,4,34902,66,Tardio,Equilibrado
685708,4,34902,437,Adiantado,Adiantado
685772,4,34902,686,Equilibrado,Equilibrado
685831,4,34902,427,Equilibrado,Equilibrado
686065,4,34902,748,Equilibrado,Equilibrado
686314,4,34902,198,Tardio,Tardio
686317,4,34902,64,Equilibrado,Equilibrado
686344,4,34902,907,Equilibrado,Equilibrado
686348,4,34902,1349,Equilibrado,Equilibrado
686498,4,34902,869,Equilibrado,Equilibrado
686522,4,34902,353,Equilibrado,Adiantado
686558,4,34902,98,Tardio,Tardio
686700,4,34902,36,Tardio,Tardio
686705,4,34902,213,Equilibrado,Equilibrado
686946,4,34902,113,Tardio,Tardio
687112,4,34902,726,Tardio,Tardio
687115,4,34902,82,Tardio,Tardio
687351,4,34902,483,Tardio,Tardio
687410,4,34902,648,Equilibrado,Equilibrado
687434,4,34902,1305,Equilibrado,Equilibrado
687468,4,34902,753,Equilibrado,Adiantado
687485,4,34902,305,Equilibrado,Equilibrado
687503,4,34902,1331,Equilibrado,Equilibrado
687686,4,34902,168,Equilibrado,Equilibrado
687846,4,34902,391,Tardio,Tardio
687910,4,34902,996,Equilibrado,Equilibrado
687930,4,34902,1557,Equilibrado,Equilibrado
687931,4,34902,387,Equilibrado,Equilibrado
687988,4,34902,824,Equilibrado,Equilibrado
688008,4,34902,351,Equilibrado,Equilibrado
688127,4,34902,351,Tardio,Tardio
688136,4,34902,1553,Adiantado,Adiantado
688192,4,34902,511,Equilibrado,Equilibrado
688265,4,34902,23,Tardio,Tardio
688337,4,34902,404,Equilibrado,Equilibrado
688470,4,34902,96,Tardio,Tardio
688543,4,34902,566,Equilibrado,Equilibrado
688667,4,34902,1001,Equilibrado,Adiantado
688685,4,34902,710,Equilibrado,Equilibrado
688727,4,34902,1066,Adiantado,Adiantado
688891,4,34902,301,Adiantado,Adiantado
688895,4,34902,844,Equilibrado,Equilibrado
688976,4,34902,59,Tardio,Tardio
689005,4,34902,106,Tardio,Tardio
689260,4,34902,223,Tardio,Equilibrado
689280,4,34902,1036,Equilibrado,Equilibrado
689347,4,34902,255,Adiantado,Adiantado
689444,4,34902,396,Adiantado,Adiantado
689796,4,34902,1525,Equilibrado,Equilibrado
689832,4,34902,346,Equilibrado,Equilibrado
689855,4,34902,493,Equilibrado,Equilibrado
689924,4,34902,340,Adiantado,Adiantado
690075,4,34902,80,Tardio,Tardio
690198,4,34902,478,Tardio,Tardio
690382,4,34902,47,Adiantado,Adiantado
690628,4,34902,593,Tardio,Tardio
690635,4,34902,125,Adiantado,Adiantado
690746,4,34902,1162,Equilibrado,Equilibrado
690832,4,34902,1543,Equilibrado,Equilibrado
690872,4,34902,674,Adiantado,Adiantado
691269,4,34902,427,Tardio,Tardio
691280,4,34902,51,Tardio,Tardio
691326,4,34902,501,Adiantado,Adiantado
691465,4,34902,159,Tardio,Tardio
691699,4,34902,317,Equilibrado,Adiantado
691722,4,34902,738,Equilibrado,Equilibrado
691873,4,34902,554,Tardio,Equilibrado
691932,4,34902,728,Equilibrado,Equilibrado
692010,4,34902,712,Equilibrado,Equilibrado
692097,4,34902,1334,Adiantado,Adiantado
692220,4,34902,517,Adiantado,Adiantado
692301,4,34902,125,Tardio,Tardio
692334,4,34902,881,Adiantado,Adiantado
692454,4,34902,826,Adiantado,Adiantado
692612,4,34902,600,Equilibrado,Adiantado
692893,4,34902,210,Tardio,Adiantado
692962,4,34902,610,Adiantado,Adiantado
692968,4,34902,20,Equilibrado,Equilibrado
693160,4,34902,242,Equilibrado,Adiantado
693162,4,34902,1145,Adiantado,Adiantado
693197,4,34902,101,Tardio,Tardio
693236,4,34902,221,Equilibrado,Equilibrado
693345,4,34902,498,Tardio,Adiantado
693373,4,34902,1046,Equilibrado,Equilibrado
693497,4,34902,463,Adiantado,Adiantado
693519,4,34902,68,Tardio,Tardio
693628,4,34902,651,Equilibrado,Equilibrado
693764,4,34902,85,Adiantado,Adiantado
693806,4,34902,195,Adiantado,Adiantado
693873,4,34902,230,Tardio,Tardio
693903,4,34902,722,Equilibrado,Equilibrado
693907,4,34902,447,Equilibrado,Equilibrado
694128,4,34902,80,Equilibrado,Equilibrado
694144,4,34902,499,Equilibrado,Equilibrado
694221,4,34902,433,Equilibrado,Equilibrado
694428,4,34902,313,Adiantado,Adiantado
694456,4,34902,134,Tardio,Tardio
694622,4,34902,738,Equilibrado,Equilibrado
694716,4,34902,300,Tardio,Tardio
694827,4,34902,94,Tardio,Tardio
694836,4,34902,364,Equilibrado,Equilibrado
694848,4,34902,594,Tardio,Equilibrado
695090,4,34902,29,Adiantado,Adiantado
695169,4,34902,205,Tardio,Tardio
695471,4,34902,65,Tardio,Tardio
695485,4,34902,142,Tardio,Tardio
695637,4,34902,413,Adiantado,Adiantado
695729,4,34902,1141,Equilibrado,Equilibrado
695803,4,34902,347,Adiantado,Adiantado
695825,4,34902,226,Equilibrado,Adiantado
695869,4,34902,743,Adiantado,Adiantado
696039,4,34902,101,Tardio,Tardio
696043,4,34902,527,Equilibrado,Equilibrado
696082,4,34902,591,Equilibrado,Equilibrado
696188,4,34902,244,Tardio,Tardio
696275,4,34902,1576,Equilibrado,Equilibrado
696318,4,34902,674,Equilibrado,Equilibrado
696329,4,34902,1023,Equilibrado,Equilibrado
696347,4,34902,633,Equilibrado,Equilibrado
696364,4,34902,109,Tardio,Tardio
696583,4,34902,351,Tardio,Tardio
696659,4,34902,753,Equilibrado,Equilibrado
696662,4,34902,1527,Equilibrado,Equilibrado
696666,4,34902,55,Tardio,Tardio
696671,4,34902,47,Tardio,Equilibrado
696674,4,34902,345,Adiantado,Adiantado
696678,4,34902,963,Equilibrado,Equilibrado
696729,4,34902,942,Equilibrado,Equilibrado
697255,4,34902,511,Equilibrado,Equilibrado
697438,4,34902,410,Equilibrado,Adiantado
697478,4,34902,364,Tardio,Equilibrado
697878,4,34902,733,Tardio,Tardio
697998,4,34902,351,Tardio,Tardio
698015,4,34902,110,Equilibrado,Equilibrado
698384,4,34902,511,Equilibrado,Equilibrado
698485,4,34902,554,Equilibrado,Equilibrado
698656,4,34902,635,Equilibrado,Equilibrado
699126,4,34902,51,Equilibrado,Equilibrado
699127,4,34902,156,Tardio,Tardio
699128,4,34902,51,Equilibrado,Equilibrado
895524,4,34902,1411,Equilibrado,Equilibrado
1021350,4,34902,100,Tardio,Tardio
1042726,4,34902,141,Adiantado,Adiantado
1318759,4,34902,741,Equilibrado,Equilibrado
1348205,4,34902,1459,Equilibrado,Equilibrado
1391717,4,34902,266,Tardio,Tardio
1409532,4,34902,308,Adiantado,Adiantado
1413902,4,34902,473,Tardio,Tardio
1448966,4,34902,204,Tardio,Tardio
1450604,4,34902,1757,Equilibrado,Equilibrado
1473878,4,34902,681,Equilibrado,Equilibrado
1501577,4,34902,556,Equilibrado,Equilibrado
1585671,4,34902,1234,Adiantado,Adiantado
1603549,4,34902,313,Equilibrado,Equilibrado
1631797,4,34902,334,Tardio,Tardio
1639699,4,34902,302,Tardio,Tardio
1640680,4,34902,705,Equilibrado,Equilibrado
1658963,4,34902,296,Equilibrado,Equilibrado
1677677,4,34902,1070,Adiantado,Adiantado
1722493,4,34902,1433,Equilibrado,Equilibrado
1752994,4,34902,445,Adiantado,Adiantado
1755594,4,34902,653,Equilibrado,Equilibrado
1771775,4,34902,229,Tardio,Tardio
1796402,4,34902,748,Equilibrado,Equilibrado
1810759,4,34902,603,Equilibrado,Adiantado
1816458,4,34902,932,Adiantado,Adiantado
1817710,4,34902,461,Tardio,Equilibrado
1818385,4,34902,675,Equilibrado,Equilibrado
1836241,4,34902,1012,Adiantado,Adiantado
1837138,4,34902,1907,Equilibrado,Equilibrado
1856869,4,34902,604,Equilibrado,Adiantado
1866233,4,34902,273,Equilibrado,Equilibrado
1871598,4,34902,1554,Equilibrado,Equilibrado
1871684,4,34902,496,Equilibrado,Equilibrado
1877902,4,34902,826,Equilibrado,Adiantado
1879321,4,34902,1120,Adiantado,Adiantado
1881231,4,34902,185,Adiantado,Adiantado
1887108,4,34902,1150,Equilibrado,Adiantado
1889752,4,34902,340,Tardio,Tardio
1948159,4,34902,509,Adiantado,Adiantado
1962049,4,34902,1319,Equilibrado,Equilibrado
1962062,4,34902,115,Tardio,Tardio
1972092,4,34902,1537,Equilibrado,Equilibrado
1995177,4,34902,821,Equilibrado,Equilibrado
2017487,4,34902,807,Equilibrado,Equilibrado
2020628,4,34902,1664,Equilibrado,Equilibrado
2026075,4,34902,759,Equilibrado,Equilibrado
2029571,4,34902,342,Equilibrado,Equilibrado
2035700,4,34902,1628,Equilibrado,Equilibrado
2047575,4,34902,753,Adiantado,Adiantado
2065972,4,34902,386,Equilibrado,Equilibrado
2067799,4,34902,220,Tardio,Tardio
2081123,4,34902,44,Equilibrado,Equilibrado
2096251,4,34902,580,Adiantado,Adiantado
2103552,4,34902,394,Equilibrado,Equilibrado
2106955,4,34902,648,Equilibrado,Equilibrado
2128283,4,34902,656,Equilibrado,Equilibrado
2138970,4,34902,330,Tardio,Tardio
2140300,4,34902,854,Equilibrado,Equilibrado
2143312,4,34902,1173,Equilibrado,Equilibrado
2143440,4,34902,554,Adiantado,Adiantado
2154361,4,34902,173,Tardio,Tardio
2160316,4,34902,979,Equilibrado,Equilibrado
2161710,4,34902,85,Adiantado,Adiantado
2178837,4,34902,792,Equilibrado,Equilibrado
2180090,4,34902,1447,Equilibrado,Equilibrado
2185729,4,34902,680,Equilibrado,Equilibrado
2197766,4,34902,378,Tardio,Tardio
2254637,4,34902,375,Equilibrado,Equilibrado
2274542,4,34902,1235,Equilibrado,Equilibrado
2278101,4,34902,234,Equilibrado,Equilibrado
2293511,4,34902,1334,Adiantado,Adiantado
2298106,4,34902,527,Tardio,Adiantado
2298895,4,34902,684,Equilibrado,Equilibrado
2301830,4,34902,978,Equilibrado,Equilibrado
2306410,4,34902,404,Equilibrado,Equilibrado
2332934,4,34902,183,Tardio,Tardio
2339267,4,34902,292,Tardio,Tardio
2341420,4,34902,264,Tardio,Tardio
2343785,4,34902,989,Adiantado,Adiantado
2351969,4,34902,50,Tardio,Tardio
2360559,4,34902,731,Adiantado,Adiantado
2366656,4,34902,678,Equilibrado,Equilibrado
2378208,4,34902,342,Equilibrado,Equilibrado
2386732,4,34902,1293,Equilibrado,Equilibrado
2399758,4,34902,684,Equilibrado,Equilibrado
2403701,4,34902,2044,Equilibrado,Equilibrado
2417433,4,34902,835,Equilibrado,Equilibrado
2424257,4,34902,1335,Adiantado,Adiantado
2427845,4,34902,475,Equilibrado,Equilibrado
2438784,4,34902,747,Adiantado,Adiantado
2457440,4,34902,165,Adiantado,Adiantado
2480886,4,34902,408,Equilibrado,Equilibrado
2482710,4,34902,472,Tardio,Tardio
2486930,4,34902,227,Tardio,Tardio
2499307,4,34902,557,Tardio,Tardio
2519138,4,34902,481,Equilibrado,Equilibrado
2529419,4,34902,630,Equilibrado,Equilibrado
2530976,4,34902,175,Adiantado,Adiantado
2537777,4,34902,538,Adiantado,Adiantado
2540871,4,34902,337,Adiantado,Adiantado
2542209,4,34902,639,Equilibrado,Equilibrado
2544643,4,34902,1435,Equilibrado,Equilibrado
2544766,4,34902,73,Tardio,Tardio
2546315,4,34902,457,Equilibrado,Equilibrado
2557008,4,34902,704,Tardio,Tardio
2558365,4,34902,58,Adiantado,Adiantado
2579891,4,34902,517,Equilibrado,Equilibrado
2584244,4,34902,951,Equilibrado,Equilibrado
2597117,4,34902,779,Equilibrado,Equilibrado
2599883,4,34902,400,Tardio,Tardio
2602542,4,34902,671,Equilibrado,Equilibrado
2603027,4,34902,529,Adiantado,Adiantado
2612102,4,34902,757,Equilibrado,Equilibrado
2624028,4,34902,467,Equilibrado,Equilibrado
2641156,4,34902,177,Tardio,Tardio
2642532,4,34902,120,Tardio,Tardio
2643472,4,34902,239,Tardio,Tardio
2643829,4,34902,685,Equilibrado,Equilibrado
2649948,4,34902,234,Equilibrado,Equilibrado
2657913,4,34902,242,Tardio,Tardio
2658856,4,34902,577,Equilibrado,Equilibrado
2667478,4,34902,853,Equilibrado,Equilibrado
2681198,4,34902,290,Adiantado,Adiantado
2682682,4,34902,637,Adiantado,Adiantado
2683857,4,34902,2208,Equilibrado,Equilibrado
2686035,4,34902,27,Equilibrado,Equilibrado
2693932,4,34902,372,Tardio,Tardio
2697921,4,34902,167,Equilibrado,Equilibrado
31296,5,34903,233,Tardio,Adiantado
40878,5,34903,397,Equilibrado,Equilibrado
42552,5,34903,1782,Equilibrado,Equilibrado
45423,5,34903,1393,Adiantado,Adiantado
47861,5,34903,1687,Equilibrado,Equilibrado
56637,5,34903,873,Adiantado,Adiantado
58884,5,34903,1516,Equilibrado,Equilibrado
64427,5,34903,1675,Equilibrado,Equilibrado
71159,5,34903,1407,Adiantado,Adiantado
74165,5,34903,526,Adiantado,Adiantado
75107,5,34903,1366,Adiantado,Adiantado
77692,5,34903,565,Tardio,Tardio
79610,5,34903,874,Adiantado,Adiantado
84604,5,34903,2529,Adiantado,Adiantado
87264,5,34903,2103,Adiantado,Adiantado
102854,5,34903,856,Adiantado,Adiantado
105939,5,34903,938,Adiantado,Adiantado
107455,5,34903,366,Tardio,Tardio
109577,5,34903,193,Adiantado,Adiantado
119310,5,34903,223,Adiantado,Adiantado
119865,5,34903,644,Adiantado,Adiantado
125063,5,34903,1384,Equilibrado,Equilibrado
129907,5,34903,1047,Adiantado,Adiantado
130409,5,34903,633,Tardio,Tardio
132475,5,34903,1038,Adiantado,Adiantado
135280,5,34903,560,Equilibrado,Equilibrado
136944,5,34903,11,Tardio,Tardio
139206,5,34903,755,Adiantado,Adiantado
142310,5,34903,1112,Adiantado,Adiantado
150282,5,34903,189,Equilibrado,Equilibrado
152524,5,34903,3143,Equilibrado,Equilibrado
152917,5,34903,3410,Equilibrado,Equilibrado
155938,5,34903,787,Adiantado,Adiantado
159947,5,34903,958,Adiantado,Adiantado
164148,5,34903,390,Adiantado,Adiantado
166123,5,34903,772,Adiantado,Adiantado
170874,5,34903,136,Adiantado,Adiantado
172493,5,34903,885,Equilibrado,Adiantado
177492,5,34903,1372,Equilibrado,Equilibrado
185994,5,34903,705,Adiantado,Adiantado
194163,5,34903,940,Equilibrado,Equilibrado
195552,5,34903,706,Adiantado,Adiantado
197536,5,34903,208,Tardio,Tardio
199009,5,34903,403,Equilibrado,Equilibrado
228633,5,34903,402,Adiantado,Adiantado
229498,5,34903,842,Adiantado,Adiantado
232173,5,34903,1003,Equilibrado,Adiantado
234661,5,34903,1230,Equilibrado,Equilibrado
235971,5,34903,566,Adiantado,Adiantado
236090,5,34903,1159,Equilibrado,Equilibrado
237891,5,34903,357,Tardio,Tardio
249357,5,34903,924,Equilibrado,Equilibrado
251166,5,34903,878,Adiantado,Adiantado
253633,5,34903,796,Adiantado,Adiantado
253763,5,34903,993,Adiantado,Adiantado
258245,5,34903,783,Tardio,Tardio
258509,5,34903,540,Equilibrado,Equilibrado
258978,5,34903,911,Adiantado,Adiantado
262025,5,34903,630,Tardio,Tardio
262394,5,34903,205,Tardio,Tardio
263862,5,34903,469,Adiantado,Adiantado
269584,5,34903,153,Tardio,Tardio
270421,5,34903,187,Tardio,Tardio
276265,5,34903,1621,Equilibrado,Equilibrado
278380,5,34903,342,Tardio,Tardio
279440,5,34903,464,Equilibrado,Equilibrado
279653,5,34903,1012,Equilibrado,Adiantado
281134,5,34903,1388,Equilibrado,Equilibrado
282849,5,34903,1031,Adiantado,Adiantado
283402,5,34903,753,Equilibrado,Equilibrado
286778,5,34903,733,Tardio,Tardio
287079,5,34903,422,Adiantado,Adiantado
287258,5,34903,1228,Equilibrado,Adiantado
289247,5,34903,654,Adiantado,Adiantado
294219,5,34903,868,Adiantado,Adiantado
297218,5,34903,445,Adiantado,Adiantado
301074,5,34903,529,Adiantado,Adiantado
305064,5,34903,538,Adiantado,Adiantado
305659,5,34903,918,Equilibrado,Equilibrado
310205,5,34903,328,Equilibrado,Equilibrado
312231,5,34903,224,Equilibrado,Equilibrado
312960,5,34903,98,Equilibrado,Adiantado
315795,5,34903,289,Tardio,Tardio
316082,5,34903,187,Adiantado,Adiantado
318147,5,34903,1152,Adiantado,Adiantado
319073,5,34903,175,Adiantado,Adiantado
320133,5,34903,2172,Equilibrado,Equilibrado
320612,5,34903,1247,Adiantado,Adiantado
331789,5,34903,972,Adiantado,Adiantado
333993,5,34903,199,Tardio,Tardio
337000,5,34903,887,Equilibrado,Adiantado
338689,5,34903,142,Tardio,Tardio
338806,5,34903,642,Equilibrado,Equilibrado
339519,5,34903,862,Adiantado,Adiantado
341629,5,34903,846,Tardio,Equilibrado
343709,5,34903,122,Tardio,Tardio
345271,5,34903,1327,Adiantado,Adiantado
347197,5,34903,1086,Adiantado,Adiantado
348108,5,34903,292,Tardio,Tardio
348324,5,34903,90,Equilibrado,Adiantado
351147,5,34903,994,Adiantado,Adiantado
354698,5,34903,87,Tardio,Tardio
355293,5,34903,7,Adiantado,Adiantado
364066,5,34903,1216,Equilibrado,Equilibrado
366140,5,34903,641,Equilibrado,Adiantado
369242,5,34903,701,Adiantado,Adiantado
369450,5,34903,1194,Adiantado,Adiantado
370735,5,34903,615,Tardio,Tardio
372509,5,34903,976,Equilibrado,Equilibrado
372511,5,34903,209,Tardio,Adiantado
375527,5,34903,535,Adiantado,Adiantado
378946,5,34903,1484,Adiantado,Adiantado
380952,5,34903,154,Tardio,Equilibrado
381257,5,34903,1276,Adiantado,Adiantado
381414,5,34903,157,Tardio,Tardio
383602,5,34903,626,Adiantado,Adiantado
383629,5,34903,866,Equilibrado,Equilibrado
386389,5,34903,399,Adiantado,Adiantado
390070,5,34903,336,Equilibrado,Equilibrado
396683,5,34903,304,Tardio,Equilibrado
397219,5,34903,1832,Equilibrado,Equilibrado
397671,5,34903,1110,Adiantado,Adiantado
398550,5,34903,587,Equilibrado,Equilibrado
398630,5,34903,592,Equilibrado,Equilibrado
399429,5,34903,1178,Adiantado,Adiantado
402695,5,34903,403,Adiantado,Adiantado
405193,5,34903,1386,Adiantado,Adiantado
407232,5,34903,1078,Adiantado,Adiantado
410407,5,34903,903,Equilibrado,Adiantado
410883,5,34903,158,Tardio,Tardio
411304,5,34903,550,Equilibrado,Equilibrado
412353,5,34903,910,Adiantado,Adiantado
413180,5,34903,177,Adiantado,Adiantado
413709,5,34903,516,Adiantado,Adiantado
413949,5,34903,1066,Equilibrado,Equilibrado
416199,5,34903,569,Adiantado,Adiantado
416407,5,34903,609,Adiantado,Adiantado
419059,5,34903,450,Equilibrado,Equilibrado
423210,5,34903,219,Tardio,Tardio
423781,5,34903,658,Adiantado,Adiantado
427256,5,34903,906,Adiantado,Adiantado
429832,5,34903,168,Tardio,Tardio
431139,5,34903,622,Adiantado,Adiantado
434476,5,34903,3802,Equilibrado,Equilibrado
439995,5,34903,321,Equilibrado,Equilibrado
440818,5,34903,1265,Equilibrado,Adiantado
441165,5,34903,323,Equilibrado,Equilibrado
442199,5,34903,37,Tardio,Tardio
442563,5,34903,386,Adiantado,Adiantado
442802,5,34903,310,Adiantado,Adiantado
443151,5,34903,1030,Adiantado,Adiantado
443514,5,34903,1186,Adiantado,Adiantado
443696,5,34903,549,Adiantado,Adiantado
444011,5,34903,177,Adiantado,Adiantado
444619,5,34903,2065,Adiantado,Adiantado
444907,5,34903,595,Adiantado,Adiantado
445686,5,34903,562,Equilibrado,Equilibrado
465294,5,34903,578,Adiantado,Adiantado
466987,5,34903,422,Tardio,Tardio
467363,5,34903,115,Tardio,Tardio
469499,5,34903,663,Adiantado,Adiantado
471284,5,34903,846,Equilibrado,Equilibrado
474667,5,34903,959,Tardio,Tardio
475015,5,34903,550,Adiantado,Adiantado
476401,5,34903,494,Adiantado,Adiantado
476629,5,34903,616,Adiantado,Adiantado
477833,5,34903,1593,Equilibrado,Adiantado
479939,5,34903,2064,Equilibrado,Equilibrado
481717,5,34903,1090,Equilibrado,Equilibrado
482644,5,34903,396,Equilibrado,Equilibrado
483037,5,34903,1034,Equilibrado,Adiantado
484594,5,34903,1752,Equilibrado,Adiantado
485228,5,34903,1219,Adiantado,Adiantado
486087,5,34903,630,Equilibrado,Equilibrado
486964,5,34903,345,Adiantado,Adiantado
488525,5,34903,565,Adiantado,Adiantado
491126,5,34903,519,Equilibrado,Equilibrado
491863,5,34903,375,Tardio,Tardio
492024,5,34903,1627,Tardio,Tardio
493793,5,34903,541,Adiantado,Adiantado
494184,5,34903,173,Adiantado,Adiantado
497415,5,34903,319,Tardio,Tardio
498442,5,34903,1118,Tardio,Tardio
499404,5,34903,1131,Equilibrado,Equilibrado
500068,5,34903,607,Adiantado,Adiantado
500618,5,34903,464,Equilibrado,Equilibrado
501444,5,34903,599,Equilibrado,Adiantado
502011,5,34903,278,Equilibrado,Equilibrado
505773,5,34903,1901,Adiantado,Adiantado
506705,5,34903,398,Tardio,Tardio
507743,5,34903,940,Adiantado,Adiantado
507935,5,34903,997,Adiantado,Adiantado
508626,5,34903,2552,Equilibrado,Equilibrado
509536,5,34903,1424,Adiantado,Adiantado
511309,5,34903,245,Adiantado,Adiantado
511981,5,34903,511,Tardio,Tardio
513422,5,34903,385,Tardio,Equilibrado
513428,5,34903,283,Adiantado,Adiantado
514078,5,34903,689,Tardio,Tardio
516602,5,34903,485,Adiantado,Adiantado
517551,5,34903,293,Equilibrado,Equilibrado
519115,5,34903,382,Equilibrado,Equilibrado
521115,5,34903,534,Equilibrado,Equilibrado
521255,5,34903,26,Adiantado,Adiantado
522082,5,34903,535,Equilibrado,Adiantado
523017,5,34903,265,Adiantado,Adiantado
523249,5,34903,489,Equilibrado,Equilibrado
526721,5,34903,920,Adiantado,Adiantado
526819,5,34903,539,Equilibrado,Equilibrado
529693,5,34903,435,Equilibrado,Equilibrado
529991,5,34903,662,Equilibrado,Equilibrado
531018,5,34903,1343,Equilibrado,Equilibrado
531871,5,34903,194,Equilibrado,Equilibrado
532254,5,34903,836,Tardio,Adiantado
533418,5,34903,1126,Equilibrado,Equilibrado
534457,5,34903,714,Adiantado,Adiantado
535671,5,34903,1686,Equilibrado,Equilibrado
536351,5,34903,466,Adiantado,Adiantado
536475,5,34903,296,Tardio,Tardio
536963,5,34903,1119,Equilibrado,Equilibrado
537322,5,34903,749,Equilibrado,Equilibrado
537811,5,34903,1420,Adiantado,Adiantado
539308,5,34903,239,Tardio,Tardio
539945,5,34903,1659,Adiantado,Adiantado
540723,5,34903,1837,Equilibrado,Equilibrado
541921,5,34903,1026,Adiantado,Adiantado
542202,5,34903,405,Equilibrado,Equilibrado
543010,5,34903,1120,Adiantado,Adiantado
545164,5,34903,1167,Equilibrado,Equilibrado
545962,5,34903,648,Equilibrado,Equilibrado
546547,5,34903,867,Equilibrado,Equilibrado
546645,5,34903,440,Adiantado,Adiantado
547347,5,34903,825,Equilibrado,Equilibrado
549219,5,34903,726,Equilibrado,Equilibrado
549321,5,34903,597,Tardio,Tardio
549847,5,34903,857,Adiantado,Adiantado
550420,5,34903,701,Adiantado,Adiantado
550703,5,34903,2386,Adiantado,Adiantado
552173,5,34903,1005,Equilibrado,Adiantado
553031,5,34903,732,Equilibrado,Equilibrado
553284,5,34903,1088,Equilibrado,Equilibrado
554063,5,34903,431,Equilibrado,Equilibrado
554525,5,34903,506,Adiantado,Adiantado
555049,5,34903,831,Adiantado,Adiantado
556126,5,34903,640,Adiantado,Adiantado
557085,5,34903,1643,Adiantado,Adiantado
557290,5,34903,440,Adiantado,Adiantado
558044,5,34903,550,Equilibrado,Equilibrado
558764,5,34903,471,Adiantado,Adiantado
560047,5,34903,1335,Equilibrado,Equilibrado
560645,5,34903,1164,Adiantado,Adiantado
561231,5,34903,952,Adiantado,Adiantado
562064,5,34903,89,Tardio,Tardio
562754,5,34903,266,Adiantado,Adiantado
563108,5,34903,676,Tardio,Equilibrado
563414,5,34903,1399,Equilibrado,Adiantado
564243,5,34903,2502,Adiantado,Adiantado
564617,5,34903,1557,Equilibrado,Equilibrado
564933,5,34903,350,Adiantado,Adiantado
565017,5,34903,2076,Equilibrado,Equilibrado
569034,5,34903,1670,Adiantado,Adiantado
569080,5,34903,699,Equilibrado,Equilibrado
569108,5,34903,642,Adiantado,Adiantado
569876,5,34903,842,Adiantado,Adiantado
570213,5,34903,606,Adiantado,Adiantado
571074,5,34903,1191,Adiantado,Adiantado
572213,5,34903,214,Tardio,Tardio
573583,5,34903,268,Tardio,Tardio
574527,5,34903,1296,Equilibrado,Equilibrado
575069,5,34903,928,Equilibrado,Equilibrado
575112,5,34903,1045,Equilibrado,Equilibrado
575302,5,34903,1638,Adiantado,Adiantado
577533,5,34903,490,Adiantado,Adiantado
578152,5,34903,312,Equilibrado,Equilibrado
578847,5,34903,1544,Adiantado,Adiantado
579660,5,34903,188,Tardio,Tardio
579686,5,34903,965,Equilibrado,Equilibrado
580459,5,34903,929,Adiantado,Adiantado
580834,5,34903,1822,Equilibrado,Equilibrado
580845,5,34903,1592,Equilibrado,Equilibrado
581253,5,34903,2370,Adiantado,Adiantado
581659,5,34903,2650,Equilibrado,Equilibrado
581779,5,34903,693,Adiantado,Adiantado
582117,5,34903,475,Adiantado,Adiantado
582332,5,34903,1373,Adiantado,Adiantado
582653,5,34903,129,Tardio,Tardio
582670,5,34903,129,Adiantado,Adiantado
583318,5,34903,291,Equilibrado,Equilibrado
583487,5,34903,3482,Adiantado,Adiantado
584515,5,34903,1028,Adiantado,Adiantado
585224,5,34903,851,Equilibrado,Equilibrado
585284,5,34903,203,Tardio,Tardio
585503,5,34903,1828,Equilibrado,Equilibrado
585958,5,34903,719,Adiantado,Adiantado
586906,5,34903,764,Tardio,Tardio
587571,5,34903,2410,Equilibrado,Equilibrado
588128,5,34903,662,Tardio,Equilibrado
588628,5,34903,1808,Adiantado,Adiantado
589080,5,34903,1421,Adiantado,Adiantado
589162,5,34903,1068,Equilibrado,Equilibrado
589332,5,34903,840,Equilibrado,Equilibrado
589828,5,34903,501,Tardio,Tardio
590120,5,34903,748,Adiantado,Adiantado
591525,5,34903,368,Adiantado,Adiantado
591581,5,34903,956,Equilibrado,Equilibrado
591946,5,34903,297,Equilibrado,Equilibrado
592218,5,34903,855,Equilibrado,Equilibrado
592295,5,34903,868,Equilibrado,Equilibrado
592558,5,34903,1048,Equilibrado,Equilibrado
592939,5,34903,410,Tardio,Tardio
593136,5,34903,387,Adiantado,Adiantado
593563,5,34903,604,Adiantado,Adiantado
593722,5,34903,509,Equilibrado,Equilibrado
593796,5,34903,2295,Adiantado,Adiantado
594065,5,34903,834,Equilibrado,Adiantado
594122,5,34903,1397,Equilibrado,Adiantado
594229,5,34903,683,Adiantado,Adiantado
594258,5,34903,149,Adiantado,Adiantado
594406,5,34903,265,Equilibrado,Equilibrado
594636,5,34903,641,Adiantado,Adiantado
595721,5,34903,392,Adiantado,Adiantado
595943,5,34903,1061,Equilibrado,Equilibrado
596243,5,34903,694,Adiantado,Adiantado
596253,5,34903,656,Adiantado,Adiantado
596758,5,34903,572,Equilibrado,Equilibrado
597740,5,34903,252,Equilibrado,Equilibrado
597937,5,34903,1396,Equilibrado,Equilibrado
598308,5,34903,1357,Adiantado,Adiantado
598540,5,34903,2078,Adiantado,Adiantado
598559,5,34903,1207,Equilibrado,Equilibrado
600071,5,34903,670,Adiantado,Adiantado
601008,5,34903,171,Tardio,Equilibrado
601235,5,34903,630,Adiantado,Adiantado
601271,5,34903,434,Equilibrado,Equilibrado
601820,5,34903,147,Tardio,Tardio
602594,5,34903,1437,Adiantado,Adiantado
603648,5,34903,1114,Adiantado,Adiantado
604567,5,34903,473,Equilibrado,Equilibrado
604614,5,34903,455,Adiantado,Adiantado
605180,5,34903,146,Adiantado,Adiantado
605394,5,34903,181,Adiantado,Adiantado
605682,5,34903,651,Adiantado,Adiantado
606257,5,34903,1703,Equilibrado,Equilibrado
606904,5,34903,55,Adiantado,Adiantado
607243,5,34903,1819,Adiantado,Adiantado
607303,5,34903,1200,Equilibrado,Equilibrado
607501,5,34903,766,Adiantado,Adiantado
607679,5,34903,1350,Equilibrado,Adiantado
607700,5,34903,239,Equilibrado,Equilibrado
609142,5,34903,1613,Equilibrado,Equilibrado
609240,5,34903,790,Equilibrado,Equilibrado
611603,5,34903,295,Tardio,Tardio
612842,5,34903,931,Adiantado,Adiantado
613165,5,34903,1395,Equilibrado,Equilibrado
613330,5,34903,1002,Adiantado,Adiantado
613634,5,34903,968,Equilibrado,Equilibrado
613899,5,34903,1522,Equilibrado,Equilibrado
614059,5,34903,385,Adiantado,Adiantado
614984,5,34903,684,Adiantado,Adiantado
615266,5,34903,650,Equilibrado,Equilibrado
615299,5,34903,1819,Adiantado,Adiantado
615301,5,34903,1940,Equilibrado,Adiantado
615302,5,34903,1083,Equilibrado,Equilibrado
615306,5,34903,1405,Equilibrado,Adiantado
615340,5,34903,412,Tardio,Tardio
615342,5,34903,184,Adiantado,Adiantado
616517,5,34903,819,Equilibrado,Adiantado
616912,5,34903,527,Adiantado,Adiantado
617010,5,34903,603,Adiantado,Adiantado
617119,5,34903,993,Equilibrado,Equilibrado
617580,5,34903,6450,Equilibrado,Equilibrado
617922,5,34903,694,Equilibrado,Equilibrado
618663,5,34903,425,Tardio,Tardio
619204,5,34903,292,Tardio,Tardio
619292,5,34903,1564,Equilibrado,Adiantado
619321,5,34903,864,Adiantado,Adiantado
619502,5,34903,361,Tardio,Tardio
620094,5,34903,4234,Equilibrado,Equilibrado
620269,5,34903,695,Adiantado,Adiantado
620431,5,34903,808,Equilibrado,Equilibrado
620740,5,34903,444,Tardio,Equilibrado
620810,5,34903,320,Equilibrado,Equilibrado
622481,5,34903,782,Equilibrado,Equilibrado
622760,5,34903,432,Equilibrado,Equilibrado
622934,5,34903,896,Adiantado,Adiantado
623471,5,34903,998,Equilibrado,Equilibrado
623589,5,34903,1104,Equilibrado,Equilibrado
623765,5,34903,1093,Equilibrado,Equilibrado
624282,5,34903,925,Adiantado,Adiantado
624864,5,34903,960,Adiantado,Adiantado
624970,5,34903,1056,Adiantado,Adiantado
625245,5,34903,1058,Adiantado,Adiantado
625743,5,34903,63,Adiantado,Adiantado
625802,5,34903,824,Equilibrado,Equilibrado
625838,5,34903,1074,Equilibrado,Equilibrado
626033,5,34903,1463,Equilibrado,Adiantado
626349,5,34903,76,Adiantado,Adiantado
626416,5,34903,984,Equilibrado,Equilibrado
626454,5,34903,968,Equilibrado,Equilibrado
626477,5,34903,880,Adiantado,Adiantado
626514,5,34903,462,Adiantado,Adiantado
626552,5,34903,337,Equilibrado,Equilibrado
626579,5,34903,211,Equilibrado,Equilibrado
627365,5,34903,1114,Equilibrado,Equilibrado
627829,5,34903,773,Adiantado,Adiantado
628149,5,34903,2787,Adiantado,Adiantado
628157,5,34903,509,Adiantado,Adiantado
628383,5,34903,1170,Adiantado,Adiantado
628521,5,34903,97,Tardio,Tardio
628888,5,34903,601,Adiantado,Adiantado
628964,5,34903,1081,Adiantado,Adiantado
629029,5,34903,830,Equilibrado,Equilibrado
629491,5,34903,1320,Adiantado,Adiantado
629818,5,34903,542,Tardio,Tardio
629922,5,34903,781,Adiantado,Adiantado
629944,5,34903,1108,Equilibrado,Equilibrado
630109,5,34903,623,Equilibrado,Equilibrado
630158,5,34903,2583,Equilibrado,Equilibrado
630835,5,34903,1809,Equilibrado,Adiantado
630905,5,34903,5867,Equilibrado,Adiantado
630910,5,34903,1154,Adiantado,Adiantado
631658,5,34903,3383,Equilibrado,Equilibrado
631681,5,34903,474,Equilibrado,Equilibrado
631715,5,34903,292,Adiantado,Adiantado
631740,5,34903,620,Adiantado,Adiantado
631837,5,34903,1647,Equilibrado,Equilibrado
631924,5,34903,1199,Adiantado,Adiantado
632074,5,34903,884,Equilibrado,Equilibrado
632290,5,34903,604,Equilibrado,Equilibrado
632458,5,34903,3397,Equilibrado,Equilibrado
632597,5,34903,26,Tardio,Tardio
632826,5,34903,972,Adiantado,Adiantado
632836,5,34903,1488,Equilibrado,Adiantado
633079,5,34903,822,Adiantado,Adiantado
633516,5,34903,717,Equilibrado,Equilibrado
633555,5,34903,1538,Adiantado,Adiantado
633568,5,34903,393,Adiantado,Adiantado
633867,5,34903,602,Equilibrado,Equilibrado
633931,5,34903,1576,Equilibrado,Equilibrado
634088,5,34903,684,Adiantado,Adiantado
634512,5,34903,801,Adiantado,Adiantado
634526,5,34903,1086,Equilibrado,Equilibrado
634749,5,34903,3093,Adiantado,Adiantado
635184,5,34903,542,Equilibrado,Equilibrado
635751,5,34903,185,Tardio,Tardio
635795,5,34903,1266,Equilibrado,Equilibrado
636314,5,34903,1088,Adiantado,Adiantado
636400,5,34903,578,Adiantado,Adiantado
636408,5,34903,475,Equilibrado,Equilibrado
636469,5,34903,772,Adiantado,Adiantado
636565,5,34903,417,Tardio,Tardio
636656,5,34903,524,Adiantado,Adiantado
636704,5,34903,307,Tardio,Tardio
636783,5,34903,710,Equilibrado,Equilibrado
636830,5,34903,1056,Equilibrado,Adiantado
636832,5,34903,1632,Equilibrado,Equilibrado
637004,5,34903,865,Adiantado,Adiantado
637358,5,34903,138,Equilibrado,Equilibrado
637582,5,34903,514,Equilibrado,Equilibrado
637708,5,34903,1217,Equilibrado,Equilibrado
637906,5,34903,511,Adiantado,Adiantado
637980,5,34903,972,Equilibrado,Equilibrado
638034,5,34903,527,Adiantado,Adiantado
638388,5,34903,297,Adiantado,Adiantado
638411,5,34903,2093,Equilibrado,Equilibrado
638498,5,34903,518,Adiantado,Adiantado
638515,5,34903,245,Adiantado,Adiantado
638625,5,34903,1447,Equilibrado,Equilibrado
638655,5,34903,851,Equilibrado,Adiantado
638831,5,34903,226,Tardio,Tardio
639028,5,34903,352,Adiantado,Adiantado
639231,5,34903,315,Tardio,Adiantado
639522,5,34903,829,Equilibrado,Equilibrado
640098,5,34903,1215,Equilibrado,Equilibrado
640278,5,34903,4942,Equilibrado,Equilibrado
640329,5,34903,395,Adiantado,Adiantado
640429,5,34903,1166,Adiantado,Adiantado
640711,5,34903,843,Adiantado,Adiantado
640752,5,34903,501,Equilibrado,Equilibrado
640848,5,34903,1041,Adiantado,Adiantado
640892,5,34903,528,Equilibrado,Equilibrado
640927,5,34903,1028,Equilibrado,Equilibrado
641137,5,34903,765,Adiantado,Adiantado
641309,5,34903,1154,Equilibrado,Equilibrado
641311,5,34903,1516,Adiantado,Adiantado
641363,5,34903,218,Tardio,Tardio
641401,5,34903,780,Adiantado,Adiantado
641461,5,34903,239,Adiantado,Adiantado
641547,5,34903,597,Equilibrado,Equilibrado
641864,5,34903,806,Equilibrado,Equilibrado
641914,5,34903,1179,Adiantado,Adiantado
642029,5,34903,206,Equilibrado,Equilibrado
642056,5,34903,798,Adiantado,Adiantado
642375,5,34903,316,Equilibrado,Equilibrado
642448,5,34903,369,Tardio,Tardio
642449,5,34903,416,Equilibrado,Equilibrado
642493,5,34903,280,Adiantado,Adiantado
642498,5,34903,809,Equilibrado,Equilibrado
642551,5,34903,1123,Adiantado,Adiantado
642740,5,34903,1890,Equilibrado,Adiantado
642750,5,34903,448,Adiantado,Adiantado
642843,5,34903,2329,Equilibrado,Adiantado
642872,5,34903,1937,Equilibrado,Adiantado
642909,5,34903,214,Tardio,Tardio
643069,5,34903,1484,Adiantado,Adiantado
643202,5,34903,783,Equilibrado,Equilibrado
643220,5,34903,233,Equilibrado,Equilibrado
643273,5,34903,1589,Adiantado,Adiantado
643326,5,34903,2735,Equilibrado,Equilibrado
643466,5,34903,991,Adiantado,Adiantado
643477,5,34903,1040,Equilibrado,Equilibrado
643496,5,34903,384,Adiantado,Adiantado
643502,5,34903,341,Adiantado,Adiantado
643591,5,34903,1183,Equilibrado,Adiantado
643653,5,34903,1130,Equilibrado,Equilibrado
643751,5,34903,1901,Equilibrado,Equilibrado
643754,5,34903,1187,Adiantado,Adiantado
644025,5,34903,928,Adiantado,Adiantado
644210,5,34903,591,Adiantado,Adiantado
644343,5,34903,992,Tardio,Tardio
644361,5,34903,6032,Equilibrado,Equilibrado
644369,5,34903,165,Tardio,Tardio
644450,5,34903,1545,Adiantado,Adiantado
644508,5,34903,431,Adiantado,Adiantado
644761,5,34903,572,Adiantado,Adiantado
644784,5,34903,599,Equilibrado,Equilibrado
644791,5,34903,1609,Equilibrado,Adiantado
644818,5,34903,1652,Adiantado,Adiantado
644847,5,34903,249,Adiantado,Adiantado
644936,5,34903,148,Equilibrado,Equilibrado
644974,5,34903,1631,Equilibrado,Adiantado
645020,5,34903,182,Tardio,Tardio
645078,5,34903,1109,Equilibrado,Equilibrado
645405,5,34903,1516,Equilibrado,Equilibrado
645518,5,34903,566,Adiantado,Adiantado
645586,5,34903,422,Equilibrado,Equilibrado
645705,5,34903,499,Adiantado,Adiantado
645784,5,34903,1096,Equilibrado,Equilibrado
645840,5,34903,1246,Equilibrado,Equilibrado
645960,5,34903,311,Tardio,Tardio
645997,5,34903,771,Equilibrado,Equilibrado
646015,5,34903,601,Adiantado,Adiantado
646017,5,34903,1431,Equilibrado,Equilibrado
646053,5,34903,1195,Equilibrado,Equilibrado
646074,5,34903,1096,Adiantado,Adiantado
646085,5,34903,1267,Equilibrado,Equilibrado
646138,5,34903,396,Tardio,Tardio
646313,5,34903,1409,Adiantado,Adiantado
646357,5,34903,1217,Equilibrado,Equilibrado
646402,5,34903,518,Equilibrado,Equilibrado
646460,5,34903,695,Adiantado,Adiantado
646539,5,34903,51,Tardio,Tardio
646540,5,34903,1013,Equilibrado,Equilibrado
646551,5,34903,1444,Equilibrado,Equilibrado
646638,5,34903,176,Tardio,Tardio
646670,5,34903,398,Tardio,Tardio
646750,5,34903,456,Equilibrado,Equilibrado
646778,5,34903,1475,Equilibrado,Equilibrado
646990,5,34903,1119,Equilibrado,Equilibrado
647040,5,34903,971,Tardio,Tardio
647154,5,34903,213,Adiantado,Adiantado
647169,5,34903,1063,Equilibrado,Adiantado
647320,5,34903,788,Adiantado,Adiantado
647324,5,34903,786,Adiantado,Adiantado
647391,5,34903,516,Tardio,Tardio
647398,5,34903,478,Adiantado,Adiantado
647399,5,34903,741,Equilibrado,Equilibrado
647425,5,34903,900,Tardio,Equilibrado
647485,5,34903,410,Equilibrado,Equilibrado
647765,5,34903,147,Tardio,Tardio
647841,5,34903,430,Equilibrado,Equilibrado
647898,5,34903,820,Adiantado,Adiantado
647945,5,34903,454,Adiantado,Adiantado
648027,5,34903,323,Equilibrado,Equilibrado
648037,5,34903,897,Adiantado,Adiantado
648038,5,34903,1651,Adiantado,Adiantado
648040,5,34903,1153,Adiantado,Adiantado
648086,5,34903,263,Tardio,Equilibrado
648105,5,34903,1838,Equilibrado,Equilibrado
648114,5,34903,2033,Equilibrado,Equilibrado
648116,5,34903,781,Adiantado,Adiantado
648140,5,34903,617,Tardio,Equilibrado
648254,5,34903,236,Tardio,Tardio
648287,5,34903,724,Equilibrado,Equilibrado
648365,5,34903,2258,Equilibrado,Equilibrado
648366,5,34903,1048,Equilibrado,Adiantado
648457,5,34903,221,Equilibrado,Equilibrado
648470,5,34903,1082,Equilibrado,Equilibrado
648531,5,34903,951,Equilibrado,Equilibrado
648536,5,34903,691,Equilibrado,Equilibrado
648564,5,34903,973,Adiantado,Adiantado
648571,5,34903,571,Adiantado,Adiantado
648590,5,34903,114,Adiantado,Adiantado
648613,5,34903,429,Tardio,Tardio
648685,5,34903,1077,Equilibrado,Adiantado
648815,5,34903,1400,Equilibrado,Adiantado
648903,5,34903,535,Adiantado,Adiantado
648972,5,34903,744,Adiantado,Adiantado
649004,5,34903,2390,Equilibrado,Equilibrado
649084,5,34903,285,Tardio,Tardio
649093,5,34903,426,Tardio,Tardio
649118,5,34903,314,Tardio,Tardio
649159,5,34903,647,Adiantado,Adiantado
649165,5,34903,377,Tardio,Equilibrado
649207,5,34903,889,Equilibrado,Equilibrado
649212,5,34903,629,Equilibrado,Equilibrado
649258,5,34903,392,Adiantado,Adiantado
649284,5,34903,128,Tardio,Tardio
649379,5,34903,1116,Equilibrado,Equilibrado
649400,5,34903,204,Adiantado,Adiantado
649434,5,34903,1156,Equilibrado,Equilibrado
649435,5,34903,457,Adiantado,Adiantado
649457,5,34903,616,Adiantado,Adiantado
649619,5,34903,1020,Equilibrado,Adiantado
649735,5,34903,138,Adiantado,Adiantado
649952,5,34903,1266,Equilibrado,Equilibrado
649979,5,34903,226,Adiantado,Adiantado
650108,5,34903,911,Equilibrado,Equilibrado
650160,5,34903,628,Adiantado,Adiantado
650251,5,34903,926,Equilibrado,Equilibrado
650363,5,34903,1049,Equilibrado,Equilibrado
650370,5,34903,536,Tardio,Tardio
650424,5,34903,664,Equilibrado,Equilibrado
650461,5,34903,75,Tardio,Tardio
650469,5,34903,604,Adiantado,Adiantado
650473,5,34903,1395,Equilibrado,Adiantado
650570,5,34903,794,Adiantado,Adiantado
650866,5,34903,1514,Adiantado,Adiantado
650923,5,34903,315,Adiantado,Adiantado
650960,5,34903,234,Adiantado,Adiantado
651040,5,34903,371,Tardio,Equilibrado
651121,5,34903,644,Adiantado,Adiantado
651126,5,34903,771,Tardio,Tardio
651182,5,34903,95,Adiantado,Adiantado
651354,5,34903,1068,Adiantado,Adiantado
651381,5,34903,424,Equilibrado,Equilibrado
651419,5,34903,1727,Adiantado,Adiantado
651478,5,34903,1006,Adiantado,Adiantado
651498,5,34903,1345,Equilibrado,Adiantado
651555,5,34903,244,Tardio,Tardio
651598,5,34903,819,Equilibrado,Adiantado
651881,5,34903,270,Adiantado,Adiantado
651927,5,34903,893,Adiantado,Adiantado
651990,5,34903,805,Equilibrado,Equilibrado
652008,5,34903,489,Adiantado,Adiantado
652064,5,34903,1411,Adiantado,Adiantado
652087,5,34903,164,Equilibrado,Equilibrado
652333,5,34903,499,Adiantado,Adiantado
652335,5,34903,387,Adiantado,Adiantado
652576,5,34903,389,Adiantado,Adiantado
652625,5,34903,1452,Adiantado,Adiantado
652672,5,34903,518,Adiantado,Adiantado
652684,5,34903,1022,Tardio,Equilibrado
652711,5,34903,939,Equilibrado,Adiantado
652753,5,34903,949,Equilibrado,Equilibrado
652788,5,34903,510,Equilibrado,Adiantado
652887,5,34903,695,Adiantado,Adiantado
652890,5,34903,107,Tardio,Tardio
652898,5,34903,1010,Adiantado,Adiantado
652994,5,34903,204,Tardio,Tardio
653045,5,34903,97,Adiantado,Adiantado
653297,5,34903,776,Equilibrado,Equilibrado
653301,5,34903,1318,Adiantado,Adiantado
653381,5,34903,722,Equilibrado,Equilibrado
653417,5,34903,149,Tardio,Tardio
653558,5,34903,246,Adiantado,Adiantado
653567,5,34903,1261,Tardio,Tardio
653595,5,34903,937,Equilibrado,Equilibrado
653653,5,34903,384,Adiantado,Adiantado
653773,5,34903,715,Equilibrado,Equilibrado
654045,5,34903,391,Equilibrado,Equilibrado
654114,5,34903,545,Adiantado,Adiantado
654169,5,34903,536,Equilibrado,Equilibrado
654217,5,34903,117,Tardio,Equilibrado
654236,5,34903,1116,Equilibrado,Equilibrado
654260,5,34903,509,Adiantado,Adiantado
654339,5,34903,888,Adiantado,Adiantado
654441,5,34903,1820,Equilibrado,Equilibrado
654565,5,34903,1338,Adiantado,Adiantado
654578,5,34903,250,Adiantado,Adiantado
654597,5,34903,523,Adiantado,Adiantado
654692,5,34903,514,Equilibrado,Equilibrado
654819,5,34903,5576,Adiantado,Adiantado
654824,5,34903,1403,Adiantado,Adiantado
654834,5,34903,1004,Adiantado,Adiantado
654867,5,34903,1743,Equilibrado,Adiantado
655115,5,34903,678,Equilibrado,Equilibrado
655127,5,34903,321,Tardio,Tardio
655386,5,34903,1304,Equilibrado,Equilibrado
655412,5,34903,788,Adiantado,Adiantado
655445,5,34903,491,Equilibrado,Adiantado
655569,5,34903,304,Adiantado,Adiantado
655796,5,34903,339,Tardio,Adiantado
655927,5,34903,258,Tardio,Tardio
655981,5,34903,596,Equilibrado,Adiantado
656065,5,34903,517,Adiantado,Adiantado
656092,5,34903,659,Adiantado,Adiantado
656131,5,34903,1293,Equilibrado,Equilibrado
656158,5,34903,430,Adiantado,Adiantado
656159,5,34903,439,Adiantado,Adiantado
656165,5,34903,333,Tardio,Equilibrado
656234,5,34903,495,Equilibrado,Equilibrado
656323,5,34903,649,Equilibrado,Equilibrado
656414,5,34903,1094,Adiantado,Adiantado
656529,5,34903,1018,Equilibrado,Equilibrado
656579,5,34903,840,Equilibrado,Equilibrado
656607,5,34903,894,Tardio,Adiantado
656651,5,34903,222,Adiantado,Adiantado
656734,5,34903,1622,Equilibrado,Equilibrado
656791,5,34903,1858,Equilibrado,Equilibrado
656882,5,34903,1012,Adiantado,Adiantado
656996,5,34903,219,Equilibrado,Equilibrado
657048,5,34903,297,Equilibrado,Equilibrado
657220,5,34903,981,Equilibrado,Adiantado
657330,5,34903,516,Adiantado,Adiantado
657344,5,34903,927,Adiantado,Adiantado
674222,5,34903,1397,Adiantado,Adiantado
674226,5,34903,215,Adiantado,Adiantado
674236,5,34903,611,Equilibrado,Equilibrado
674262,5,34903,2066,Equilibrado,Adiantado
674320,5,34903,517,Adiantado,Adiantado
674387,5,34903,1209,Adiantado,Adiantado
674451,5,34903,799,Adiantado,Adiantado
674484,5,34903,1314,Equilibrado,Adiantado
674497,5,34903,742,Equilibrado,Equilibrado
674509,5,34903,3101,Equilibrado,Adiantado
674584,5,34903,654,Adiantado,Adiantado
674644,5,34903,816,Adiantado,Adiantado
674657,5,34903,598,Equilibrado,Equilibrado
674671,5,34903,1465,Adiantado,Adiantado
674691,5,34903,1887,Equilibrado,Equilibrado
674694,5,34903,1252,Equilibrado,Equilibrado
674699,5,34903,647,Equilibrado,Equilibrado
674751,5,34903,953,Adiantado,Adiantado
674831,5,34903,378,Adiantado,Adiantado
674870,5,34903,1254,Equilibrado,Equilibrado
674921,5,34903,499,Tardio,Tardio
675021,5,34903,1229,Adiantado,Adiantado
675054,5,34903,436,Equilibrado,Equilibrado
675193,5,34903,649,Adiantado,Adiantado
675225,5,34903,742,Equilibrado,Equilibrado
675233,5,34903,1706,Equilibrado,Equilibrado
675273,5,34903,244,Equilibrado,Equilibrado
675279,5,34903,792,Adiantado,Adiantado
675315,5,34903,592,Adiantado,Adiantado
675328,5,34903,535,Adiantado,Adiantado
675474,5,34903,21,Adiantado,Adiantado
675566,5,34903,444,Adiantado,Adiantado
675636,5,34903,1167,Equilibrado,Equilibrado
675710,5,34903,761,Adiantado,Adiantado
675989,5,34903,1946,Equilibrado,Equilibrado
676064,5,34903,1292,Equilibrado,Equilibrado
676103,5,34903,333,Tardio,Adiantado
676190,5,34903,1425,Adiantado,Adiantado
676265,5,34903,986,Adiantado,Adiantado
676272,5,34903,60,Tardio,Tardio
676303,5,34903,59,Equilibrado,Equilibrado
676378,5,34903,918,Equilibrado,Adiantado
676444,5,34903,1721,Equilibrado,Adiantado
676459,5,34903,1157,Equilibrado,Adiantado
676478,5,34903,900,Adiantado,Adiantado
676492,5,34903,955,Adiantado,Adiantado
676610,5,34903,263,Tardio,Tardio
676626,5,34903,932,Adiantado,Adiantado
676866,5,34903,616,Adiantado,Adiantado
677085,5,34903,257,Adiantado,Adiantado
677111,5,34903,660,Equilibrado,Equilibrado
677138,5,34903,872,Equilibrado,Equilibrado
677155,5,34903,1565,Equilibrado,Equilibrado
677167,5,34903,351,Adiantado,Adiantado
677206,5,34903,1061,Equilibrado,Equilibrado
677221,5,34903,1415,Adiantado,Adiantado
677235,5,34903,270,Equilibrado,Adiantado
677382,5,34903,842,Adiantado,Adiantado
677400,5,34903,967,Adiantado,Adiantado
677436,5,34903,537,Adiantado,Adiantado
677456,5,34903,1443,Equilibrado,Adiantado
677486,5,34903,181,Tardio,Tardio
677546,5,34903,490,Tardio,Tardio
677655,5,34903,1383,Equilibrado,Equilibrado
677748,5,34903,2593,Equilibrado,Equilibrado
677767,5,34903,257,Tardio,Adiantado
677833,5,34903,984,Adiantado,Adiantado
678088,5,34903,1520,Equilibrado,Equilibrado
678235,5,34903,1835,Equilibrado,Adiantado
678270,5,34903,53,Tardio,Tardio
678381,5,34903,367,Equilibrado,Equilibrado
678452,5,34903,109,Tardio,Tardio
678528,5,34903,2133,Equilibrado,Adiantado
678628,5,34903,182,Tardio,Tardio
678659,5,34903,892,Adiantado,Adiantado
678819,5,34903,1059,Equilibrado,Adiantado
678859,5,34903,1596,Equilibrado,Equilibrado
678946,5,34903,985,Equilibrado,Equilibrado
678954,5,34903,1474,Adiantado,Adiantado
679036,5,34903,2700,Equilibrado,Adiantado
679189,5,34903,1499,Equilibrado,Adiantado
679237,5,34903,514,Adiantado,Adiantado
679251,5,34903,216,Equilibrado,Equilibrado
679262,5,34903,133,Equilibrado,Equilibrado
679278,5,34903,370,Adiantado,Adiantado
679384,5,34903,652,Adiantado,Adiantado
679386,5,34903,100,Equilibrado,Equilibrado
679402,5,34903,490,Adiantado,Adiantado
679445,5,34903,474,Equilibrado,Equilibrado
679448,5,34903,1717,Adiantado,Adiantado
679498,5,34903,312,Tardio,Tardio
679509,5,34903,177,Adiantado,Adiantado
679594,5,34903,1596,Equilibrado,Equilibrado
679788,5,34903,411,Adiantado,Adiantado
679790,5,34903,378,Tardio,Tardio
679939,5,34903,568,Equilibrado,Equilibrado
680014,5,34903,462,Adiantado,Adiantado
680027,5,34903,1525,Adiantado,Adiantado
680145,5,34903,1031,Equilibrado,Equilibrado
680266,5,34903,1627,Equilibrado,Equilibrado
680270,5,34903,192,Adiantado,Adiantado
680322,5,34903,392,Equilibrado,Equilibrado
680343,5,34903,1444,Adiantado,Adiantado
680348,5,34903,773,Adiantado,Adiantado
680443,5,34903,1094,Adiantado,Adiantado
680464,5,34903,1329,Adiantado,Adiantado
680506,5,34903,686,Tardio,Equilibrado
680572,5,34903,524,Adiantado,Adiantado
680708,5,34903,415,Adiantado,Adiantado
680713,5,34903,797,Adiantado,Adiantado
680747,5,34903,496,Equilibrado,Equilibrado
680775,5,34903,165,Equilibrado,Equilibrado
680810,5,34903,4753,Equilibrado,Equilibrado
680955,5,34903,939,Equilibrado,Equilibrado
680974,5,34903,131,Adiantado,Adiantado
681004,5,34903,735,Adiantado,Adiantado
681235,5,34903,303,Tardio,Tardio
681328,5,34903,636,Equilibrado,Adiantado
681352,5,34903,360,Adiantado,Adiantado
681354,5,34903,577,Tardio,Tardio
681452,5,34903,315,Equilibrado,Adiantado
681490,5,34903,1230,Equilibrado,Equilibrado
681608,5,34903,147,Tardio,Tardio
681633,5,34903,961,Equilibrado,Adiantado
681652,5,34903,489,Equilibrado,Equilibrado
681658,5,34903,275,Tardio,Equilibrado
681755,5,34903,759,Equilibrado,Equilibrado
681763,5,34903,761,Adiantado,Adiantado
681938,5,34903,375,Equilibrado,Equilibrado
681973,5,34903,135,Adiantado,Adiantado
682070,5,34903,999,Equilibrado,Equilibrado
682298,5,34903,746,Equilibrado,Equilibrado
682390,5,34903,259,Tardio,Tardio
682436,5,34903,978,Equilibrado,Adiantado
682437,5,34903,683,Adiantado,Adiantado
682511,5,34903,916,Equilibrado,Equilibrado
682539,5,34903,1099,Equilibrado,Equilibrado
682569,5,34903,914,Adiantado,Adiantado
682613,5,34903,114,Equilibrado,Equilibrado
682632,5,34903,812,Equilibrado,Equilibrado
682695,5,34903,1045,Adiantado,Adiantado
682753,5,34903,861,Equilibrado,Equilibrado
682839,5,34903,952,Equilibrado,Equilibrado
682894,5,34903,470,Adiantado,Adiantado
682963,5,34903,799,Adiantado,Adiantado
682981,5,34903,846,Equilibrado,Equilibrado
682983,5,34903,635,Equilibrado,Equilibrado
682990,5,34903,1483,Equilibrado,Adiantado
683033,5,34903,2266,Equilibrado,Adiantado
683094,5,34903,434,Equilibrado,Equilibrado
683178,5,34903,856,Adiantado,Adiantado
683243,5,34903,139,Tardio,Tardio
683305,5,34903,53,Adiantado,Adiantado
683346,5,34903,806,Adiantado,Adiantado
683352,5,34903,579,Tardio,Adiantado
683353,5,34903,1168,Equilibrado,Equilibrado
683375,5,34903,446,Equilibrado,Equilibrado
683403,5,34903,885,Adiantado,Adiantado
683467,5,34903,298,Tardio,Tardio
683530,5,34903,1218,Adiantado,Adiantado
683550,5,34903,151,Equilibrado,Equilibrado
683604,5,34903,954,Adiantado,Adiantado
683624,5,34903,1831,Equilibrado,Adiantado
683820,5,34903,511,Adiantado,Adiantado
683902,5,34903,55,Adiantado,Adiantado
683934,5,34903,573,Equilibrado,Equilibrado
684013,5,34903,1378,Equilibrado,Equilibrado
684183,5,34903,1166,Equilibrado,Equilibrado
684311,5,34903,794,Adiantado,Adiantado
684383,5,34903,831,Adiantado,Adiantado
684386,5,34903,919,Equilibrado,Equilibrado
684592,5,34903,366,Tardio,Tardio
684671,5,34903,511,Tardio,Equilibrado
684675,5,34903,150,Tardio,Tardio
684882,5,34903,2299,Equilibrado,Equilibrado
684981,5,34903,443,Equilibrado,Equilibrado
685105,5,34903,164,Equilibrado,Equilibrado
685128,5,34903,311,Equilibrado,Equilibrado
685140,5,34903,74,Tardio,Tardio
685155,5,34903,982,Equilibrado,Adiantado
685212,5,34903,1224,Equilibrado,Equilibrado
685276,5,34903,669,Equilibrado,Equilibrado
685339,5,34903,1045,Equilibrado,Equilibrado
685373,5,34903,810,Equilibrado,Equilibrado
685378,5,34903,118,Tardio,Tardio
685410,5,34903,770,Adiantado,Adiantado
685619,5,34903,777,Tardio,Tardio
685705,5,34903,925,Equilibrado,Equilibrado
685708,5,34903,640,Adiantado,Adiantado
685772,5,34903,1023,Adiantado,Adiantado
685831,5,34903,304,Adiantado,Adiantado
686065,5,34903,1324,Equilibrado,Equilibrado
686317,5,34903,338,Adiantado,Adiantado
686344,5,34903,1003,Equilibrado,Equilibrado
686348,5,34903,677,Adiantado,Adiantado
686498,5,34903,1365,Equilibrado,Equilibrado
686522,5,34903,758,Adiantado,Adiantado
686558,5,34903,172,Tardio,Tardio
686700,5,34903,87,Tardio,Tardio
686946,5,34903,110,Tardio,Tardio
687112,5,34903,96,Tardio,Tardio
687115,5,34903,55,Tardio,Tardio
687351,5,34903,641,Tardio,Equilibrado
687410,5,34903,414,Adiantado,Adiantado
687434,5,34903,1843,Adiantado,Adiantado
687468,5,34903,906,Adiantado,Adiantado
687485,5,34903,619,Adiantado,Adiantado
687503,5,34903,1786,Equilibrado,Adiantado
687910,5,34903,841,Adiantado,Adiantado
687930,5,34903,1104,Adiantado,Adiantado
687931,5,34903,600,Equilibrado,Equilibrado
687988,5,34903,1196,Equilibrado,Equilibrado
688008,5,34903,822,Adiantado,Adiantado
688127,5,34903,695,Adiantado,Adiantado
688136,5,34903,1346,Adiantado,Adiantado
688192,5,34903,886,Adiantado,Adiantado
688265,5,34903,111,Adiantado,Adiantado
688337,5,34903,164,Equilibrado,Equilibrado
688543,5,34903,667,Equilibrado,Equilibrado
688667,5,34903,2096,Equilibrado,Equilibrado
688685,5,34903,164,Equilibrado,Equilibrado
688727,5,34903,1299,Adiantado,Adiantado
688891,5,34903,454,Tardio,Tardio
688895,5,34903,1786,Adiantado,Adiantado
689005,5,34903,107,Adiantado,Adiantado
689056,5,34903,68,Tardio,Tardio
689260,5,34903,496,Adiantado,Adiantado
689280,5,34903,913,Equilibrado,Adiantado
689347,5,34903,431,Equilibrado,Equilibrado
689796,5,34903,2911,Adiantado,Adiantado
689832,5,34903,470,Adiantado,Adiantado
689855,5,34903,546,Equilibrado,Equilibrado
689924,5,34903,148,Equilibrado,Adiantado
690075,5,34903,77,Tardio,Tardio
690198,5,34903,261,Adiantado,Adiantado
690628,5,34903,686,Equilibrado,Equilibrado
690635,5,34903,180,Adiantado,Adiantado
690746,5,34903,1368,Adiantado,Adiantado
690872,5,34903,300,Adiantado,Adiantado
691269,5,34903,323,Adiantado,Adiantado
691280,5,34903,9,Tardio,Tardio
691326,5,34903,1023,Adiantado,Adiantado
691465,5,34903,667,Equilibrado,Equilibrado
691699,5,34903,411,Equilibrado,Equilibrado
691722,5,34903,926,Adiantado,Adiantado
691873,5,34903,476,Adiantado,Adiantado
691932,5,34903,1337,Adiantado,Adiantado
692010,5,34903,1034,Adiantado,Adiantado
692097,5,34903,1198,Equilibrado,Equilibrado
692220,5,34903,430,Adiantado,Adiantado
692301,5,34903,61,Tardio,Tardio
692334,5,34903,1782,Equilibrado,Equilibrado
692454,5,34903,425,Adiantado,Adiantado
692612,5,34903,1077,Adiantado,Adiantado
692893,5,34903,331,Equilibrado,Equilibrado
692962,5,34903,1354,Equilibrado,Equilibrado
692968,5,34903,453,Adiantado,Adiantado
693162,5,34903,1171,Adiantado,Adiantado
693197,5,34903,496,Equilibrado,Equilibrado
693236,5,34903,458,Adiantado,Adiantado
693345,5,34903,469,Adiantado,Adiantado
693373,5,34903,514,Equilibrado,Equilibrado
693497,5,34903,703,Adiantado,Adiantado
693519,5,34903,175,Tardio,Tardio
693628,5,34903,405,Adiantado,Adiantado
693806,5,34903,1080,Adiantado,Adiantado
693873,5,34903,178,Tardio,Tardio
693903,5,34903,507,Adiantado,Adiantado
693907,5,34903,1032,Equilibrado,Equilibrado
694144,5,34903,638,Equilibrado,Equilibrado
694221,5,34903,20,Equilibrado,Equilibrado
694428,5,34903,258,Tardio,Tardio
694622,5,34903,560,Adiantado,Adiantado
694716,5,34903,385,Tardio,Tardio
694827,5,34903,756,Adiantado,Adiantado
694836,5,34903,749,Equilibrado,Equilibrado
694848,5,34903,1299,Equilibrado,Equilibrado
695090,5,34903,121,Tardio,Tardio
695169,5,34903,188,Tardio,Tardio
695471,5,34903,106,Tardio,Tardio
695485,5,34903,234,Tardio,Tardio
695637,5,34903,493,Adiantado,Adiantado
695729,5,34903,1673,Equilibrado,Adiantado
695803,5,34903,503,Adiantado,Adiantado
695869,5,34903,1020,Equilibrado,Equilibrado
696039,5,34903,90,Tardio,Tardio
696043,5,34903,586,Adiantado,Adiantado
696082,5,34903,552,Equilibrado,Equilibrado
696188,5,34903,290,Tardio,Tardio
696275,5,34903,1802,Equilibrado,Equilibrado
696318,5,34903,674,Equilibrado,Equilibrado
696329,5,34903,970,Equilibrado,Equilibrado
696347,5,34903,1699,Adiantado,Adiantado
696364,5,34903,322,Adiantado,Adiantado
696659,5,34903,195,Equilibrado,Equilibrado
696662,5,34903,2145,Equilibrado,Equilibrado
696666,5,34903,56,Tardio,Tardio
696671,5,34903,694,Adiantado,Adiantado
696672,5,34903,93,Adiantado,Adiantado
696678,5,34903,461,Equilibrado,Equilibrado
696729,5,34903,1065,Adiantado,Adiantado
697114,5,34903,472,Tardio,Tardio
697255,5,34903,939,Adiantado,Adiantado
697878,5,34903,343,Adiantado,Adiantado
697998,5,34903,695,Equilibrado,Equilibrado
698015,5,34903,498,Equilibrado,Equilibrado
698384,5,34903,780,Adiantado,Adiantado
698485,5,34903,898,Adiantado,Adiantado
698656,5,34903,314,Equilibrado,Equilibrado
699127,5,34903,43,Tardio,Tardio
699128,5,34903,361,Adiantado,Adiantado
895524,5,34903,2627,Equilibrado,Equilibrado
1042726,5,34903,12,Tardio,Tardio
1318759,5,34903,1155,Equilibrado,Equilibrado
1348205,5,34903,2177,Equilibrado,Equilibrado
1391717,5,34903,583,Adiantado,Adiantado
1413902,5,34903,501,Adiantado,Adiantado
1448966,5,34903,304,Tardio,Adiantado
1450604,5,34903,737,Adiantado,Adiantado
1473878,5,34903,591,Equilibrado,Equilibrado
1501577,5,34903,611,Adiantado,Adiantado
1585671,5,34903,1128,Adiantado,Adiantado
1603549,5,34903,668,Tardio,Adiantado
1639699,5,34903,620,Adiantado,Adiantado
1658963,5,34903,640,Equilibrado,Equilibrado
1677677,5,34903,1354,Adiantado,Adiantado
1722493,5,34903,1435,Adiantado,Adiantado
1755594,5,34903,799,Equilibrado,Adiantado
1810759,5,34903,705,Equilibrado,Equilibrado
1816458,5,34903,1871,Adiantado,Adiantado
1817710,5,34903,967,Equilibrado,Adiantado
1836241,5,34903,1216,Equilibrado,Equilibrado
1837138,5,34903,2710,Equilibrado,Adiantado
1871598,5,34903,3789,Equilibrado,Equilibrado
1871684,5,34903,435,Equilibrado,Adiantado
1877902,5,34903,941,Adiantado,Adiantado
1879321,5,34903,1636,Adiantado,Adiantado
1881231,5,34903,598,Adiantado,Adiantado
1887108,5,34903,1100,Equilibrado,Adiantado
1889752,5,34903,1293,Adiantado,Adiantado
1948159,5,34903,855,Adiantado,Adiantado
1962049,5,34903,1803,Equilibrado,Equilibrado
1972092,5,34903,1671,Adiantado,Adiantado
1995177,5,34903,1352,Adiantado,Adiantado
1998834,5,34903,30,Equilibrado,Equilibrado
2017487,5,34903,1464,Equilibrado,Equilibrado
2020628,5,34903,6384,Adiantado,Adiantado
2035700,5,34903,1309,Adiantado,Adiantado
2047575,5,34903,899,Adiantado,Adiantado
2065972,5,34903,631,Equilibrado,Adiantado
2081123,5,34903,877,Equilibrado,Equilibrado
2096251,5,34903,922,Adiantado,Adiantado
2106955,5,34903,1156,Adiantado,Adiantado
2138970,5,34903,157,Tardio,Tardio
2140300,5,34903,1035,Adiantado,Adiantado
2143312,5,34903,1897,Adiantado,Adiantado
2143440,5,34903,614,Equilibrado,Equilibrado
2154361,5,34903,188,Equilibrado,Equilibrado
2160316,5,34903,1276,Equilibrado,Adiantado
2180090,5,34903,2598,Equilibrado,Equilibrado
2185729,5,34903,762,Equilibrado,Adiantado
2197766,5,34903,1221,Equilibrado,Equilibrado
2254637,5,34903,924,Equilibrado,Equilibrado
2274542,5,34903,1410,Adiantado,Adiantado
2278101,5,34903,413,Tardio,Tardio
2293511,5,34903,725,Adiantado,Adiantado
2298106,5,34903,676,Tardio,Tardio
2298895,5,34903,882,Equilibrado,Equilibrado
2301830,5,34903,1748,Adiantado,Adiantado
2306410,5,34903,446,Equilibrado,Equilibrado
2332934,5,34903,90,Tardio,Tardio
2341420,5,34903,162,Tardio,Adiantado
2343785,5,34903,673,Adiantado,Adiantado
2351969,5,34903,104,Tardio,Tardio
2360559,5,34903,848,Adiantado,Adiantado
2366656,5,34903,448,Equilibrado,Adiantado
2378208,5,34903,443,Equilibrado,Equilibrado
2386732,5,34903,2138,Adiantado,Adiantado
2399758,5,34903,716,Adiantado,Adiantado
2403701,5,34903,3816,Equilibrado,Equilibrado
2417975,5,34903,1123,Equilibrado,Equilibrado
2424257,5,34903,798,Equilibrado,Equilibrado
2427845,5,34903,953,Equilibrado,Equilibrado
2438784,5,34903,640,Adiantado,Adiantado
2457440,5,34903,448,Adiantado,Adiantado
2459292,5,34903,34,Tardio,Tardio
2482710,5,34903,2176,Equilibrado,Equilibrado
2486930,5,34903,154,Tardio,Adiantado
2499307,5,34903,1066,Adiantado,Adiantado
2519138,5,34903,761,Equilibrado,Equilibrado
2529419,5,34903,1278,Equilibrado,Equilibrado
2537777,5,34903,765,Adiantado,Adiantado
2542209,5,34903,771,Equilibrado,Equilibrado
2544643,5,34903,1590,Adiantado,Adiantado
2544766,5,34903,315,Tardio,Tardio
2546315,5,34903,1338,Equilibrado,Equilibrado
2557008,5,34903,4003,Equilibrado,Adiantado
2559144,5,34903,320,Tardio,Tardio
2563095,5,34903,1724,Equilibrado,Equilibrado
2579891,5,34903,922,Adiantado,Adiantado
2584244,5,34903,321,Tardio,Tardio
2597117,5,34903,1178,Adiantado,Adiantado
2599883,5,34903,479,Adiantado,Adiantado
2602542,5,34903,950,Adiantado,Adiantado
2603027,5,34903,967,Equilibrado,Equilibrado
2612102,5,34903,947,Equilibrado,Equilibrado
2624028,5,34903,1217,Adiantado,Adiantado
2641156,5,34903,162,Tardio,Tardio
2642532,5,34903,165,Equilibrado,Equilibrado
2649948,5,34903,339,Equilibrado,Equilibrado
2657913,5,34903,469,Adiantado,Adiantado
2658856,5,34903,574,Adiantado,Adiantado
2681198,5,34903,951,Adiantado,Adiantado
2682682,5,34903,852,Equilibrado,Equilibrado
2683857,5,34903,2307,Adiantado,Adiantado
2686035,5,34903,511,Equilibrado,Adiantado
2697921,5,34903,395,Equilibrado,Adiantado
