id_student,b1_c1,b1_c2,b1_c3,b1_c4,b1_c5,b2_c1,b2_c2,b2_c3,b2_c4,b2_c5,b3_c1,b3_c2,b3_c3,b3_c4,b3_c5,b4_c1,b4_c2,b4_c3,b4_c4,b4_c5,total_clicks_c1,total_clicks_c2,total_clicks_c3,total_clicks_c4,total_clicks_c5,sub_c1,vol_log_c1,sub_c2,vol_log_c2,sub_c3,vol_log_c3,sub_c4,vol_log_c4,sub_c5,vol_log_c5,n_ciclos,vol_total_log,nota_tma1,tem_nota1,final_result,aprovado
31296,0.0,0.0,0.5042902768747176,0.49773108805502014,0.3421030871363353,0.0,0.09131348750647617,0.0,0.08648841317365547,0.10515563247365435,0.07804097674817727,0.14472845350783453,0.0,0.08648841317365547,0.08270009271462651,0.9219590232518228,0.7639580589856894,0.49570972312528233,0.3292920855976688,0.4700411876753837,45.0,42.0,171.0,42.0,233.0,1,3.828641396489095,1,3.7612001156935624,1,5.147494476813453,1,3.7612001156935624,1,5.455321115357702,5,6.280395838960195,78.0,1,Fail,0
35796,0.3043127595557705,0.0,0.0,0.0,0.0,0.2542441863327405,0.0,0.0,0.0,0.0,0.13251512577398558,0.0,0.0,0.0,0.0,0.30892792833750343,0.0,0.0,0.0,0.0,277.0,,,,,1,5.627621113690637,0,0.0,0,0.0,0,0.0,0,0.0,1,5.627621113690637,82.0,1,Fail,0
40878,0.20820264267038002,0.16430318846894207,0.17086805222004992,0.2694211981556609,0.16129041230857022,0.2732459750545523,0.30922672036317383,0.3128523445069989,0.07155338624833153,0.4982058146352589,0.2526544224404916,0.20303871986956204,0.3219772285916791,0.2737299223192694,0.17861403994237374,0.2658969598345763,0.32343137129832206,0.19430237468127215,0.3852954932767382,0.16188973311379715,345.0,398.0,357.0,480.0,397.0,1,5.846438775057725,1,5.988961416889864,1,5.8805329864007,1,6.175867270105761,1,5.986452005284438,5,7.589841512182657,94.0,1,Distinction,1
42552,0.36149493218301326,0.2541070228348739,0.19940661432885787,0.15489661854048564,0.26133758988832123,0.24883403703155518,0.19429132834693041,0.1121907624784875,0.31128021036618786,0.27267634201841795,0.14663232547644786,0.2788387615445434,0.10903217346760902,0.3125704062462032,0.22851791316161607,0.24303870530898375,0.27276288727365217,0.5793704497250455,0.22125276484712333,0.2374681549316448,500.0,1187.0,339.0,790.0,1782.0,1,6.2166061010848646,1,7.080026499922591,1,5.8289456176102075,1,6.673297967767654,1,7.48605261786314,5,8.433594167539924,84.0,1,Pass,1
43958,0.20919849487683284,0.18237468263115456,0.2747933405546291,0.0,0.0,0.19774544973388786,0.13593500346717974,0.42678038040071403,0.0,0.0,0.20383250750923615,0.32708463794406234,0.2635031856747021,0.0,0.0,0.38922354788004326,0.3546056759576035,0.03492309336995476,0.0,0.0,297.0,420.0,357.0,,,1,5.697093486505405,1,6.042632833682381,1,5.8805329864007,0,0.0,0,0.0,3,6.980075940561763,88.0,1,Fail,0
45423,0.24635352844144512,0.23099092371408902,0.3449891802720018,0.655421761115168,0.42232193729991213,0.35126426497005886,0.22638941416193667,0.13802556535579696,0.0,0.36565122777893216,0.08138783555430834,0.24967220630087175,0.08006075535878011,0.0,0.17414144737250373,0.3209943710341876,0.2929474558231026,0.43692449901342123,0.344578238884832,0.03788538754865189,807.0,698.0,830.0,124.0,1393.0,1,6.694562058521095,1,6.54965074223381,1,6.7226297948554485,1,4.8283137373023015,1,7.2399325913204695,5,8.256607344626158,60.0,1,Fail,0
47861,0.254183719662693,0.2509783305705468,0.3790127429655033,0.110108892669001,0.2018696083560024,0.22943402050109607,0.22057818847870367,0.19382178132798814,0.26143818188010143,0.40394845127319906,0.2187565197776874,0.20317108562190164,0.2050979076506996,0.3099525021848229,0.12094170959703593,0.29762574005852366,0.32527239532884794,0.22206756805580896,0.31850042326607453,0.2732402307737627,2276.0,1491.0,555.0,811.0,1687.0,1,7.7306140660637395,1,7.307872780763706,1,6.320768294250582,1,6.699500340161678,1,7.431299675155903,5,8.82776136765472,72.0,1,Pass,1
56637,0.27385166070398825,0.20647176887393467,0.2971811431586073,0.2821053565092214,0.3423293086975162,0.2656304470202412,0.38115582140144444,0.3490776719158136,0.3047166741090932,0.3399073515044493,0.2436893878632206,0.12059885307900407,0.1797259015825595,0.16978154149045277,0.2012284493079409,0.21682850441254994,0.2917735566456168,0.17401528334301952,0.2433964278912326,0.11653489049009368,1140.0,696.0,1151.0,711.0,873.0,1,7.039660349862076,1,6.546785410760524,1,7.049254841255837,1,6.568077911411976,1,6.773080375655535,5,8.427706024914702,86.0,1,Distinction,1
56667,0.1480409554829326,0.0,0.6029404546204394,0.7338386594413103,0.0,0.0,0.0,0.2775327121556091,0.07424382835389443,0.0,0.0,0.26264953503719357,0.0,0.0,0.0,0.8519590445170674,0.7373504649628064,0.11952683322395145,0.19191751220479522,0.0,54.0,7.0,17.0,42.0,,1,4.007333185232471,1,2.0794415416798357,1,2.8903717578961645,1,3.7612001156935624,0,0.0,4,4.795790545596741,76.0,1,Fail,0
58884,0.14997825350675198,0.16745441799129507,0.4244000756704222,0.2554560747474533,0.2685871591672881,0.21395056155911654,0.2533265485011112,0.2486482618841213,0.22422672819575235,0.2961421696835373,0.25203794835835075,0.23886153689732026,0.23905374527893333,0.3285909149623732,0.25261659372641077,0.38403323657578076,0.3403574966102735,0.08789791716652322,0.19172628209442114,0.18265407742276377,667.0,678.0,327.0,1099.0,1516.0,1,6.504288173536645,1,6.520621127558696,1,5.793013608384144,1,7.003065458786462,1,7.324489979348532,5,8.363575702750637,92.0,1,Distinction,1
64427,0.20981770646655323,0.18380544127985726,0.17393433910245876,0.23205602826280183,0.19367522208217636,0.16182333364907905,0.25883612644495135,0.2476288772665872,0.23058679927798337,0.3354164295729231,0.2368633922243982,0.30654856833885025,0.32045419482923887,0.24979012011987412,0.3133261042713937,0.39149556765996957,0.25080986393634114,0.2579825888017151,0.28756705233934077,0.157582244073507,415.0,532.0,834.0,974.0,1675.0,1,6.030685260261263,1,6.278521424165844,1,6.727431724850855,1,6.882437470997847,1,7.424165281042028,5,8.39638057119949,74.0,1,Distinction,1
71159,0.2463262365863663,0.11685873376731941,0.21653198158196485,0.17909276326246434,0.39169949879983756,0.23028662830911353,0.15201819495460006,0.22522089618244062,0.06612538824581318,0.2569346714443009,0.1282716334012467,0.22438930209157756,0.13556391851500948,0.2691820960617712,0.14575272855953023,0.39511550170327336,0.5067337691865029,0.42268320372058504,0.48559975242995124,0.2056131011963314,459.0,483.0,656.0,659.0,1407.0,1,6.131226489483141,1,6.182084906716632,1,6.48768401848461,1,6.492239835020471,1,7.249925536717988,5,8.206583614320753,76.0,1,Pass,1
74165,0.17977208757742488,0.16728430314865417,0.31628124973763533,0.0,0.4446192809541596,0.18016528077285054,0.3053655064578691,0.1881268908982174,0.2789429456511298,0.02811409516575426,0.316419867932771,0.4821435890459242,0.031848717671879766,0.0,0.15653519530385626,0.3236427637169537,0.04520660134755257,0.46374314169226744,0.7210570543488702,0.3707314285762298,461.0,204.0,387.0,12.0,526.0,1,6.135564891081739,1,5.3230099791384085,1,5.961005339623274,1,2.5649493574615367,1,6.267200548541362,5,7.372118028337787,90.0,1,Pass,1
75107,0.23203805343836695,0.2116436599467318,0.35275614715406545,0.26099634192462084,0.3110618034436644,0.2401313961591365,0.2708735129494139,0.1503764542908525,0.27394532041809966,0.4132001105710893,0.2525363670801294,0.2807671759429837,0.230618103360653,0.27073649326920995,0.08497261233852187,0.2752941833223672,0.23671565116087048,0.26624929519442914,0.19432184438806963,0.19076547364672447,938.0,642.0,687.0,1210.0,1366.0,1,6.844815479208263,1,6.466144724237619,1,6.5337888379333435,1,7.099201743553092,1,7.220373836723949,5,8.485496104672983,84.0,1,Distinction,1
77692,0.24506574282145324,0.0,0.0,0.0,0.41669150100800106,0.0,0.1486440671366264,0.0,0.04347456005564864,0.0,0.0,0.31969554033742614,0.0,0.20188960481215695,0.0,0.7549342571785468,0.5316603925259474,1.0,0.7546358351321943,0.5833084989919989,600.0,205.0,171.0,220.0,565.0,1,6.398594934535208,1,5.327876168789581,1,5.147494476813453,1,5.3981627015177525,1,6.338594078203183,5,7.474204806496124,96.0,1,Pass,1
77995,0.16378870322561528,0.33150435439839104,0.0,0.807436988118106,0.0,0.10919246881707687,0.16575217719919552,0.0,0.19256301188189393,0.0,0.33235254823417093,0.0,0.0,0.0,0.0,0.39466627972313695,0.5027434684024134,0.0,0.0,0.0,103.0,37.0,,50.0,,1,4.6443908991413725,1,3.6375861597263857,0,0.0,1,3.9318256327243257,0,0.0,3,5.25227342804663,68.0,1,Pass,1
79610,0.47741700416412447,0.22949731574802004,0.26083552280713096,0.3084745383041074,0.378054791307394,0.1374442374061326,0.3313234979892947,0.1526515972868718,0.311336600878615,0.19238361247247485,0.02167941470911703,0.18269125944552503,0.1455898015817664,0.0,0.0,0.3634593437206259,0.25648792681716015,0.44092307832423083,0.3801888608172777,0.4295615962201312,304.0,456.0,157.0,480.0,874.0,1,5.720311776607412,1,6.124683390894205,1,5.062595033026967,1,6.175867270105761,1,6.774223886357614,5,7.7284157798410416,96.0,1,Pass,1
80438,0.25252009299588735,0.30836091409635874,0.5572715701380867,0.2839384759520086,0.0,0.20782078521827535,0.2224932915535746,0.20374853069394327,0.599319160567222,0.0,0.31597109207964386,0.03194547619350205,0.13911155454594273,0.022372043456074527,0.0,0.2236880297061935,0.4372003181565645,0.0998683446220271,0.09437032002469485,0.0,903.0,450.0,234.0,1665.0,,1,6.806829360392176,1,6.111467339502679,1,5.459585514144159,1,7.418180822726788,0,0.0,4,8.087332926473351,96.0,1,Pass,1
84604,0.1545011977422672,0.3274616212328062,0.394979395335426,0.19475927237700308,0.3212340673369961,0.3314663375042352,0.3111347719588279,0.2876935855675673,0.26428493376730294,0.18932310101651337,0.15817895323264236,0.13231412046263666,0.26363024162346577,0.2874222144461013,0.22690189168745997,0.3558535115208552,0.22908948634572932,0.05369677747354103,0.2535335794095927,0.2625409399590306,710.0,1106.0,1160.0,1357.0,2529.0,1,6.566672429803241,1,7.009408932708637,1,7.057036981697891,1,7.213768308118642,1,7.835974581721566,5,8.833899942908635,86.0,1,Distinction,1
87264,0.0981761498950613,0.21895086981381012,0.25842925104504644,0.22462805885476306,0.3571276861542719,0.1809610966037732,0.26223950576512456,0.04011577627939208,0.33660367684000775,0.20142107099531703,0.2718874687686099,0.20187564827972465,0.11202255310386201,0.16566322339672884,0.18334043300066594,0.4489752847325556,0.31693397614134067,0.5894324195716995,0.27310504090850035,0.25811080984974516,500.0,1281.0,350.0,1628.0,2103.0,1,6.2166061010848646,1,7.156176637480615,1,5.860786223465865,1,7.395721608602045,1,7.651595573857601,5,8.676416696964216,92.0,1,Distinction,1
87322,0.08858288874201872,0.08387007808340062,0.09074925854558297,0.14135836941769694,0.0,0.2767297338957854,0.5003748436989596,0.045374629272791484,0.0,0.0,0.3226809870971655,0.12452302254698751,0.22687314636395745,0.12499305900414201,0.0,0.3120063902650304,0.2912320556706523,0.637002965817668,0.733648571578161,0.0,88.0,259.0,68.0,167.0,,1,4.48863636973214,1,5.560681631015528,1,4.23410650459726,1,5.123963979403259,0,0.0,4,6.368187186350492,74.0,1,Pass,1
94749,0.2741170787227864,0.13648334064715406,0.274057765774949,0.0,0.0,0.18143290592357397,0.3490372762543347,0.3222414913320015,0.0,0.0,0.21395437019058888,0.16263717806043446,0.1901511712380657,0.0,0.0,0.3304956451630507,0.3518422050380767,0.21354957165498395,0.0,0.0,584.0,596.0,232.0,,,1,6.371611847231857,1,6.391917113392602,1,5.4510384535657,0,0.0,0,0.0,3,7.253470382684528,60.0,1,Fail,0
101217,0.482680666545146,0.0,0.0,0.0,0.0,0.3695598949073892,0.0,0.0,0.0,0.0,0.0,0.0,0.0,0.0,0.0,0.14775943854746487,0.0,0.0,0.0,0.0,62.0,,,,,1,4.143134726391533,0,0.0,0,0.0,0,0.0,0,0.0,1,4.143134726391533,68.0,1,Fail,0
102854,0.30142497308564364,0.260042687496687,0.27717286634734095,0.25461940935770067,0.30461651456052546,0.22723744275395696,0.19158923814115456,0.23305278000808585,0.22384392943649403,0.29244867956804993,0.17860334606200165,0.20173083114281903,0.1835744369650224,0.2700003665032222,0.20390790941408127,0.2927342380983977,0.3466372432193394,0.3061999166795508,0.25153629470258304,0.19902689645734348,610.0,379.0,774.0,959.0,856.0,1,6.415096959171596,1,5.940171252720432,1,6.652863029353347,1,6.866933284461882,1,6.75343791859778,5,8.182838710766026,100.0,1,Distinction,1
105939,0.11226395977260077,0.06361270366179206,0.4307797175222477,0.19743580288542067,0.433996553784931,0.17495381727892134,0.4409884146277018,0.30599405013439546,0.3386197811377495,0.16005554636986402,0.12971377181595226,0.21907405854430406,0.13249915716802413,0.24874200051556034,0.20705434914027543,0.5830684511325256,0.27632482316620205,0.1307270751753327,0.2152024154612694,0.1988935507049296,265.0,409.0,400.0,302.0,938.0,1,5.583496308781699,1,6.016157159698354,1,5.993961427306569,1,5.713732805509369,1,6.844815479208263,5,7.747164966520335,90.0,1,Pass,1
107455,0.4093663336961838,0.0,0.08756021040115572,0.2608242626422113,0.35302058005740616,0.3462684696173752,0.17663488334589778,0.05524434197106614,0.14199704261765675,0.09288650152810703,0.03408197388916679,0.6239595170700479,0.21033481731937212,0.16516686521075893,0.06447573825070392,0.21028322279727427,0.1994055995840543,0.646860630308406,0.4320118295293729,0.4896171801637829,252.0,138.0,98.0,154.0,366.0,1,5.53338948872752,1,4.9344739331306915,1,4.59511985013459,1,5.043425116919247,1,5.905361848054571,5,6.9167150203536085,72.0,1,Fail,0
108949,0.0,0.0,0.09688112441853941,0.25731534152549035,0.0,0.0,0.0,0.38752449767415764,0.10387773330096257,0.0,0.0,0.0,0.22495100465168472,0.0,0.0,0.0,0.0,0.2906433732556182,0.6388069251735471,0.0,,,20.0,63.0,,0,0.0,0,0.0,1,3.044522437723423,1,4.1588830833596715,0,0.0,2,4.430816798843313,80.0,1,Fail,0
109577,0.5129714839074755,0.2312679998560174,0.0,0.0,0.41444036161708797,0.0,0.2939893255002602,0.26769863216346595,0.0,0.1551479817891974,0.37771755344639374,0.1729541132267439,0.0,0.0,0.0,0.10931096264613088,0.3017885614169784,0.732301367836534,0.0,0.43041165659371466,143.0,176.0,113.0,,193.0,1,4.969813299576001,1,5.176149732573829,1,4.736198448394496,0,0.0,1,5.267858159063328,4,6.439350371100098,94.0,1,Pass,1
116529,0.18790182470910755,0.0,0.32950657653239485,0.0,0.0,0.0,0.0,0.33524671173380255,0.0,0.0,0.18790182470910755,0.0,0.0775687851286521,0.0,0.0,0.6241963505817848,0.0,0.25767792660515043,0.0,0.0,11.0,,38.0,,,1,2.4849066497880004,0,0.0,1,3.6635616461296463,0,0.0,0,0.0,2,3.912023005428146,82.0,1,Fail,0
119310,0.43318025631029,0.0,0.470406292170254,0.43391643901888055,0.6400189217765382,0.12228792381975288,0.19751953647099588,0.03279269352707913,0.22680721166436987,0.05528657820021217,0.0,0.2754706861472008,0.09837808058123737,0.1762869664500279,0.21286548132651362,0.4445318198699571,0.5270097773818033,0.39842293372142945,0.1629893828667217,0.091829018696736,232.0,333.0,203.0,479.0,223.0,1,5.4510384535657,1,5.811140992976701,1,5.318119993844216,1,6.173786103901937,1,5.4116460518550396,5,7.293697720601438,80.0,1,Pass,1
119865,0.15890396951162772,0.17115992290562837,0.3633661429083514,0.16977802173156517,0.48552842185029,0.18453423815332112,0.3523113960528315,0.17439244771123483,0.4171320181577153,0.35572644388688757,0.2719120893119843,0.15076541961537243,0.08719622385561743,0.1823401809009403,0.11477945289363668,0.38464970302306695,0.3257632614261677,0.37504518552479627,0.23074977920977924,0.04396568136918594,410.0,552.0,167.0,194.0,644.0,1,6.018593214496234,1,6.315358001522335,1,5.123963979403259,1,5.272999558563747,1,6.4692503167957724,5,7.584773077612199,86.0,1,Distinction,1
125063,0.09898594584876169,0.2799550660200744,0.24668969154882125,0.061191317045542294,0.2563288365966483,0.21364869396973266,0.19452300165463032,0.0,0.15361838358045768,0.37472003646619406,0.29695796615775094,0.2604937278670975,0.48107615351464006,0.11135660368816436,0.21807841256975397,0.39040739402375474,0.2650282044581977,0.27223415493653863,0.6738336956858356,0.15087271436740352,490.0,376.0,371.0,347.0,1384.0,1,6.19644412779452,1,5.932245187448011,1,5.918893854273146,1,5.8522024797744745,1,7.233455418621439,5,7.99598047476376,86.0,1,Fail,0
129907,0.0,0.2858197830212394,0.38980425253657097,0.2993363783719965,0.4523548444987063,0.10623510709460804,0.40321626029790714,0.09264085841890003,0.17482285520297894,0.22220026302620005,0.35846785834719924,0.12346929861466441,0.2359657339211935,0.20291392172256995,0.16270337456320424,0.5352970345581927,0.1874946580661889,0.28158915512333543,0.32292684470245464,0.16274151791188943,639.0,446.0,669.0,892.0,1047.0,1,6.461468176353717,1,6.102558594613569,1,6.507277712385012,1,6.794586580876499,1,6.954638864880987,5,8.214465160759186,88.0,1,Distinction,1
130409,0.0,0.6294437940807934,0.0,0.5419766203817945,0.0,0.0,0.04482469749219601,0.0,0.45802337961820544,0.0,0.0,0.12583883513445962,0.5303290195561404,0.0,0.36980841984860396,0.0,0.19989267329255087,0.46967098044385963,0.0,0.630191580151396,,214.0,10.0,15.0,633.0,0,0.0,1,5.3706380281276624,1,2.3978952727983707,1,2.772588722239781,1,6.452048954437226,4,6.771935555839602,62.0,1,Pass,1
131597,0.17506670037255928,0.1089515904950854,0.22888927994051994,0.008707459918729172,0.0,0.3614117421045309,0.1411497979839804,0.4035961553343102,0.2675182639286943,0.0,0.16222177786513675,0.2996211495133194,0.14697104770945005,0.4851030527548958,0.0,0.30129977965777316,0.4502774620076148,0.22054351701571973,0.23867122339768085,0.0,60.0,557.0,222.0,738.0,,1,4.110873864173311,1,6.324358962381311,1,5.407171771460119,1,6.6052979209482015,0,0.0,4,7.363913501405819,92.0,1,Pass,1
132475,0.2520501647281499,0.1144064205046144,0.3022465767582143,0.29264179215056024,0.35174308051575837,0.2182469655116426,0.2388023419148103,0.21472531395105546,0.4152283362206436,0.13737401890401607,0.21227901162594634,0.28106300523347966,0.13177365635223978,0.16802420698956297,0.28275450248821243,0.3174238581342611,0.3657282323470956,0.35125445293849045,0.12410566463923316,0.22812839809201324,590.0,519.0,544.0,568.0,1038.0,1,6.3818160174060985,1,6.253828811575473,1,6.300785794663244,1,6.343880434126331,1,6.946013991099227,5,8.089482474360754,64.0,1,Pass,1
135280,0.02334328949494582,0.12033679287252318,0.14203527748976663,0.04396640886275757,0.19554277904135597,0.6092384551441823,0.5851349735256041,0.13291447845557133,0.04396640886275757,0.0,0.02334328949494582,0.0,0.0,0.0,0.4649796555647158,0.34407496586592623,0.29452823360187264,0.7250502440546621,0.9120671822744848,0.33947756539392826,863.0,166.0,180.0,164.0,560.0,1,6.761572768804055,1,5.117993812416755,1,5.198497031265826,1,5.10594547390058,1,6.329720905522696,5,7.56734567601324,82.0,1,Distinction,1
136944,0.0,0.0,0.0,0.11929530564367322,0.0,0.0,0.0,0.0,0.15849741951512572,0.0,0.5,0.0,0.15491756954115365,0.5637098553260753,0.2242438242175754,0.5,0.0,0.8450824304588465,0.15849741951512572,0.7757561757824245,6.0,,30.0,227.0,11.0,1,1.9459101490553132,0,0.0,1,3.4339872044851463,1,5.429345628954441,1,2.4849066497880004,4,5.616771097666572,82.0,1,Pass,1
139206,0.29464498805779343,0.18037384806416612,0.36892436784107296,0.18270931330098455,0.40607924229034564,0.1423361311163388,0.22554036972242544,0.3721673679309774,0.1985587070987121,0.26556654769384214,0.25267596469347336,0.25701645486479646,0.10596576064896453,0.23274011196370836,0.14742274874068617,0.3103429161323945,0.3370693273486119,0.15294250357898528,0.38599186763659504,0.18093146127512602,627.0,684.0,816.0,679.0,755.0,1,6.4425401664681985,1,6.529418838262226,1,6.705639094860003,1,6.522092798170152,1,6.628041376179533,5,8.178077463849608,78.0,1,Distinction,1
142310,0.31835958540934084,0.11507131333051657,0.0,0.1660182669015267,0.31723230221807264,0.3434989849744396,0.15727093177242324,0.22001329775586453,0.3793579817837785,0.5200088378134261,0.244996102528079,0.34821013952599383,0.40186069654896556,0.15670796704720044,0.1627588599685012,0.09314532708814051,0.37944761537106625,0.37812600569516985,0.2979157842674944,0.0,244.0,234.0,225.0,387.0,1112.0,1,5.501258210544727,1,5.459585514144159,1,5.420534999272286,1,5.961005339623274,1,7.014814351275545,5,7.697575346802343,72.0,1,Pass,1
143755,0.31528449436206407,0.28564278234886026,0.32390924990922493,0.0,0.0,0.09531713896440848,0.33062572070573026,0.25449147889762513,0.0,0.0,0.2225066345079758,0.21302660887328997,0.017720018353309212,0.0,0.0,0.3668917321655516,0.1707048880721196,0.40387925283984083,0.0,0.0,1129.0,530.0,579.0,,,1,7.029972911706386,1,6.274762021241939,1,6.363028103540465,0,0.0,0,0.0,3,7.713784616598755,92.0,1,Pass,1
149178,0.3511717827953698,0.20305488870832095,0.4398045951914017,0.32470723151841674,0.0,0.2665871856514196,0.2519035648269288,0.26683496902982,0.2961949168517483,0.0,0.17405316562115827,0.09437160938566935,0.07223673081254944,0.23852361684368012,0.0,0.20818786593205235,0.4506699370790809,0.22112370496622877,0.14057423478615486,0.0,532.0,659.0,558.0,268.0,,1,6.278521424165844,1,6.492239835020471,1,6.326149473155099,1,5.594711379601839,0,0.0,4,7.609862200913554,90.0,1,Pass,1
150282,0.39078238467466836,0.30435822720252675,0.09775955450661235,0.0,0.20983675349004444,0.11547869795249058,0.13390919801143972,0.49665705003788563,0.17527126601202594,0.42257271945977143,0.10075549533534828,0.20120288541490192,0.0,0.0,0.07258756756584857,0.3929834220374927,0.3605296893711317,0.40558339545550204,0.824728733987974,0.29500295948433564,168.0,123.0,120.0,105.0,189.0,1,5.1298987149230735,1,4.820281565605037,1,4.795790545596741,1,4.663439094112067,1,5.247024072160486,5,6.559615237493242,86.0,1,Pass,1
152524,0.2607080792097726,0.19867206438106008,0.22824161643359878,0.3054401175135031,0.23829099878845927,0.26721360466954047,0.25313542246304044,0.24887372114514866,0.23300678082613666,0.24236880453136028,0.2352168270460786,0.2682538844525873,0.21287235385064987,0.1849382642158127,0.2653279807495957,0.2368614890746083,0.27993862870331215,0.3100123085706027,0.2766148374445477,0.2540122159305847,964.0,1030.0,1159.0,1172.0,3143.0,1,6.872128101338986,1,6.93828448401696,1,7.05617528410041,1,7.067319848653476,1,8.053251153549096,5,8.918516400357067,100.0,1,Distinction,1
152917,0.25557833266525987,0.32847960495186235,0.269505990389961,0.08646410451737972,0.28771691636766666,0.10347020284389037,0.08462770162517512,0.2989483100879694,0.3307202681708758,0.321164900337929,0.26091537672996296,0.07992439425286454,0.07322939419012824,0.16853616779424402,0.2609821406656518,0.38003608776088676,0.5069682991700979,0.3583163053319415,0.41427945951750045,0.1301360426287527,694.0,894.0,577.0,1408.0,3410.0,1,6.543911845564792,1,6.796823718274855,1,6.359573868672378,1,7.25063551189868,1,8.134760782418645,5,8.851377097519439,82.0,1,Distinction,1
155938,0.2176736582539014,0.42654863165320195,0.2633522033237412,0.34278809189720066,0.4776119990243939,0.28246130869395136,0.17303335685005333,0.46567685070542886,0.14569529462836006,0.2744645873646602,0.17337693363915627,0.10295587039130125,0.14755321339055782,0.0,0.2479234136109459,0.32648809941299095,0.29746214110544344,0.12341773258027205,0.5115166134744393,0.0,557.0,508.0,325.0,318.0,787.0,1,6.324358962381311,1,6.2324480165505225,1,5.786897381366708,1,5.765191102784844,1,6.669498089857879,5,7.822444729489319,92.0,1,Pass,1
159906,0.3085667575653404,0.24548700928171951,0.20422285301353615,0.0,0.0,0.0,0.4008211102154445,0.327835938096241,0.23545649071068436,0.0,0.5563085205373032,0.21483187184472696,0.0,0.22897900724949954,0.0,0.13512472189735647,0.13886000865810907,0.4679412088902229,0.5355645020398161,0.0,266.0,228.0,69.0,284.0,,1,5.58724865840025,1,5.43372200355424,1,4.248495242049359,1,5.652489180268651,0,0.0,4,6.742880635791903,74.0,1,Pass,1
159947,0.0,0.27824552168302485,0.21545442207501458,0.3615690356398899,0.345138563082057,0.0,0.14693569780051996,0.31179663170773864,0.21012877766352686,0.32075392267796665,0.05850876585285538,0.3562031251683944,0.13536652481896616,0.17159210296412378,0.11210367890488955,0.9414912341471446,0.2186156553480608,0.3373824213982805,0.2567100837324596,0.22200383533508686,129.0,659.0,263.0,278.0,958.0,1,4.867534450455582,1,6.492239835020471,1,5.575949103146316,1,5.631211781821365,1,6.8658910748834385,5,7.7354333524996886,78.0,1,Fail,0
164148,0.3185289137931661,0.2614464562693394,0.2538930175767301,0.2054078842189647,0.5667523079849404,0.07723853374656474,0.1698895428840689,0.20083331362391812,0.1227830329869623,0.26558901872630925,0.0,0.38453193094471216,0.2836481190045339,0.44392336969769053,0.0,0.6042325524602692,0.1841320699018796,0.2616255497948179,0.22788571309638245,0.16765867328875045,306.0,727.0,1036.0,794.0,390.0,1,5.726847747587197,1,6.590301048196686,1,6.9440872082295275,1,6.678342114654332,1,5.968707559985366,5,8.087640287778983,92.0,1,Pass,1
166123,0.15638527817574224,0.15369080916369024,0.3286114028050878,0.19644273072020949,0.3327654448341307,0.3231057980195274,0.4014818872327099,0.0,0.26041974679897834,0.3345770925930728,0.0692491116074134,0.18491822064181881,0.3969526300429753,0.28691257607770787,0.1510514232372658,0.45125981219731687,0.259909082961781,0.27443596715193674,0.2562249464031042,0.1816060393355308,339.0,603.0,273.0,488.0,772.0,1,5.8289456176102075,1,6.403574197934815,1,5.6131281063880705,1,6.192362489474872,1,6.650279048587422,5,7.814399633804487,80.0,1,Pass,1
169596,0.17134151596325514,0.1618321476261664,0.26585483017694445,0.0,0.0,0.20092714353973448,0.1618321476261664,0.016694377413658604,0.0,0.0,0.21199229210167328,0.2315320415500515,0.13831963166565078,0.0,0.0,0.41573904839533704,0.4448036631976156,0.5791311607437462,0.0,0.0,336.0,216.0,334.0,,,1,5.820082930352362,1,5.37989735354046,1,5.814130531825066,0,0.0,0,0.0,3,6.787844982309579,70.0,1,Fail,0
170874,0.19841144249539422,0.31313155753883676,0.10582571999963064,0.14077876417080684,0.415537690760974,0.27476794599550625,0.23771533663999111,0.14290413104988053,0.2802887531763252,0.2618842821760494,0.1820538666951691,0.11858731356417115,0.22434225372656497,0.2562489812946291,0.11470701910710528,0.3447667448139305,0.33056579225700106,0.5269278952239239,0.32268350135823876,0.20787100795587135,336.0,299.0,463.0,499.0,136.0,1,5.820082930352362,1,5.703782474656201,1,6.139884552226255,1,6.214608098422191,1,4.919980925828125,5,7.458186157340487,68.0,1,Pass,1
172493,0.08070034718790232,0.16674500996039948,0.45544113677165293,0.3513580678782551,0.2989987736072925,0.07439146376967792,0.44379254333257434,0.18911866481385725,0.13026629123179365,0.2597708534633189,0.342390511836764,0.11920028735448936,0.17074435953650605,0.1829438458463753,0.2092100926618244,0.5025176772056559,0.2702621593525369,0.1846958388779836,0.335431795043576,0.2320202802675642,458.0,346.0,605.0,764.0,885.0,1,6.129050210060545,1,5.849324779946859,1,6.406879986069314,1,6.639875833826536,1,6.786716950605081,5,8.025843344150903,84.0,1,Pass,1
177492,0.24457595770504528,0.2525539009541087,0.3497820711987764,0.2618208683022754,0.25025308837402244,0.3058742607599268,0.3735440380523795,0.2193487702161124,0.23068624181568542,0.22341293790890912,0.18042218941140636,0.1117464681522452,0.25964292519729426,0.24178294883618182,0.1891385754676643,0.2691275921236215,0.26215559284126666,0.17122623338781695,0.26570994104585727,0.3371953982494041,908.0,578.0,378.0,524.0,1372.0,1,6.812345094177479,1,6.361302477572996,1,5.937536205082426,1,6.263398262591624,1,7.224753405767971,5,8.232440158470336,96.0,1,Distinction,1
184720,0.23951748626822392,0.4319525350303192,0.0,0.0,0.0,0.24999299339158265,0.29904792687817966,0.0,0.0,0.0,0.1727847180642114,0.2124144837710853,0.0,0.0,0.0,0.33770480227598215,0.0565850543204159,0.0,0.0,0.0,323.0,167.0,,,,1,5.780743515792329,1,5.123963979403259,0,0.0,0,0.0,0,0.0,2,6.19644412779452,82.0,1,Fail,0
185994,0.20853730470645135,0.3882689234716191,0.35730057620605415,0.44190113260632513,0.3924547001399194,0.40681208699656735,0.24081292655426131,0.340061637200779,0.19232046580872705,0.21111715668230227,0.38465060829698117,0.24011443783794073,0.04599852214349435,0.26238339056923615,0.2708140798016241,0.0,0.13080371213617875,0.25663926444967256,0.10339501101571168,0.12561406337615427,330.0,505.0,339.0,539.0,705.0,1,5.802118375377063,1,6.226536669287466,1,5.8289456176102075,1,6.29156913955832,1,6.559615237493242,5,7.791109510610028,80.0,1,Pass,1
194163,0.12949153677987288,0.16210844998200052,0.2874834009704419,0.2088947068186697,0.2132850812541115,0.2241293842917557,0.2624383017407806,0.17970268058515418,0.25541190049592366,0.2644542341469702,0.203001262615019,0.2962496145081459,0.18344452398660213,0.23634170750594607,0.23830638813023272,0.44337781631335244,0.279203633769073,0.34936939445780174,0.29935168517946065,0.28395429646868553,369.0,416.0,352.0,657.0,940.0,1,5.91350300563827,1,6.0330862217988015,1,5.8664680569332965,1,6.489204931325317,1,6.846943139585379,5,7.913886714856082,100.0,1,Pass,1
195246,0.2582154738005435,0.2393055859431533,0.48638023780097117,0.17213730826671447,0.0,0.2882590153601637,0.1749622387337518,0.16673356904659783,0.40005500532802046,0.0,0.21752856768104548,0.4004466666873946,0.08336678452329892,0.2664781038577727,0.0,0.23599694315824743,0.1852855086357003,0.26351940862913215,0.16132958254749233,0.0,558.0,208.0,69.0,581.0,,1,6.326149473155099,1,5.342334251964811,1,4.248495242049359,1,6.366470447731438,0,0.0,4,7.256297239690681,78.0,1,Fail,0
195552,0.3053580099545579,0.3667312611743475,0.057039936267593426,0.38491341732445017,0.3532725629603219,0.18764950378491854,0.13595044355775215,0.14421525921107362,0.32846516378347335,0.41553382933393185,0.19462950867515935,0.35975380863305173,0.03802662417839562,0.25723512355438244,0.17077669520793415,0.31236297758536424,0.1375644866348485,0.7607181803429373,0.02938629533769423,0.060416912497812024,474.0,587.0,477.0,1985.0,706.0,1,6.163314804034641,1,6.376726947898627,1,6.169610732491456,1,7.593877844605118,1,6.561030665896573,5,8.349957272040324,96.0,1,Pass,1
197536,0.0,0.0,0.0,0.12722330179268135,0.19674896401446304,0.0,0.0,0.19646578578795404,0.0,0.0,0.0,0.0,0.2660752698849916,0.1804268456410218,0.0,0.0,1.0,0.5374589443270543,0.6923498525662969,0.803251035985537,,376.0,139.0,176.0,208.0,0,0.0,1,5.932245187448011,1,4.941642422609304,1,5.176149732573829,1,5.342334251964811,4,6.802394763324311,88.0,1,Pass,1
199009,0.13969012610504825,0.09547777840526098,0.10225526383794477,0.06280655917973585,0.2946837420090521,0.24633260877454075,0.2488045392904084,0.318064414495418,0.2559741641059627,0.12969813959674495,0.28309585553492245,0.23823495789295387,0.21790931967191587,0.23317560555808975,0.3152423741648031,0.3308814095854887,0.4174827244113766,0.3617710019947213,0.4480436711562118,0.26037574422939985,354.0,196.0,326.0,728.0,403.0,1,5.872117789475416,1,5.2832037287379885,1,5.7899601708972535,1,6.591673732008658,1,6.0014148779611505,5,7.60489448081162,80.0,1,Pass,1
226955,0.2683079585873,0.2547011189072838,0.1745921183263994,0.27262794657545947,0.0,0.24689727273486375,0.0,0.0,0.33149267072131516,0.0,0.23699698769549482,0.23704436068207294,0.0,0.07007205851224409,0.0,0.24779778098234134,0.5082545204106431,0.8254078816736007,0.3258073241909814,0.0,721.0,81.0,321.0,207.0,,1,6.582025138892826,1,4.406719247264253,1,5.7745515455444085,1,5.337538079701318,0,0.0,4,7.193685818395112,82.0,1,Fail,0
228633,0.32444599634289584,0.22322045692451037,0.2424524010418705,0.214627037847872,0.6817783324950873,0.23381901006752018,0.24156568844882323,0.2564869743745521,0.14233681415734217,0.18144862999478142,0.28270414717248077,0.1808763188314894,0.06763038692680841,0.17854217606132616,0.0,0.15903084641710313,0.3543375357951771,0.43343023765676897,0.4644939719334596,0.13677303751013128,602.0,518.0,208.0,159.0,402.0,1,6.401917196727186,1,6.251903883165888,1,5.342334251964811,1,5.075173815233827,1,5.998936561946683,5,7.5443321080536885,100.0,1,Pass,1
229498,0.27902355882169577,0.24455718446039854,0.3703419529273137,0.4165252264362485,0.3534628661557089,0.17293431635598613,0.3222269223777346,0.1887057703487469,0.09643888768552704,0.1952898266467413,0.24861918521899132,0.14218332403579062,0.38331675011760097,0.12356581340696093,0.11666963125222034,0.2994229396033267,0.2910325691260761,0.05763552660633855,0.3634700724712635,0.3345776759453295,682.0,722.0,412.0,603.0,842.0,1,6.52649485957079,1,6.583409222158765,1,6.023447592961033,1,6.403574197934815,1,6.736966958001855,5,8.09009578318096,80.0,1,Pass,1
230947,0.13340178098929928,0.0,0.0,0.0,0.0,0.29467266646460427,0.0,0.0,0.0,0.0,0.13340178098929928,0.0,0.0,0.0,0.0,0.4385237715567972,0.0,0.0,0.0,0.0,101.0,,,,,1,4.624972813284271,0,0.0,0,0.0,0,0.0,0,0.0,1,4.624972813284271,76.0,1,Fail,0
232173,0.12932544501363258,0.21161727890739704,0.27277152468877897,0.24437306144263476,0.2734255143941343,0.26657822544248655,0.2069450933708307,0.39867562592214817,0.35792901809774513,0.3412797220810508,0.27441813448811614,0.25381260593652943,0.1024348983201558,0.14286335171730577,0.15394692711954908,0.3296781950557648,0.3276250217852427,0.2261179510689171,0.25483456874231447,0.23134783640526577,1155.0,437.0,733.0,591.0,1003.0,1,7.052721049232323,1,6.082218910376446,1,6.598509028614515,1,6.3835066348840055,1,6.911747300251674,5,8.273846932784508,72.0,1,Pass,1
234661,0.31400145623323844,0.22355419566812657,0.501319123656485,0.19348181434287604,0.3116154804976289,0.19517325107763697,0.11281790480440712,0.05429928228389517,0.26855912976850554,0.15644913173979896,0.3482319378429178,0.3799938930509715,0.0,0.0,0.361275662658864,0.1425933548462068,0.2836340064764949,0.44438159405961986,0.5379590558886185,0.17065972510370808,466.0,644.0,509.0,426.0,1230.0,1,6.1463292576688975,1,6.4692503167957724,1,6.234410725718371,1,6.056784013228625,1,7.115582126184454,5,8.09437844497296,84.0,1,Pass,1
235768,0.0,0.14837331667650563,0.6458490257259188,0.23638531300163534,0.0,0.386162514695199,0.275910146735181,0.0647100959482356,0.062086492549500986,0.0,0.0,0.18692137180583038,0.0,0.20624686391320224,0.0,0.613837485304801,0.388795164782483,0.28944087832584564,0.49528133053566137,0.0,410.0,508.0,211.0,47.0,,1,6.018593214496234,1,6.2324480165505225,1,5.356586274672012,1,3.871201010907891,0,0.0,4,7.0707241072602764,94.0,1,Pass,1
235971,0.21539873999470827,0.2572337531798941,0.2543342792361821,0.2305514710465557,0.41289829354658536,0.14818803656660434,0.29155146955425437,0.29092552500429747,0.3771512022188188,0.21722821996512018,0.3361383307989339,0.20680376622829022,0.168664445452605,0.089234687141928,0.13565334146109026,0.30027489263975354,0.24441101103756116,0.28607575030691546,0.30306263959269747,0.23422014502720417,693.0,653.0,344.0,495.0,566.0,1,6.542471960506805,1,6.483107351457199,1,5.84354441703136,1,6.206575926724928,1,6.340359303727752,5,7.920083199053234,84.0,1,Pass,1
236090,0.1707723135353968,0.26627734430304983,0.215677163541961,0.3237256619912052,0.2817088781863782,0.2233055384924664,0.2530863627533959,0.2469019829443197,0.2278177887781246,0.303220785453831,0.3314111304484272,0.23928632711756498,0.21781912484047738,0.15886020655101238,0.33809059703222943,0.2745110175237097,0.24134996582598936,0.31960172867324194,0.2895963426796578,0.07697973932756129,558.0,587.0,834.0,623.0,1159.0,1,6.326149473155099,1,6.376726947898627,1,6.727431724850855,1,6.436150368369428,1,7.05617528410041,5,8.232706009860976,58.0,1,Fail,0
237891,0.2962823735595467,0.040873471703061846,0.3887991946131113,0.45580926270087857,0.3041333585108353,0.0,0.19096690718861686,0.2302362142871127,0.267862034817391,0.14693758083058545,0.2680742916991333,0.37368544363533857,0.05521351444150136,0.0819979842606532,0.01554695785460011,0.4356433347413199,0.3944741774729828,0.3257510766582748,0.19433071822107723,0.5333821028039791,217.0,283.0,128.0,309.0,357.0,1,5.384495062789089,1,5.648974238161206,1,4.859812404361672,1,5.736572297479192,1,5.8805329864007,5,7.166265974133638,72.0,1,Pass,1
249357,0.0,0.2658450032662701,0.3282847267268287,0.30429877096100943,0.27788150832820396,0.0,0.2420432783544588,0.15884178063533708,0.0644936802331091,0.26729915914400604,0.0,0.11825417881634849,0.11869003112478385,0.27660693188504526,0.22769438607584874,1.0,0.37385753956292267,0.39418346151305034,0.3546006169208363,0.22712494645194115,410.0,678.0,122.0,324.0,924.0,1,6.018593214496234,1,6.520621127558696,1,4.812184355372417,1,5.783825182329737,1,6.829793737512425,5,7.807510042216193,62.0,1,Pass,1
251166,0.34231723440796163,0.1334645829179674,0.3468062733052864,0.2565564798641762,0.4487581841855629,0.21018492018826265,0.30434078029692524,0.15899444773134,0.22856755203277407,0.33735697752506516,0.27407366087395874,0.286186426969061,0.13833097793170895,0.2394032450756999,0.07523783961464539,0.17342418452981695,0.27600820981604646,0.35586830103166467,0.27547272302734993,0.13864699867472657,560.0,746.0,359.0,748.0,878.0,1,6.329720905522696,1,6.616065185132817,1,5.886104031450156,1,6.618738983517219,1,6.778784897685177,5,8.09925056179696,80.0,1,Fail,0
253633,0.14927387820541207,0.16174637394144245,0.288136506950886,0.33077051852514533,0.3470842420704828,0.27521561256892263,0.2066175065496563,0.24286723000959604,0.43297148955400117,0.22534507136676576,0.3217824898056066,0.30284374499649913,0.15295230391884837,0.034088435387731916,0.204271657002218,0.2537280194200588,0.32879237451240206,0.3160439591206697,0.20216955653312169,0.2232990295605335,370.0,453.0,492.0,312.0,796.0,1,5.916202062607435,1,6.118097198041348,1,6.20050917404269,1,5.746203190540153,1,6.680854678790215,5,7.793174347189205,80.0,1,Pass,1
253763,0.25904022111629355,0.1942030882443339,0.4114469855190954,0.2544557425899265,0.34925080274400355,0.2321619239797976,0.2580650091880129,0.2096942029160069,0.17478858043535453,0.4104688519763554,0.2598639449070977,0.21938983450423,0.33295271604825444,0.19254878981316403,0.17774692879789378,0.2489339099968112,0.32834206806342314,0.045906095516643076,0.378206887161555,0.06253341648174711,1234.0,957.0,895.0,805.0,993.0,1,7.118826249062078,1,6.86484777797086,1,6.79794041297493,1,6.692083742506628,1,6.901737206656574,5,8.493924564476883,78.0,1,Distinction,1
258245,0.33726805639461005,0.22798078722777013,0.05224218379608614,0.3549778530849736,0.22420040074423428,0.2732905785145762,0.0793792119439098,0.11627510479303023,0.17526793037054356,0.20766993582662077,0.0,0.3311246740547946,0.2813613066783788,0.050731056667508885,0.05057667246292378,0.3894413650908136,0.36151532677352544,0.5501214047325049,0.4190231598769739,0.5175529909662211,377.0,380.0,330.0,282.0,783.0,1,5.934894195619588,1,5.942799375126701,1,5.802118375377063,1,5.645446897643238,1,6.664409020350408,5,7.674617497364363,68.0,1,Pass,1
258509,0.2543587238417623,0.019487066381966605,0.2098740090040157,0.245735669884653,0.2411883711346459,0.08195414350357427,0.05037333584644756,0.26894902725520253,0.1666195744115238,0.1553449531272277,0.19099265820459993,0.34066698920475846,0.17828331675401887,0.14290352119286612,0.28663115438277664,0.47269447445006346,0.5894726085668274,0.34289364698676295,0.44474123451095704,0.3168355213553498,311.0,459.0,379.0,332.0,540.0,1,5.7430031878094825,1,6.131226489483141,1,5.940171252720432,1,5.808142489980444,1,6.293419278846481,5,7.611842399580417,88.0,1,Pass,1
258978,0.4720602033466565,0.0,0.0776376796102602,0.22824309902671203,0.5498765830109639,0.2350801380704943,0.26315487814215005,0.40341770523891124,0.2645702747714734,0.42274527786661714,0.2566480970175696,0.36757603450691273,0.0,0.0,0.013689069561209478,0.0362115615652798,0.3692690873509372,0.5189446151508287,0.5071866262018145,0.013689069561209478,343.0,277.0,232.0,308.0,911.0,1,5.840641657373398,1,5.627621113690637,1,5.4510384535657,1,5.733341276897746,1,6.815639990074331,5,7.6362696033793735,78.0,1,Pass,1
262025,0.17793468193282044,0.20269901745945118,0.2612693723176712,0.06820406410956963,0.0,0.0,0.4357519673538274,0.0,0.03410203205478481,0.12857580626943502,0.0,0.07493266476826896,0.0,0.2523850277696928,0.0,0.8220653180671795,0.2866163504184525,0.7387306276823288,0.6453088760659529,0.8714241937305651,349.0,230.0,297.0,410.0,630.0,1,5.857933154483459,1,5.442417710521793,1,5.697093486505405,1,6.018593214496234,1,6.447305862541213,5,7.558516743045645,98.0,1,Pass,1
262394,0.2912704819289281,0.0874952188249325,0.03068612440489969,0.03328492999256594,0.13616992133183617,0.14445887214308895,0.0,0.10615654901974761,0.13605091451823223,0.0,0.18959875065631646,0.22819832855798977,0.1100086052840297,0.0,0.0,0.3746718952716664,0.6843064526170778,0.7531487212913229,0.8306641554892018,0.8638300786681639,156.0,117.0,140.0,176.0,205.0,1,5.056245805348308,1,4.770684624465665,1,4.948759890378168,1,5.176149732573829,1,5.327876168789581,5,6.678342114654332,60.0,1,Fail,0
263862,0.0,0.11028544131778542,0.05474416629176628,0.20890059765276425,0.30949576824772074,0.3175643001385839,0.28427010662947005,0.3284649977505977,0.4670031164171823,0.36455600447593417,0.20403464882685787,0.22385018871307336,0.0,0.0,0.188904767675901,0.4784010510345582,0.3815942633396711,0.616790835957636,0.3240962859300534,0.13704345960044403,262.0,247.0,115.0,270.0,469.0,1,5.572154032177765,1,5.5134287461649825,1,4.7535901911063645,1,5.602118820879701,1,6.152732694704104,5,7.218176838403408,92.0,1,Distinction,1
265497,0.20349878254426923,0.3740532153256603,0.1710206013304108,0.3703412975160216,0.0,0.37495514842744293,0.0,0.22653110711059893,0.26758335795063315,0.0,0.07362712833017393,0.22986181369748462,0.15340125464928275,0.0,0.0,0.3479189406981139,0.3960849709768551,0.44904703690970743,0.3620753445333452,0.0,400.0,151.0,129.0,228.0,,1,5.993961427306569,1,5.0238805208462765,1,4.867534450455582,1,5.43372200355424,0,0.0,4,6.812345094177479,94.0,1,Pass,1
268823,0.0,0.0,0.0,0.0,0.0,0.0,0.0,0.0,0.0,0.0,0.0,0.0,0.0,0.0,0.0,1.0,0.0,0.0,0.0,0.0,48.0,,,,,1,3.8918202981106265,0,0.0,0,0.0,0,0.0,0,0.0,1,3.8918202981106265,88.0,1,Fail,0
269584,0.0,0.0,0.35805049314664056,0.35505837985593847,0.28102182996673514,0.27990295915933144,0.3425468804387197,0.3482192718513917,0.29588863144036454,0.08295390192660507,0.34073341054367856,0.1427092267876007,0.0,0.0,0.1579174734020718,0.37936363029699,0.5147438927736797,0.29373023500196777,0.34905298870369705,0.47810679470458806,140.0,252.0,206.0,102.0,153.0,1,4.948759890378168,1,5.53338948872752,1,5.332718793265369,1,4.634728988229636,1,5.0369526024136295,5,6.74993119378857,74.0,1,Pass,1
270421,0.0,0.0,0.0,0.05435509033502509,0.07598810114157271,0.17715224217999553,0.0,0.0,0.10871018067005019,0.2808640819963613,0.3246455368803616,0.09615191129967127,0.0,0.05435509033502509,0.03799405057078636,0.49820222093964295,0.9038480887003288,1.0,0.7825796386598995,0.6051537662912797,124.0,116.0,102.0,239.0,187.0,1,4.8283137373023015,1,4.762173934797756,1,4.634728988229636,1,5.480638923341991,1,5.236441962829949,5,6.645090969505644,92.0,1,Pass,1
276265,0.0,0.0,0.0,0.0,0.18367823433625685,0.0,0.0,0.0,0.0,0.41365091571472096,0.0,0.0,0.43761814424715223,0.0,0.28326385755545086,0.0,0.0,0.5623818557528476,0.0,0.1194069923935714,,,14.0,,1621.0,0,0.0,0,0.0,1,2.70805020110221,0,0.0,1,7.3914152346753585,2,7.400009517162692,82.0,1,Pass,1
278380,0.19145407256735783,0.22562820061468758,0.26166780357725133,0.22985706913012743,0.10854906227738124,0.2574199392318952,0.2560376339788592,0.05634709450163765,0.04580571799647163,0.09302050042101734,0.2367676689465194,0.09614065838040244,0.243528090791901,0.17422961352881236,0.2876168570064848,0.31435831925422747,0.42219350702605074,0.43845701112921004,0.5501075993445885,0.5108135802951167,564.0,372.0,64.0,230.0,342.0,1,6.336825731146441,1,5.921578419643816,1,4.174387269895637,1,5.442417710521793,1,5.8377304471659395,5,7.360739903058278,70.0,1,Pass,1
279440,0.16322157453886746,0.19492785817541014,0.4126421138877499,0.34719047002162573,0.0,0.17414229169154788,0.30279192691119794,0.1390154897402747,0.17660780263336226,0.5267623903526084,0.28516651997772563,0.20924599297222488,0.0,0.0,0.12912372092069102,0.37746961379185906,0.29303422194116713,0.4483423963719754,0.47620172734501204,0.3441138887267006,674.0,232.0,454.0,107.0,464.0,1,6.51471269087253,1,5.4510384535657,1,6.12029741895095,1,4.68213122712422,1,6.142037405587356,5,7.566311014772463,94.0,1,Pass,1
279653,0.38381643649717073,0.14589914124042241,0.14753781621076642,0.2711958406363344,0.2659802486996929,0.33671988514031104,0.2992274467235528,0.25319742674349965,0.2186222516745571,0.2896247660977582,0.16078411601974202,0.13608297048343018,0.16425998431010774,0.18713388081520052,0.16646834063806754,0.11867956234277624,0.4187904415525946,0.4350047727356261,0.323048026873908,0.2779266445644814,534.0,499.0,776.0,785.0,1012.0,1,6.282266746896006,1,6.214608098422191,1,6.655440350367647,1,6.666956792429207,1,6.920671504248683,5,8.19063168090354,92.0,1,Distinction,1
281134,0.26326396583760725,0.12593531272427025,0.3707359112083536,0.211609040643189,0.22637949677767574,0.22047422830602773,0.3487270501113692,0.24452569678701888,0.24610465785561148,0.3530812295367208,0.3234494802252761,0.21805291368188728,0.0929279460095158,0.17824574354827272,0.14233445996798064,0.19281232563108894,0.30728472348247327,0.29181044599511174,0.3640405579529268,0.2782048137176228,420.0,542.0,323.0,702.0,1388.0,1,6.042632833682381,1,6.297109319933935,1,5.780743515792329,1,6.555356891810665,1,7.236339342754344,5,8.124446855715847,80.0,1,Pass,1
282849,0.3257722018526957,0.25319983818079406,0.35056535399569433,0.24019544340155025,0.4126352802584589,0.24007255943425498,0.31102587461060677,0.34906112017051427,0.2464126234656541,0.18955772895103506,0.2290418151163823,0.19905719484948536,0.18193432172882895,0.13037903177983687,0.08251611619959426,0.2051134235966669,0.23671709235911384,0.11843920410496259,0.38301290135295873,0.3152908745909118,614.0,734.0,959.0,1126.0,1031.0,1,6.421622267806518,1,6.5998704992128365,1,6.866933284461882,1,7.027314514039777,1,6.939253946041508,5,8.4040244933106,84.0,1,Pass,1
283402,0.16775178613251476,0.10192236610536881,0.47515009816677595,0.3643098868762148,0.24302996936151045,0.35044225567230397,0.05191566675691608,0.10981879442882107,0.394542557272036,0.43855582057606773,0.1861711361574351,0.33671389200380586,0.1142446466303518,0.036403258427908765,0.25280774900691155,0.29563482203774616,0.5094480751339092,0.30078646077405113,0.2047442974238405,0.06560646105551034,1046.0,631.0,1151.0,904.0,753.0,1,6.953684210870537,1,6.448889394146858,1,7.049254841255837,1,6.807934943699926,1,6.625392368007956,5,8.408716715080153,96.0,1,Pass,1
286778,0.19047580240903098,0.26408984339577657,0.18613644244440986,0.174558462011815,0.1895827628954439,0.18823133464680153,0.1278308502249392,0.1260542845500423,0.21028206854195328,0.30324171457329047,0.15380119738325648,0.40053225958357797,0.0,0.15928779135156085,0.035088081408164266,0.4674916655609111,0.2075470467957063,0.6878092730055478,0.4558716780946708,0.47208744112310125,398.0,583.0,218.0,453.0,733.0,1,5.988961416889864,1,6.369900982828227,1,5.389071729816501,1,6.118097198041348,1,6.598509028614515,5,7.777373602657861,88.0,1,Distinction,1
287079,0.31388481769760146,0.17278125159072505,0.33004356677303825,0.20010726535889622,0.3708838200557678,0.2570599109842421,0.2269011328009882,0.4773518843208948,0.23643521939119944,0.4066889965461665,0.1365032852020995,0.29546299231145706,0.0782069013596712,0.21962899334429833,0.15559770802531095,0.292551986116057,0.3048546232968297,0.11439764754639574,0.34382852190560603,0.06682947537275466,109.0,787.0,309.0,253.0,422.0,1,4.700480365792417,1,6.669498089857879,1,5.736572297479192,1,5.537334267018537,1,6.0473721790462776,5,7.53955882930103,74.0,1,Fail,0
287258,0.2870351378523825,0.47009976181784113,0.3716312132778317,0.3193383749314131,0.27904702148302046,0.4369826734015362,0.35916223950311005,0.17606506419386955,0.2966220979207929,0.32799037655102575,0.1781469727884602,0.17073799867904874,0.1797889443688537,0.09510137424727104,0.20516572541181743,0.09783521595762117,0.0,0.27251477815944514,0.2889381529005229,0.18779687655413624,446.0,392.0,377.0,627.0,1228.0,1,6.102558594613569,1,5.973809611869261,1,5.934894195619588,1,6.4425401664681985,1,7.113956109566034,5,8.029758520440822,80.0,1,Pass,1
289247,0.22890880196393054,0.1519703272342549,0.27332149180605936,0.17725592488231237,0.3733613558531984,0.32058608598033156,0.22696251692568073,0.10175222080814103,0.1877579799501808,0.11780198747698241,0.23655539914971788,0.24529412833277428,0.16584726654575518,0.3214957265343981,0.2303756138386016,0.21394971290601997,0.37577302750729014,0.45907902084004437,0.3134903686331087,0.2784610428312175,286.0,471.0,304.0,637.0,654.0,1,5.659482215759621,1,6.156978985585555,1,5.720311776607412,1,6.45833828334479,1,6.484635235635252,5,7.763446388727362,92.0,1,Distinction,1
294112,0.23886648603545052,0.14004382675831478,0.0,0.0,0.0,0.2559429630974683,0.23733122613724345,0.0,0.0,0.0,0.1269684123175241,0.15111288385909094,0.0,0.0,0.0,0.3782221385495572,0.4715120632453507,0.0,0.0,0.0,910.0,550.0,,,,1,6.814542897259958,1,6.311734809152915,0,0.0,0,0.0,0,0.0,2,7.2868764117507,76.0,1,Fail,0
294219,0.24494409736076214,0.2966967629183739,0.3087613448774715,0.3437135353492852,0.4135684829622831,0.24921612195502824,0.29901015834025885,0.16685036836308462,0.1158643369809397,0.2557769010274456,0.22378628352884156,0.14271119688153622,0.0,0.0,0.031680891384412005,0.2820534971553681,0.2615818818598313,0.5243882867594438,0.5404221276697752,0.29897372462585936,1512.0,516.0,258.0,533.0,868.0,1,7.321849713788356,1,6.248042874508429,1,5.556828061699537,1,6.280395838960195,1,6.767343125265392,5,8.212839584676484,96.0,1,Distinction,1
294929,0.05194297741367842,0.32177091262653645,0.34664580756191227,0.13093402685113076,0.0,0.21234522591056104,0.07258423638981161,0.1552186331832371,0.43021013176052864,0.0,0.36009652638974077,0.19222223239152225,0.3046524141210305,0.2427040290614995,0.0,0.37561527028601976,0.4134226185921296,0.19348314513382012,0.196151812326841,0.0,800.0,739.0,301.0,868.0,,1,6.68586094706836,1,6.606650186198215,1,5.71042701737487,1,6.767343125265392,0,0.0,4,7.904334842085095,94.0,1,Pass,1
295893,0.0,0.0,0.0,0.0,0.0,0.0,0.3926016295898419,0.0,0.0,0.0,0.0,0.0,0.0,0.0,0.0,0.0,0.6073983704101581,0.0,0.0,0.0,,79.0,,,,0,0.0,1,4.382026634673881,0,0.0,0,0.0,0,0.0,1,4.382026634673881,22.0,1,Fail,0
297218,0.12494700599851538,0.0,0.11915659878232923,0.27373240876276206,0.37108915193678815,0.20306620490704178,0.32632409730233447,0.11915659878232923,0.26106930937234857,0.3501758408930212,0.28894135058291176,0.20227913039746426,0.4536714628695443,0.0,0.15196804904762481,0.38304543851153117,0.4713967723002012,0.30801533956579724,0.4651982818648894,0.12676695812256586,321.0,87.0,20.0,41.0,445.0,1,5.7745515455444085,1,4.477336814478207,1,3.044522437723423,1,3.7376696182833684,1,6.100318952020064,5,6.818924065275521,84.0,1,Pass,1
297341,0.3916782739358301,0.15726349744040236,0.2824009242067234,0.40708526492468156,0.0,0.08631274533042439,0.22097349720032766,0.3123069513190186,0.0,0.0,0.1649384609736051,0.2716365200416411,0.1106654505381414,0.17115728186899007,0.0,0.3570705197601403,0.3501264853176288,0.2946266739361166,0.4217574532063284,0.0,720.0,427.0,129.0,250.0,,1,6.580639137284949,1,6.059123195581797,1,4.867534450455582,1,5.5254529391317835,0,0.0,4,7.3310603052186325,84.0,1,Pass,1
301074,0.3702667738924485,0.14520900539615167,0.28790984486531107,0.22985503482402436,0.35406837076716124,0.045227066248524135,0.43213939308518484,0.07975113512004285,0.1284043858763537,0.1679289769620381,0.5062761883598532,0.17064954838847807,0.21897299230480216,0.3891133985592289,0.03788097232478703,0.07822997149917407,0.25200205313018553,0.4133660277098439,0.25262718074039314,0.4401216799460136,463.0,235.0,434.0,437.0,529.0,1,6.139884552226255,1,5.4638318050256105,1,6.075346031088684,1,6.082218910376446,1,6.272877006546167,5,7.649216319820633,86.0,1,Pass,1
305064,0.2712396840453841,0.25734853237759303,0.40924751517165614,0.2632135214023747,0.31052654222232345,0.2389716179118594,0.2928973122893413,0.15170603859046888,0.20697300433369936,0.31534989510783445,0.25087873849791387,0.12873771640166004,0.13486240132937025,0.27068558051189084,0.09519810042427314,0.2389099595448427,0.32101643893140563,0.3041840449085047,0.2591278937520351,0.27892546224556886,1013.0,565.0,1155.0,1014.0,538.0,1,6.921658184151129,1,6.338594078203183,1,7.052721049232323,1,6.922643891475888,1,6.289715570908998,5,8.363109176033522,92.0,1,Pass,1
305659,0.4161998328512115,0.4134803089173425,0.0,0.05487859709102824,0.0,0.27137832416244057,0.0,0.0,0.23718135057571882,0.09691396280192299,0.0827175363689543,0.03517518213944983,0.0,0.0,0.48449444200859987,0.22970430661739374,0.5513445089432076,1.0,0.707940052333253,0.41859159518947714,198.0,193.0,52.0,73.0,918.0,1,5.293304824724492,1,5.267858159063328,1,3.970291913552122,1,4.30406509320417,1,6.823286122355687,5,7.268920128193722,96.0,1,Distinction,1
310205,0.177555631110781,0.24704050049909212,0.11532721536964978,0.0,0.10949795249451524,0.27363449924012545,0.2693482345909963,0.24219949244795635,0.1427408497224204,0.2017477908974717,0.2241108326237848,0.14754268052320405,0.27728804647082755,0.3711958003268795,0.4546091737323305,0.3246990370253088,0.33606858438670745,0.36518524571156635,0.48606334995070005,0.23414508287568242,739.0,462.0,572.0,577.0,328.0,1,6.606650186198215,1,6.137727054086234,1,6.35088571671474,1,6.359573868672378,1,5.796057750765372,5,7.893198869544609,60.0,1,Fail,0
312231,0.0,0.0,0.0,0.0,0.2342704015228586,0.5246397862846691,0.4476305793776034,0.0,0.30108301339758314,0.41741283113983846,0.4753602137153309,0.0,0.0,0.0,0.34831676733730293,0.0,0.5523694206223966,0.0,0.6989169866024169,0.0,139.0,102.0,,51.0,224.0,1,4.941642422609304,1,4.634728988229636,0,0.0,1,3.9512437185814275,1,5.41610040220442,4,6.248042874508429,90.0,1,Pass,1
312960,0.0,0.07348980122791197,0.3350051633081457,0.3098098014469468,0.2197526526173241,0.2439524695940465,0.3176176366146006,0.0,0.10709725926265348,0.31734983060745703,0.26069286894645183,0.38842315847375153,0.0,0.0,0.03253239266337763,0.49535466145950163,0.2204694036837359,0.6649948366918542,0.5830929392903996,0.43036512411184114,27.0,52.0,85.0,37.0,98.0,1,3.332204510175204,1,3.970291913552122,1,4.454347296253507,1,3.6375861597263857,1,4.59511985013459,5,5.703782474656201,42.0,1,Pass,1
315795,0.3408322459002085,0.46079869027761255,0.3391103578901212,0.0,0.3321308721136047,0.05750418677200408,0.45529544367043967,0.12319083326397394,0.3032073390314955,0.06837115912351667,0.252321656523615,0.08390586605194782,0.11203941918721433,0.28050012004600444,0.09473657367198327,0.3493419108041723,0.0,0.4256593896586905,0.4162925409225,0.5047613950908952,284.0,55.0,194.0,39.0,289.0,1,5.652489180268651,1,4.02535169073515,1,5.272999558563747,1,3.6888794541139363,1,5.66988092298052,5,6.759255270663693,88.0,1,Pass,1
316082,0.1628046216857888,0.26691651018970314,0.48076896016009124,0.2640124027227223,0.5800266365371118,0.13506512844362792,0.42098537615454434,0.07176328933724765,0.0344652045945099,0.09498838978141858,0.15617031158064207,0.07711195875991565,0.05687106126396997,0.16001164360770176,0.018997677956283716,0.5459599382899412,0.23498615489583696,0.39059668923869123,0.5415107490750661,0.305987295725186,112.0,413.0,89.0,481.0,187.0,1,4.727387818712341,1,6.025865973825314,1,4.499809670330265,1,6.1779441140506,1,5.236441962829949,5,7.1569563646156364,80.0,1,Distinction,1
318147,0.1372881958770637,0.0,0.44039443874117185,0.2983585470625255,0.3135470383475114,0.18875927074361373,0.3031939469822283,0.2032132547977113,0.31698528398349773,0.32036782877787534,0.3366495441902898,0.2854859170286278,0.18650578719572497,0.16232536884874746,0.1932033396686317,0.33730298918903273,0.4113201359891438,0.1698865192653919,0.22233080010522943,0.1728817932059816,558.0,412.0,832.0,1085.0,1152.0,1,6.326149473155099,1,6.023447592961033,1,6.725033642166843,1,6.990256500493881,1,7.050122520269059,5,8.303999970955196,56.0,1,Pass,1
319073,0.2696895646892406,0.18610479800985485,0.26259332080114495,0.11665543443552549,0.36158071834826255,0.24497115794626625,0.13190504201481687,0.1419411026190184,0.29163858608881377,0.13218190904866547,0.23659744420884715,0.3245084182227797,0.1386595898603903,0.04512848229054805,0.15924120731311522,0.24874183315564594,0.3574817417525486,0.45680598671944633,0.5465774971851127,0.3469961652899568,589.0,379.0,404.0,283.0,175.0,1,6.380122536899765,1,5.940171252720432,1,6.003887067106539,1,5.648974238161206,1,5.170483995038151,5,7.5126175446745105,90.0,1,Pass,1
320133,0.2565601462393816,0.28390562959262494,0.26320258064644597,0.34325985727701847,0.21277119215997434,0.24557393826102886,0.2525678044362684,0.1680707671014812,0.21966473085869587,0.2618416926234122,0.238200021102834,0.2584796093399231,0.2321329528159077,0.28627370603435853,0.29272021496429546,0.25966589439675536,0.2050469566311835,0.3365936994361652,0.15080170582992708,0.23266690025231795,997.0,791.0,1152.0,907.0,2172.0,1,6.905753276311464,1,6.674561391814426,1,7.050122520269059,1,6.811244378601294,1,7.6838639802564295,5,8.702842538302868,88.0,1,Distinction,1
320612,0.26791221978260354,0.17467983860457614,0.3619648332136049,0.3093457432523769,0.3779590341912264,0.2194246691579785,0.35539528300726264,0.29263351915346686,0.2898744889896165,0.23665770338612613,0.2634628443335534,0.24216326808492677,0.05206250119248569,0.23364061947072262,0.22928810780800477,0.24920026672586457,0.22776161030323436,0.2933391464404425,0.16713914828728402,0.15609515461464285,698.0,727.0,861.0,751.0,1247.0,1,6.54965074223381,1,6.590301048196686,1,6.759255270663693,1,6.62273632394984,1,7.129297548929373,5,8.36287583103188,84.0,1,Distinction,1
328797,0.0,0.09986498999787341,0.17075547766098137,0.0,0.0,0.0,0.26818483366333545,0.1017078863374281,0.09670731733570476,0.0,0.0,0.0,0.1508148578818441,0.1274721608202034,0.0,1.0,0.6319501763387912,0.5767217781197465,0.7758205218440919,0.0,212.0,407.0,195.0,258.0,,1,5.3612921657094255,1,6.0112671744041615,1,5.278114659230517,1,5.556828061699537,0,0.0,4,6.9782137426306985,76.0,1,Fail,0
329895,0.0,0.07496962015880507,0.44340539679225743,0.0,0.0,0.0,0.17407406730976344,0.13347832467375914,0.6895032790105354,0.0,0.0,0.0,0.4231162785339834,0.20114538819121824,0.0,0.0,0.7509563125314316,0.0,0.10935133279824624,0.0,,68.0,14.0,145.0,,0,0.0,1,4.23410650459726,1,2.70805020110221,1,4.983606621708336,0,0.0,3,5.429345628954441,72.0,1,Pass,1
331789,0.0,0.2621193015765631,0.3165437615083544,0.2782689867925466,0.3248930797745471,0.09346351916036619,0.24699262636735747,0.21332998257533325,0.27065475887723545,0.2532303122627955,0.4133384235685055,0.17258013680062725,0.16988065778453829,0.22952085826106344,0.22791109230202802,0.49319805727112825,0.31830793525545226,0.3002455981317741,0.22155539606915456,0.19396551566062925,206.0,457.0,651.0,673.0,972.0,1,5.332718793265369,1,6.126869184114185,1,6.480044561926653,1,6.513230110912307,1,6.880384082186005,5,7.992944547318106,70.0,1,Pass,1
332237,0.0,0.0,0.0,0.0,0.0,0.2172411786523431,0.0,0.0,0.0,0.0,0.7827588213476568,0.0,0.0,0.0,0.0,0.0,0.0,0.0,0.0,0.0,23.0,,,,,1,3.1780538303479458,0,0.0,0,0.0,0,0.0,0,0.0,1,3.1780538303479458,80.0,1,Fail,0
333993,0.389600620459623,0.2626089528747773,0.20620347239155828,0.2438216577314293,0.28352039572316146,0.3165928005377869,0.1676383900435316,0.11113588162973284,0.12519094264099226,0.021552589581460283,0.2048574165057112,0.22138190201872102,0.10899169327050072,0.24055353530567694,0.0,0.08894916249687891,0.34837075506297005,0.5736689527082081,0.39043386432190136,0.6949270146953782,584.0,635.0,295.0,407.0,199.0,1,6.371611847231857,1,6.455198563340122,1,5.69035945432406,1,6.0112671744041615,1,5.298317366548036,5,7.659642954564682,84.0,1,Pass,1
335095,0.12978093435544608,0.2264625987292654,0.1860409475994616,0.18073226901704556,0.0,0.19758194310393543,0.22392627700862547,0.4010950229550147,0.1343949040737429,0.0,0.26610314625675274,0.20206406485845244,0.1836691835462802,0.204223165621081,0.0,0.4065339762838658,0.34754705940365677,0.2291948458992434,0.4806496612881306,0.0,495.0,464.0,602.0,527.0,,1,6.206575926724928,1,6.142037405587356,1,6.401917196727186,1,6.269096283706261,0,0.0,4,7.644440761556566,84.0,1,Pass,1
337000,0.35761991667767384,0.26280891755617,0.4624412850618601,0.2844866295992183,0.28364355863618773,0.1956625544671184,0.19617026281799857,0.38029643649545203,0.3166115322731216,0.28458405181998564,0.17262201059667207,0.260952040122173,0.023969704561798998,0.18982436469075156,0.21181687262097504,0.2740955182585357,0.2800687795036585,0.13329257388088894,0.20907747343690847,0.21995551692285176,414.0,300.0,217.0,624.0,887.0,1,6.028278520230698,1,5.707110264748875,1,5.384495062789089,1,6.437751649736401,1,6.78897174299217,5,7.8009820712577405,66.0,1,Pass,1
338689,0.233500927202841,0.2655390748427672,0.08405458154964658,0.4663691169170339,0.035466095898518527,0.503373220637023,0.0,0.0,0.22088513811597021,0.0,0.20002499253577224,0.0,0.14796753589292072,0.0,0.07093219179703705,0.0631008596243637,0.7344609251572328,0.7679778825574326,0.3127457449669958,0.8936017123044445,40.0,129.0,176.0,600.0,142.0,1,3.713572066704308,1,4.867534450455582,1,5.176149732573829,1,6.398594934535208,1,4.962844630259907,5,6.992096427415888,84.0,1,Pass,1
338806,0.0,0.0,0.0,0.1833215476442067,0.22761209455272294,0.0,0.0,0.0,0.0,0.4267639133322913,0.3256888651170918,0.0,0.0,0.13907770111080578,0.19200569333509876,0.6743111348829083,0.0,0.0,0.6776007512449875,0.15361829877988697,31.0,,,110.0,642.0,1,3.4657359027997265,0,0.0,0,0.0,1,4.709530201312334,1,6.466144724237619,3,6.664409020350408,62.0,1,Pass,1
339519,0.4361528332160165,0.24981232963937502,0.19197085346910922,0.032354543453995514,0.37404138734195896,0.08503579782471117,0.1521624691789328,0.11799547329962577,0.09555737422680663,0.27226367605568513,0.1368804759819922,0.21035343397285144,0.09226015413811321,0.24140219326093182,0.14509680191753166,0.34193089297728013,0.3876717672088407,0.5977735190931518,0.630685889058266,0.20859813468482424,452.0,520.0,213.0,494.0,862.0,1,6.115892125483034,1,6.255750041753367,1,5.365976015021851,1,6.20455776256869,1,6.760414691083428,5,7.8407064517494,74.0,1,Pass,1
341093,0.34932130013341584,0.0,0.0,0.0,0.0,0.15864981176519055,0.0,0.0,0.0,0.0,0.11134658248563002,0.0,0.0,0.0,0.0,0.3806823056157636,0.0,0.0,0.0,0.0,117.0,,,,,1,4.770684624465665,0,0.0,0,0.0,0,0.0,0,0.0,1,4.770684624465665,70.0,1,Fail,0
341629,0.41801603259153475,0.16243317955309627,0.042224026418646955,0.281007622875378,0.03906401831351732,0.3336770303856972,0.3931316219373277,0.16615924392203832,0.1708830614479696,0.25706909163254976,0.16220990221868575,0.26868647523816885,0.1494058243648836,0.3565555569617775,0.238566076333828,0.08609703480408247,0.17574872327140703,0.6422109052944311,0.191553758714875,0.465300813720105,381.0,137.0,375.0,436.0,846.0,1,5.945420608606575,1,4.927253685157205,1,5.929589143389895,1,6.07993319509559,1,6.741700694652055,5,7.685243607975833,90.0,1,Fail,0
343709,0.3533625628609877,0.0,0.302707465784176,0.0,0.0,0.16387332286766204,0.0,0.0,0.2451798358371758,0.06223072059371423,0.303616955491083,0.0,0.0,0.1712717216997246,0.07852642641753267,0.17914715878026735,0.0,0.697292534215824,0.5835484424630996,0.8592428529887531,132.0,,140.0,59.0,122.0,1,4.890349128221754,0,0.0,1,4.948759890378168,1,4.0943445622221,1,4.812184355372417,4,6.118097198041348,88.0,1,Pass,1
345271,0.2745158266148204,0.22816297375304684,0.2954216559727926,0.25903981310684143,0.3283062292667666,0.19820860696386963,0.22866305191446126,0.2927791633224911,0.36767185194818724,0.1696142714854109,0.27182833686392444,0.23865795236418494,0.09952620981808549,0.04634076930626369,0.22851748140556224,0.2554472295573855,0.304516021968307,0.3122729708866309,0.3269475656387076,0.27356201784226025,2534.0,1678.0,977.0,878.0,1327.0,1,7.837948916025283,1,7.425953657077541,1,6.885509670034818,1,6.778784897685177,1,7.191429330036379,5,8.9085593751449,90.0,1,Distinction,1
347197,0.433093069936312,0.10430351480082783,0.14264491188211023,0.17896716945606175,0.4883367757079188,0.2827301541726746,0.3409894572936719,0.12178677773442005,0.34524448925571544,0.24687475643895515,0.12111718530857782,0.2106100637926371,0.331590042240521,0.1986814129091771,0.2001999931877494,0.1630595905824355,0.3440969641128631,0.40397826814294857,0.27710692837904566,0.06458847466537673,692.0,354.0,180.0,1051.0,1086.0,1,6.541029999189903,1,5.872117789475416,1,5.198497031265826,1,6.9584483932976555,1,6.99117688712121,5,8.120886021092838,94.0,1,Distinction,1
348108,0.10354859712542691,0.1309594527835837,0.07581756200929632,0.0,0.13043332686478723,0.2594047658438199,0.0932973966024924,0.09567111142982802,0.09350101073248,0.22698561910332887,0.17938694349851214,0.0466486983012462,0.11107072074900858,0.0727579284136138,0.12794684185098862,0.457659693532241,0.7290944523126778,0.7174406058118671,0.8337410608539062,0.5146342121808953,207.0,102.0,126.0,195.0,292.0,1,5.337538079701318,1,4.634728988229636,1,4.844187086458591,1,5.278114659230517,1,5.680172609017068,5,6.827629234502852,72.0,1,Pass,1
348324,0.3119069606358163,0.5698737373895549,0.15038489489260043,0.350943173972168,0.2103067415311538,0.21431684231043788,0.0,0.6552454481212672,0.1653591300700442,0.39701501953601914,0.22846357189063993,0.0,0.0,0.1399713837538997,0.0,0.24531262516310587,0.43012626261044495,0.19436965698613232,0.3437263122038882,0.392678238932827,380.0,94.0,49.0,331.0,90.0,1,5.942799375126701,1,4.553876891600541,1,3.912023005428146,1,5.805134968916488,1,4.51085950651685,5,6.851184927493743,78.0,1,Pass,1
349515,0.2923337838171743,0.22244706271387885,0.04901757484022944,0.3496822921531788,0.0,0.2755949531708576,0.47410419659589753,0.0,0.0,0.0,0.1895384517230399,0.07663913871140417,0.0,0.0,0.0,0.24253281128892815,0.22680960197881941,0.9509824251597705,0.6503177078468212,0.0,385.0,500.0,134.0,14.0,,1,5.955837369464831,1,6.2166061010848646,1,4.90527477843843,1,2.70805020110221,0,0.0,4,6.9411900550683745,94.0,1,Pass,1
351147,0.3318042967101952,0.3044760427028909,0.09763545940888906,0.2791063848564741,0.4229569962806683,0.2137458695430813,0.37139635675982036,0.19606713925811428,0.19068482498325653,0.19685210044390547,0.26399660728294727,0.2480493929940769,0.25448936790027027,0.2733470248063138,0.16242660276284213,0.19045322646377613,0.07607820754321182,0.4518080334327264,0.2568617653539556,0.21776430051258402,261.0,274.0,484.0,615.0,994.0,1,5.568344503761097,1,5.616771097666572,1,6.184148890937483,1,6.423246963533519,1,6.902742737158593,5,7.874358824729881,66.0,1,Pass,1
354698,0.3247462249140979,0.0,0.0,0.0,0.30061030756875096,0.13223755078630572,0.25196982063764334,0.0,0.0,0.0,0.0,0.6876046751745137,0.0,0.35052975062632347,0.0,0.5430162242995964,0.06042550418784293,1.0,0.6494702493736766,0.6993896924312489,220.0,174.0,141.0,147.0,87.0,1,5.3981627015177525,1,5.1647859739235145,1,4.955827057601261,1,4.997212273764115,1,4.477336814478207,5,6.646390514847729,50.0,1,Pass,1
355293,0.110223382974756,0.75,0.49388579875497957,0.059562570434782316,0.41896173780343887,0.0,0.0,0.0,0.5721524606126028,0.2568852134103166,0.047470627198773346,0.0,0.0,0.10676479072762861,0.16207652439312228,0.8423059898264706,0.25,0.5061142012450205,0.2615201782249862,0.16207652439312228,212.0,5.0,56.0,396.0,7.0,1,5.3612921657094255,1,1.791759469228055,1,4.04305126783455,1,5.983936280687191,1,2.0794415416798357,5,6.517671272912275,92.0,1,Pass,1
364066,0.1521351895315657,0.23112184123615612,0.23985578286891032,0.26740519194933365,0.2637349659330172,0.21031792482478534,0.25164534623359996,0.23776431478404314,0.10397816076528257,0.2890107514478957,0.3090058056993692,0.2376813371505073,0.27648651105120403,0.2261563023831937,0.19784124043148518,0.32854107994427956,0.2795514753797366,0.24589339129584245,0.40246034490219007,0.24941304218760196,954.0,1185.0,856.0,694.0,1216.0,1,6.86171134048073,1,7.078341579557671,1,6.75343791859778,1,6.543911845564792,1,7.104144092987527,5,8.498214224818435,88.0,1,Distinction,1
366140,0.26417403073851636,0.1772516258286796,0.29628234526857744,0.1973932213702244,0.28510681042249436,0.22868268339403747,0.3138880913016293,0.24685779637450983,0.19365530967803204,0.35809103574435586,0.27765603276918893,0.09672117606511582,0.1741186622908573,0.31155851876822693,0.18285533747624902,0.22948725309825724,0.4121391068045752,0.2827411960660555,0.2973929501835166,0.17394681635690076,1052.0,538.0,1064.0,1037.0,641.0,1,6.959398512133975,1,6.289715570908998,1,6.970730078143525,1,6.945051063725834,1,6.464588303689961,5,8.374015421739909,74.0,1,Pass,1
369242,0.27393310242417795,0.18047035496309377,0.24559058522935492,0.36262956481132747,0.4380622280558771,0.030979670764596654,0.21454270325376656,0.32423509353264507,0.23284880928849797,0.242018934059028,0.4445402906683805,0.1626208483018798,0.24632427014031796,0.08213890414099739,0.2733212184388983,0.25054693614284496,0.44236609348125994,0.18385005109768213,0.3223827217591771,0.04659761944619659,230.0,216.0,443.0,323.0,701.0,1,5.442417710521793,1,5.37989735354046,1,6.095824562432225,1,5.780743515792329,1,6.553933404025811,5,7.5569505720129,84.0,1,Pass,1
369450,0.24605673101435915,0.18371655284754168,0.32713063884172383,0.2606648033058516,0.4201415895488811,0.1729048861793757,0.2881293924506652,0.3465503821053365,0.23032293162643358,0.27796408072550377,0.3172509598018711,0.17743946396790294,0.15737168426395612,0.21023920804938057,0.18385865136172125,0.26378742300439406,0.3507145907338902,0.16894729478898346,0.2987730570183343,0.1180356783638939,612.0,707.0,669.0,974.0,1194.0,1,6.418364935936212,1,6.56244409369372,1,6.507277712385012,1,6.882437470997847,1,7.085901464365611,5,8.332548939252638,62.0,1,Pass,1
370735,0.28148955246461327,0.2496607371363428,0.3201616146645592,0.0,0.035944006428398394,0.2141619063088037,0.6523590569645957,0.12399192828115695,0.140864981377059,0.0,0.16591053777063527,0.09798020589906152,0.1076535776824348,0.0,0.2131859755305485,0.33843800345594777,0.0,0.4481928793718491,0.8591350186229411,0.7508700180410531,352.0,385.0,322.0,306.0,615.0,1,5.8664680569332965,1,5.955837369464831,1,5.777652323222656,1,5.726847747587197,1,6.423246963533519,5,7.591357046698551,90.0,1,Pass,1
372345,0.0,0.48890109683473687,0.0645767112358777,0.0,0.0,0.30550130657348173,0.08952244904163623,0.07497124004700641,0.0,0.0,0.3268086055719635,0.0,0.1291534224717554,0.10891306250853418,0.0,0.3676900878545547,0.421576454123627,0.7312986262453605,0.8910869374914658,0.0,518.0,432.0,258.0,124.0,,1,6.251903883165888,1,6.07073772800249,1,5.556828061699537,1,4.8283137373023015,0,0.0,4,7.195187320178709,82.0,1,Pass,1
372509,1.0,0.18397550380388478,0.06381626074842753,0.3492132382838898,0.07485908942770823,0.0,0.20509081712924135,0.13790464511964326,0.1356129144481079,0.5883021682236211,0.0,0.335211457492121,0.031908130374213764,0.08808882853021983,0.30275236733420324,0.0,0.27572222157475285,0.7663709637577154,0.42708501873778243,0.034086375014467554,24.0,153.0,226.0,91.0,976.0,1,3.2188758248682006,1,5.0369526024136295,1,5.424950017481403,1,4.5217885770490405,1,6.884486652042782,5,7.293697720601438,88.0,1,Pass,1
372511,0.0,0.0,0.0,0.0,0.36736244003340346,0.046458200229507404,0.0,0.08224075001877836,0.07622943461210378,0.1384630678300738,0.35307827254913426,0.1681550987831195,0.0,0.0,0.0,0.6004635272213583,0.8318449012168805,0.9177592499812217,0.9237705653878961,0.4941744921365227,153.0,117.0,128.0,78.0,209.0,1,5.0369526024136295,1,4.770684624465665,1,4.859812404361672,1,4.3694478524670215,1,5.3471075307174685,5,6.530877627725885,68.0,1,Pass,1
375527,0.0,0.0,0.33640563102804394,0.32377935905128374,0.4160266379630559,0.1124359655851648,0.0,0.2890759398604104,0.0,0.25711454932856254,0.3422248812598964,0.0,0.2500358100428185,0.02813565667224083,0.0,0.5453391531549389,0.0,0.12448261906872704,0.6480849842764753,0.3268588127083815,105.0,,178.0,425.0,535.0,1,4.663439094112067,0,0.0,1,5.187385805840755,1,6.054439346269371,1,6.284134161070802,4,7.126087273299125,72.0,1,Pass,1
378705,0.0,0.0,0.0,0.0,0.0,0.1865413221182505,0.24492516210714357,0.0,0.0,0.0,0.5947114359395519,0.3687902384520058,0.0,0.0,0.0,0.21874724194219758,0.3862845994408506,0.0,0.0,0.0,341.0,247.0,,,,1,5.834810737062605,1,5.5134287461649825,0,0.0,0,0.0,0,0.0,2,6.3784261836515865,92.0,1,Fail,0
378946,0.22897971756929253,0.19774327514327888,0.27234862906915885,0.37753657345694924,0.3148822328965957,0.20653748033777142,0.2620736777088102,0.31398858089406145,0.16509136599693264,0.29871118719213224,0.2861110898888767,0.2750437735774148,0.1551012236505752,0.2292471151532155,0.1899854552529915,0.27837171220405943,0.2651392735704962,0.25856156638620453,0.22812494539290262,0.19642112465828057,1083.0,861.0,1391.0,1297.0,1484.0,1,6.988413181999592,1,6.759255270663693,1,7.238496840894365,1,7.168579897264035,1,7.3031700512368,5,8.718827059242566,66.0,1,Pass,1
379278,0.2423069208478076,0.239788200832016,0.2078365877269022,0.0,0.0,0.2080262977564045,0.23354029381528216,0.11105323006773792,0.0,0.0,0.26171067396122666,0.24645232084839205,0.19884006089705566,0.0,0.0,0.2879561074345612,0.2802191845043098,0.48227012130830416,0.0,0.0,1209.0,1348.0,1109.0,,,1,7.098375638590786,1,7.207118856207756,1,7.01211529430638,0,0.0,0,0.0,3,8.207129168071326,80.0,1,Fail,0
379311,0.42165034478015145,0.19562580669245783,0.0,0.0,0.0,0.34771581706564686,0.0,0.0,0.0,0.0,0.17417460796212877,0.33064597162400794,0.0,0.0,0.0,0.056459230192072954,0.4737282216835343,0.0,0.0,0.0,160.0,89.0,,,,1,5.081404364984463,1,4.499809670330265,0,0.0,0,0.0,0,0.0,2,5.521460917862246,82.0,1,Fail,0
380952,0.14546035508886965,0.0,0.0,0.7100160118227906,0.2024167791843003,0.32177603424038326,0.0,0.0,0.18100694714736557,0.21829910501165267,0.1820397889282833,0.0,0.05602427612262005,0.0,0.11365114827001851,0.3507238217424637,0.0,0.9439757238773799,0.10897704102984387,0.4656329675340284,257.0,,88.0,162.0,154.0,1,5.552959584921617,0,0.0,1,4.48863636973214,1,5.093750200806762,1,5.043425116919247,4,6.495265555937008,84.0,1,Pass,1
381257,0.19396741974265003,0.26654311356135607,0.3924078776810892,0.1965355126894113,0.30532651797744814,0.26189787645539014,0.3105317358056042,0.19737938356046375,0.21845867537943986,0.2674860629301763,0.16454747696378086,0.1643273003350939,0.09914498255829525,0.3097512766734068,0.20833510177621878,0.379587226838179,0.2585978502979457,0.31106775620015187,0.2752545352577421,0.21885231731615676,778.0,546.0,252.0,760.0,1276.0,1,6.658011045870748,1,6.304448802421981,1,5.53338948872752,1,6.634633357861686,1,7.152268856032539,5,8.19229373114764,72.0,1,Pass,1
381414,0.19119781040573422,0.3989206437749149,0.3966096972897679,0.3182963842541139,0.20032502271413824,0.16112946868245392,0.3625972466342183,0.0577138974531124,0.29066370520875406,0.12408708741369925,0.3142722420307149,0.15635104896460494,0.30991729839068943,0.29555099526089795,0.08613314568594173,0.33340047888109686,0.08213106062626195,0.23575910686643037,0.09548891527623415,0.5894547441862208,174.0,60.0,153.0,109.0,157.0,1,5.1647859739235145,1,4.110873864173311,1,5.0369526024136295,1,4.700480365792417,1,5.062595033026967,5,6.483107351457199,72.0,1,Pass,1
383445,0.36517715612674473,0.0782390184850213,0.17760197696510907,0.4539027146858223,0.0,0.2863738320482999,0.09459582065633926,0.17760197696510907,0.5460972853141778,0.0,0.23659756444962313,0.3597933571929807,0.0,0.0,0.0,0.11185144737533223,0.4673718036656588,0.6447960460697818,0.0,0.0,143.0,121.0,43.0,27.0,,1,4.969813299576001,1,4.804021044733257,1,3.784189633918261,1,3.332204510175204,0,0.0,4,5.814130531825066,48.0,1,Fail,0
383602,0.40014771911424507,0.11802695973023097,0.3218309209360771,0.3594492252765185,0.487893350553237,0.048347939381917455,0.0,0.0,0.23321150398683607,0.06041717645028815,0.369022238368469,0.0,0.0,0.15565323046250865,0.2067815450394861,0.1824821031353685,0.881973040269769,0.6781690790639228,0.2516860402741369,0.24490792795698876,632.0,735.0,629.0,879.0,626.0,1,6.450470422144176,1,6.601230118728877,1,6.4457198193855785,1,6.779921907472252,1,6.440946540632921,5,8.161089512845797,86.0,1,Pass,1
383629,0.0,0.0,0.3007743335450811,0.2980589622898344,0.02977355159298251,0.15708032550257542,0.3408812268849829,0.18528680870397632,0.7019410377101656,0.4179065030456599,0.0,0.28756097155996346,0.19347927070504406,0.0,0.5225463937683751,0.8429196744974246,0.37155780155505375,0.3204595870458985,0.0,0.02977355159298251,58.0,174.0,130.0,140.0,866.0,1,4.07753744390572,1,5.1647859739235145,1,4.875197323201151,1,4.948759890378168,1,6.7650389767805414,5,7.221835825288449,80.0,1,Pass,1
384107,0.2516378194691315,0.15963681754578135,0.3027802139544154,0.25204369547592953,0.0,0.11742621733888031,0.2807960106150759,0.2129353273308261,0.27612029371809876,0.0,0.2615151562321035,0.2582278504353036,0.0,0.0,0.0,0.36942080695988483,0.30133932140383923,0.4842844587147585,0.47183601080597165,0.0,567.0,377.0,64.0,80.0,,1,6.342121418721152,1,5.934894195619588,1,4.174387269895637,1,4.394449154672439,0,0.0,4,6.9930151229329605,88.0,1,Fail,0
386389,0.1273832991411576,0.21731632763421263,0.29167666983279256,0.11024109189520341,0.3763943095459777,0.31534253113254085,0.2510906596142237,0.1075439710762659,0.1536320416350688,0.2336576494259051,0.28985590132069633,0.243579346073957,0.03297014198213105,0.2464513670475214,0.18646810509871345,0.26741826840560523,0.2880136666776067,0.5678092171088104,0.4896754994222064,0.20347993592940383,291.0,389.0,201.0,435.0,399.0,1,5.676753802268282,1,5.966146739123692,1,5.308267697401205,1,6.077642243349034,1,5.991464547107982,5,7.447751280047908,76.0,1,Pass,1
390070,0.0,0.13436965494360142,0.24867441929607526,0.5628226100298167,0.0690257427871413,0.09707236200374375,0.16477675344306505,0.09155895182488134,0.10929434749254581,0.5137550405681972,0.2845530308650446,0.0,0.08736944395100904,0.21858869498509162,0.0,0.6183746071312117,0.7008535916133335,0.5723971849280344,0.10929434749254581,0.4172192166446615,361.0,105.0,275.0,39.0,336.0,1,5.8916442118257715,1,4.663439094112067,1,5.62040086571715,1,3.6888794541139363,1,5.820082930352362,5,7.018401799069201,94.0,1,Fail,0
393141,0.38222716383367367,0.4331581241226676,0.0,0.0,0.0,0.0770506701547386,0.0,0.0,0.0,0.0,0.20869621000154776,0.0,0.0,0.0,0.0,0.33202595601004,0.5668418758773325,0.0,0.0,0.0,645.0,27.0,,,,1,6.470799503782602,1,3.332204510175204,0,0.0,0,0.0,0,0.0,2,6.511745329644728,74.0,1,Fail,0
396683,0.2762277883905294,0.3020480711503196,0.2158249765294056,0.0,0.03829544909047805,0.23389155225661848,0.2191695741402885,0.1337342145950086,0.2730276370894133,0.1804915210135309,0.21219689378468193,0.0714571322548924,0.10860531164656709,0.1886536923004358,0.2899063201696686,0.2776837655681703,0.4073252224544994,0.5418354972290188,0.5383186706101508,0.49130670972632257,1038.0,211.0,198.0,196.0,304.0,1,6.946013991099227,1,5.356586274672012,1,5.293304824724492,1,5.2832037287379885,1,5.720311776607412,5,7.5745584842024805,96.0,1,Pass,1
396834,0.0,0.21855925058875295,0.193168253018147,0.43086429388414565,0.0,0.2982641093158494,0.14479779174014232,0.13850018867997468,0.07440126398465945,0.0,0.42283510851470846,0.29275277964744856,0.0386336506036294,0.10318360181892315,0.0,0.2789007821694421,0.3438901780236562,0.629697907698249,0.3915508403122717,0.0,70.0,222.0,95.0,325.0,,1,4.2626798770413155,1,5.407171771460119,1,4.564348191467836,1,5.786897381366708,0,0.0,4,6.569481420414296,82.0,1,Pass,1
396907,0.5269798575318594,0.23267060780530846,0.0,0.270248725443489,0.0,0.15865806204177302,0.1698630965746661,0.0,0.1679074709337248,0.0,0.09471501496369832,0.16193309638972414,0.0,0.0,0.0,0.21964706546266916,0.4355331992303013,0.0,0.5618438036227863,0.0,424.0,544.0,,340.0,,1,6.052089168924417,1,6.300785794663244,0,0.0,1,5.831882477283517,0,0.0,3,7.1770187659099,88.0,1,Fail,0
397219,0.24192067552770397,0.20804570343046588,0.4594472851964957,0.29201386464530477,0.24357434785833926,0.22036978885768663,0.20282233566393745,0.0852022702110188,0.2892167775298335,0.24105640380357513,0.2334624077471251,0.27747892584623873,0.10660607589371279,0.20476450766861615,0.22479884458924798,0.3042471278674842,0.31165303505935793,0.34874436869877273,0.2140048501562456,0.2905704037488378,830.0,925.0,1147.0,1527.0,1832.0,1,6.7226297948554485,1,6.8308742346461795,1,7.045776576879511,1,7.331714969726466,1,7.513709247839705,5,8.742254901886351,78.0,1,Distinction,1
397292,0.24526521141441693,0.22825693992165244,0.0,0.0,0.0,0.20108540655163543,0.18485334421443472,0.0,0.0,0.0,0.0,0.0,0.0,0.0,0.0,0.5536493820339475,0.5868897158639128,0.0,0.0,0.0,115.0,220.0,,,,1,4.7535901911063645,1,5.3981627015177525,0,0.0,0,0.0,0,0.0,2,5.817111159963204,72.0,1,Fail,0
397671,0.2549475054575615,0.33418767107869174,0.23357159228968113,0.23117561683778876,0.3160614716049154,0.18835137033791954,0.24190332490291627,0.320838546658552,0.18885153683624828,0.30626422932706143,0.28269656752774336,0.347532476805893,0.15291100836395063,0.32706149334955753,0.16784696750115075,0.27400455667677565,0.07637652721249878,0.2926788526878161,0.2529113529764056,0.20982733156687244,782.0,381.0,984.0,601.0,1110.0,1,6.663132695990803,1,5.945420608606575,1,6.892641641172089,1,6.400257445308821,1,7.01301578963963,5,8.258163361537619,100.0,1,Distinction,1
398550,0.5469682773803104,0.046633645742489196,0.17375800099808272,0.43265894383505693,0.2441879461981647,0.2721532226363278,0.2195034230296534,0.37016626884563436,0.0,0.2793302580584617,0.0,0.3112140149851918,0.14825585499391314,0.21431186281619236,0.25423497202221684,0.18087849998336175,0.42264891624266565,0.30781987516236986,0.35302919334875077,0.22224682372115673,160.0,409.0,264.0,442.0,587.0,1,5.081404364984463,1,6.016157159698354,1,5.579729825986222,1,6.093569770045136,1,6.376726947898627,5,7.529943370601589,98.0,1,Distinction,1
398630,0.1272639503297682,0.32349587319303824,0.03306206904364943,0.0,0.09509373782221242,0.0636319751648841,0.05925498697748818,0.07676774698755535,0.1631957598910101,0.11421582863617305,0.19300235107768665,0.40137811827034464,0.03306206904364943,0.1526010795758876,0.6655979614342235,0.6161017234276611,0.21587102155912902,0.8571081149251458,0.6842031605331023,0.12509247210739102,123.0,205.0,146.0,167.0,592.0,1,4.820281565605037,1,5.327876168789581,1,4.990432586778736,1,5.123963979403259,1,6.385194398997726,5,7.1180162044653335,68.0,1,Pass,1
399429,0.24269519016783017,0.23833761756285127,0.35141101779810524,0.3444753262779209,0.3377117844144487,0.16988773375096167,0.2996398963590566,0.3154880780556606,0.08018175594791946,0.26807132815502754,0.22535080010438086,0.2084859411138404,0.13750403311352222,0.31098701942187407,0.09910531826972188,0.36206627597682733,0.25353654496425176,0.19559687103271206,0.26435589835228557,0.29511156916080195,732.0,721.0,609.0,674.0,1178.0,1,6.597145701886651,1,6.582025138892826,1,6.413458957167357,1,6.51471269087253,1,7.072421900537371,5,8.272570608424903,92.0,1,Distinction,1
402695,0.2655075382706054,0.4597002622507509,0.0,0.07410602790859049,0.6917365410785513,0.12038038933883262,0.2097770963014245,0.6365452693980705,0.09522269048461741,0.1942352727939009,0.0,0.33052264144782456,0.3634547306019294,0.28859298573774,0.11402818612754786,0.6141120723905621,0.0,0.0,0.5420782958690521,0.0,227.0,339.0,143.0,730.0,403.0,1,5.429345628954441,1,5.8289456176102075,1,4.969813299576001,1,6.594413459749778,1,6.0014148779611505,5,7.519149957669823,80.0,1,Pass,1
405193,0.4150779132187693,0.26746813682994897,0.01871728170566312,0.2660441324867356,0.3089549356908781,0.0,0.15554034381947535,0.35412712213781816,0.21609103191338724,0.1911685893135368,0.3612667338171724,0.2673823242092985,0.4474365474366845,0.2804924198503004,0.1704604577387271,0.22365535296405842,0.3096091951412771,0.17971904871983418,0.23737241574957682,0.32941601725685793,729.0,757.0,705.0,1731.0,1386.0,1,6.593044534142437,1,6.630683385642372,1,6.559615237493242,1,7.4570320891223805,1,7.234898420314831,5,8.57715877258367,96.0,1,Pass,1
407232,0.25726224298800154,0.14111997659322317,0.41720401119663675,0.15982786000912996,0.37803290046298743,0.30421137520860236,0.31023561249837683,0.19477878041701585,0.25133053664511873,0.27429493735036276,0.17929235325342452,0.22908072248958314,0.15637592628723299,0.34609139029682434,0.18250958715208884,0.2592340285499716,0.31956368841881694,0.2316412820991145,0.24275021304892708,0.16516257503456103,1067.0,897.0,797.0,1882.0,1078.0,1,6.97354301952014,1,6.8001700683022,1,6.682108597449809,1,7.5406215286571525,1,6.983789965258135,5,8.652073673610056,82.0,1,Pass,1
410407,0.10035117148345761,0.23844815537126934,0.2256578387725746,0.33212931495847503,0.30947804895132225,0.25762481851763563,0.22931335418836338,0.3725449618112566,0.29472691348221475,0.37975542110758137,0.3353979447265832,0.25953912498484155,0.15612922232851112,0.1778412200416192,0.26830603114404006,0.3066260652723236,0.27269936545552564,0.2456679770876577,0.19530255151769102,0.042460498797056434,889.0,1233.0,1179.0,433.0,903.0,1,6.7912214627261855,1,7.1180162044653335,1,7.07326971745971,1,6.073044534100405,1,6.806829360392176,5,8.442038517815478,88.0,1,Distinction,1
410883,0.12908258037871131,0.03667942703090682,0.2753846283754605,0.0,0.1469082370965707,0.2987339076016119,0.09481494342283207,0.0,0.0,0.2514649462766618,0.0,0.1799819355502656,0.0,0.0975783282823551,0.030559057835008414,0.5721835120196768,0.6885236939959956,0.7246153716245395,0.9024216717176449,0.5710677587917591,244.0,247.0,148.0,320.0,158.0,1,5.501258210544727,1,5.5134287461649825,1,5.003946305945459,1,5.771441123130016,1,5.0689042022202315,5,7.0192966537150445,82.0,1,Pass,1
411304,0.1164103738272598,0.19750844144128366,0.3839234039648469,0.04578977703308746,0.2725495210974106,0.13512163707122807,0.15539072131891682,0.0943955715851171,0.13483664267185266,0.15082810250471052,0.14997360224502565,0.36568611527503153,0.07310950773606242,0.24439395257807212,0.2734628682703412,0.5984943868564865,0.2814147219647679,0.4485715167139735,0.5749796277169877,0.3031595081275377,241.0,249.0,246.0,281.0,550.0,1,5.488937726156687,1,5.521460917862246,1,5.5093883366279774,1,5.641907070938114,1,6.311734809152915,5,7.357556200910353,60.0,1,Pass,1
412353,0.2613153986472695,0.2554468495651228,0.3572154945871744,0.39005989830710325,0.6441298276308693,0.2596980528855495,0.19860457429385658,0.3366202289537282,0.2193827789524233,0.2854580340782137,0.20631030997925784,0.22616297608041788,0.08989204617977534,0.15882720329121186,0.070412138290917,0.2726762384879233,0.3197856000606028,0.21627223027932213,0.23173011944926158,0.0,1925.0,1483.0,368.0,862.0,910.0,1,7.563200592358071,1,7.302496423727326,1,5.910796644040527,1,6.760414691083428,1,6.814542897259958,5,8.621373010325902,100.0,1,Pass,1
413180,0.0,0.142543350356879,0.233509447765502,0.019369183273367938,0.6134796760532314,0.0,0.4374721872768853,0.1018788937996404,0.29576877253720774,0.10762505154012572,0.4115036955286987,0.16806605535954883,0.11342001531696824,0.2655671157148343,0.1647201138626139,0.5884963044713013,0.2519184070066868,0.5511916431178894,0.41929492847459005,0.1141751585440291,80.0,130.0,57.0,1595.0,177.0,1,4.394449154672439,1,4.875197323201151,1,4.060443010546419,1,7.3752557780097545,1,5.181783550292085,5,7.620705086838262,70.0,1,Pass,1
413709,0.21841933113810924,0.2871877254083201,0.1682630264041125,0.29639670567465276,0.3369292169512588,0.19555076592293644,0.12736371846839978,0.2566615437698701,0.09979142199662965,0.08359117795629072,0.36585699603887023,0.09676302935275836,0.2690224546349891,0.23142814662275396,0.1545571144893139,0.22017290690008398,0.4886855267705218,0.3060529751910283,0.37238372570596345,0.42492249060313664,226.0,172.0,574.0,484.0,516.0,1,5.424950017481403,1,5.153291594497779,1,6.354370040797351,1,6.184148890937483,1,6.248042874508429,5,7.587310506022615,92.0,1,Pass,1
413949,0.218864866879597,0.28912765367047094,0.3278506683116726,0.18406056563021395,0.21274986272888582,0.07080352293611401,0.38255564176917406,0.3135638503051825,0.18622555738726715,0.29093510620231494,0.2385612673173888,0.07886981325963821,0.20762961759220266,0.18342926068499452,0.2651653209745867,0.4717703428669001,0.24944689130071687,0.15095586379094217,0.44628461629752436,0.23114971009421253,505.0,530.0,599.0,878.0,1066.0,1,6.226536669287466,1,6.274762021241939,1,6.396929655216146,1,6.778784897685177,1,6.9726062513017535,5,8.182838710766026,80.0,1,Pass,1
416199,0.7317316066878132,0.0,0.4647392910056309,0.7579931846256307,0.331974985894249,0.09159783499839706,0.0677800052226552,0.274390250693941,0.19708586908824804,0.4647579021002251,0.0,0.5188771809307501,0.04456894740970148,0.0,0.20326711200552586,0.17667055831378958,0.4133428138465947,0.21630151089072658,0.04492094628612125,0.0,218.0,736.0,661.0,545.0,569.0,1,5.389071729816501,1,6.602587892189336,1,6.495265555937008,1,6.302618975744905,1,6.345636360828596,5,7.912056888179006,86.0,1,Pass,1
416407,0.4332404606432085,0.3343716568998219,0.4491570242869142,0.03801116154333411,0.43025116409075964,0.1128199924128257,0.23878226320883386,0.3002835952008533,0.2965293897710117,0.4273634061396693,0.10736436958835599,0.1914313034675646,0.17890747640681628,0.3465956436867401,0.06582557652400896,0.3465751773556099,0.2354147764237796,0.0716519041054162,0.3188638049989142,0.0765598532455621,465.0,391.0,205.0,789.0,609.0,1,6.144185634125646,1,5.971261839790462,1,5.327876168789581,1,6.672032945461067,1,6.413458957167357,5,7.807916628926408,84.0,1,Pass,1
418201,0.21314276042596741,0.4049393675939044,0.14588879300025565,0.0,0.0,0.2454202968087362,0.2987277830121781,0.4409086178294655,0.0,0.0,0.2472396617247806,0.05496238337161492,0.08919424031839261,0.0,0.0,0.2941972810405158,0.24137046602230255,0.3240083488518862,0.0,0.0,781.0,407.0,138.0,,,1,6.661854740545311,1,6.0112671744041615,1,4.9344739331306915,0,0.0,0,0.0,3,7.190676034332207,90.0,1,Fail,0
419059,0.38300712717262175,0.22013149743129237,0.31267647788451536,0.056438427150902845,0.2061550986278594,0.48199078339958096,0.06668840812289906,0.2748395182522078,0.0,0.3451275882150699,0.0,0.46186960521513837,0.16666392361047958,0.2839744143468859,0.12311772921793891,0.13500208942779726,0.25131048923067023,0.24582008025279725,0.6595871585022113,0.32559958393913174,173.0,319.0,772.0,272.0,450.0,1,5.159055299214529,1,5.768320995793772,1,6.650279048587422,1,5.60947179518496,1,6.111467339502679,5,7.594381242551817,86.0,1,Distinction,1
419081,0.35542753289128665,0.11855923960535661,0.0,0.0,0.0,0.13866313209557005,0.2980354055440361,0.0,0.0,0.0,0.16095120043150207,0.19838523448915538,0.0,0.0,0.0,0.3449581345816412,0.3850201203614519,0.0,0.0,0.0,209.0,317.0,,,,1,5.3471075307174685,1,5.762051382780177,0,0.0,0,0.0,0,0.0,2,6.267200548541362,74.0,1,Fail,0
423210,0.0,0.0,0.29014011541829254,0.24849443417732395,0.028547370714525077,0.2240998478556862,0.25128479562064787,0.19487640784856172,0.07852762016272374,0.0,0.09128133241022761,0.0,0.0,0.0,0.25426830774655346,0.6846188197340862,0.7487152043793521,0.5149834767331457,0.6729779456599523,0.7171843215389214,142.0,74.0,262.0,274.0,219.0,1,4.962844630259907,1,4.31748811353631,1,5.572154032177765,1,5.616771097666572,1,5.393627546352362,5,6.879355804460439,72.0,1,Pass,1
423488,0.26573865998958957,0.0,0.3685236598069834,0.0,0.0,0.16376847317421164,0.1367402948232714,0.0,0.0,0.0,0.5704928668361988,0.0,0.0,0.0,0.0,0.0,0.8632597051767286,0.6314763401930167,1.0,0.0,553.0,311.0,345.0,195.0,,1,6.317164686747284,1,5.7430031878094825,1,5.846438775057725,1,5.278114659230517,0,0.0,4,7.247792581767846,80.0,1,Fail,0
423781,0.0,0.08896647196809034,0.07290240163913268,0.32709554556377024,0.3282853321160634,0.10128797709925551,0.4216874427532727,0.0751292166013711,0.34911137128639863,0.3673864493346847,0.28141825035537504,0.1926021759811757,0.4124426668388247,0.11267077168939524,0.1144762902926963,0.6172937725453694,0.29674390929746125,0.4395257149206715,0.21112231146043586,0.18985192825655572,438.0,325.0,378.0,505.0,658.0,1,6.0844994130751715,1,5.786897381366708,1,5.937536205082426,1,6.226536669287466,1,6.490723534502507,5,7.742835955430749,70.0,1,Pass,1
427256,0.33266906313053946,0.2582319054037483,0.25131605986409433,0.21597596526035218,0.5343817661522444,0.35845772759265515,0.16296046063035655,0.5901732984681137,0.12193291020539332,0.23472534882775417,0.06769215951224607,0.40857050259378735,0.06014145753673204,0.3370208941255329,0.09014390340646436,0.24118104976455934,0.1702371313721077,0.09836918413105986,0.3250702304087217,0.14074898161353713,677.0,422.0,367.0,618.0,906.0,1,6.519147287940395,1,6.0473721790462776,1,5.908082938168931,1,6.428105272684596,1,6.810142450115136,5,8.003363058629947,86.0,1,Pass,1
429832,0.15774787465147885,0.1291001139478814,0.0,0.0,0.14280523109505958,0.18307562443262151,0.23140953367099154,0.1941204453028847,0.09333368349186656,0.0,0.2384188117936554,0.23140953367099154,0.24946364245662986,0.09333368349186656,0.035701307773764894,0.42075768912224426,0.4080808187101356,0.5564159122404854,0.8133326330162668,0.8214934611311756,48.0,42.0,49.0,40.0,168.0,1,3.8918202981106265,1,3.7612001156935624,1,3.912023005428146,1,3.713572066704308,1,5.1298987149230735,5,5.8522024797744745,88.0,1,Fail,0
431139,0.10325945121749543,0.06026488004248392,0.38590110305102526,0.4592706325931252,0.6108244565270319,0.6843728588818254,0.11834594062494529,0.1955843380190595,0.04030181286633037,0.029217893114192137,0.10325945121749543,0.37209376953731454,0.2484693067824914,0.06693986221777792,0.0631388165618215,0.10910823868318388,0.44929540979525623,0.17004525214742366,0.4334876923227664,0.2968188337969544,157.0,266.0,67.0,569.0,622.0,1,5.062595033026967,1,5.58724865840025,1,4.219507705176107,1,6.345636360828596,1,6.434546518787453,5,7.427738840532894,78.0,1,Pass,1
434476,0.23564671640527776,0.29258114411029834,0.2028921117694804,0.11395268274067963,0.2310772606026121,0.2066991193489051,0.3021980009581484,0.25244797157530546,0.12839127712949996,0.12696463453869014,0.30483463525863136,0.19918203710498494,0.28091323627137216,0.3914252230344497,0.3091191252907035,0.2528195289871857,0.2060388178265684,0.263746680383842,0.36623081709537075,0.3328389795679942,1363.0,1947.0,2660.0,2834.0,3802.0,1,7.218176838403408,1,7.5745584842024805,1,7.886457270977689,1,7.949797216161852,1,8.24354550792826,5,9.44200749423127,78.0,1,Pass,1
438063,0.42804365122114574,0.11818430056748344,0.0,0.0,0.0,0.2357219974133727,0.182471751231788,0.0,0.0,0.0,0.12298579934729936,0.46597298918222546,0.0,0.0,0.0,0.21324855201818219,0.2333709590185031,0.0,0.0,0.0,404.0,44.0,,,,1,6.003887067106539,1,3.8066624897703196,0,0.0,0,0.0,0,0.0,2,6.1070228877422545,72.0,1,Fail,0
438644,0.2709954559592768,0.32120436191602464,0.0,0.0,0.0,0.5306712774810628,0.3575912761679507,0.0,0.0,0.0,0.0,0.0,0.0,0.0,0.0,0.19833326655966046,0.32120436191602464,0.0,0.0,0.0,111.0,13.0,,,,1,4.718498871295094,1,2.6390573296152584,0,0.0,0,0.0,0,0.0,2,4.8283137373023015,58.0,1,Fail,0
439950,0.29149940653488565,0.3042952628685466,0.0,0.057852284102985804,0.0,0.0,0.0,0.0,0.1735568523089574,0.0,0.0,0.0,0.0,0.1735568523089574,0.0,0.7085005934651144,0.6957047371314534,0.0,0.5950340112790994,0.0,174.0,178.0,,58.0,,1,5.1647859739235145,1,5.187385805840755,0,0.0,1,4.07753744390572,0,0.0,3,6.018593214496234,94.0,1,Fail,0
439995,0.08986674909315813,0.32523432660993573,0.2517417071336766,0.2883360536381695,0.1809556803666562,0.46052467709500927,0.12271076189915435,0.21179078033437373,0.12404150020903204,0.3134261845231729,0.21493648499215573,0.25459719289070193,0.22010440218090707,0.2150269709283876,0.2652409194770915,0.23467208881967694,0.29745771860020787,0.31636311035104264,0.37259547522441094,0.24037721563307934,292.0,293.0,326.0,322.0,321.0,1,5.680172609017068,1,5.683579767338681,1,5.7899601708972535,1,5.777652323222656,1,5.7745515455444085,5,7.349230824613334,84.0,1,Pass,1
440818,0.23064902755752642,0.17189899549960427,0.2714900382866664,0.20883426149386886,0.30438598694177393,0.2515997240953716,0.3489923544737848,0.26775583863335467,0.22137105426094286,0.3411548046466489,0.21146188001900149,0.24223833995096056,0.20219261026805166,0.24317758281665425,0.2684988669364509,0.3062893683281004,0.23687031007565024,0.25856151281192724,0.3266171014285341,0.08596034147512614,1279.0,1143.0,1059.0,803.0,1265.0,1,7.154615356913663,1,7.042286171939743,1,6.966024187106113,1,6.6895992691789665,1,7.143617602704121,5,8.62155320674048,86.0,1,Pass,1
441165,0.12651719452777563,0.19469358146417184,0.03641731596552443,0.21099907188260114,0.21187656346414774,0.2708088681815711,0.2983460395281739,0.5896938746313958,0.21099907188260114,0.2729418031778871,0.3564604779750739,0.1691085503170398,0.19881784624808896,0.22316146853708116,0.2536999652509529,0.24621345931557923,0.3378518286906144,0.17507096315499085,0.3548403876977164,0.2614816681070123,372.0,324.0,184.0,75.0,323.0,1,5.921578419643816,1,5.783825182329737,1,5.220355825078324,1,4.330733340286331,1,5.780743515792329,5,7.153833801578843,82.0,1,Pass,1
441421,0.16561791720390961,0.37798876298334394,0.05913892337839222,0.0,0.0,0.3466138523499842,0.0,0.02546974796877208,0.0,0.0,0.19763859257090333,0.15855091048612832,0.3004007995548238,0.0,0.0,0.29012963787520285,0.4634603265305278,0.6149905290980119,0.0,0.0,524.0,116.0,218.0,,,1,6.263398262591624,1,4.762173934797756,1,5.389071729816501,0,0.0,0,0.0,3,6.755768921984255,80.0,1,Fail,0
442199,0.0,0.0,0.0,0.13000278986403282,0.0,0.4700094977062855,0.0,0.06417021872110813,0.39682104904497745,0.0,0.21662554534619277,0.0,0.0,0.0,0.0,0.31336495694752187,0.0,0.9358297812788918,0.47317616109098976,1.0,204.0,,100.0,95.0,37.0,1,5.3230099791384085,0,0.0,1,4.61512051684126,1,4.564348191467836,1,3.6375861597263857,4,6.07993319509559,84.0,1,Pass,1
442563,0.28149855182485284,0.2064331301487053,0.2498936270044784,0.34543748876719854,0.5400344758125627,0.12962656142573975,0.21190359082403484,0.3591874416857799,0.14159707980435768,0.1889599327928127,0.2662784818804452,0.2822884392638947,0.06239617740862509,0.15686924268372748,0.041022829300905964,0.3225964048689622,0.29937483976336515,0.3285227539011166,0.35609618874471627,0.2299827620937187,290.0,338.0,176.0,238.0,386.0,1,5.673323267171493,1,5.82600010738045,1,5.176149732573829,1,5.476463551931511,1,5.958424693029782,5,7.264730177929867,88.0,1,Pass,1
442802,0.2845081991408524,0.1721063984288692,0.36132446879548835,0.18694298037912266,0.322494878131478,0.2655645882014948,0.2944964471021199,0.22685477798375486,0.21529554128014397,0.20230379529358836,0.20755635561284883,0.18666335834959144,0.05232010655734305,0.1519646799174961,0.1023648545315149,0.24237085704480382,0.3467337961194194,0.35950064666341375,0.4457967984232372,0.37283647204341874,526.0,921.0,596.0,596.0,310.0,1,6.267200548541362,1,6.826545223556594,1,6.391917113392602,1,6.391917113392602,1,5.739792912179234,5,7.989560449333865,88.0,1,Pass,1
443151,0.24203268186646243,0.2257953662685711,0.2667632964799862,0.0,0.35850730543991216,0.23544030408049474,0.23875924711511504,0.03882811282486934,0.31275828320578736,0.20714694718006657,0.25265577271117917,0.21829467388080628,0.13919732845092678,0.15637914160289368,0.09359089981207426,0.26987124134186363,0.3171507127355076,0.5552112622442176,0.5308625751913189,0.340754847567947,167.0,252.0,89.0,188.0,1030.0,1,5.123963979403259,1,5.53338948872752,1,4.499809670330265,1,5.241747015059643,1,6.93828448401696,5,7.454141078146678,90.0,1,Pass,1
443514,0.14295706224240431,0.20356696433464272,0.2057056760008691,0.2954195003762703,0.24530522929538212,0.2107641519396412,0.2210170002426219,0.3080500818925489,0.09886013739008123,0.2964408810403304,0.07418171640901887,0.3065526852350404,0.10835907062258038,0.233927121614224,0.0498603104091098,0.5720970694089356,0.26886335018769497,0.37788517148400175,0.37179324061942437,0.4083935792551777,145.0,416.0,250.0,330.0,1186.0,1,4.983606621708336,1,6.0330862217988015,1,5.5254529391317835,1,5.802118375377063,1,7.079184394609668,5,7.752764808851328,78.0,1,Pass,1
443696,0.1384869767421713,0.22302119110880517,0.24150127025535584,0.0,0.6603503103856401,0.462086920385872,0.22302119110880517,0.7227466509456996,0.1513026923593765,0.21544531631696323,0.3030625360858075,0.07859861831659094,0.0,0.3357054131178379,0.0,0.09636356678614912,0.47535899946579874,0.03575207879894481,0.5129918945227856,0.12420437329739664,539.0,213.0,227.0,295.0,549.0,1,6.29156913955832,1,5.365976015021851,1,5.429345628954441,1,5.69035945432406,1,6.309918278226516,5,7.508787170634276,60.0,1,Fail,0
444011,0.11563473772709387,0.2455937860198613,0.0,0.18944629879795377,0.5507926142777377,0.25480441860073577,0.24592297095628457,0.12735710536517142,0.2004553147980804,0.08322614793393811,0.2399783691548067,0.19153452689546976,0.05484971978486249,0.2954199260736571,0.08794021570317563,0.38958247451736366,0.3169487161283844,0.8177931748499662,0.3146784603303088,0.27804102208514864,234.0,338.0,45.0,474.0,177.0,1,5.459585514144159,1,5.82600010738045,1,3.828641396489095,1,6.163314804034641,1,5.181783550292085,5,7.1459844677143876,86.0,1,Pass,1
444619,0.26862153592490995,0.0,0.23312918101069718,0.17360335227778526,0.3392617771674688,0.0,0.0,0.21203078700462716,0.16657147261650607,0.35105739656926044,0.0,0.26932854769128356,0.13575496559874523,0.2841774337805876,0.05171753337440988,0.73137846407509,0.7306714523087163,0.4190850663859304,0.3756477413251212,0.257963292888861,97.0,78.0,944.0,2312.0,2065.0,1,4.584967478670572,1,4.3694478524670215,1,6.851184927493743,1,7.746300662231439,1,7.633369649679584,5,8.61195776786066,88.0,1,Pass,1
444907,0.270169244369325,0.02214313318803636,0.36096419545282593,0.06652255966675025,0.30110209623402395,0.06609309270422531,0.18178301927609522,0.19623574877933225,0.04434837311116683,0.35890199040683507,0.1762540464754889,0.17919899922982063,0.0,0.4106605930904171,0.09695186580993692,0.48748361645096067,0.6168748483060478,0.4428000557678419,0.4784684741316659,0.243044047549204,448.0,268.0,87.0,306.0,595.0,1,6.1070228877422545,1,5.594711379601839,1,4.477336814478207,1,5.726847747587197,1,6.39024066706535,5,7.4413203897176174,76.0,1,Pass,1
445686,0.24635722919139602,0.0,0.0,0.2789429456511298,0.16276228021490194,0.18144149950910832,0.3669822671035911,0.0,0.5,0.0,0.27505671368331375,0.2764438768241495,0.0,0.22105705434887016,0.5238501591371048,0.29714455761618186,0.3565738560722593,0.0,0.0,0.31338756064799334,231.0,104.0,,10.0,562.0,1,5.44673737166631,1,4.653960350157523,0,0.0,1,2.3978952727983707,1,6.333279628139691,4,6.811244378601294,76.0,1,Pass,1
465121,0.20504060601236906,0.27360165087407523,0.34756297678163306,0.41973145716690596,0.0,0.25419673565237405,0.0,0.1803893101520406,0.1277683521890471,0.0,0.23241355777428466,0.1733691787836697,0.07332052111320435,0.1931080135377299,0.0,0.30834910056097226,0.5530291703422551,0.39872719195312206,0.259392177106317,0.0,246.0,150.0,113.0,74.0,,1,5.5093883366279774,1,5.017279836814924,1,4.736198448394496,1,4.31748811353631,0,0.0,4,6.369900982828227,74.0,1,Fail,0
465294,0.22366712960826654,0.1974168415885071,0.26381091371146953,0.25452080613892947,0.3169945055645186,0.17438883035039132,0.3413560099525367,0.2093922897275635,0.18309473617346492,0.29573362952414123,0.2367210996143336,0.13233385096528177,0.07479065013802874,0.1605143473392549,0.18995720280890713,0.36522294042700854,0.3288932974936744,0.4520061464229383,0.40187011034835074,0.19731466210243304,299.0,619.0,332.0,530.0,578.0,1,5.703782474656201,1,6.429719478039138,1,5.808142489980444,1,6.274762021241939,1,6.361302477572996,5,7.765993079407675,74.0,1,Pass,1
466120,0.20443526533735998,0.21671927813982184,0.2739468033296058,0.06558451250306316,0.0,0.132296005875568,0.3232660727608108,0.07932565299464403,0.5125028884308991,0.0,0.3394397081143478,0.19835158718045864,0.20505383833637372,0.11632761804890092,0.0,0.3238290206727241,0.2616630619189087,0.44167370533937644,0.30558498101713677,0.0,521.0,342.0,171.0,237.0,,1,6.257667587882639,1,5.8377304471659395,1,5.147494476813453,1,5.472270673671475,0,0.0,4,7.148345743900068,78.0,1,Fail,0
466987,0.32867850842409224,0.07230159955714918,0.31456290713266505,0.3404410230357738,0.19443343295942128,0.18626274832787695,0.2872961578738763,0.23432536212840746,0.089825011495388,0.1010786131245937,0.09883708247739433,0.28738713120393594,0.1382414157593217,0.16489409972773963,0.14108865475990062,0.3862216607706366,0.3530151113650386,0.31287031497960566,0.4048398657410984,0.5633992991560844,331.0,393.0,475.0,546.0,422.0,1,5.805134968916488,1,5.976350909297934,1,6.16541785423142,1,6.304448802421981,1,6.0473721790462776,5,7.681560362559537,70.0,1,Pass,1
467363,0.20399135732180418,0.15054117045552862,0.389914185556138,0.0,0.07664283739466848,0.28080801278461964,0.15054117045552862,0.3435654869279175,0.0,0.0,0.24207727189862427,0.34511281067663524,0.0,0.10727394481281752,0.11496425609200273,0.2731233579949519,0.3538048484123076,0.26652032751594446,0.8927260551871825,0.8083929065133287,419.0,54.0,359.0,68.0,115.0,1,6.040254711277414,1,4.007333185232471,1,5.886104031450156,1,4.23410650459726,1,4.7535901911063645,5,6.923628628138427,62.0,1,Fail,0
469499,0.28973604043787143,0.18893109431111815,0.32582868664369624,0.18932319954278298,0.3370590358567891,0.28599580985243295,0.15005138644363655,0.16652496715514753,0.25996302696226015,0.2749079142696839,0.23954593991942064,0.2832425686035481,0.060998598241765976,0.22359149906483228,0.15157491226083764,0.18472220979027493,0.37777495064169725,0.44664774795939033,0.3271222744301246,0.23645813761268922,844.0,673.0,1955.0,1527.0,663.0,1,6.739336627357174,1,6.513230110912307,1,7.578656850594762,1,7.331714969726466,1,6.498282149476434,5,8.641709066113805,70.0,1,Pass,1
471284,0.10025526378696402,0.1958049663620172,0.30337227317391746,0.0914606735554782,0.14176083776275142,0.02633199841867729,0.28427723379144604,0.07807399237767061,0.0304868911851594,0.3802194225779905,0.02633199841867729,0.26883302769799294,0.13848027862429077,0.09664115858408803,0.24368292875287773,0.8470807393756814,0.2510847721485438,0.48007345582412125,0.7814112766752744,0.2343368109063805,356.0,38.0,389.0,219.0,846.0,1,5.877735781779639,1,3.6635616461296463,1,5.966146739123692,1,5.393627546352362,1,6.741700694652055,5,7.522400231387125,74.0,1,Fail,0
474667,0.17794897308944682,0.1541186606778365,0.14279039541249217,0.02949242743623169,0.1225545341983104,0.4652318954649939,0.1919635754783416,0.0,0.0,0.0,0.2566864109793491,0.2382438755978309,0.14735508423153681,0.0,0.05007799277691999,0.10013272046621022,0.415673888245991,0.7098545203559711,0.9705075725637684,0.8273674730247695,340.0,403.0,251.0,557.0,959.0,1,5.831882477283517,1,6.0014148779611505,1,5.529429087511423,1,6.324358962381311,1,6.866933284461882,5,7.828436359157585,74.0,1,Pass,1
475015,0.2121246111391938,0.2117283128473611,0.2984403890930621,0.15875679188325845,0.34430978867380235,0.21811470248438491,0.35363873154241604,0.25886711469244683,0.3461761011744057,0.3844192366548977,0.2885858315991829,0.15445756653434084,0.2408549444803353,0.05507873697255175,0.20437200796537822,0.28117485477723847,0.280175389075882,0.20183755173415585,0.4399883699697842,0.06689896670592187,644.0,500.0,568.0,340.0,550.0,1,6.4692503167957724,1,6.2166061010848646,1,6.343880434126331,1,5.831882477283517,1,6.311734809152915,5,7.864419904994565,90.0,1,Pass,1
476401,0.29623219137191575,0.2373492338202126,0.22595030602679952,0.2490762040691304,0.3199594342157905,0.08898961251585938,0.2744302513521938,0.22396845484543518,0.28774915706856774,0.3295670436369416,0.2623909626963831,0.22242522820743935,0.2216891964001715,0.2317460728185183,0.08924067617575072,0.3523872334158418,0.26579528662015434,0.32839204272759376,0.23142856604378356,0.2612328459715172,656.0,1659.0,1412.0,1382.0,494.0,1,6.48768401848461,1,7.414572881350589,1,7.253470382684528,1,7.232010331664759,1,6.20455776256869,5,8.631235907456897,74.0,1,Pass,1
476629,0.28804886860325285,0.18014664055299368,0.3547465784604336,0.23540569708417997,0.3453024830903971,0.26887219828541076,0.31963518725317147,0.23477322473388137,0.19267325440316335,0.19535901389693122,0.23775495300956573,0.226286981397529,0.10067391214288747,0.36436849838268753,0.05467132747682602,0.20532398010177058,0.2739311907963058,0.3098062846627976,0.20755255012996912,0.40466717553584564,838.0,392.0,82.0,232.0,616.0,1,6.732210706467206,1,5.973809611869261,1,4.418840607796598,1,5.4510384535657,1,6.424869023905388,5,7.6783263565068856,68.0,1,Pass,1
477833,0.23391699146358483,0.18337090547395052,0.2224535055786298,0.16646635620639497,0.2963709844422368,0.0822175503879693,0.31515948395022664,0.2994498502625749,0.24088564388083744,0.31317255433596,0.32409408328118194,0.23265538340030523,0.28279329399636727,0.3022703907959935,0.24130015376973019,0.3597713748672639,0.2688142271755177,0.19530335016242797,0.2903776091167741,0.14915630745207306,133.0,446.0,329.0,1297.0,1593.0,1,4.897839799950911,1,6.102558594613569,1,5.799092654460526,1,7.168579897264035,1,7.374001859350161,5,8.242493153187626,82.0,1,Fail,0
479939,0.27496471570800074,0.10202952191237817,0.1859822476554751,0.23054370347536912,0.24923450884779633,0.22615159395145693,0.29799890441668,0.24150671625082085,0.2604617863266528,0.2805594879791514,0.2040264733598336,0.2987683445500509,0.26256850481510763,0.27653271573840715,0.2277223074378076,0.2948572169807087,0.3012032291208911,0.3099425312785964,0.23246179445957113,0.24248369573524464,763.0,749.0,1586.0,1756.0,2064.0,1,6.638567789166521,1,6.620073206530356,1,7.369600720526409,1,7.471363088187097,1,7.632885505395133,5,8.842026529498812,70.0,1,Pass,1
480303,0.10241803958164497,0.42421589213000527,0.0,0.0,0.0,0.3292700155938444,0.26574357877554183,0.0,0.0,0.0,0.20694592024591668,0.0,0.0,0.0,0.0,0.3613660245785939,0.3100405290944528,0.0,0.0,0.0,782.0,316.0,,,,1,6.663132695990803,1,5.75890177387728,0,0.0,0,0.0,0,0.0,2,7.002155954403621,68.0,1,Fail,0
481717,0.3021125680622794,0.283743013728535,0.3620492944029898,0.21234152998212494,0.27172885209192515,0.20776794174672572,0.25673946345566695,0.33884705305792423,0.29927286075647175,0.20111189904434779,0.24578565306980335,0.1956811368649857,0.0897523747852311,0.24911234821550027,0.33437740544906447,0.2443338371211916,0.2638363859508122,0.20935127775385493,0.23927326104590316,0.19278184341466276,901.0,752.0,774.0,462.0,1090.0,1,6.804614520062624,1,6.6240652277998935,1,6.652863029353347,1,6.137727054086234,1,6.994849985833071,5,8.289037098278483,72.0,1,Pass,1
482644,0.30501889040335534,0.05308432709820546,0.21276956460145569,0.1654515395439852,0.1455089966076107,0.22032064499335155,0.21576142082674268,0.31085320935967614,0.2629956692019581,0.17640019594540446,0.1513214574023729,0.21835000509798747,0.15936608258185772,0.28367578666865395,0.29259633206069235,0.32333900720092007,0.5128042469770644,0.3170111434570105,0.28787700458540266,0.3854944753862925,210.0,320.0,617.0,549.0,396.0,1,5.351858133476067,1,5.771441123130016,1,6.42648845745769,1,6.309918278226516,1,5.983936280687191,5,7.646353722445999,92.0,1,Pass,1
483037,0.1326522601289383,0.03923576299387483,0.18598246646510205,0.36470466437129,0.2793153264570585,0.2570154778758582,0.34542043752697,0.3442764117831852,0.18374059056331518,0.3321643831278531,0.19567835239247156,0.31124211919914696,0.24744069027797905,0.28738053099596733,0.20418210020871047,0.41465390960273196,0.30410168028000817,0.22230043147373374,0.16417421406942748,0.18433819020637787,443.0,664.0,421.0,745.0,1034.0,1,6.095824562432225,1,6.499787040655854,1,6.045005314036012,1,6.61472560020376,1,6.942156705699469,5,8.104099056143582,70.0,1,Pass,1
484010,0.21927531411156614,0.23810005712252041,0.3252188063160716,0.25562049143278004,0.0,0.30014505747095904,0.1741524483227839,0.08446759359726026,0.27904723428641676,0.0,0.19521341869331105,0.1974796096053892,0.0,0.26114458874047014,0.0,0.2853662097241637,0.3902678849493064,0.590313600086668,0.2041876855403331,0.0,340.0,399.0,61.0,290.0,,1,5.831882477283517,1,5.991464547107982,1,4.127134385045092,1,5.673323267171493,0,0.0,4,6.994849985833071,86.0,1,Fail,0
484594,0.27548442509076687,0.22246352893952978,0.2951552909166572,0.231770324342451,0.2907414237569767,0.30862243857366045,0.2928759561995675,0.294502279118162,0.2706608290871082,0.25531833252766045,0.24076754329832595,0.25684048751659977,0.18295106318883234,0.17709850667239466,0.22026626780915867,0.17512559303724676,0.22782002734430293,0.22739136677634852,0.32047033989804613,0.23367397590620406,1474.0,1606.0,1205.0,1366.0,1752.0,1,7.29641326877392,1,7.382124365737512,1,7.095064377287131,1,7.220373836723949,1,7.469083884921234,5,8.909775673693389,84.0,1,Pass,1
485228,0.22844169837982614,0.313326248629213,0.311867883000859,0.38190243040342325,0.45354521943777637,0.31660738475766453,0.21087322692083932,0.2531423536935997,0.07506870470396478,0.14852496130455123,0.1270126923218008,0.1339142339149736,0.03747543591399898,0.36691151852964243,0.28405322110295395,0.3279382245407085,0.341886290534974,0.3975143273915423,0.1761173463629694,0.11387659815471843,678.0,477.0,199.0,624.0,1219.0,1,6.520621127558696,1,6.169610732491456,1,5.298317366548036,1,6.437751649736401,1,7.106606137727303,5,8.0702808933939,84.0,1,Fail,0
486087,0.11599771643333205,0.14792469885793383,0.24294732773233232,0.3515688865752138,0.16378372679062234,0.24932326954471867,0.25611495623828096,0.18450917838985503,0.23574005484400343,0.5466155269125825,0.2510122450666497,0.3246348965511794,0.0,0.13849306324767682,0.2896007462967952,0.3836667689552995,0.27132544835260575,0.5725434938778126,0.274197995333106,0.0,433.0,271.0,77.0,708.0,630.0,1,6.073044534100405,1,5.605802066295998,1,4.356708826689592,1,6.5638555265321274,1,6.447305862541213,5,7.659171367666058,88.0,1,Distinction,1
486964,0.4500212894406622,0.2026080144461456,0.0,0.0,0.4384266298589333,0.24131246234642498,0.14134526670065523,0.0,0.0,0.21556260393988433,0.1726370922130895,0.2440426644091301,0.29385727742421935,0.2606319026714895,0.11085616086334041,0.1360291559998232,0.41200405444406907,0.7061427225757806,0.7393680973285105,0.23515460533784194,115.0,119.0,25.0,37.0,345.0,1,4.7535901911063645,1,4.787491742782046,1,3.258096538021482,1,3.6375861597263857,1,5.846438775057725,5,6.464588303689961,86.0,1,Pass,1
488525,0.15842486986705373,0.22577573153983704,0.2893428679555369,0.1117961302125788,0.33514186776618127,0.47297305769735754,0.14623165907610988,0.19034688667366434,0.2361290384415003,0.3722836409519057,0.23854352908309936,0.35358734626441973,0.0,0.27395802995131374,0.11636159820794979,0.13005854335248943,0.2744052631196333,0.5203102453707987,0.378116801394607,0.17621289307396326,273.0,129.0,158.0,524.0,565.0,1,5.6131281063880705,1,4.867534450455582,1,5.0689042022202315,1,6.263398262591624,1,6.338594078203183,5,7.408530566894626,80.0,1,Pass,1
489553,0.37518609197179037,0.2846072040489664,0.32715643797829735,0.5955398969816516,0.0,0.13409209906792904,0.12232394399400055,0.28189570801446845,0.0,0.0,0.14485690696256542,0.15331662618100636,0.0,0.1945285452084556,0.0,0.3458649019977151,0.43975222577602674,0.39094785400723425,0.20993155780989284,0.0,145.0,140.0,23.0,49.0,,1,4.983606621708336,1,4.948759890378168,1,3.1780538303479458,1,3.912023005428146,0,0.0,4,5.8805329864007,72.0,1,Fail,0
490297,0.0,0.0,0.0,0.0,0.0,0.42003173754953754,0.0,0.0,0.0,0.0,0.0,0.0,0.0,0.0,0.0,0.5799682624504625,0.0,0.0,0.0,0.0,65.0,,,,,1,4.189654742026425,0,0.0,0,0.0,0,0.0,0,0.0,1,4.189654742026425,50.0,1,Fail,0
491126,0.19063496437929023,0.34108571214759037,0.1700287919303734,0.18918258781665845,0.19008500234902406,0.24493406989953315,0.21389621646275325,0.1730558139776801,0.21562797568203101,0.14869155477597976,0.19832567067465426,0.19918725236204493,0.2055243320077554,0.36348221452130125,0.3502204807172502,0.3661052950465223,0.2458308190276115,0.451391062084191,0.23170722198000923,0.31100296215774603,575.0,422.0,561.0,566.0,519.0,1,6.3561076606958915,1,6.0473721790462776,1,6.331501849893691,1,6.340359303727752,1,6.253828811575473,5,7.880048200971577,100.0,1,Pass,1
491863,0.13497203564366547,0.28262907543310534,0.31365088205412534,0.34047650321101824,0.0686425380487329,0.22983543826042346,0.1558741712772543,0.10414133177089102,0.17088246628301004,0.15525977727994578,0.2440307976200847,0.11077228792600584,0.29081271635779354,0.11682222905215471,0.17323447846242573,0.3911617284758263,0.4507244653636345,0.29139506981719,0.371818801453817,0.6028632062088957,439.0,139.0,202.0,427.0,375.0,1,6.0867747269123065,1,4.941642422609304,1,5.313205979041787,1,6.059123195581797,1,5.929589143389895,5,7.367077059881012,86.0,1,Pass,1
492024,0.47128598845677305,0.31700003816342265,0.0,0.18258090025809776,0.0,0.0,0.1373957160908921,0.23688979615410258,0.0,0.0,0.22262040754588167,0.10304678706816907,0.07070873140242893,0.047998582292205536,0.33486723392965795,0.30609360399734536,0.4425574586775161,0.6924014724434685,0.7694205174496969,0.665132766070342,309.0,134.0,129.0,369.0,1627.0,1,5.736572297479192,1,4.90527477843843,1,4.867534450455582,1,5.91350300563827,1,7.395107546562485,5,7.851271997109883,80.0,1,Pass,1
493793,0.18621441874008127,0.06670871819827509,0.05127682922555843,0.19040990832846397,0.37002562152368396,0.16872803085953297,0.3129196512736119,0.27887597240206796,0.09815212000311122,0.37383689557514604,0.24573583759399664,0.33523294689205835,0.1312132562691685,0.21615154699539268,0.08191738541739778,0.3993217128063891,0.2851386836360548,0.538633942103205,0.4952864246730321,0.1742200974837721,286.0,171.0,418.0,650.0,541.0,1,5.659482215759621,1,5.147494476813453,1,6.037870919922137,1,6.478509642208569,1,6.295266001439646,5,7.633853559681768,84.0,1,Pass,1
494046,0.13937200087943738,0.06325181264167476,0.2324715236758491,0.21741301819308012,0.0,0.4983843941511413,0.3188570956044568,0.23385647072605173,0.3201193575622261,0.0,0.1125284442905362,0.3351090135270551,0.13237415989061563,0.1520917599859343,0.0,0.24971516067888502,0.2827820782268134,0.40129784570748356,0.3103758642587594,0.0,255.0,418.0,558.0,831.0,,1,5.545177444479562,1,6.037870919922137,1,6.326149473155099,1,6.723832440821209,0,0.0,4,7.631916513071252,84.0,1,Pass,1
494184,0.28915686026879955,0.17138799007242553,0.2657874407388659,0.17194643681883662,0.3356653992292819,0.12583879658654668,0.3348201795119551,0.22037977737565587,0.25113792473394053,0.24757435888271034,0.40315167977159944,0.27026360040433534,0.06837876959725894,0.12877205736098019,0.04638759965967622,0.18185266337305425,0.223528230011284,0.4454540122882192,0.44814358108624264,0.37037264222833144,217.0,319.0,253.0,244.0,173.0,1,5.384495062789089,1,5.768320995793772,1,5.537334267018537,1,5.501258210544727,1,5.159055299214529,5,7.095893221097532,74.0,1,Pass,1
497415,0.25642511355025566,0.23362840183422934,0.1998499957502849,0.34160931854074006,0.18820971137844264,0.20734091798521526,0.24379130895553094,0.27871260765940387,0.13217733432282758,0.05605211673058073,0.12887848003597963,0.27484238036950004,0.2732813100646496,0.4246189682494406,0.041057433395245535,0.4073554884285495,0.24773790884073976,0.24815608652566157,0.10159437888699165,0.7146807384957311,944.0,806.0,589.0,118.0,319.0,1,6.851184927493743,1,6.693323668269949,1,6.380122536899765,1,4.77912349311153,1,5.768320995793772,5,7.9291264873067995,82.0,1,Pass,1
498442,0.30663122363766465,0.26068394523779315,0.3950040717725202,0.27479715256227816,0.2309713492646238,0.13059570692449016,0.30656611800024997,0.11085044501398177,0.2275634839839268,0.0,0.22381822871528517,0.15629438131618076,0.19111497345753942,0.19028989072467106,0.15765676821224062,0.3389548407225599,0.2764555554457762,0.30303050975595863,0.307349472729124,0.6113718825231356,515.0,669.0,1183.0,744.0,1118.0,1,6.246106765481563,1,6.507277712385012,1,7.076653815443951,1,6.61338421837956,1,7.020190708311925,5,8.349957272040324,88.0,1,Distinction,1
499404,0.06616095729955622,0.21380217762498696,0.13319735828869078,0.20901998492530163,0.24436301346025802,0.21639232258010707,0.21035219683417633,0.24872086333014742,0.19157387113365099,0.26016619399236784,0.3273159976820187,0.23757684636288987,0.23514102723720245,0.2763386848361269,0.23104241026329755,0.39013072243831803,0.33826877917794695,0.3829407511439594,0.32306745910492046,0.26442838228407656,296.0,500.0,647.0,796.0,1131.0,1,5.6937321388027,1,6.2166061010848646,1,6.473890696352274,1,6.680854678790215,1,7.0317412587631285,5,8.12296471523406,60.0,1,Pass,1
500068,0.5964307374967682,0.1276049218338012,0.4507360344246518,0.30510567930835225,0.39592923112808853,0.11122524475668194,0.2834776908006149,0.290609530553461,0.28989787167202075,0.32165254533979865,0.0,0.2701133212197565,0.06048346070699205,0.35375282045082407,0.09724831658146951,0.29234401774654994,0.31880406614582735,0.19817097431489508,0.05124362856880289,0.18516990695064334,325.0,812.0,872.0,705.0,607.0,1,5.786897381366708,1,6.70073110954781,1,6.771935555839602,1,6.559615237493242,1,6.410174881966167,5,8.10832229017324,80.0,1,Pass,1
500618,0.30240910270023424,0.11569472321093473,0.16560656937482773,0.18466503954662164,0.10989772481899064,0.23882979788098258,0.38695273757246706,0.0,0.2462326211185635,0.10892354924259186,0.1905449432043588,0.2883896688552882,0.1922632730646628,0.4469202124642117,0.5172838023011609,0.26821615621442446,0.20896287036130992,0.6421301575605094,0.12218212687060315,0.2638949236372566,398.0,126.0,29.0,94.0,464.0,1,5.988961416889864,1,4.844187086458591,1,3.4011973816621555,1,4.553876891600541,1,6.142037405587356,5,7.013915474810528,82.0,1,Pass,1
501444,0.25317884277591,0.30811808862084367,0.3259239806439092,0.13571893904293675,0.32963628462154987,0.1710804961901129,0.09648061426456397,0.3288372687853053,0.36883964940446334,0.33708227487764664,0.13482189203103792,0.046186644608705106,0.19069726500965595,0.2903423201911044,0.2693962648834067,0.44091876900293914,0.5492146525058873,0.1545414855611296,0.20509909136149546,0.06388517561739664,412.0,314.0,648.0,673.0,599.0,1,6.023447592961033,1,5.752572638825633,1,6.47543271670409,1,6.513230110912307,1,6.396929655216146,5,7.881182202227102,92.0,1,Distinction,1
502011,0.22580470044375492,0.22669070449051906,0.1628956683085207,0.08683353479745892,0.155486816914691,0.27664813050940856,0.20855914101529058,0.3914537167737084,0.17843353750341978,0.11008559709759264,0.21305371308658133,0.20047719465008898,0.19854778104856213,0.339121616668402,0.3670145410848437,0.2844934559602552,0.3642729598441014,0.24710283386920887,0.39561131103071934,0.3674130449028726,768.0,425.0,621.0,451.0,278.0,1,6.645090969505644,1,6.054439346269371,1,6.432940092739179,1,6.113682179832232,1,5.631211781821365,5,7.841492924460013,74.0,1,Pass,1
504270,0.0,0.0,0.0,0.0,0.0,0.0,0.573002542572312,0.0,0.0,0.0,0.0,0.0,0.0,0.0,0.0,0.0,0.4269974574276881,0.0,0.0,0.0,,69.0,,,,0,0.0,1,4.248495242049359,0,0.0,0,0.0,0,0.0,1,4.248495242049359,64.0,1,Fail,0
505773,0.3801058566267795,0.10785165356319047,0.4870521730688385,0.20900943681352718,0.35560023517119405,0.2794342937530513,0.17426415677463242,0.24012447774655749,0.17068291379258918,0.23140787322718984,0.21948987461318073,0.3667700495917219,0.14295054439262586,0.24257615539763866,0.2357340715217476,0.12096997500698858,0.3511141400704552,0.12987280479197824,0.377731493996245,0.17725782007986862,985.0,377.0,863.0,587.0,1901.0,1,6.893656354602635,1,5.934894195619588,1,6.761572768804055,1,6.376726947898627,1,7.550661243105336,5,8.458292083496076,96.0,1,Distinction,1
506705,0.18710456134579723,0.12459558435485767,0.24057900182010022,0.3095536020341862,0.02363370196618803,0.22602103980261243,0.32229141088392527,0.16331256638641012,0.12929306018755907,0.1202355805541667,0.360853359048978,0.2052946806843936,0.04960166936972681,0.05378968779455964,0.04726740393237606,0.2260210398026124,0.3478183240768235,0.5465067624237628,0.5073636499836951,0.8088633135472693,260.0,220.0,175.0,229.0,398.0,1,5.564520407322694,1,5.3981627015177525,1,5.170483995038151,1,5.438079308923196,1,5.988961416889864,5,7.1569563646156364,72.0,1,Pass,1
507311,0.45504060555335024,0.0,0.0,0.0,0.0,0.2232444501121647,0.0,0.0,0.0,0.0,0.12340531222031068,0.0,0.0,0.0,0.0,0.19830963211417438,0.0,0.0,0.0,0.0,254.0,,,,,1,5.541263545158426,0,0.0,0,0.0,0,0.0,0,0.0,1,5.541263545158426,66.0,1,Fail,0
507743,0.19493150620284186,0.1634489919068154,0.24049781708997614,0.23818164570221012,0.37185703049252117,0.2021349473219857,0.24650937348253674,0.3802195675913188,0.26749384575979357,0.30592862097898255,0.29103730945055084,0.19458812913892023,0.13058539375622108,0.26251607190542786,0.2077547093869962,0.3118962370246216,0.3954535054717277,0.24869722156248397,0.2318084366325684,0.11445963914150009,688.0,734.0,1028.0,814.0,940.0,1,6.535241271013659,1,6.5998704992128365,1,6.9363427358340495,1,6.703188113240863,1,6.846943139585379,5,8.344029572407049,78.0,1,Pass,1
507935,0.20121428155477483,0.2319244948287014,0.5027759775852308,0.3221084137772209,0.39267953817811607,0.2129322561973603,0.14498415426799421,0.25099784052581614,0.21544509311791438,0.19199822677541376,0.2158987660184194,0.25686580790069546,0.11837885546833202,0.11034767085587609,0.17963627287325443,0.36995469622944543,0.3662255430026089,0.127847326420621,0.35209882224898864,0.2356859621732156,1167.0,969.0,828.0,715.0,997.0,1,7.0630481633881725,1,6.877296071497429,1,6.720220155135295,1,6.573680166960646,1,6.905753276311464,5,8.450412157725886,90.0,1,Distinction,1
508626,0.24496873949542958,0.2250188023030864,0.2703564149852669,0.23784437509137266,0.2813410241788565,0.21786891570933872,0.2465394310887281,0.2508854227752505,0.236796908414,0.28911899775624667,0.2394224735391794,0.2335924708182469,0.2800971008998283,0.2494041994377881,0.22697426017951466,0.2977398712560523,0.29484929578993857,0.19866106133965433,0.2759545170568392,0.20256571788538213,1208.0,1207.0,1225.0,1456.0,2552.0,1,7.097548850614793,1,7.0967213784947605,1,7.111512116496157,1,7.284134806195205,1,7.845024417241484,5,8.942330199321866,70.0,1,Pass,1
509536,0.18153676942126878,0.2433647319892406,0.31305655932345844,0.33711625043081367,0.3481213608315338,0.13254899339560045,0.2453430392672744,0.22817724222234156,0.2458998417686093,0.28025737371816056,0.3108635648904881,0.15527111566588117,0.18594788341090063,0.18573140475906869,0.21586937178435392,0.3750506722926427,0.3560211130776037,0.27281831504329945,0.23125250304150843,0.15575189366595163,738.0,682.0,330.0,726.0,1424.0,1,6.6052979209482015,1,6.52649485957079,1,5.802118375377063,1,6.588926477533519,1,7.261927092702751,5,8.268988209506656,90.0,1,Pass,1
511309,0.4513961629201488,0.11900014535828923,0.5164138791642573,0.5259715700243678,0.80162587297902,0.18985996074631345,0.29869898406034945,0.2549178610264162,0.22889211112775829,0.10302404720337016,0.10945328423927682,0.24824310648864006,0.07742424076021655,0.10483568398644326,0.0,0.24929059209426102,0.3340577640927212,0.1512440190491099,0.14030063486143066,0.09535007981760989,511.0,213.0,90.0,257.0,245.0,1,6.238324625039508,1,5.365976015021851,1,4.51085950651685,1,5.552959584921617,1,5.5053315359323625,5,7.183111701743281,74.0,1,Pass,1
511350,0.0,0.0,0.0,0.0,0.0,0.0,0.2530724241283059,0.0,0.0,0.0,0.0,0.0,0.0,0.0,0.0,1.0,0.746927575871694,1.0,0.0,0.0,22.0,42.0,28.0,,,1,3.1354942159291497,1,3.7612001156935624,1,3.367295829986474,0,0.0,0,0.0,3,4.532599493153256,52.0,1,Fail,0
511981,0.2257089712702865,0.09845244115157825,0.1740315338950666,0.3050415792566157,0.23722591379914415,0.28330900054639185,0.15321151673904107,0.25776391092388384,0.24662701788846667,0.25607097533156814,0.2512550660784344,0.24086395177429823,0.17917095720144496,0.07481741035442108,0.03266302456313454,0.23972696210488714,0.5074720903350824,0.3890335979796047,0.3735139925004965,0.47404008630615313,464.0,217.0,107.0,363.0,511.0,1,6.142037405587356,1,5.384495062789089,1,4.68213122712422,1,5.8971538676367405,1,6.238324625039508,5,7.416378479192928,62.0,1,Pass,1
513272,0.0,0.20045109990539936,0.0,0.0,0.0,0.0,0.11316968655516833,0.0,0.0,0.0,0.23930969470699057,0.0,0.0,0.0,0.0,0.7606903052930095,0.6863792135394323,0.0,0.0,0.0,79.0,62.0,,,,1,4.382026634673881,1,4.143134726391533,0,0.0,0,0.0,0,0.0,2,4.955827057601261,76.0,1,Fail,0
513422,0.1754360071897498,0.18488277892653923,0.0,0.07622327685221943,0.041965796180575145,0.39381866518809505,0.0,0.49052500846349006,0.10954276103199058,0.057177877497195446,0.2711900439271005,0.3549049630719605,0.0,0.24703077646266156,0.41936291461932057,0.15955528369505456,0.46021225800150023,0.50947499153651,0.5672031856531284,0.4814934117029089,137.0,164.0,111.0,209.0,385.0,1,4.927253685157205,1,5.10594547390058,1,4.718498871295094,1,5.3471075307174685,1,5.955837369464831,5,6.914730892718563,68.0,1,Pass,1
513428,0.08602728018411882,0.1458805548757002,0.11458556341572619,0.24143880459385386,0.29862729548828343,0.34874377647862587,0.07085698213404008,0.16524545765489837,0.2712099837173315,0.1255509679404778,0.13888383608420424,0.5532187832374081,0.0,0.16241255414259909,0.1858961165233517,0.4263451072530512,0.23004367975285156,0.7201689789293755,0.3249386575462156,0.3899256200478871,183.0,105.0,236.0,322.0,283.0,1,5.214935757608986,1,4.663439094112067,1,5.4680601411351315,1,5.777652323222656,1,5.648974238161206,5,7.029972911706386,84.0,1,Pass,1
514078,0.09988879175846056,0.093619563482269,0.25224547763354555,0.07919276440950694,0.22175483806929153,0.3006093553559263,0.3816751829174499,0.2483430790847123,0.313667533622535,0.13388388842656057,0.2189701130421223,0.33611651322877345,0.07958542987566608,0.2724633990374886,0.1347110180214101,0.3805317398434909,0.18858874037150772,0.41982601340607606,0.33467630293046957,0.5096502554827377,1024.0,415.0,903.0,1177.0,689.0,1,6.932447891572509,1,6.030685260261263,1,6.806829360392176,1,7.071573364211532,1,6.536691597591305,5,8.344980368770571,66.0,1,Pass,1
514556,0.24077716433108165,0.042132388310048945,0.36309158912949563,0.28817653666771315,0.0,0.3013234784646165,0.5014561159071378,0.0,0.2630547817705697,0.0,0.17193233533122038,0.2357971564924721,0.0,0.21703968007861274,0.0,0.28596702187308154,0.22061433929034108,0.6369084108705044,0.23172900148310438,0.0,617.0,208.0,44.0,468.0,,1,6.42648845745769,1,5.342334251964811,1,3.8066624897703196,1,6.150602768446279,0,0.0,4,7.198931240688173,88.0,1,Fail,0
516602,0.13676289221636845,0.0,0.23043994484058886,0.26918142540801615,0.6148836704942523,0.25930287373568944,0.6211240751086317,0.13376624552741434,0.0,0.024640574712523657,0.31624134848552227,0.10538638528024366,0.0,0.1866575077412513,0.024640574712523657,0.28769288556241995,0.2734895396111247,0.6357938096319968,0.5441610668507325,0.3358351800807005,237.0,114.0,66.0,56.0,485.0,1,5.472270673671475,1,4.74493212836325,1,4.204692619390966,1,4.04305126783455,1,6.186208623900494,5,6.8658910748834385,78.0,1,Distinction,1
517551,0.13480369279450116,0.17172805655276827,0.10207756474112656,0.07551481989738075,0.048328396582389826,0.626467248507744,0.20735933983688035,0.2511815620399873,0.19528265267556166,0.2791080676791809,0.2387290586977548,0.24832689274339334,0.06455512558006091,0.25080528833370275,0.2605038387832318,0.0,0.3725857108669581,0.5821857476388252,0.47839723909335496,0.41205969695519745,127.0,260.0,294.0,467.0,293.0,1,4.852030263919617,1,5.564520407322694,1,5.68697535633982,1,6.148468295917647,1,5.683579767338681,5,7.273786317844895,54.0,1,Pass,1
519115,0.0,0.0,0.1481385672271201,0.28402894423290714,0.27757961483534344,0.3855753840722396,0.0,0.32358465970337363,0.09331210566897882,0.09893838489684405,0.21910601989236403,0.711348907965672,0.23803630503996764,0.06734312396534231,0.26132340798670967,0.39531859603539626,0.28865109203432804,0.2902404680295386,0.5553158261327716,0.3621585922811028,189.0,88.0,94.0,267.0,382.0,1,5.247024072160486,1,4.48863636973214,1,4.553876891600541,1,5.5909869805108565,1,5.948034989180646,5,6.928537818164665,92.0,1,Fail,0
521115,0.20469622516867697,0.2207333741166969,0.20868896841619133,0.2948417022685734,0.243695619991662,0.1299905525353549,0.3252417578070641,0.05010004747190751,0.37541152897254476,0.1681960919982599,0.21420788852979594,0.2140991484699225,0.23278073559505083,0.07487089175320752,0.21919291879264413,0.45110533376617207,0.2399257196063164,0.5084302485168503,0.25487587700567427,0.36891536921743395,317.0,405.0,351.0,658.0,534.0,1,5.762051382780177,1,6.0063531596017325,1,5.863631175598097,1,6.490723534502507,1,6.282266746896006,5,7.725771441587952,94.0,1,Pass,1
521153,0.5376961045852833,0.0,0.0,0.0,0.0,0.0,0.0,0.0,0.0,0.0,0.0,0.09104985750916575,0.0,0.0,0.0,0.4623038954147168,0.9089501424908343,0.0,0.0,0.0,92.0,66.0,,,,1,4.532599493153256,1,4.204692619390966,0,0.0,0,0.0,0,0.0,2,5.0689042022202315,74.0,1,Fail,0
521255,0.0,0.0,0.0,0.3225183264526676,0.42258923659132697,0.0,0.0,0.0,0.27957817497071086,0.2672507059324867,0.0,0.0,0.0,0.08063390286997532,0.0,0.0,0.0,0.0,0.31726959570664626,0.31016005747618625,,,,491.0,26.0,0,0.0,0,0.0,0,0.0,1,6.198478716492308,1,3.295836866004329,2,6.249975242259483,62.0,1,Fail,0
522082,0.28473664088802847,0.249017142915519,0.2032990385161378,0.31107776539669507,0.27925644510750186,0.14963207145920013,0.391133250680724,0.6155022316685445,0.15606602137863584,0.3310496387769047,0.29063535672686197,0.23689696997608423,0.18119872981531757,0.3215391363137948,0.2109870565034315,0.27499593092590946,0.12295263642767285,0.0,0.21131707691087434,0.17870685961216198,484.0,319.0,104.0,374.0,535.0,1,6.184148890937483,1,5.768320995793772,1,4.653960350157523,1,5.926926025970411,1,6.284134161070802,5,7.504942068396171,78.0,1,Pass,1
523017,0.42909722365703984,0.08156503491640434,0.15693492487348196,0.21205679980819583,0.37827070598005547,0.10644134294266289,0.438201237058935,0.3133264278991362,0.0917223721363502,0.23061793002462824,0.21397600030145192,0.2695636710013342,0.3215969385385682,0.3709518141817888,0.11897277323356646,0.2504854330988455,0.2106700570233265,0.20814170868881365,0.3252690138736652,0.27213859076174973,344.0,300.0,326.0,979.0,265.0,1,5.84354441703136,1,5.707110264748875,1,5.7899601708972535,1,6.887552571664617,1,5.583496308781699,5,7.703007682479236,64.0,1,Pass,1
523249,0.0,0.0,0.06744789249081865,0.2948459131796733,0.29524358343826024,0.0,0.12069078024987485,0.34591959622528207,0.4492005297063826,0.18557661999796712,0.5927004905609253,0.09841909224563765,0.0,0.06986248111526196,0.24085256434141858,0.4072995094390748,0.7808901275044876,0.5866325112838991,0.18609107599868221,0.27832723222235395,347.0,225.0,336.0,926.0,489.0,1,5.8522024797744745,1,5.420534999272286,1,5.820082930352362,1,6.831953565565855,1,6.194405391104672,5,7.751045117971802,86.0,1,Pass,1
526721,0.2863020761725197,0.1696661472496824,0.33352920428860305,0.27077580320144107,0.34318179861438236,0.22157671126383358,0.2644199572354933,0.11829826711223779,0.16825347351842487,0.19116261613545962,0.17305774733073004,0.20049402346573694,0.2023054007384613,0.2568884822789094,0.2882376825269378,0.3190634652329167,0.3654198720490874,0.34586712786069784,0.30408224100122466,0.1774179027232202,865.0,814.0,625.0,639.0,920.0,1,6.763884908562435,1,6.703188113240863,1,6.439350371100098,1,6.461468176353717,1,6.825460036255307,5,8.259458195332408,98.0,1,Distinction,1
526819,0.5522681904177638,0.38228530320376786,0.14510392258317792,0.08397311515466052,0.27213010749307986,0.0,0.0,0.0,0.040241897747724784,0.13328872217013402,0.0,0.4558252140718728,0.20237857795442574,0.4601252789221835,0.2945886469443089,0.4477318095822362,0.1618894827243593,0.6525174994623965,0.41565970817543113,0.29999252339247723,19.0,178.0,100.0,424.0,539.0,1,2.995732273553991,1,5.187385805840755,1,4.61512051684126,1,6.052089168924417,1,6.29156913955832,5,7.13966033596492,68.0,1,Fail,0
529693,0.19731844837646592,0.19229778350317797,0.0,0.1417560927992396,0.1111103236453474,0.10714485247034344,0.0,0.1347221992991866,0.023715819672744422,0.2842453663616868,0.2195779209309004,0.09514090718354037,0.0,0.12788322761681903,0.22500453578104324,0.4759587782222903,0.7125613093132817,0.8652778007008134,0.706644859911197,0.3796397742119225,486.0,139.0,538.0,428.0,435.0,1,6.18826412308259,1,4.941642422609304,1,6.289715570908998,1,6.061456918928017,1,6.077642243349034,5,7.614312146452,82.0,1,Pass,1
529991,0.04764068596322398,0.061974388411969256,0.2753060976593111,0.2964128152475394,0.24976215414649655,0.2766703206604617,0.11646992983689632,0.08017870501956512,0.1578502016742712,0.2456479861295094,0.20303791039917612,0.36117669759950916,0.43425741334125784,0.06631772798483271,0.15116060969753742,0.4726510829771382,0.46037898415162526,0.2102577839798659,0.47941925509335676,0.3534292500264567,165.0,252.0,441.0,245.0,662.0,1,5.111987788356544,1,5.53338948872752,1,6.091309882077698,1,5.5053315359323625,1,6.4967749901858625,5,7.476472381163905,24.0,1,Pass,1
531018,0.2068510205997631,0.06796030231128339,0.34913047388109325,0.27433736288644706,0.2579678851856904,0.21000387575306687,0.2942971143221301,0.10633392862486132,0.19735262760939448,0.27014490327717783,0.2583802027103776,0.25142730206840797,0.18751918806126547,0.18159178298783016,0.1859610533036358,0.32476490093679244,0.3863152812981784,0.35701640943278007,0.34671822651632833,0.285926158233496,575.0,519.0,340.0,988.0,1343.0,1,6.3561076606958915,1,6.253828811575473,1,5.831882477283517,1,6.8966943316227125,1,7.203405521083095,5,8.233768709217097,90.0,1,Distinction,1
531871,0.04609843236582936,0.15089686529439506,0.2651538630058256,0.0,0.22241559191861948,0.1873736016696614,0.44145354953032806,0.27305591577122856,0.0,0.06803000860792334,0.15072248509164038,0.2568719653159474,0.07717007250020945,0.0,0.37506481072730485,0.6158054808728689,0.1507776198593296,0.3846201487227364,1.0,0.3344895887461523,430.0,410.0,368.0,27.0,194.0,1,6.066108090103747,1,6.018593214496234,1,5.910796644040527,1,3.332204510175204,1,5.272999558563747,5,7.265429723253953,70.0,1,Pass,1
532254,0.23548628228566948,0.18894614608082175,0.32744843039463545,0.493650939683498,0.37130472708461176,0.16317697877223208,0.11005446999519754,0.24625823773522734,0.08863418262427585,0.15468516971948482,0.17597003022927035,0.3769725043570155,0.17016679063503948,0.027960971500570954,0.0,0.42536670871282817,0.32402687956696524,0.2561265412350977,0.3897539061916551,0.4740101031959035,819.0,466.0,60.0,251.0,836.0,1,6.709304340258298,1,6.1463292576688975,1,4.110873864173311,1,5.529429087511423,1,6.729824070489475,5,7.796880342783522,78.0,1,Pass,1
533418,0.27165070169158134,0.28790654841593444,0.42160969460308334,0.23562100392542085,0.29804148689903587,0.28988215110843335,0.3359467916566332,0.2649731474110141,0.27766840699676554,0.2655835335275197,0.20496029982978678,0.1701142823806729,0.1103137700279998,0.23132579425348304,0.26944853992382034,0.23350684737019844,0.20603237754675935,0.20310338795790273,0.2553847948243306,0.16692643964962417,842.0,403.0,304.0,700.0,1126.0,1,6.736966958001855,1,6.0014148779611505,1,5.720311776607412,1,6.55250788703459,1,7.027314514039777,5,8.124446855715847,86.0,1,Distinction,1
534457,0.27780573583569235,0.17582236981880062,0.0,0.1777549016059516,0.4034007260689389,0.12730114055235503,0.25472753853991514,0.055971729825979886,0.0,0.3095161296810998,0.28838294839105,0.31302052910032113,0.0,0.0,0.0,0.3065101752209027,0.25642956254096305,0.94402827017402,0.8222450983940485,0.28708314424996134,270.0,271.0,220.0,212.0,714.0,1,5.602118820879701,1,5.605802066295998,1,5.3981627015177525,1,5.3612921657094255,1,6.5722825426940075,5,7.431299675155903,62.0,1,Pass,1
535671,0.0,0.11221600249948574,0.34940158866938337,0.28513742006783066,0.1337189097242818,0.0,0.11221600249948574,0.0,0.4165158440363441,0.34654846942488404,0.0,0.3353732294177963,0.15902848842142325,0.13939018396596117,0.13048386915245871,0.0,0.44019476558323234,0.4915699229091934,0.15895655192986408,0.38924875169837553,,99.0,156.0,372.0,1686.0,0,0.0,1,4.605170185988092,1,5.056245805348308,1,5.921578419643816,1,7.430707082545968,4,7.746732907753622,78.0,1,Pass,1
536351,0.18387486885434626,0.2684242356252129,0.05346112099445571,0.27854057968932877,0.3729133229728456,0.21031662814915356,0.23391457070535193,0.042366936011364424,0.4284848988170291,0.11000237447718877,0.31712245603618644,0.23388784191456352,0.0,0.0,0.1450325047401291,0.2886860469603138,0.2637733517548717,0.9041719429941798,0.29297452149364206,0.3720517978098366,438.0,609.0,231.0,392.0,466.0,1,6.0844994130751715,1,6.413458957167357,1,5.44673737166631,1,5.973809611869261,1,6.1463292576688975,5,7.667158255319148,94.0,1,Pass,1
536475,0.21267962660041165,0.25585947560008127,0.09302106833215071,0.0,0.1252210020991263,0.0993916272223005,0.04556949204921929,0.0,0.0,0.0,0.4331907597660259,0.16336492017336204,0.0,0.0,0.2672591223771809,0.2547379864112621,0.5352061121773374,0.9069789316678494,1.0,0.6075198755236928,473.0,126.0,158.0,254.0,296.0,1,6.161207321695077,1,4.844187086458591,1,5.0689042022202315,1,5.541263545158426,1,5.6937321388027,5,7.176254532017144,76.0,1,Fail,0
536963,0.25352030005491166,0.06740976778589768,0.369756282264557,0.511632458843919,0.0626376152302869,0.28886622666222084,0.09928689917273316,0.0,0.19279767270996204,0.080459806419168,0.2990518874855297,0.6321338774518971,0.0,0.19719453056563363,0.49980674518696483,0.15856158579733792,0.20116945558947208,0.630243717735443,0.09837533788048544,0.3570958331635803,633.0,266.0,152.0,597.0,1119.0,1,6.452048954437226,1,5.58724865840025,1,5.030437921392435,1,6.393590753950631,1,7.02108396428914,5,7.92588031673756,92.0,1,Pass,1
537322,0.4192294149220726,0.24630439478212351,0.3213850424999415,0.22311983231878182,0.14199789058080647,0.0,0.2121692354785074,0.28036407810000796,0.24935471839536202,0.10128044932064136,0.12784331947343744,0.09180820081236568,0.06023857504635889,0.08145753242200987,0.4534619613951752,0.45292726560448987,0.44971816892700334,0.33801230435369173,0.4460679168638462,0.30325969870337693,270.0,342.0,543.0,621.0,749.0,1,5.602118820879701,1,5.8377304471659395,1,6.298949246855942,1,6.432940092739179,1,6.620073206530356,5,7.8343923029104365,90.0,1,Pass,1
537606,0.0,0.28941070391128443,0.0,0.0,0.0,0.0,0.1226402035553428,0.0,0.0,0.0,0.18363928631417925,0.2771756150720957,0.0,0.0,0.0,0.8163607136858206,0.3107734774612771,0.0,0.0,0.0,264.0,373.0,,,,1,5.579729825986222,1,5.924255797414532,0,0.0,0,0.0,0,0.0,2,6.45833828334479,70.0,1,Fail,0
537811,0.265775070976764,0.20353586625436612,0.30316426237476013,0.25449624442865715,0.35069346604012225,0.24396682857361535,0.24898567806617694,0.27436923774507094,0.2628754137645281,0.2046469399518011,0.21278839071748915,0.23229932001745612,0.214383068857739,0.269683400440932,0.1719384353109718,0.2774697097321315,0.3151791356620009,0.20808343102243007,0.21294494136588277,0.2727211586971048,2515.0,2087.0,994.0,1541.0,1420.0,1,7.830425617820331,1,7.643961949002529,1,6.902742737158593,1,7.340835554123275,1,7.259116128097101,5,9.054621796976763,96.0,1,Distinction,1
539308,0.2007072032424796,0.2550179790136046,0.18190141146040406,0.11466339197174011,0.09779204430857742,0.18790981417440253,0.20604894086050143,0.4078177310604673,0.17749338532321868,0.13001908529013814,0.30579940805930705,0.3280911242883432,0.2329943889540436,0.11466339197174011,0.2220064577204196,0.3055835745238108,0.21084195583755075,0.17728646852508492,0.5931798307333009,0.5501824126808649,358.0,283.0,333.0,95.0,239.0,1,5.883322388488279,1,5.648974238161206,1,5.811140992976701,1,4.564348191467836,1,5.480638923341991,5,7.1770187659099,82.0,1,Fail,0
539945,0.0,0.0,0.09172190742028266,0.18881658473989885,0.39271135678130664,0.31980939625690047,0.26613224557327325,0.17079387270040955,0.1273938595349643,0.18396896584830758,0.4451404429273283,0.1331359968691364,0.2747149551090414,0.2330126023890215,0.20035023508313266,0.23505016081577138,0.6007317575575905,0.46276926477026636,0.45077695333611534,0.22296944228725313,158.0,471.0,646.0,556.0,1659.0,1,5.0689042022202315,1,6.156978985585555,1,6.472346294500901,1,6.322565239927284,1,7.414572881350589,5,8.157943507105037,82.0,1,Pass,1
540723,0.19935032363967364,0.22931637115437814,0.42969784012975915,0.15258227635841295,0.3035211816387717,0.23615902303812647,0.24497291409736235,0.26522221113204364,0.29587343187928755,0.15902369444158004,0.26006674369801347,0.26632263217401986,0.09750663779685638,0.4980343928797298,0.31536159703602396,0.30442390962418653,0.2593880825742397,0.20757331094134082,0.05350989888256986,0.22209352688362433,894.0,1089.0,1390.0,1320.0,1837.0,1,6.796823718274855,1,6.993932975223189,1,7.237778191923443,1,7.186144304522325,1,7.516433302915632,5,8.784315349902657,98.0,1,Pass,1
541921,0.315323101530057,0.284831587016853,0.5389513349114601,0.21326784185920278,0.39654940688145307,0.2903461002374441,0.21454902581661942,0.04591466690715295,0.21427233281366972,0.2258708032239999,0.27933428289759604,0.20742487275484264,0.04146507593992018,0.24500962119337966,0.25313491919461434,0.11499651533490282,0.293194514411685,0.37366892224146675,0.32745020413374776,0.12444487069993272,869.0,1011.0,529.0,372.0,1026.0,1,6.76849321164863,1,6.919683849847411,1,6.272877006546167,1,5.921578419643816,1,6.934397209928558,5,8.244859395911256,86.0,1,Pass,1
542202,0.11202948726089554,0.3552341416076855,0.37592530854941153,0.37154616704246446,0.23475460689774771,0.2110996500744689,0.25139512924935253,0.19808379418879607,0.2244345483794463,0.34200702321975807,0.3157089689231312,0.24987239807691616,0.26430071851461096,0.21391748283941361,0.35842623065011725,0.36116189374150437,0.1434983310660457,0.16169017874718153,0.19010180173867555,0.06481213923237689,991.0,565.0,643.0,975.0,405.0,1,6.899723107284872,1,6.338594078203183,1,6.467698726104354,1,6.883462586413092,1,6.0063531596017325,5,8.183118079394745,72.0,1,Pass,1
543010,0.06031499286536637,0.27938379704023814,0.2411578470375635,0.3518814991632998,0.31161058260140845,0.41143407568274526,0.26293532080101645,0.2298368264183147,0.13596032392959279,0.26581701330390217,0.15031158118342597,0.16204364097913876,0.30926888642986583,0.2296220541899253,0.21232008419193887,0.37793935026846237,0.2956372411796067,0.21973644011425594,0.28253612271718215,0.21025231990275037,846.0,430.0,619.0,703.0,1120.0,1,6.741700694652055,1,6.066108090103747,1,6.429719478039138,1,6.556778356158042,1,7.02197642307216,5,8.22121009392507,56.0,1,Fail,0
544141,0.2978853702126857,0.4139946214535334,0.0,0.0,0.0,0.1681296271675318,0.17468801007696125,0.0,0.0,0.0,0.0,0.13758596369265866,0.0,0.0,0.0,0.5339850026197824,0.27373140477684665,0.0,0.0,0.0,176.0,219.0,,,,1,5.176149732573829,1,5.393627546352362,0,0.0,0,0.0,0,0.0,2,5.981414211254481,62.0,1,Fail,0
544745,0.25619985193915107,0.31845776955361643,0.18695558767374046,0.08454430152032043,0.0,0.2909842254745104,0.36039807062170665,0.05700679423397708,0.0,0.0,0.2813973590252479,0.2542472046358143,0.2096549899773546,0.14224663755587164,0.0,0.17141856356109061,0.06689695518886256,0.5463826281149279,0.7732090609238078,0.0,447.0,219.0,540.0,796.0,,1,6.104793232414985,1,5.393627546352362,1,6.293419278846481,1,6.680854678790215,0,0.0,4,7.602401335665818,80.0,1,Fail,0
545164,0.31180005860693216,0.18696503901519948,0.5352049641144528,0.408559470341275,0.1838850940257856,0.02153047762318496,0.2535795166352144,0.12828145565727025,0.2953440427274856,0.3595355188598808,0.37611877757988255,0.25729880227618374,0.06597202304478202,0.17348502042227712,0.13241532306417964,0.2905506861900004,0.30215664207340237,0.27054155718349493,0.12261146650896225,0.32416406405015397,315.0,489.0,322.0,185.0,1167.0,1,5.755742213586912,1,6.194405391104672,1,5.777652323222656,1,5.225746673713202,1,7.0630481633881725,5,7.8156105320351905,76.0,1,Pass,1
545962,0.05034275882866757,0.3146065313050421,0.17084989262624775,0.08139007016616405,0.12385452407461643,0.27864901368106465,0.15972749985241264,0.18677069397956922,0.4020685356747936,0.49945522133861864,0.32464097286900495,0.23727230322689621,0.3557944591926134,0.26633708403376444,0.035864046884820956,0.3463672546212628,0.28839366561564916,0.2865849542015695,0.250204310125278,0.340826207701944,895.0,758.0,696.0,649.0,648.0,1,6.79794041297493,1,6.63200177739563,1,6.546785410760524,1,6.476972362889683,1,6.47543271670409,5,8.20166019080868,90.0,1,Pass,1
546547,0.22415690486985762,0.22112790707069202,0.17561201177078528,0.16094011045571424,0.26329775089598456,0.12986484568884135,0.2518565161371735,0.18805524037180607,0.13222638007768334,0.17972055217835908,0.11703779786211473,0.36594852289426816,0.24685801075611138,0.24020642250396096,0.18756024677973507,0.5289404515791862,0.1610670538978663,0.3894747371012972,0.4666270869626415,0.3694214501459213,311.0,977.0,586.0,636.0,867.0,1,5.7430031878094825,1,6.885509670034818,1,6.375024819828097,1,6.456769655572163,1,6.7661917146603505,5,8.125039097367745,70.0,1,Pass,1
546645,0.2741677664696722,0.20191785271047688,0.24805952529601513,0.2794538108271374,0.4661882903208356,0.26046467152117486,0.30880807012530187,0.3667217854960073,0.14888308734686356,0.21943740830901687,0.27346954250661654,0.30769190522721,0.13157010088112278,0.08718565935163068,0.07524157819376552,0.1918980195025363,0.18158217193701137,0.2536485883268548,0.4844774424743683,0.23913272317638215,666.0,630.0,249.0,740.0,440.0,1,6.502790045915623,1,6.447305862541213,1,5.521460917862246,1,6.608000625296087,1,6.089044875446846,5,7.9105906122564775,84.0,1,Pass,1
547347,0.0,0.06291358698735312,0.5563274729443038,0.2269695311312125,0.23808914441796603,0.0,0.6854320650632343,0.06014927863990096,0.27668831551388456,0.14326341268361031,0.0,0.12582717397470625,0.06983114998059717,0.2583470146063669,0.20690019371580795,1.0,0.12582717397470625,0.313692098435198,0.23799513874853612,0.4117472491826157,76.0,43.0,126.0,337.0,825.0,1,4.343805421853684,1,3.784189633918261,1,4.844187086458591,1,5.823045895483019,1,6.716594773520978,5,7.249925536717988,66.0,1,Pass,1
549219,0.26804480003789194,0.3381499985211972,0.5401064991286465,0.34738111831404755,0.14251300537907644,0.1658519607196525,0.0,0.18633519427032114,0.13756580309800687,0.17032054488949594,0.13094990387697183,0.153566969469163,0.0,0.19292225691765943,0.4189344925502602,0.4351533353654837,0.5082830320096398,0.2735583066010324,0.322130821670286,0.2682319571811673,578.0,435.0,487.0,1228.0,726.0,1,6.361302477572996,1,6.077642243349034,1,6.1903154058531475,1,7.113956109566034,1,6.588926477533519,5,8.14757773620177,86.0,1,Pass,1
549321,0.13064571104809494,0.29006076119533614,0.07732110075808347,0.11008166093646038,0.1632892456855491,0.1739620264879803,0.2654860972238899,0.11139207923132582,0.05422273169911419,0.041079701413210726,0.2102154181633163,0.06337233005301611,0.2563685807594853,0.02097621597372769,0.14022955005340323,0.48517684430060837,0.38108081152775775,0.5549182392511054,0.8147193913906977,0.655401502847837,179.0,526.0,186.0,486.0,597.0,1,5.19295685089021,1,6.267200548541362,1,5.231108616854587,1,6.18826412308259,1,6.393590753950631,5,7.5883236773352225,80.0,1,Distinction,1
549523,0.3745929980285805,0.10478839482989566,0.0,0.0,0.0,0.38622396659250297,0.09122342122740777,0.0,0.0,0.0,0.20215453976193307,0.5399837797770657,0.0,0.0,0.0,0.03702849561698364,0.2640044041656309,0.0,0.0,0.0,197.0,900.0,,,,1,5.288267030694535,1,6.803505257608338,0,0.0,0,0.0,0,0.0,2,7.001245622069476,84.0,1,Fail,0
549847,0.2367692951828592,0.1468264059607939,0.5140182961612995,0.1952020021129087,0.29595879035888656,0.15560746015370522,0.3597589126815724,0.14965036490091083,0.2773524628475612,0.3117300891637059,0.20399530648627182,0.23131127760242418,0.20965869293098421,0.35502512565201805,0.17992661373689497,0.4036279381771638,0.2621034037552094,0.1266726460068055,0.17242040938751216,0.21238450674051246,530.0,554.0,495.0,949.0,857.0,1,6.274762021241939,1,6.318968113746434,1,6.206575926724928,1,6.856461984594587,1,6.754604099487962,5,8.12740456269308,92.0,1,Pass,1
550420,0.2966118735971052,0.19597706069899534,0.38758380638226914,0.1911785983103055,0.456998871382604,0.2028691539416437,0.273129466456793,0.2915942036393724,0.3433728548693682,0.30388702823386976,0.2613939089907241,0.3863861939666894,0.06857370833675533,0.23389291447477917,0.10837669722736101,0.23912506347052698,0.1445072788775224,0.25224828164160323,0.2315556323455471,0.13073740315616522,376.0,492.0,717.0,605.0,701.0,1,5.932245187448011,1,6.20050917404269,1,6.576469569048224,1,6.406879986069314,1,6.553933404025811,5,7.969703583278656,88.0,1,Distinction,1
550703,0.26197388075582556,0.20974641111853823,0.20622678154129817,0.3710474348062868,0.3558672318877913,0.2210336117545762,0.31838497736408344,0.2168883624288205,0.36495962271522486,0.2548320379684303,0.2933482347454702,0.23299955731952257,0.11670119627813326,0.18572751638748305,0.1153128977916793,0.22364427274412804,0.23886905419785573,0.4601836597517481,0.07826542609100531,0.2739878323520991,834.0,385.0,442.0,825.0,2386.0,1,6.727431724850855,1,5.955837369464831,1,6.093569770045136,1,6.716594773520978,1,7.77779262633883,5,8.491465042843506,82.0,1,Distinction,1
552173,0.27701054758861376,0.2707819169473742,0.39006418163565015,0.26158129395407154,0.2760150521127844,0.2503819257598969,0.23107023626392942,0.2774944806365696,0.2376095892846377,0.3299229294282216,0.22606156421912804,0.20025031177850355,0.29257458758466437,0.25610172141751664,0.22024763100642886,0.24654596243236132,0.2978975350101929,0.03986675014311598,0.2447073953437741,0.17381438745256508,1364.0,1157.0,741.0,800.0,1005.0,1,7.21890970761906,1,7.05444965813294,1,6.60934924316738,1,6.68586094706836,1,6.913737350659685,5,8.53070154144103,80.0,1,Pass,1
553031,0.22758402223130467,0.30959287491212906,0.2804345909543868,0.22435227116291545,0.23893506513973278,0.06976902388758843,0.28003271221644127,0.17955814038014944,0.08854502131535277,0.29107510468953973,0.3211089264859516,0.23238085041490728,0.23264667103488268,0.17262992390687937,0.10826276240716266,0.38153802739515535,0.17799356245652254,0.30736059763058104,0.5144727836148525,0.36172706776356484,503.0,591.0,1043.0,558.0,732.0,1,6.222576268071369,1,6.3835066348840055,1,6.950814768442584,1,6.326149473155099,1,6.597145701886651,5,8.13973227971767,76.0,1,Pass,1
553284,0.29312070857714584,0.3105921694681058,0.24807782140176876,0.2317655528518348,0.2557069606653511,0.2649105387312102,0.1255263373833382,0.26604343606604014,0.254401084987598,0.13936432163203638,0.157051352305844,0.23239652263704821,0.23174625706766366,0.22967142030866447,0.20948902264982952,0.2849174003858001,0.3314849705115077,0.25413248546452755,0.2841619418519025,0.395439695052783,605.0,764.0,663.0,1014.0,1088.0,1,6.406879986069314,1,6.639875833826536,1,6.498282149476434,1,6.922643891475888,1,6.9930151229329605,5,8.327242607457793,98.0,1,Pass,1
553813,0.44488789230546066,0.2475085302380536,0.34698800775926353,0.21152741749081025,0.0,0.0,0.20866590117761147,0.25233575644821843,0.0,0.0,0.0,0.0,0.0,0.03974638772252844,0.0,0.5551121076945393,0.5438255685843351,0.40067623579251804,0.7487261947866612,0.0,98.0,153.0,325.0,158.0,,1,4.59511985013459,1,5.0369526024136295,1,5.786897381366708,1,5.0689042022202315,0,0.0,4,6.5998704992128365,92.0,1,Pass,1
554063,0.21611019975480086,0.030208531167920015,0.19959936615810558,0.22433564615067816,0.02823807841049005,0.14870023595399345,0.25340165639003714,0.017775633542560208,0.17485285058918468,0.34076224794111276,0.38147750321706,0.27624214744344405,0.3175678550690706,0.3383720178574067,0.30054931077936625,0.25371206107414573,0.44014766499859875,0.4650571452302637,0.2624394854027304,0.33045036286903107,572.0,724.0,289.0,738.0,431.0,1,6.35088571671474,1,6.586171654854675,1,5.66988092298052,1,6.6052979209482015,1,6.068425588244111,5,7.9211727215870145,84.0,1,Distinction,1
554525,0.19330421301652498,0.2995323332036272,0.46840094529643517,0.15724964969475527,0.32445052278834924,0.3012227692137759,0.3332123727023373,0.19729294933832922,0.26332443457403143,0.41886812027840115,0.2359635587560925,0.21109881702188957,0.016705343816360182,0.15216632383426432,0.14439234408268392,0.2695094590136066,0.1561564770721459,0.31760076154887545,0.42725959189694884,0.11228901285056578,1275.0,476.0,631.0,489.0,506.0,1,7.151485463904735,1,6.1675164908883415,1,6.448889394146858,1,6.194405391104672,1,6.2285110035911835,5,8.125039097367745,76.0,1,Pass,1
555049,0.13209027315608765,0.3470528880556406,0.12348014484853968,0.23213031822266758,0.2989966677396054,0.13483741022494375,0.1945502673685876,0.23532059476720646,0.26621261048664285,0.3643340456065895,0.36649419534769256,0.3561997325478607,0.29011382664858143,0.23054527038220518,0.18363627755138348,0.36657812127127615,0.10219711202791114,0.35108543373567236,0.27111180090848447,0.15303300910242157,684.0,472.0,725.0,781.0,831.0,1,6.529418838262226,1,6.159095388491933,1,6.587550014824796,1,6.661854740545311,1,6.723832440821209,5,8.158802490694002,84.0,1,Distinction,1
555827,0.2617938941981753,0.17173147611816997,0.0,0.0,0.0,0.2952461079068715,0.28088918837807236,0.5608236049020798,0.0,0.0,0.10275107786154185,0.1607037349175208,0.0,0.0,0.0,0.34020892003341136,0.3866756005862369,0.4391763950979202,0.0,0.0,200.0,38.0,17.0,,,1,5.303304908059076,1,3.6635616461296463,1,2.8903717578961645,0,0.0,0,0.0,3,5.545177444479562,86.0,1,Fail,0
556126,0.47621440518086183,0.0,0.0,0.34126095867404227,0.43498811449195834,0.2072863326403734,0.0,0.4274703322326878,0.0,0.19161276550901002,0.17902817104261787,0.0,0.0,0.0,0.0,0.1374710911361468,0.0,0.5725296677673122,0.6587390413259576,0.3733991199990317,69.0,,31.0,351.0,640.0,1,4.248495242049359,0,0.0,1,3.4657359027997265,1,5.863631175598097,1,6.46302945692067,4,6.9957661563048505,92.0,1,Pass,1
557085,0.26135075505760014,0.1024480462481587,0.2593834153158637,0.128698520493145,0.32337797520725037,0.3101489777205676,0.20238348447164037,0.2848486555762883,0.3335656961836879,0.36137557470142484,0.25076670053045985,0.4187516474852634,0.16591413723176426,0.27482468535446625,0.1955685309629514,0.17773356669137247,0.27641682179493754,0.2898537918760838,0.26291109796870077,0.11967791912837344,614.0,972.0,1158.0,1536.0,1643.0,1,6.421622267806518,1,6.880384082186005,1,7.055312843339752,1,7.337587743538596,1,7.404887575616125,5,8.68676717538769,86.0,1,Distinction,1
557290,0.2694492952503651,0.28965459409886746,0.2122244293531163,0.18478480149657914,0.3590900805280153,0.3184413289952908,0.25677235283369104,0.2942630339523139,0.21588779688489565,0.2342304135650744,0.17784342158903368,0.1357584243389588,0.14327281381017734,0.12588595132804223,0.10135498350383719,0.2342659541653105,0.3178146287284827,0.3502397228843925,0.473441450290483,0.3053245224030731,690.0,321.0,256.0,371.0,440.0,1,6.53813982376767,1,5.7745515455444085,1,5.54907608489522,1,5.918893854273146,1,6.089044875446846,5,7.639642287858013,92.0,1,Pass,1
557830,0.35142036019567785,0.0,0.0,0.0,0.0,0.18212190334008432,0.0,0.0,0.0,0.0,0.17472104158076882,0.0,0.0,0.0,0.0,0.291736694883469,0.0,0.0,0.0,0.0,348.0,,,,,1,5.855071922202427,0,0.0,0,0.0,0,0.0,0,0.0,1,5.855071922202427,86.0,1,Fail,0
558044,0.2590464379689092,0.3539136731965435,0.23180591755050256,0.1987047899180978,0.2255017217757939,0.34004285931698053,0.3434743472857831,0.1435733987711084,0.22673268859911533,0.39286609958465646,0.1924090295054476,0.17956916718615407,0.2975789622937004,0.2781275478945308,0.18631708180811826,0.2085016732086627,0.12304281233151944,0.32704172138468857,0.2964349735882561,0.19531509683143128,293.0,408.0,650.0,415.0,550.0,1,5.683579767338681,1,6.013715156042802,1,6.478509642208569,1,6.030685260261263,1,6.311734809152915,5,7.748028524432376,96.0,1,Distinction,1
558342,0.026876565959100686,0.18155051410861098,0.0,0.0,0.0,0.09945511216229501,0.25745981601517154,0.0,0.0,0.0,0.462248030929749,0.0,0.0,0.0,0.0,0.4114202909488553,0.5609896698762176,0.0,0.0,0.0,271.0,102.0,,,,1,5.605802066295998,1,4.634728988229636,0,0.0,0,0.0,0,0.0,2,5.924255797414532,78.0,1,Fail,0
558764,0.14546729576227968,0.4394942696675311,0.32360149747263367,0.2981231201171934,0.3481432662982906,0.1818464747934847,0.20762196460872215,0.2358902521810107,0.11869178863458181,0.4064165525419118,0.36781039987414293,0.14472966421165495,0.09687770148124741,0.32527553135419646,0.0,0.3048758295700928,0.20815410151209185,0.3436305488651083,0.25790955989402836,0.24544018115979765,664.0,528.0,477.0,773.0,471.0,1,6.499787040655854,1,6.270988431858299,1,6.169610732491456,1,6.651571873589727,1,6.156978985585555,5,7.97728198675515,90.0,1,Pass,1
560047,0.37491376289553896,0.40371634829325653,0.17026793991855896,0.21680554933698498,0.09557459982809106,0.1919603297001764,0.23820206461688487,0.27461271557320216,0.24834399948972408,0.2745432224821473,0.13173923243773886,0.08595787782717007,0.29554384693544417,0.09782183536290893,0.46643465295048675,0.30138667496654575,0.2721237092626884,0.2595754975727945,0.43702861581038205,0.16344752473927496,207.0,370.0,516.0,247.0,1335.0,1,5.337538079701318,1,5.916202062607435,1,6.248042874508429,1,5.5134287461649825,1,7.197435354096591,5,7.892078421248119,84.0,1,Pass,1
560645,0.2916544511354616,0.16446844318813658,0.32768276697182075,0.22346191996363726,0.37505006048216083,0.13032313930265932,0.20029402684417336,0.3635901388968717,0.2593807578731026,0.20366802827651323,0.20457050275373537,0.2286522186622517,0.16015023654073404,0.21800180877636577,0.27040881450224047,0.3734519068081436,0.4065853113054384,0.1485768575905736,0.2991555133868944,0.1508730967390855,721.0,519.0,1242.0,599.0,1164.0,1,6.582025138892826,1,6.253828811575473,1,7.1252830915107115,1,6.396929655216146,1,7.060476365999801,5,8.353732642263202,100.0,1,Pass,1
561231,0.23491118007047876,0.33409177175628096,0.15262702121417435,0.2262592602249688,0.33122085848224236,0.2112650369315696,0.31103755881721284,0.0,0.1432808341469958,0.2605205565723743,0.17182068209804077,0.15808064478225925,0.299095259562575,0.09011026498116784,0.10702793075651748,0.38200310089991085,0.19679002464424686,0.5482777192232505,0.5403496406468675,0.30123065418886597,527.0,654.0,434.0,422.0,952.0,1,6.269096283706261,1,6.484635235635252,1,6.075346031088684,1,6.0473721790462776,1,6.859614903654202,5,8.003028666384733,80.0,1,Pass,1
562064,0.0,0.0,0.1861481601444871,0.15370367774763616,0.0693290438723503,0.0,0.0,0.0,0.0,0.04374175656572673,0.0,0.0,0.13973088049264412,0.24628673975168236,0.2102821487256919,0.0,0.0,0.6741209593628688,0.6000095825006815,0.6766470508362311,,,300.0,102.0,89.0,0,0.0,0,0.0,1,5.707110264748875,1,4.634728988229636,1,4.499809670330265,3,6.198478716492308,80.0,0,Pass,1
562754,0.1514148315026902,0.2709188821999015,0.15891073997523833,0.02998685474494779,0.3793506860595694,0.1850976666051985,0.30639145320002714,0.22820889876997172,0.2608988220450714,0.21390599253796375,0.350346599684244,0.24650000789043605,0.32938278960870015,0.3169567248020919,0.0,0.31314090220786733,0.17618965670963513,0.2834975716460898,0.3921575984078889,0.4067433214024667,822.0,528.0,197.0,217.0,266.0,1,6.71295620067707,1,6.270988431858299,1,5.288267030694535,1,5.384495062789089,1,5.58724865840025,5,7.616283561580385,76.0,1,Pass,1
562990,0.11967821393106245,0.30845775371239814,0.04394144880094866,0.23721517065041997,0.0,0.4606412881494675,0.30051561965890095,0.37263421948474806,0.06345175619636549,0.0,0.0,0.34258654570089636,0.07166541626450401,0.3378361264531358,0.0,0.41968049791947015,0.04844008092780437,0.5117589154497993,0.3614969467000786,0.0,351.0,201.0,262.0,443.0,,1,5.863631175598097,1,5.308267697401205,1,5.572154032177765,1,6.095824562432225,0,0.0,4,7.1372784372603855,66.0,1,Pass,1
563108,0.0,0.1651054640891155,0.0,0.036844757355390285,0.12214905746061955,0.0,0.21966985198882003,0.0,0.13634180352315736,0.0,0.5868301965978278,0.0,0.2484861478884023,0.4141642291160816,0.42496680047581625,0.4131698034021723,0.6152246839220643,0.7515138521115977,0.4126492100053708,0.45288414206356425,157.0,135.0,25.0,71.0,676.0,1,5.062595033026967,1,4.912654885736052,1,3.258096538021482,1,4.276666119016055,1,6.517671272912275,5,6.970730078143525,82.0,1,Pass,1
563414,0.20384343751566839,0.2569167478049815,0.4400108822147385,0.18877046193764802,0.2851941347472054,0.15493676186121444,0.19259511811603722,0.2601581904413615,0.2059250789286964,0.2922039738061906,0.307906769663857,0.13461954295728318,0.148775588001909,0.34117872422316003,0.20226531378647522,0.3333130309592601,0.4158685911216981,0.15105533934199103,0.2641257349104956,0.22033657766012887,1032.0,779.0,1172.0,881.0,1399.0,1,6.940222469119639,1,6.659293919683638,1,7.067319848653476,1,6.782192056006791,1,7.24422751560335,5,8.568646473005153,94.0,1,Pass,1
564243,0.2151719757265254,0.1390174510083028,0.1809463149803039,0.22010306915640734,0.2542627542794668,0.2083474621614759,0.20926035574010152,0.27563764555135817,0.30658812189985046,0.3477072120341111,0.25152016295781937,0.22755821104936155,0.24063152563898266,0.255023406809696,0.015027802713812724,0.32496039915417935,0.42416398220223417,0.30278451382935534,0.21828540213404618,0.38300223097260944,567.0,691.0,1202.0,852.0,2502.0,1,6.342121418721152,1,6.539585955617669,1,7.0925737159746784,1,6.748759547491679,1,7.8252452914317745,5,8.668196064952765,92.0,1,Pass,1
564617,0.2517338573121622,0.29689860608690977,0.2822197661049524,0.24297378027310845,0.17732139243277023,0.31024597380641916,0.14529014759072054,0.22443197161381823,0.37225397506569285,0.4059396014791011,0.15631638568552267,0.2378201555097258,0.2725538377457257,0.22834430874882408,0.3182578550355122,0.28170378319589595,0.31999109081264404,0.2207944245355036,0.15642793591237467,0.09848115105261646,1364.0,1034.0,724.0,847.0,1557.0,1,7.21890970761906,1,6.942156705699469,1,6.586171654854675,1,6.742880635791903,1,7.351158226430694,5,8.617400451833262,72.0,1,Fail,0
564770,0.6522715451631955,0.0,0.0,0.0,0.0,0.0,0.0,0.0,0.0,0.0,0.3477284548368045,0.0,0.0,0.0,0.0,0.0,0.0,0.0,0.0,0.0,176.0,,,,,1,5.176149732573829,0,0.0,0,0.0,0,0.0,0,0.0,1,5.176149732573829,90.0,1,Fail,0
564933,0.0,0.530917569963481,0.5163145183822094,0.5597407662667316,0.47596166716198574,0.19746656074229285,0.23299599608530597,0.0,0.01921939270816932,0.18516378169760467,0.3083517583472373,0.09289353047277198,0.08395517641181396,0.03843878541633864,0.09928962294706696,0.4941816809104699,0.14319290347844107,0.39973030520597647,0.38260105560876045,0.23958492819334248,476.0,195.0,222.0,468.0,350.0,1,6.1675164908883415,1,5.278114659230517,1,5.407171771460119,1,6.150602768446279,1,5.860786223465865,5,7.445417556701687,96.0,1,Distinction,1
565017,0.24633152818186232,0.28197901067122527,0.1888414667737355,0.26016711986642554,0.2927786192375851,0.24031381431921062,0.32813723347945944,0.10458606903683643,0.2929000290180221,0.2428220302703245,0.1647837482359305,0.23425856768914502,0.29218819646398214,0.27824312612376584,0.2951267015206509,0.34857090926299644,0.15562518816017018,0.41438426772544606,0.16868972499178655,0.16927264897143957,1239.0,607.0,1144.0,1135.0,2076.0,1,7.122866658599083,1,6.410174881966167,1,7.0431599159883405,1,7.035268599281097,1,7.638679823876112,5,8.732627099660395,80.0,1,Pass,1
566823,0.7156305080254239,0.0,0.0,0.0,0.0,0.0,0.22051582169149433,0.0,0.0,0.0,0.28436949197457595,0.0,0.0,0.0,0.0,0.0,0.7794841783085057,0.0,0.0,0.0,38.0,177.0,,,,1,3.6635616461296463,1,5.181783550292085,0,0.0,0,0.0,0,0.0,2,5.375278407684165,74.0,1,Fail,0
568987,0.7747927433131081,0.0,0.3158944961189735,0.0,0.0,0.07755932251755632,0.2872570096699122,0.0,0.0,0.0,0.1476479341693356,0.0,0.0,0.0,0.0,0.0,0.7127429903300878,0.6841055038810265,0.0,0.0,182.0,85.0,46.0,,,1,5.209486152841421,1,4.454347296253507,1,3.8501476017100584,0,0.0,0,0.0,3,5.749392985908253,80.0,1,Fail,0
569034,0.2749463476908666,0.22531655993517755,0.24243342269505402,0.24229863278364,0.4008834582548939,0.2304287649457918,0.24936915578724003,0.34596898425068917,0.27899319405328127,0.25098311064007656,0.23679096408940956,0.2073727730284345,0.19266443956874135,0.18365829032464817,0.1747808397728654,0.2578339232739321,0.3179415112491479,0.21893315348551545,0.2950498828384306,0.17335259133216413,1701.0,1536.0,824.0,1780.0,1670.0,1,7.43955930913332,1,7.337587743538596,1,6.715383386334681,1,7.484930283289661,1,7.421177528595393,5,8.9242570208881,80.0,1,Pass,1
569080,0.0,0.2655476800108661,0.28267181574615535,0.12417670834119966,0.22787323426800107,0.3113294631400148,0.10377771012369195,0.22540860504531693,0.23743441832105938,0.17427587759198648,0.30145132030654914,0.2685535237411686,0.33031165141753277,0.3513796939998932,0.3234872621908699,0.38721921655343605,0.3621210861242733,0.1616079277909951,0.28700917933784775,0.2743636259491425,818.0,507.0,1042.0,881.0,699.0,1,6.70808408385307,1,6.230481447578482,1,6.949856455000773,1,6.782192056006791,1,6.551080335043404,5,8.280964400553373,82.0,1,Pass,1
569108,0.12087368285855869,0.17404974979519267,0.20446022052306465,0.18517713802197952,0.3910377939234822,0.19875428143299187,0.18094026641899696,0.15550054933145954,0.30535139155173513,0.35942039784534385,0.2334694309747584,0.21577529296628145,0.19328992569295442,0.30765835205503883,0.03553306868459129,0.44690260473369103,0.429234690819529,0.44674930445252137,0.20181311837124646,0.2140087395465826,594.0,351.0,672.0,617.0,642.0,1,6.38856140554563,1,5.863631175598097,1,6.511745329644728,1,6.42648845745769,1,6.466144724237619,5,7.964503363551548,100.0,1,Distinction,1
569876,0.22678789674821856,0.1533768405005392,0.2803992418880545,0.4055065532233005,0.3341683558751069,0.27538200934292356,0.24845514212632192,0.18470159080136742,0.2201590220084177,0.2710711075039242,0.2601476350926279,0.3221199376944776,0.30409273667138637,0.14844329588815386,0.24594523357971976,0.23768245881623,0.27604807967866135,0.23080643063919165,0.225891128880128,0.14881530304124913,922.0,984.0,1480.0,656.0,842.0,1,6.827629234502852,1,6.892641641172089,1,7.300472814267799,1,6.48768401848461,1,6.736966958001855,5,8.493924564476883,72.0,1,Pass,1
570004,0.5529116090580576,0.6364853481421848,0.0890629432421579,0.0,0.0,0.2401565225644106,0.12566233454836784,0.39992185597974994,0.0,0.0,0.20693186837753189,0.0,0.03445424961379943,0.0,0.0,0.0,0.23785231730944723,0.47656095116429265,0.0,0.0,33.0,42.0,93.0,,,1,3.5263605246161616,1,3.7612001156935624,1,4.543294782270004,0,0.0,0,0.0,3,5.1298987149230735,68.0,1,Fail,0
570213,0.20197111368344556,0.13147761172588926,0.25683765356302557,0.3057803685663112,0.37926920979533474,0.0,0.2374584455127384,0.2637452381623631,0.27749896660109385,0.14065445428724227,0.22220404948141115,0.36317889243971996,0.29824917515793953,0.14601622331101377,0.18927637653887583,0.5758248368351433,0.2678850503216524,0.18116793311667181,0.27070444152158135,0.2907999593785471,100.0,703.0,359.0,426.0,606.0,1,4.61512051684126,1,6.556778356158042,1,5.886104031450156,1,6.056784013228625,1,6.408528791059498,5,7.693937325509272,72.0,1,Fail,0
570689,0.9384950744722462,0.0,0.0,0.0,0.0,0.0,0.14746305199023912,0.0,0.0,0.0,0.061504925527753794,0.0,0.0,0.0,0.0,0.0,0.8525369480097609,0.0,0.0,0.0,121.0,55.0,,,,1,4.804021044733257,1,4.02535169073515,0,0.0,0,0.0,0,0.0,2,5.176149732573829,94.0,1,Fail,0
571074,0.35766875467157566,0.09454493657077231,0.2753198312036723,0.24485334821918214,0.36863408334299147,0.08871868777863559,0.3966066975093663,0.19705459706503092,0.16438046442971357,0.18498885313037527,0.3538746093593752,0.2225835059150911,0.10682513418777413,0.2912385653145763,0.169731857844757,0.19973794819041366,0.2862648600047704,0.42080043754352264,0.299527622036528,0.2766452056818762,608.0,528.0,748.0,831.0,1191.0,1,6.411818267709897,1,6.270988431858299,1,6.618738983517219,1,6.723832440821209,1,7.083387847625295,5,8.27052509505507,88.0,1,Distinction,1
572071,0.057401618703542906,0.0,0.0,0.0,0.0,0.35754427544534595,0.0,0.0,0.0,0.0,0.3033906428619904,0.0,0.0,0.0,0.0,0.28166346298912076,0.0,0.0,0.0,0.0,118.0,,,,,1,4.77912349311153,0,0.0,0,0.0,0,0.0,0,0.0,1,4.77912349311153,78.0,1,Fail,0
572074,0.0,0.04329374690089805,0.256956128028045,0.26245803355426534,0.0,0.0,0.0,0.2590627258371973,0.33311302214473626,0.0,0.0,0.12966517594751514,0.4839811461347576,0.2215268706739727,0.0,1.0,0.8270410771515868,0.0,0.18290207362702565,0.0,48.0,1334.0,181.0,2212.0,,1,3.8918202981106265,1,7.19668657083435,1,5.204006687076795,1,7.70210434005105,0,0.0,4,8.236420527265391,70.0,1,Pass,1
572213,0.2897970044629929,0.3476237579587336,0.08514401681066723,0.06972299916801486,0.26877668460812665,0.2891664194811965,0.28814004996865983,0.09818330129753594,0.21184044170518623,0.24719191304479393,0.2576203085706581,0.07960650112225637,0.12266210612186153,0.15400088887019414,0.0,0.16341626748515253,0.2846296909503501,0.6940105757699353,0.5644356702566048,0.4840314023470795,518.0,172.0,183.0,387.0,214.0,1,6.251903883165888,1,5.153291594497779,1,5.214935757608986,1,5.961005339623274,1,5.3706380281276624,5,7.29641326877392,80.0,1,Distinction,1
572265,0.05107430735517305,0.08618424118881331,0.0,0.0,0.0,0.08095086190825602,0.27545851326010906,0.0,0.0,0.0,0.2718137912404077,0.12927636178321994,0.0,0.0,0.0,0.5961610394961632,0.5090808837678578,0.0,0.0,0.0,97.0,70.0,,,,1,4.584967478670572,1,4.2626798770413155,0,0.0,0,0.0,0,0.0,2,5.123963979403259,72.0,1,Fail,0
573583,0.0,0.0,0.10270196954673452,0.3360909252270048,0.04030400956220284,0.4831553569464709,0.26250063444357136,0.0,0.0,0.15345166918530972,0.3114642892327877,0.0,0.0,0.08705776198805545,0.2502658678243618,0.20538035382074155,0.7374993655564287,0.8972980304532654,0.5768513127849398,0.5559784534281257,303.0,131.0,387.0,519.0,268.0,1,5.717027701406222,1,4.882801922586371,1,5.961005339623274,1,6.253828811575473,1,5.594711379601839,5,7.3833681469923835,82.0,1,Pass,1
574527,0.24833161082284333,0.20246407906006172,0.36890154455964935,0.3108192855214605,0.1766634865266034,0.1860531145061943,0.19264372188156373,0.3329144606901529,0.16540408869326237,0.2740954222463214,0.2757708713711198,0.25260826280785537,0.13271894600039408,0.16583069002541034,0.24191118472489817,0.2898444032998425,0.35228393625051907,0.16546504874980367,0.3579459357598667,0.3073299065021771,631.0,554.0,646.0,371.0,1296.0,1,6.448889394146858,1,6.318968113746434,1,6.472346294500901,1,5.918893854273146,1,7.167809184316444,5,8.160232492367689,64.0,1,Fail,0
575069,0.21346408841271317,0.0872820438515328,0.44392367915505476,0.23814268501235056,0.2393718232222407,0.2724881348082278,0.28208611731418826,0.026559551649494955,0.24072296897618023,0.16698573991755516,0.241909662052563,0.21960835787716637,0.03890903988865025,0.25709074498009815,0.32648773881498494,0.2721381147264961,0.4110234809571125,0.4906077293068,0.264043601031371,0.26715469804521924,495.0,278.0,238.0,362.0,928.0,1,6.206575926724928,1,5.631211781821365,1,5.476463551931511,1,5.8944028342648505,1,6.834108738813838,5,7.741533589281828,84.0,1,Pass,1
575112,0.08037781041288748,0.28805851744086586,0.5318633427084456,0.2022468862622566,0.12372797671207844,0.25098321138358787,0.3035850499558543,0.19042944548264268,0.30934505153318115,0.34934968600157973,0.16005039200120927,0.0,0.13552345555578327,0.10230161431986506,0.32018702758155665,0.5085885862023155,0.40835643260328,0.14218375625312854,0.38610644788469717,0.20673530970478524,217.0,174.0,593.0,746.0,1045.0,1,5.384495062789089,1,5.1647859739235145,1,6.386879319362645,1,6.616065185132817,1,6.952728644624869,5,7.9287663216266955,84.0,1,Pass,1
575302,0.2931864091825831,0.23242721026263893,0.2809364981416892,0.20472864704882876,0.3669783262966105,0.22626541871088268,0.2411818481291593,0.5352347261966544,0.25985627935018435,0.2971246065998697,0.23488955887244212,0.1868012528679358,0.14849769479910005,0.25691920064646157,0.1578875444198218,0.24565861323409227,0.33958968874026607,0.03533108086255627,0.27849587295452516,0.17800952268369805,1025.0,663.0,1018.0,1035.0,1638.0,1,6.933423025730715,1,6.498282149476434,1,6.926577033222725,1,6.943122422819428,1,7.40184157874383,5,8.59044365315583,90.0,1,Pass,1
575685,0.0,0.1264310472460422,0.0,0.0,0.0,0.0,0.6889986542894914,0.5083644540651605,0.0,0.0,0.0,0.030319741290865346,0.0,0.0,0.0,1.0,0.15425055717360106,0.49163554593483955,0.0,0.0,10.0,167.0,49.0,,,1,2.3978952727983707,1,5.123963979403259,1,3.912023005428146,0,0.0,0,0.0,3,5.424950017481403,58.0,1,Fail,0
577032,0.33567578000695075,0.28714569604537327,0.25707890513563086,0.3257175781206384,0.0,0.3139185894395292,0.2303321659384559,0.26124242571847694,0.0333901931773585,0.0,0.3006208439108746,0.3098321180181539,0.12397166581510077,0.18005052042021874,0.0,0.04978478664264552,0.17269001999801684,0.35770700333079136,0.4608417082817843,0.0,262.0,263.0,126.0,65.0,,1,5.572154032177765,1,5.575949103146316,1,4.844187086458591,1,4.189654742026425,0,0.0,4,6.57507584059962,64.0,1,Fail,0
577429,0.16000808662417873,0.36165536538886733,0.30501476950959694,0.0,0.0,0.28048448368373013,0.4994411887899827,0.29835264742325046,0.0,0.0,0.24720040463759,0.0,0.3085536316871535,0.0,0.0,0.3123070250545011,0.13890344582114997,0.08807895137999917,0.0,0.0,549.0,445.0,944.0,,,1,6.309918278226516,1,6.100318952020064,1,6.851184927493743,0,0.0,0,0.0,3,7.569927655242652,92.0,1,Fail,0
577533,0.583970804646981,0.0,0.08452450157109374,0.20896115182777275,0.4950155944115505,0.0,0.0,0.04226225078554687,0.13183980802870454,0.13344794036770183,0.0,0.0,0.13396816538233006,0.2636796160574091,0.09562131771437242,0.4160291953530189,0.0,0.7392450822610294,0.3955194240861136,0.2759151475063752,8.0,,79.0,12.0,490.0,1,2.1972245773362196,0,0.0,1,4.382026634673881,1,2.5649493574615367,1,6.19644412779452,4,6.380122536899765,88.0,1,Pass,1
578152,0.4834713737945529,0.23803396441448138,0.4173435614935852,0.31365098159822097,0.2402320577638767,0.25754093380275705,0.23248899419675148,0.27853159700771857,0.22068344363930661,0.14674103923043888,0.2038388551679988,0.1280349062219565,0.24841852209715243,0.21417189794481567,0.2509123213777696,0.055148837234691175,0.4014421351668107,0.05570631940154372,0.2514936768176567,0.3621145816279149,132.0,167.0,44.0,277.0,312.0,1,4.890349128221754,1,5.123963979403259,1,3.8066624897703196,1,5.627621113690637,1,5.746203190540153,5,6.838405200847344,82.0,1,Pass,1
578847,0.3460846436802856,0.4371644548141805,0.27900621591112895,0.5114679641258371,0.30951376515607404,0.1710876398729584,0.20481918065688845,0.0,0.11964921424723071,0.29971098188122675,0.11339086248715888,0.17829856025812613,0.0,0.1725478199605301,0.0684736682484841,0.36943685395959713,0.17971780427080486,0.7209937840888709,0.1963350016664022,0.3223015847142152,332.0,821.0,86.0,160.0,1544.0,1,5.808142489980444,1,6.71174039505618,1,4.465908118654584,1,5.081404364984463,1,7.3427791893318455,5,7.987524479848767,80.0,1,Distinction,1
579660,0.09289394132787414,0.4234026421449859,0.14413443073217574,0.13552302113034798,0.19948642473673264,0.38964629892328523,0.2715288900975286,0.04559825058710789,0.02686606516534116,0.14872043962925482,0.4340677801338068,0.07341252934807141,0.19836241524291193,0.30927549696340345,0.037912339105280767,0.08339197961503378,0.23165593840941406,0.6119049034378045,0.5283354167409074,0.6138807965287317,346.0,267.0,260.0,406.0,188.0,1,5.849324779946859,1,5.5909869805108565,1,5.564520407322694,1,6.008813185442595,1,5.241747015059643,5,7.291656209174461,86.0,1,Pass,1
579686,0.0,0.0,0.4836340332768902,0.0625441197247573,0.27075040585656635,0.0,0.31579266028170105,0.45690015231087105,0.10335272705483349,0.31284869761641726,0.6575146970836667,0.0,0.05946581441223877,0.47819256236054,0.2549120769462058,0.34248530291633317,0.6842073397182991,0.0,0.3559105908598692,0.16148881958081046,96.0,142.0,278.0,576.0,965.0,1,4.574710978503383,1,4.962844630259907,1,5.631211781821365,1,6.3578422665081,1,6.873163834212518,5,7.629489916393995,82.0,1,Pass,1
580459,0.07606390512489142,0.0507123020560542,0.29054219877716536,0.2946234540546712,0.2743999315226263,0.3027453033865137,0.3800973093901694,0.31670555362368746,0.266537161308821,0.36158517421292113,0.3188195494710211,0.3593605329712801,0.20405355631161493,0.14044147939308135,0.09502198789457794,0.3023712420175737,0.2098298555824964,0.1886986912875322,0.2983979052434265,0.26899290636987455,261.0,314.0,462.0,603.0,929.0,1,5.568344503761097,1,5.752572638825633,1,6.137727054086234,1,6.403574197934815,1,6.835184586147301,5,7.851661177889265,74.0,1,Pass,1
580834,0.12401356339418523,0.28103099905409434,0.20403270788094238,0.13769266958394394,0.18994960061732422,0.26633050666564534,0.22055369940723107,0.369034028939451,0.2610776578113828,0.29297581723045146,0.2418438716138955,0.16857089973590517,0.11754471052301228,0.23576489639949322,0.1967738991561515,0.3678120583262739,0.3298444018027695,0.3093885526565944,0.36546477620518014,0.3203006829960729,1192.0,1175.0,1377.0,1461.0,1822.0,1,7.084226422097916,1,7.069874128458572,1,7.228388451573604,1,7.2875606403097235,1,7.508238774678663,5,8.857657449306988,84.0,1,Distinction,1
580845,0.08208654867279709,0.21114479289547125,0.1494853238996477,0.09194306235651092,0.15025230435577183,0.5194895026384316,0.3288219778610184,0.1942009767383397,0.02657750535121956,0.04294355937223813,0.1898865178813877,0.16401856062597256,0.0,0.1889268467892969,0.48241601075396956,0.20853743080738366,0.2960146686175378,0.6563136993620126,0.6925525855029726,0.32438812551802043,272.0,181.0,133.0,240.0,1592.0,1,5.60947179518496,1,5.204006687076795,1,4.897839799950911,1,5.484796933490655,1,7.373374309910049,5,7.791109510610028,82.0,1,Pass,1
580926,0.0,0.0,0.0,0.0,0.0,0.3503872869707926,0.81415318695224,0.0,0.0,0.0,0.5140644074452613,0.18584681304775996,0.0,0.0,0.0,0.135548305583946,0.0,0.0,0.0,0.0,64.0,46.0,,,,1,4.174387269895637,1,3.8501476017100584,0,0.0,0,0.0,0,0.0,2,4.709530201312334,70.0,1,Fail,0
581219,0.0,0.0,0.0,0.1551438498421475,0.0,0.0,0.0,0.0,0.34423285141772786,0.0,0.0,0.0,0.0,0.22439923134462372,0.0,0.0,0.0,0.0,0.27622406739550087,0.0,,,,210.0,,0,0.0,0,0.0,0,0.0,1,5.351858133476067,0,0.0,1,5.351858133476067,80.0,0,Fail,0
581253,0.21664184997683994,0.20030829895115304,0.2941909072274852,0.24475265932715676,0.28432283941394604,0.17000084983057526,0.17793441941542487,0.26335198726215725,0.32689846378243936,0.3418371984257788,0.2899773896329497,0.2628329556323565,0.16484346331299005,0.21852232655894507,0.12471590409790503,0.32337991055963494,0.3589243260010656,0.2776136421973675,0.2098265503314589,0.24912405806237006,911.0,476.0,1262.0,782.0,2370.0,1,6.815639990074331,1,6.1675164908883415,1,7.141245122350491,1,6.663132695990803,1,7.771067086065406,5,8.665957964681349,46.0,1,Pass,1
581659,0.04979926385565364,0.2527769906732008,0.3722209556569477,0.31901835474564766,0.24354826566280802,0.2167746622655607,0.2064623642717538,0.2659569668494469,0.22951917216638978,0.21686997774443786,0.36205356750347173,0.20333465304455117,0.14909820256555162,0.23309827519333962,0.24791355565763706,0.37137250637531405,0.3374259920104942,0.21272387492805384,0.2183641978946228,0.29166820093511714,964.0,946.0,916.0,1224.0,2650.0,1,6.872128101338986,1,6.853299093186078,1,6.821107472256465,1,7.110696122978827,1,7.8826922062890254,5,8.81001204797317,88.0,1,Distinction,1
581779,0.05611838250962222,0.1428083774813705,0.20009807826123807,0.2040897711996935,0.49450229139464696,0.24193047803125015,0.2601014658460186,0.2967421343001218,0.22026184585431657,0.2809377221472845,0.3225033143251976,0.3793558425962124,0.20037785374943057,0.3193043005308885,0.048421052030633224,0.37944782513392994,0.21773431407639848,0.3027819336892096,0.2563440824151013,0.17613893442743525,149.0,351.0,494.0,779.0,693.0,1,5.0106352940962555,1,5.863631175598097,1,6.20455776256869,1,6.659293919683638,1,6.542471960506805,5,7.810758116529357,76.0,1,Pass,1
582117,0.2393221100669273,0.16296843196660415,0.25358466269413116,0.290204384815119,0.36806864341404283,0.3361732407948624,0.17385725509291305,0.25732912511212336,0.2331733290235173,0.1802837167756945,0.23899468059509235,0.30089102918918864,0.06573360703116664,0.17483077652697257,0.2955712279655699,0.18550996854311805,0.3622832837512941,0.4233526051625788,0.30179150963439105,0.15607641184469292,411.0,280.0,229.0,332.0,475.0,1,6.021023349349527,1,5.638354669333745,1,5.438079308923196,1,5.808142489980444,1,6.16541785423142,5,7.454719949364001,78.0,1,Pass,1
582266,0.3332436543905925,0.32247844246050733,0.43646365473597143,0.6366323901581562,0.0,0.286966902181425,0.17368866890299628,0.0,0.3633676098418438,0.0,0.3422472794917609,0.0,0.0,0.0,0.0,0.03754216393622161,0.5038328886364963,0.5635363452640285,0.0,0.0,130.0,328.0,45.0,120.0,,1,4.875197323201151,1,5.796057750765372,1,3.828641396489095,1,4.795790545596741,0,0.0,4,6.436150368369428,56.0,1,Fail,0
582332,0.18108390030557084,0.25039088443327023,0.3541137666590271,0.2464550884771657,0.424868860566668,0.22527549723609586,0.17855430863145266,0.21349712374743998,0.15737609663005248,0.31697403469220475,0.15169116938899546,0.27055011686045705,0.0771293339296734,0.36056371145404986,0.08935895569771696,0.4419494330693379,0.3005046900748201,0.35525977566385947,0.235605103438732,0.16879814904341026,418.0,311.0,592.0,653.0,1373.0,1,6.037870919922137,1,5.7430031878094825,1,6.385194398997726,1,6.483107351457199,1,7.2254814727822945,5,8.116118431609365,98.0,1,Distinction,1
582530,0.0,0.20096509939848187,0.0,0.0,0.0,0.0,0.0,0.0,0.0,0.0,0.0,0.24737784005657987,0.0,0.0,0.0,1.0,0.5516570605449382,0.0,0.0,0.0,162.0,119.0,,,,1,5.093750200806762,1,4.787491742782046,0,0.0,0,0.0,0,0.0,2,5.641907070938114,58.0,1,Fail,0
582653,0.22262829193973524,0.15013905189689444,0.06445699115943379,0.0,0.0,0.04690934208112039,0.2709728040531164,0.0,0.0,0.15119177769296607,0.30733330509608686,0.11362545038565774,0.0,0.0,0.16634179977912367,0.42312906088305763,0.46526269366433154,0.9355430088405662,1.0,0.6824664225279103,210.0,119.0,36.0,51.0,129.0,1,5.351858133476067,1,4.787491742782046,1,3.6109179126442243,1,3.9512437185814275,1,4.867534450455582,5,6.302618975744905,78.0,1,Pass,1
582670,0.31880196549224493,0.0,0.46993135885159165,0.0,0.7093413690559196,0.45849716955010794,0.2620524746173649,0.13108403749190112,0.0,0.06046123817703791,0.0,0.29104686649117983,0.0,0.0,0.0,0.22270086495764713,0.4469006588914553,0.39898460365650723,0.0,0.2301973927670424,29.0,222.0,65.0,,129.0,1,3.4011973816621555,1,5.407171771460119,1,4.189654742026425,0,0.0,1,4.867534450455582,4,6.100318952020064,74.0,1,Fail,0
583056,0.28036039953797776,0.340624401599468,0.11288145548929257,0.28958650246808343,0.0,0.22785212345420658,0.3187511968010642,0.12774728828071935,0.20563761650896406,0.0,0.4917874770078157,0.0,0.0,0.25735985789576404,0.0,0.0,0.340624401599468,0.759371256229988,0.24741602312718836,0.0,53.0,20.0,692.0,713.0,,1,3.9889840465642745,1,3.044522437723423,1,6.541029999189903,1,6.570882962339584,0,0.0,4,7.2991214627108,62.0,1,Fail,0
583318,0.0,0.24806718761336338,0.0,0.3984449181946999,0.070671137117923,0.2590848929308561,0.0,0.0,0.0,0.531169306187515,0.28137477785356313,0.0,0.5,0.028751614788033272,0.288136800850886,0.45954032921558075,0.7519328123866366,0.5,0.5728034670172669,0.11002275584367592,19.0,109.0,8.0,133.0,291.0,1,2.995732273553991,1,4.700480365792417,1,2.1972245773362196,1,4.897839799950911,1,5.676753802268282,5,6.329720905522696,94.0,1,Pass,1
583487,0.2506158697467935,0.22379647465603522,0.1808041880539763,0.273148728246549,0.33228760804426505,0.21823827116469147,0.256790461010143,0.307861641328457,0.2674998450081188,0.27503779359999014,0.2357796113069937,0.24263355166286163,0.24151026390643524,0.2715216565019555,0.2254383480372737,0.29536624778152126,0.2767795126709602,0.2698239067111314,0.1878297702433767,0.16723625031847097,5643.0,3774.0,2037.0,1672.0,3482.0,1,8.638348312972704,1,8.236155661683124,1,7.61972421378267,1,7.422373700986824,1,8.155649270366002,5,9.717699996098998,88.0,1,Pass,1
584515,0.3224570279764649,0.13500481248473434,0.2482945043472415,0.3573700211115933,0.328018651973505,0.26559599110127485,0.30851216372426565,0.35208315951549995,0.08691700696765266,0.5154730662600429,0.19702846957621115,0.25259292242474557,0.21246975472734222,0.3115157113608713,0.12064338025732196,0.2149185113460491,0.30389010136625444,0.1871525814099164,0.2441972605598827,0.035864901509130104,1772.0,543.0,101.0,152.0,1028.0,1,7.480428306074208,1,6.298949246855942,1,4.624972813284271,1,5.030437921392435,1,6.9363427358340495,5,8.187855443695623,88.0,1,Pass,1
584673,0.37671482607411866,0.08023382121132926,0.0,0.0,0.0,0.2774914318994028,0.2378884060428684,0.0,0.0,0.0,0.14684394833606962,0.41814687815746426,0.0,0.0,0.0,0.19894979369040885,0.26373089458833815,0.0,0.0,0.0,562.0,272.0,,,,1,6.333279628139691,1,5.60947179518496,0,0.0,0,0.0,0,0.0,2,6.727431724850855,80.0,1,Fail,0
585224,0.16055378098175843,0.0,0.2727216125311536,0.26391214154838605,0.2602224663838053,0.3298184462611756,0.441581861523595,0.14682453378149665,0.2856359304626044,0.2965709178151576,0.21982635751176108,0.19161185641725229,0.31473579354903747,0.14170443716027767,0.26094286432441,0.28980141524530484,0.3668062820591526,0.2657180601383121,0.3087474908287319,0.18226375147662705,727.0,440.0,766.0,627.0,851.0,1,6.590301048196686,1,6.089044875446846,1,6.642486801367256,1,6.4425401664681985,1,6.747586526829315,5,8.13505390861157,64.0,1,Pass,1
585261,0.2441497095341544,0.2197812802408558,0.25481782603488135,0.14164977725199687,0.0,0.12681053417830368,0.3198567233911871,0.2572929946334,0.19144719540634228,0.0,0.1944519231347764,0.2303893866923255,0.14111636627161978,0.28909885342425523,0.0,0.4345878331527655,0.2299726096756315,0.34677281306009894,0.3778041739174056,0.0,511.0,1123.0,417.0,790.0,,1,6.238324625039508,1,7.024649030453636,1,6.035481432524756,1,6.673297967767654,0,0.0,4,7.952263308657046,100.0,1,Pass,1
585284,0.12669600828777297,0.04201109186271266,0.15815374795866724,0.24398777133500882,0.10138691324181189,0.29873616940124326,0.2442351833940418,0.3237538347280565,0.20034123214328067,0.044225841858407784,0.24802607846545618,0.26259251603529,0.08366406380641549,0.21123861289965215,0.0,0.32654174384552753,0.45116120870795545,0.4344283535068607,0.3444323836220583,0.8543872448997804,390.0,143.0,337.0,324.0,203.0,1,5.968707559985366,1,4.969813299576001,1,5.823045895483019,1,5.783825182329737,1,5.318119993844216,5,7.242797922793756,94.0,1,Pass,1
585503,0.2561853122339257,0.14927363776684124,0.23935032355904295,0.3036704639793443,0.28161776735698885,0.28489262634819346,0.25531854222209643,0.2952680468405114,0.29028451336833255,0.180244721710383,0.2196112102007944,0.23576827225265323,0.2792813317934694,0.24404089538885118,0.31897214845316657,0.23931085121708645,0.3596395477584092,0.18610029780697618,0.16200412726347202,0.21916536247946164,1038.0,805.0,1275.0,1227.0,1828.0,1,6.946013991099227,1,6.692083742506628,1,7.151485463904735,1,7.113142108707088,1,7.511524648390866,5,8.728102205062104,88.0,1,Distinction,1
585572,0.29726045287773584,0.2652421326806707,0.6661931856307449,0.0,0.0,0.18177879883140524,0.23080034447068137,0.08268627919147516,0.36453010506958883,0.0,0.30254878701059484,0.2557984536582739,0.08610888631295298,0.1579520507501236,0.0,0.21841196128026413,0.24815906919037395,0.1650116488648269,0.4775178441802876,0.0,1143.0,837.0,132.0,371.0,,1,7.042286171939743,1,6.731018100482083,1,4.890349128221754,1,5.918893854273146,0,0.0,4,7.81762544305337,84.0,1,Fail,0
585958,0.2087055630388217,0.22194190446409517,0.3050628298183166,0.3952454748526217,0.3338330908404077,0.10270425346845251,0.4095105969491102,0.1966210796164306,0.24635508416165944,0.3276050030199615,0.31069000210435554,0.3685474985867946,0.2507276786604091,0.24538542097066152,0.139037797841785,0.37790018138837006,0.0,0.2475884119048436,0.1130140200150575,0.19952410829784586,331.0,99.0,280.0,689.0,719.0,1,5.805134968916488,1,4.605170185988092,1,5.638354669333745,1,6.536691597591305,1,6.579251212010101,5,7.6586995582682995,80.0,1,Pass,1
586811,0.19730336695284334,0.0,0.0,0.0,0.0,0.0,0.0,0.0,0.0,0.0,0.3320193158573977,0.0,0.0,0.0,0.0,0.4706773171897589,0.0,0.0,0.0,0.0,224.0,,,,,1,5.41610040220442,0,0.0,0,0.0,0,0.0,0,0.0,1,5.41610040220442,54.0,1,Fail,0
586906,0.0,0.016566465223409106,0.059144006541063394,0.11759969611140822,0.28894523558492946,0.18938935168983542,0.33363968724861437,0.32513142246785964,0.22731358540689936,0.08655151311031169,0.2643602821860913,0.20975721791190838,0.32810366004729485,0.2154502935617891,0.16184102909104817,0.5462503661240734,0.44003662961606815,0.28762091094378206,0.43963642491990335,0.46266222221371067,612.0,455.0,250.0,543.0,764.0,1,6.418364935936212,1,6.1224928095143865,1,5.5254529391317835,1,6.298949246855942,1,6.639875833826536,5,7.872836175025724,84.0,1,Pass,1
587509,0.23832113146757844,0.0,0.0,0.0,0.0,0.4235962993677396,0.0,0.0,0.0,0.0,0.1469549130946064,0.0,0.0,0.0,0.0,0.19112765607007545,0.0,0.0,0.0,0.0,447.0,,,,,1,6.104793232414985,0,0.0,0,0.0,0,0.0,0,0.0,1,6.104793232414985,74.0,1,Fail,0
587571,0.27609236422645567,0.2586755886342247,0.3344712816615239,0.3120836300280597,0.24934147943575424,0.20991278503930058,0.2545343051150804,0.29901290831039185,0.2743190069645621,0.27776540738983857,0.2696661212364458,0.21041481630212927,0.1750355919659311,0.23477393008730207,0.2614882886602963,0.24432872949779808,0.27637528994856575,0.1914802180621532,0.17882343292007627,0.211404824514111,1349.0,1232.0,1305.0,1117.0,2410.0,1,7.2078598714324755,1,7.117205503164344,1,7.174724309836376,1,7.0192966537150445,1,7.787796878181171,5,8.911125383710678,92.0,1,Distinction,1
587706,0.15952639828804716,0.0,0.0,0.0,0.0,0.18980297899176876,0.0,0.0,0.0,0.0,0.2989332609837516,0.28503041475666663,0.0,0.0,0.0,0.35173736173643233,0.7149695852433334,0.0,0.0,0.0,415.0,156.0,,,,1,6.030685260261263,1,5.056245805348308,0,0.0,0,0.0,0,0.0,2,6.349138991379798,76.0,1,Fail,0
588128,0.3884373111386457,0.04238809499788358,0.778351033278857,0.1531735532798721,0.24137902098423406,0.2721692461579818,0.2957536042241403,0.0,0.18300679346282203,0.0845069772642017,0.33939344270337235,0.34098654213178214,0.0,0.09752175460916443,0.21008208909504522,0.0,0.32087175864619405,0.22164896672114298,0.5662978986481414,0.4640319126565189,239.0,153.0,146.0,325.0,662.0,1,5.480638923341991,1,5.0369526024136295,1,4.990432586778736,1,5.786897381366708,1,6.4967749901858625,5,7.330405211844402,80.0,1,Pass,1
588628,0.14291989612020115,0.18343984106163028,0.32024333635465163,0.28335458712321354,0.3680612636199236,0.2895620774371137,0.33289853789717316,0.212657653886052,0.2627074893751812,0.3263363936210141,0.14807329989483098,0.23829038965849378,0.22595843356718076,0.2185834353533243,0.1933332823779852,0.41944472654785414,0.24537123138270284,0.2411405761921155,0.23535448814828103,0.11226906038107703,919.0,918.0,509.0,1132.0,1808.0,1,6.824373670043086,1,6.823286122355687,1,6.234410725718371,1,7.0326242610280065,1,7.500529485395295,5,8.57300625623545,80.0,1,Pass,1
589080,0.22774997547913908,0.21142466656686107,0.3534617747085769,0.292544093994842,0.3151334536627199,0.11336987486044142,0.30042536769733613,0.21905709574751234,0.30682614874930403,0.2809696178102879,0.279383084250074,0.10527537527317649,0.21785751126677147,0.15452373045611908,0.20634544863834903,0.37949706541034556,0.3828745904626263,0.20962361827713927,0.24610602679973473,0.19755147988864316,832.0,1182.0,671.0,1033.0,1421.0,1,6.725033642166843,1,7.075808863978387,1,6.51025834052315,1,6.9411900550683745,1,7.259819610363186,5,8.544808358449211,86.0,1,Distinction,1
589162,0.09209010856145931,0.173100594894801,0.2717357979212961,0.11419317746712025,0.17319462781363426,0.26225927568413787,0.2417091207754135,0.2701384012727425,0.34382281601553305,0.2785562998137563,0.06640222241399352,0.22084159918072097,0.15613342754586038,0.31598473372540475,0.340922623511918,0.5792483933404092,0.36434868514906443,0.3019923732601011,0.22599927279194199,0.20732644886069151,272.0,574.0,597.0,1196.0,1068.0,1,5.60947179518496,1,6.354370040797351,1,6.393590753950631,1,7.087573705557973,1,6.974478911025045,5,8.218247926685745,84.0,1,Pass,1
589332,0.27272013466954814,0.23928807283085957,0.2705088353305925,0.32620312366788695,0.27625940562516405,0.24530101399539259,0.26930199811342986,0.2830389137892317,0.2280190986575565,0.27177397593139613,0.22694766530768506,0.16843472710639107,0.1295901961208048,0.26287099591029556,0.2637136639297683,0.2550311860273742,0.32297520194931933,0.316862054759371,0.1829067817642609,0.18825295451367158,1636.0,939.0,822.0,833.0,840.0,1,7.400620577371135,1,6.84587987526405,1,6.71295620067707,1,6.726233402358747,1,6.734591659972948,5,8.531293315795018,84.0,1,Pass,1
589389,0.2002539142110415,0.32966322923840924,0.28186452284994823,0.25807466204411783,0.0,0.32492898106316037,0.16483161461920462,0.13615236713370515,0.188548729136626,0.0,0.051442269488354626,0.04597861611831277,0.0,0.1476509733875692,0.0,0.42337483523744346,0.45952654002407334,0.5819831100163466,0.40572563543168705,0.0,138.0,42.0,132.0,46.0,,1,4.9344739331306915,1,3.7612001156935624,1,4.890349128221754,1,3.8501476017100584,0,0.0,4,5.883322388488279,98.0,1,Pass,1
589828,0.0,0.12769942132461423,0.6690668421784424,0.31953754819452934,0.3053587210786507,0.0408316474602224,0.0,0.0,0.2066008874541495,0.18799448494314897,0.19414989020135626,0.2494538341188926,0.2386216879651821,0.0760506371787969,0.0,0.7650184623384212,0.6228467445564932,0.09231146985637553,0.39781092717252414,0.5066467939782004,60.0,40.0,29.0,185.0,501.0,1,4.110873864173311,1,3.713572066704308,1,3.4011973816621555,1,5.225746673713202,1,6.218600119691729,5,6.704414354964107,76.0,1,Pass,1
590120,0.26966988774647466,0.19335367091450406,0.19294973690340517,0.07245364123855647,0.3892506329690645,0.19891600761948322,0.3452201218656148,0.18568834014289032,0.04408972258816763,0.23034552437261438,0.21459446393040765,0.26120394450494033,0.1745754737764431,0.2579108754606677,0.12653619944123615,0.3168196407036345,0.20022226271494079,0.44678644917726124,0.6255457607126083,0.25386764321708505,631.0,525.0,452.0,628.0,748.0,1,6.448889394146858,1,6.26530121273771,1,6.115892125483034,1,6.444131256700441,1,6.618738983517219,5,8.001355025826703,76.0,1,Pass,1
591525,0.33366028140362924,0.1615923061158516,0.1765694216804686,0.3090631290013332,0.28500231475252574,0.17300805209698836,0.14139121026198098,0.20913713041110488,0.36227153785398813,0.2842368917931031,0.2043244118489572,0.3056613919162135,0.20962305772973278,0.17037961768305745,0.13792096802421025,0.28900725465042526,0.39135509170595395,0.4046703901786938,0.15828571546162118,0.292839825430161,505.0,151.0,299.0,601.0,368.0,1,6.226536669287466,1,5.0238805208462765,1,5.703782474656201,1,6.400257445308821,1,5.910796644040527,5,7.562681246721884,78.0,1,Pass,1
591581,0.17086166798754235,0.20426035266671555,0.20711200575832178,0.28299774014911017,0.2409049378061281,0.39724889233106964,0.22521640447964486,0.3326960352972708,0.20924426305107585,0.4461587750499894,0.18203408191103848,0.22663892996604082,0.30759208337212707,0.2644290211478286,0.21247178942772188,0.2498553577703496,0.34388431288759885,0.1525998755722804,0.24332897565198536,0.10046449771616076,260.0,227.0,163.0,445.0,956.0,1,5.564520407322694,1,5.429345628954441,1,5.099866427824199,1,6.100318952020064,1,6.863803391452954,5,7.62657020629066,66.0,1,Pass,1
591946,0.28245840054658927,0.19467349521614613,0.34901549546599375,0.2859139691759688,0.09696879717214246,0.2591580768661068,0.23783627936613624,0.1725798912752075,0.2373952051376185,0.4258868716757332,0.19117421484615238,0.22543611575373868,0.13649122478296785,0.06562803861496723,0.04229862170383749,0.2672093077411515,0.3420541096639789,0.3419133884758308,0.41106278707144556,0.43484570944828677,520.0,318.0,585.0,404.0,297.0,1,6.255750041753367,1,5.765191102784844,1,6.373319789577012,1,6.003887067106539,1,5.697093486505405,5,7.661527081358517,92.0,1,Pass,1
592218,0.14911588347485993,0.08908627232072416,0.22306842235382465,0.18122896401854852,0.22123439231303085,0.24796637555560497,0.40328332313194537,0.10058045549545763,0.2766277732068411,0.3505968377035923,0.30230113053939,0.20520057598487468,0.21578703318909687,0.2541163331874036,0.20471391496943434,0.30061661043014526,0.30242982856245576,0.4605640889616209,0.2880269295872066,0.22345485501394244,413.0,338.0,444.0,724.0,855.0,1,6.025865973825314,1,5.82600010738045,1,6.09807428216624,1,6.586171654854675,1,6.752270376141742,5,7.928406026180535,82.0,1,Pass,1
592295,0.22958387601547317,0.2324202337462715,0.5825664030907771,0.4324260782394461,0.17068402138903882,0.0,0.3208985990400267,0.23808459930809533,0.1698693353953378,0.32419360683224757,0.2431453658418585,0.07216691318957151,0.085108053228019,0.08254279745869633,0.4292728559962923,0.5272707581426683,0.37451425402413024,0.09424094437310848,0.3151617889065199,0.07584951578242138,150.0,157.0,110.0,230.0,868.0,1,5.017279836814924,1,5.062595033026967,1,4.709530201312334,1,5.442417710521793,1,6.767343125265392,5,7.323830566202317,78.0,1,Pass,1
592558,0.2999526592401224,0.22863947178694893,0.13030425292723485,0.0,0.2560867283266804,0.12516167559564517,0.17304196440174702,0.41515495616810044,0.16084425701421914,0.14386412201529078,0.20543263207732257,0.21291494935263697,0.0,0.1984725954591435,0.3015982239628562,0.3694530330869099,0.385403614458667,0.4545407909046647,0.6406831475266374,0.29845092569517245,528.0,605.0,463.0,812.0,1048.0,1,6.270988431858299,1,6.406879986069314,1,6.139884552226255,1,6.70073110954781,1,6.955592608396297,5,8.148156439921625,70.0,1,Pass,1
592939,0.4288623303643925,0.24299294283398762,0.296181929863516,0.0,0.4243889824492005,0.09072931661359675,0.3174876222241679,0.32444571024500785,0.5328753362391683,0.0,0.0,0.0,0.0,0.4671246637608317,0.06356225377300191,0.48040835302201085,0.4395194349418445,0.37937235989147616,0.0,0.5120487637777976,62.0,144.0,40.0,81.0,410.0,1,4.143134726391533,1,4.976733742420574,1,3.713572066704308,1,4.406719247264253,1,6.018593214496234,5,6.6039438246004725,58.0,1,Pass,1
593136,0.3486871230966371,0.20613307363489772,0.43717789244890737,0.16922265628152416,0.3661540705502216,0.18961633544807618,0.2542454832003866,0.06499979448089496,0.2577911855118778,0.18664278188903993,0.18061660984372643,0.24482862368679909,0.05636746290695492,0.20229442641671405,0.10156621029541518,0.2810799316115605,0.29479281947791663,0.4414548501632426,0.370691731789884,0.34563693726532335,669.0,693.0,164.0,345.0,387.0,1,6.507277712385012,1,6.542471960506805,1,5.10594547390058,1,5.846438775057725,1,5.961005339623274,5,7.7226775164680035,76.0,1,Pass,1
593563,0.11198691431961873,0.2723072595227478,0.2798989833728534,0.3385336796825769,0.33146895410586824,0.10751237436455803,0.16281157343682665,0.24697208509828916,0.21970895143476335,0.1958135968916946,0.42038094350920086,0.4307796121209949,0.13845343912485422,0.31110698186575714,0.09528906727275947,0.3601197678066224,0.1341015549194306,0.33467549240400324,0.13065038701690254,0.37742838172967785,312.0,518.0,514.0,725.0,604.0,1,5.746203190540153,1,6.251903883165888,1,6.244166900663736,1,6.587550014824796,1,6.405228458030842,5,7.891330757661889,86.0,1,Pass,1
593722,0.03934282681011868,0.08997805068861582,0.14691144487905536,0.11585882732168276,0.12125925599269666,0.3469787047167101,0.22019813782177414,0.27176583525109316,0.1629173657074585,0.18226454789683466,0.16805276037003733,0.45290548814418674,0.20557781329573063,0.19759549269185528,0.3662632083432555,0.4456257081031338,0.23691832334542337,0.3757449065741209,0.5236283142790035,0.33021298776721314,504.0,528.0,252.0,718.0,509.0,1,6.22455842927536,1,6.270988431858299,1,5.53338948872752,1,6.577861357721047,1,6.234410725718371,5,7.828834527588089,82.0,1,Fail,0
593796,0.1898946485341544,0.1695503555461074,0.3300562219823931,0.2013739065275932,0.3134813946777734,0.18516142019973605,0.3096164567963896,0.2598840140720127,0.15773129070125957,0.2743305759161277,0.24816008608688667,0.20875932863489563,0.12539115088184544,0.309191168537209,0.17063094209266297,0.37678384517922286,0.31207385902260726,0.2846686130637487,0.3317036342339382,0.24155708731343578,1424.0,1349.0,1184.0,2494.0,2295.0,1,7.261927092702751,1,7.2078598714324755,1,7.077498053569231,1,7.822044008185619,1,7.738923757439457,5,9.076466063419854,82.0,1,Distinction,1
594065,0.2140553458565327,0.24106766097907253,0.05012899426020472,0.22619876703052003,0.273900894371034,0.17415180414610038,0.11541791210611296,0.36458674602385854,0.2402597105095236,0.298015909459686,0.3017427407480549,0.25997737583328967,0.21641162571295217,0.08482146905643793,0.20057062921666596,0.310050109249312,0.3835370510815249,0.3688726340029845,0.44872005340351834,0.22751256695261404,601.0,399.0,248.0,643.0,834.0,1,6.400257445308821,1,5.991464547107982,1,5.517452896464707,1,6.467698726104354,1,6.727431724850855,5,7.9105906122564775,84.0,1,Distinction,1
594122,0.0800246927762897,0.18966234557952896,0.22012578238507044,0.20258577226443394,0.2766618018940601,0.31717119732147186,0.18758458595794672,0.20628247789177429,0.28145563701376164,0.2621023929481583,0.2243281468148651,0.29571165040074987,0.31893316445503656,0.22370684279898861,0.16079157950863512,0.37847596308737336,0.32704141806177445,0.2546585752681188,0.29225174792281583,0.3004442256491465,334.0,470.0,321.0,393.0,1397.0,1,5.814130531825066,1,6.154858094016418,1,5.7745515455444085,1,5.976350909297934,1,7.242797922793756,5,7.977968093128549,72.0,1,Pass,1
594229,0.15830430410986582,0.23830220327954318,0.17910555695998362,0.3435534246406476,0.31809383908340416,0.35503568041551936,0.20593197241369698,0.34303723354935295,0.27627479264993354,0.3423740600398202,0.23483116612322813,0.25738467607819154,0.24425490993494323,0.06189049690386059,0.0142431630220114,0.2518288493513866,0.2983811482285682,0.2336022995557201,0.31828128580555837,0.3252889378547641,673.0,457.0,462.0,649.0,683.0,1,6.513230110912307,1,6.126869184114185,1,6.137727054086234,1,6.476972362889683,1,6.52795791762255,5,7.981049759665957,78.0,1,Pass,1
594258,0.06468543117681237,0.0643656081238347,0.0,0.0,0.3804276100764032,0.22377482587825154,0.5385034170798793,0.0,0.20186107482051024,0.0,0.0,0.0,0.36052852717443507,0.3575451669748349,0.22041861280515943,0.7115397429449362,0.3971309747962861,0.6394714728255649,0.44059375820465496,0.39915377711843747,39.0,38.0,17.0,18.0,149.0,1,3.6888794541139363,1,3.6635616461296463,1,2.8903717578961645,1,2.9444389791664403,1,5.0106352940962555,5,5.568344503761097,70.0,1,Fail,0
594406,0.2931100952471223,0.18935481114263136,0.19301419516947999,0.0,0.1318876601935624,0.17794208632406483,0.26405799924653894,0.3493736221312961,0.0,0.4516822635812489,0.15930463839380135,0.29479697793975523,0.04209722438059664,0.0,0.39846136294879614,0.3696431800350115,0.25179021167107457,0.41551495831862745,0.0,0.017968713276392486,140.0,476.0,139.0,,265.0,1,4.948759890378168,1,6.1675164908883415,1,4.941642422609304,0,0.0,1,5.583496308781699,4,6.928537818164665,68.0,1,Fail,0
594615,0.6088699247283109,0.0,0.0,0.0,0.0,0.0,0.2333726862524732,0.0,0.0,0.0,0.0,0.0,0.0,0.0,0.0,0.391130075271689,0.7666273137475268,0.0,0.0,0.0,124.0,110.0,,,,1,4.8283137373023015,1,4.709530201312334,0,0.0,0,0.0,0,0.0,2,5.459585514144159,68.0,1,Fail,0
594636,0.21419293193505082,0.23340082954151956,0.27856280912115694,0.2603396157346926,0.4413858448999363,0.29300021164543255,0.3139326767642638,0.22587491514174238,0.2742286177990086,0.1742416174609474,0.35484756278536206,0.25139991222812735,0.2676919888082753,0.23447832599163757,0.05696031926267636,0.13795929363415466,0.20126658146608922,0.22787028692882533,0.23095344047466124,0.3274122183764399,589.0,562.0,497.0,1217.0,641.0,1,6.380122536899765,1,6.333279628139691,1,6.210600077024653,1,7.1049654482698426,1,6.464588303689961,5,8.162516250140179,78.0,1,Pass,1
595721,0.5501593834914422,0.07720492337844466,0.2727488136836648,0.15931525703207058,0.40094747459570057,0.24373810582888955,0.2139947734226889,0.1309024523817811,0.18878938281970495,0.2033683674690779,0.20610251067966817,0.45845125320227387,0.1251353551658515,0.08353370614438131,0.14753579576420325,0.0,0.25034904999659263,0.4712133787687025,0.5683616540038431,0.2481483621710183,159.0,249.0,152.0,349.0,392.0,1,5.075173815233827,1,5.521460917862246,1,5.030437921392435,1,5.857933154483459,1,5.973809611869261,5,7.171656822768514,84.0,1,Pass,1
595943,0.2508860560908648,0.19515964954592657,0.38503920363531374,0.29949986615225815,0.26804569459362526,0.08750266038096079,0.16219769725918912,0.3546034810276393,0.18014686182845152,0.26388177749401004,0.2372423938972526,0.22443514015602867,0.040674923806829466,0.23497078347418268,0.21945342579204044,0.42436888963092184,0.4182075130388557,0.21968239153021732,0.28538248854510767,0.24861910212032415,431.0,513.0,447.0,700.0,1061.0,1,6.068425588244111,1,6.2422232654551655,1,6.104793232414985,1,6.55250788703459,1,6.967909201801884,5,8.056109659545061,100.0,1,Pass,1
596243,0.1339362120840325,0.09822244979282325,0.2547486931912601,0.18275959572690276,0.3337397604213858,0.30118794494966766,0.48165121321610055,0.23803530619471602,0.28578399588750886,0.18579394447803083,0.17966645704118142,0.04911122489641163,0.0,0.0,0.09284037705385956,0.38520938592511844,0.37101511209466453,0.5072160006140238,0.5314564083855884,0.3876259180467238,288.0,73.0,330.0,304.0,694.0,1,5.666426688112432,1,4.30406509320417,1,5.802118375377063,1,5.720311776607412,1,6.543911845564792,5,7.432483807917119,88.0,1,Pass,1
596253,0.061738314368830614,0.15699664559797313,0.16701065497434125,0.21039401222899548,0.3139694890550308,0.18433212722522233,0.17728102076365831,0.23288321424223477,0.04761732730176573,0.17914285692464527,0.17933427641894806,0.2941203856260891,0.12487124058950368,0.17985024451212228,0.1627390985833132,0.5745952819869992,0.3716019480122795,0.4752348901939204,0.5621384159571164,0.3441485554370107,369.0,634.0,360.0,513.0,656.0,1,5.91350300563827,1,6.453624998892692,1,5.8888779583328805,1,6.2422232654551655,1,6.48768401848461,5,7.837159650001675,72.0,1,Pass,1
596758,0.2085239758422036,0.04982431063482471,0.34959159435161324,0.3188017585045583,0.21380639147496466,0.25491947610778776,0.26216970372152204,0.18079267760693657,0.23349605617276353,0.1475466591709569,0.29666439700870423,0.36120317028557425,0.2932496450538578,0.22577101634732288,0.4351161781978244,0.23989215104130432,0.3268028153580789,0.17636608298759246,0.22193116897535528,0.20353077115625406,581.0,199.0,572.0,594.0,572.0,1,6.366470447731438,1,5.298317366548036,1,6.35088571671474,1,6.38856140554563,1,6.35088571671474,5,7.831617276352611,94.0,1,Pass,1
597740,0.3824666888598572,0.12345889390389873,0.18925834663221475,0.3099354832751481,0.1489933746565468,0.17248562393979516,0.2671255992560021,0.16399645959322115,0.3824277344728885,0.3768000873465938,0.10111102603161294,0.261886362113971,0.1606037605851894,0.13324375190396737,0.19611706150645475,0.3439366611687347,0.3475291447261283,0.48614143318937464,0.17439303034799603,0.27808947649040466,739.0,393.0,231.0,450.0,252.0,1,6.606650186198215,1,5.976350909297934,1,5.44673737166631,1,6.111467339502679,1,5.53338948872752,5,7.633369649679584,76.0,1,Pass,1
597937,0.08015751861176261,0.23030471533792446,0.26498984879938664,0.285496730979705,0.28316199985995805,0.39128420606285325,0.24523059603898031,0.20507516310926482,0.2181031659410562,0.2516868613239082,0.29510363169568427,0.2598009519013904,0.26703939043090674,0.2265699807275164,0.26599685009988694,0.23345464362969995,0.2646637367217047,0.2628955976604416,0.2698301223517224,0.19915428871624682,243.0,539.0,636.0,473.0,1396.0,1,5.497168225293202,1,6.29156913955832,1,6.456769655572163,1,6.161207321695077,1,7.242082359256962,5,8.098034756176071,64.0,1,Fail,0
598308,0.22094356330950865,0.1102938731442961,0.26526974270020076,0.30465670070405704,0.32784900600466804,0.1910107963079507,0.29329251805349377,0.4170871839568471,0.06721487952829924,0.3177153939245274,0.137513808615103,0.15029743961354455,0.1695812123618566,0.2035191487369622,0.21134937577371204,0.4505318317674376,0.44611616918866553,0.1480618609810955,0.42460927103068147,0.14308622429709256,251.0,275.0,522.0,444.0,1357.0,1,5.529429087511423,1,5.62040086571715,1,6.259581464064923,1,6.09807428216624,1,7.213768308118642,5,7.955074273262696,76.0,1,Pass,1
598540,0.22377989520952685,0.2556574176759846,0.30644862157347347,0.3147135151501087,0.33088159450263505,0.1790427210961988,0.264053071465443,0.263093331357767,0.2665812402260775,0.29309299746107303,0.20142969081412124,0.24611236869684258,0.17919108354530705,0.21664215814462942,0.16738143880761125,0.39574769288015316,0.2341771421617299,0.2512669635234525,0.2020630864791844,0.2086439692286807,585.0,868.0,537.0,703.0,2078.0,1,6.373319789577012,1,6.767343125265392,1,6.2878585601617845,1,6.556778356158042,1,7.639642287858013,5,8.470520783217808,64.0,1,Pass,1
598559,0.1554115445970045,0.17063274896294578,0.3181314503323937,0.43494823694147305,0.2505424436876908,0.2610794477137034,0.2790602999979398,0.24261228724125034,0.13974439492581817,0.2654249405127336,0.1883736090331013,0.22298644507507337,0.24203293818652213,0.22046260925338546,0.25180337213377746,0.39513539865619085,0.32732050596404094,0.19722332423983385,0.2048447588793232,0.23222924366579817,395.0,521.0,880.0,608.0,1207.0,1,5.981414211254481,1,6.257667587882639,1,6.78105762593618,1,6.411818267709897,1,7.0967213784947605,5,8.192016914536875,94.0,1,Pass,1
598757,0.0,0.0,0.0,0.0,0.0,1.0,0.0,0.0,0.0,0.0,0.0,0.0,0.0,0.0,0.0,0.0,0.0,0.0,0.0,0.0,152.0,,,,,1,5.030437921392435,0,0.0,0,0.0,0,0.0,0,0.0,1,5.030437921392435,44.0,1,Fail,0
599297,0.2511575322213794,0.5303290195561404,0.0,0.0,0.0,0.04364247470119272,0.46967098044385963,0.0,0.0,0.0,0.5542218361805434,0.0,0.0,0.0,0.0,0.15097815689688446,0.0,0.0,0.0,0.0,131.0,14.0,,,,1,4.882801922586371,1,2.70805020110221,0,0.0,0,0.0,0,0.0,2,4.983606621708336,72.0,1,Fail,0
599865,0.2973722192233741,0.0,0.0,0.0,0.0,0.10981371934980758,0.0,0.0,0.0,0.0,0.27155680257027986,0.0,0.0,0.0,0.0,0.32125725885653844,0.0,0.0,1.0,0.0,117.0,,,17.0,,1,4.770684624465665,0,0.0,0,0.0,1,2.8903717578961645,0,0.0,2,4.90527477843843,74.0,1,Fail,0
600071,0.25776950373322594,0.11492294515303468,0.38158521456398625,0.1577311700805292,0.5108383252443236,0.22999548636353515,0.3196856482433445,0.154867795136568,0.2184150866203503,0.31162055965988256,0.2772859109941162,0.2691299653990427,0.07853948753291709,0.3362882815489734,0.09272330043835844,0.23494909890912272,0.29626144120457815,0.3850075027665287,0.28756546175014724,0.08481781465743554,642.0,539.0,590.0,730.0,670.0,1,6.466144724237619,1,6.29156913955832,1,6.3818160174060985,1,6.594413459749778,1,6.508769136971682,5,8.06211758275474,64.0,1,Pass,1
600405,0.06989786686784862,0.21773107934004243,0.0,0.0,0.0,0.1048141169603224,0.23348398928460043,0.0,0.0,0.0,0.47290317656392555,0.2150022208499107,0.0,0.0,0.0,0.35238483960790334,0.33378271052544656,0.0,0.0,0.0,444.0,441.0,,,,1,6.09807428216624,1,6.091309882077698,0,0.0,0,0.0,0,0.0,2,6.786716950605081,78.0,1,Fail,0
600893,0.6562748686895508,0.0,0.0,0.0,0.0,0.2042813894521842,0.0,0.0,0.2194838485565897,0.0,0.0,0.0,0.0,0.14982103461435203,0.0,0.13944374185826497,0.0,0.0,0.6306951168290582,0.0,31.0,,,83.0,,1,3.4657359027997265,0,0.0,0,0.0,1,4.430816798843313,0,0.0,2,4.74493212836325,68.0,1,Fail,0
601008,0.2676363036386626,0.15880012363793597,0.0,0.0,0.0,0.1493054594468829,0.12435508282963523,0.0,0.06487488376310176,0.18764297140512737,0.06177232578206037,0.0,0.1394141469733111,0.0,0.36367411284052537,0.5212859111323942,0.7168447935324288,0.8605858530266889,0.9351251162368982,0.4486829157543472,397.0,183.0,249.0,113.0,171.0,1,5.986452005284438,1,5.214935757608986,1,5.521460917862246,1,4.736198448394496,1,5.147494476813453,5,7.01571242048723,92.0,1,Pass,1
601235,0.29164336818289327,0.2220420602941476,0.3027776553021578,0.3082419577314105,0.336303697283229,0.1896079338022143,0.35918728904924957,0.4146450677733069,0.21096394708036467,0.2523946011898128,0.26281991002782495,0.11649184335176493,0.09936308119855805,0.28648002399045064,0.14837600046378854,0.2559287879870676,0.30227880730483786,0.1832141957259773,0.1943140711977743,0.26292570106316965,375.0,421.0,603.0,956.0,630.0,1,5.929589143389895,1,6.045005314036012,1,6.403574197934815,1,6.863803391452954,1,6.447305862541213,5,8.001689978099135,64.0,1,Pass,1
601271,0.33231566640396376,0.27488583248467263,0.18321682280942797,0.25821899137670684,0.25963185166795644,0.28427790926293034,0.25652200603019565,0.5313080569537975,0.16361005256258582,0.30694774460598245,0.12214679825937484,0.22528585449239463,0.0,0.31492817258399824,0.1948065287770567,0.26125962607373104,0.24330630699273703,0.2854751202367746,0.263242783476709,0.2386138749490044,232.0,332.0,145.0,275.0,434.0,1,5.4510384535657,1,5.808142489980444,1,4.983606621708336,1,5.62040086571715,1,6.075346031088684,5,7.257707677160043,72.0,1,Fail,0
601820,0.0,0.11859598095056727,0.0,0.0,0.03595475217861236,0.130728030506817,0.0,0.0,0.0,0.14047128315405552,0.08248020407254801,0.23719196190113453,0.0,0.14489113581235658,0.14047128315405552,0.786791765420635,0.6442120571482983,0.0,0.8551088641876434,0.6831026815132766,56.0,112.0,,105.0,147.0,1,4.04305126783455,1,4.727387818712341,0,0.0,1,4.663439094112067,1,4.997212273764115,4,6.042632833682381,74.0,1,Pass,1
602594,0.366149836183215,0.08631032216545843,0.19039317443764547,0.2700329846157974,0.3155313501335055,0.0897169826892613,0.24838665876921584,0.24706727523763616,0.21974327796296073,0.25968381385549955,0.25276297111420454,0.25881793088845506,0.2523742063947218,0.23288438206508202,0.14124719439136918,0.29137021001331914,0.4064850881768706,0.3101653439299965,0.27733935535615983,0.2835376416196257,263.0,275.0,669.0,801.0,1437.0,1,5.575949103146316,1,5.62040086571715,1,6.507277712385012,1,6.687108607866515,1,7.271008538280992,5,8.144969417087875,80.0,1,Pass,1
603648,0.16983761911881778,0.2640335077809306,0.32140954276622885,0.14971340619060935,0.4045434142747093,0.2027982239264912,0.09491084911951969,0.1712406797305011,0.17787448081914597,0.22306801181959052,0.26664310877922387,0.18790670817059626,0.14725592500845042,0.27591997339790686,0.07881176340847951,0.36072104817546724,0.4531489349289535,0.3600938524948197,0.3964921395923378,0.29357681049722056,568.0,509.0,550.0,863.0,1114.0,1,6.343880434126331,1,6.234410725718371,1,6.311734809152915,1,6.761572768804055,1,7.016609683894219,5,8.190077049719049,84.0,1,Pass,1
604567,0.0,0.3239362836435214,0.48621840375714853,0.07066043686407267,0.17545072169003953,0.19283779944620721,0.16142036208785845,0.284447154032557,0.1904110255053212,0.36737254560626786,0.30624813377525206,0.16438940256787096,0.0,0.10115221671496934,0.2338011357853322,0.5009140667785407,0.3502539517007493,0.22933444221029453,0.6377763209156367,0.22337559691836034,520.0,207.0,351.0,306.0,473.0,1,6.255750041753367,1,5.337538079701318,1,5.863631175598097,1,5.726847747587197,1,6.161207321695077,5,7.527255919373784,94.0,1,Pass,1
604614,0.17274037466601902,0.028996683438616475,0.5340956395400678,0.5834972518029411,0.3844241886217548,0.2227402422170093,0.12091399522959508,0.0,0.0,0.3034649112027693,0.0,0.3296806150745768,0.19855480267052966,0.07665553366395021,0.15688649055233858,0.6045193831169717,0.5204087062572116,0.26734955778940245,0.33984721453310873,0.1552244096231373,140.0,205.0,103.0,510.0,455.0,1,4.948759890378168,1,5.327876168789581,1,4.6443908991413725,1,6.236369590203704,1,6.1224928095143865,5,7.254177846456518,60.0,1,Pass,1
604907,0.21032681981141113,0.0,0.0,0.0,0.0,0.0,0.0,0.0,0.0,0.0,0.0,0.0,0.0,0.0,0.0,0.7896731801885889,0.0,0.0,0.0,0.0,246.0,,,,,1,5.5093883366279774,0,0.0,0,0.0,0,0.0,0,0.0,1,5.5093883366279774,64.0,1,Fail,0
605180,0.10996993919938741,0.0,0.0,0.2913082119565355,0.6868343682722334,0.22162150117088197,0.531961264752369,0.0,0.19984943175010583,0.0,0.2733873099345159,0.18369215821228405,0.0,0.0,0.0,0.39502124969521474,0.2843465770353469,1.0,0.5088423562933587,0.3131656317277665,160.0,184.0,28.0,529.0,146.0,1,5.081404364984463,1,5.220355825078324,1,3.367295829986474,1,6.272877006546167,1,4.990432586778736,5,6.954638864880987,78.0,1,Pass,1
605228,0.10496955866149199,0.0,0.5140567492912893,0.0,0.0,0.3399224138284542,0.0,0.057117416587921035,0.0,0.0,0.09715067567705815,0.0,0.2174662771812358,0.0,0.0,0.4579573518329957,0.0,0.21135955693955388,0.0,0.0,301.0,,42.0,,,1,5.71042701737487,0,0.0,1,3.7612001156935624,0,0.0,0,0.0,2,5.840641657373398,86.0,1,Fail,0
605394,0.0,0.0,0.08493911287732293,0.0,0.6031156715075584,0.0,0.0,0.0,0.0,0.0,0.0,0.2646071502619647,0.0,0.0,0.0,0.0,0.7353928497380352,0.9150608871226771,0.0,0.39688432849244154,,144.0,36.0,,181.0,0,0.0,1,4.976733742420574,1,3.6109179126442243,0,0.0,1,5.204006687076795,3,5.8916442118257715,80.0,0,Fail,0
605682,0.21205816277273384,0.18533438644024783,0.30367215609095893,0.1591079612981884,0.3588502033085257,0.28976613667703754,0.24042830901934442,0.21358770715327127,0.23789549474069582,0.2295444665838596,0.3351253443142313,0.3479932314582341,0.1924649201086595,0.32487463077042017,0.20386691984978866,0.16305035623599734,0.22624407308217365,0.29027521664711026,0.27812191319069557,0.20773841025782605,318.0,241.0,493.0,646.0,651.0,1,5.765191102784844,1,5.488937726156687,1,6.202535517187923,1,6.472346294500901,1,6.480044561926653,5,7.762170607138205,72.0,1,Pass,1
606257,0.15277225788854973,0.1890155903408096,0.3200884988579249,0.14836219342486995,0.242323496959133,0.21569158333209226,0.18561470413790057,0.24231041964836908,0.18635889238332093,0.27689400436326816,0.28110916356776855,0.32906569620975473,0.21348645864051227,0.06187793457569209,0.3362058687685801,0.3504269952115895,0.29630400931153517,0.22411462285319375,0.603400979616117,0.14457662990901873,649.0,529.0,1637.0,569.0,1703.0,1,6.476972362889683,1,6.272877006546167,1,7.401231264413015,1,6.345636360828596,1,7.440733707389261,5,8.534640105019959,80.0,1,Pass,1
606904,0.1879828544020183,0.09918529969319839,0.41296570126709226,0.0,0.4698496340272357,0.2916100110028344,0.12819514016485373,0.0,0.1732937576607775,0.13561705821884673,0.2389640488818552,0.049592649846599196,0.2462472149409579,0.6255184200486418,0.24355317588603448,0.281443085713292,0.7230269102953487,0.34078708379194983,0.2011878222905807,0.15098013186788317,409.0,69.0,268.0,154.0,55.0,1,6.016157159698354,1,4.248495242049359,1,5.594711379601839,1,5.043425116919247,1,4.02535169073515,5,6.862757913051401,88.0,1,Fail,0
607243,0.2571180134407508,0.21017347116810314,0.30102366981853385,0.21706267443268704,0.35926953444285525,0.22078845656367516,0.21505498635051767,0.16719303274764374,0.19945694208239598,0.29524040141728713,0.2535935859377231,0.2742608350883425,0.26100043279510493,0.2773319105836709,0.21556397231014146,0.26849994405785094,0.30051070739303676,0.2707828646387176,0.30614847290124597,0.12992609182971618,1153.0,1074.0,1191.0,1867.0,1819.0,1,7.050989447068045,1,6.980075940561763,1,7.083387847625295,1,7.532623618788788,1,7.506591780070841,5,8.868554040531201,84.0,1,Pass,1
607303,0.2559581227101775,0.24980492867193252,0.42076862086414724,0.12861019016986847,0.17495254433704235,0.1843407055830671,0.3083210808672157,0.1392370616644758,0.19571782918050346,0.2387655058276816,0.22665478660366287,0.11757419445764689,0.13916024873177615,0.3743568930916085,0.35821744376387427,0.3330463851030925,0.32429979600320485,0.30083406873960084,0.30131508755801956,0.22806450607140183,686.0,409.0,386.0,708.0,1200.0,1,6.532334292222349,1,6.016157159698354,1,5.958424693029782,1,6.5638555265321274,1,7.0909098220799835,5,8.128585200374497,92.0,1,Pass,1
607501,0.4067077989067225,0.1856018872875365,0.45617974216479,0.12003420640920452,0.3221766688937062,0.2902922350123379,0.2500799117732075,0.06926951191496701,0.10705420510412547,0.3331874393284341,0.0,0.2685266576813694,0.0408471849779306,0.3560063884230732,0.14728216038488626,0.3029999660809396,0.2957915432578867,0.4337035609423124,0.4169052000635969,0.19735373139297355,639.0,1068.0,566.0,824.0,766.0,1,6.461468176353717,1,6.974478911025045,1,6.340359303727752,1,6.715383386334681,1,6.642486801367256,5,8.259458195332408,90.0,1,Pass,1
607679,0.22977912248899204,0.16613502443502837,0.28739360453391416,0.278045612185142,0.2810328975009161,0.2696705731282626,0.3961709099243668,0.35447493999370117,0.2498884675927521,0.25704543216879044,0.24608374839115407,0.07842215913512249,0.10865951913504593,0.2801182363031211,0.18350144387077857,0.2544665559915914,0.35927190650548235,0.24947193633733877,0.1919476839189847,0.2784202264595148,632.0,564.0,551.0,1013.0,1350.0,1,6.450470422144176,1,6.336825731146441,1,6.313548046277095,1,6.921658184151129,1,7.208600337960199,5,8.321421586897879,76.0,1,Pass,1
607700,0.3012448362314132,0.2894645425735847,0.47859676089286857,0.18029580050031654,0.26230394771424903,0.16296529945324778,0.2641302640450345,0.12776328926397884,0.12665104643209746,0.15293187181063775,0.14360078507886373,0.22617215150616463,0.0,0.19311123170731753,0.4729062215041561,0.3921890792364753,0.22023304187521625,0.3936399498431526,0.4999419213602685,0.11185795897095714,442.0,189.0,245.0,433.0,239.0,1,6.093569770045136,1,5.247024072160486,1,5.5053315359323625,1,6.073044534100405,1,5.480638923341991,5,7.3453648404168685,80.0,1,Pass,1
607866,0.0,0.0,0.0,0.0,0.0,0.0,0.0,0.0,0.5137704268206332,0.0,0.0,0.0,0.0,0.4862295731793668,0.0,0.0,0.0,0.0,0.0,0.0,,,,15.0,,0,0.0,0,0.0,0,0.0,1,2.772588722239781,0,0.0,1,2.772588722239781,70.0,1,Pass,1
609142,0.20436595845566188,0.26393254998374505,0.26749072764093684,0.28283704607799115,0.31100588663721623,0.26510462031332366,0.27096046966544884,0.37738936790026256,0.28072277728224826,0.2572728599556636,0.3202377314237333,0.2914368966172447,0.11142513296002857,0.17628301240467228,0.3181025360908276,0.21029168980728133,0.17367008373356138,0.24369477149877214,0.26015716423508833,0.11361871731629242,1235.0,907.0,502.0,814.0,1613.0,1,7.119635638017636,1,6.811244378601294,1,6.220590170099739,1,6.703188113240863,1,7.3864708488298945,5,8.531490496117062,88.0,1,Distinction,1
609240,0.20396354818513238,0.26809855037594366,0.26207906389356694,0.32378737588314255,0.2502021195286609,0.3410705800418967,0.18236082153872796,0.29216251272316424,0.299973069721347,0.3187620044837253,0.19073905621406093,0.19471136284442006,0.0,0.31889210857191375,0.22380313215958642,0.26422681555891,0.35482926524090824,0.4457584233832689,0.05734744582359661,0.20723274382802742,815.0,461.0,329.0,549.0,790.0,1,6.704414354964107,1,6.135564891081739,1,5.799092654460526,1,6.309918278226516,1,6.673297967767654,5,7.987864096085687,88.0,1,Pass,1
611603,0.25499836819905786,0.4645497776277895,0.23455930375347994,0.11610416068574173,0.0,0.0,0.08457115335479486,0.051158390873771976,0.0,0.0,0.5808603878189935,0.07596556504658879,0.4384200229427816,0.0,0.3143175108404125,0.16414124398194868,0.37491350397082696,0.2758622824299666,0.8838958393142583,0.6856824891595875,299.0,141.0,96.0,145.0,295.0,1,5.703782474656201,1,4.955827057601261,1,4.574710978503383,1,4.983606621708336,1,5.69035945432406,5,6.884486652042782,86.0,1,Pass,1
612842,0.15893521087095522,0.19597737349424862,0.16812742002594902,0.17779896457398184,0.38179640006324184,0.29072681321257793,0.06749281768534025,0.060668578892356315,0.3347212068805122,0.37344250577714516,0.24179655908404893,0.05348679254963698,0.3933900146852259,0.26035958606224,0.19962621513536385,0.3085414168324179,0.6830430162707741,0.3778139863964688,0.22712024248326604,0.04513487902424916,570.0,174.0,130.0,607.0,931.0,1,6.3473892096560105,1,5.1647859739235145,1,4.875197323201151,1,6.410174881966167,1,6.837332814685591,5,7.7886260656250315,76.0,1,Pass,1
613165,0.5359090075719725,0.0578821345729348,0.24591126733740185,0.30196268121242054,0.27703773568169116,0.021381424054778855,0.0578821345729348,0.43709054530981234,0.11010603247545685,0.31356668036965396,0.12544795850013524,0.4746145381177903,0.20244208807845074,0.25988122812495495,0.32498360834170864,0.3172616098731135,0.4096211927363402,0.11455609927433498,0.3280500581871678,0.08441197560694633,1726.0,283.0,281.0,1730.0,1395.0,1,7.454141078146678,1,5.648974238161206,1,5.641907070938114,1,7.456454555176209,1,7.241366283322318,5,8.59711281459211,84.0,1,Pass,1
613330,0.2112549284156021,0.30146639928745866,0.44666737058367006,0.35828333914101723,0.4606387113529824,0.26025983418305426,0.29467670322515205,0.3034314987313491,0.377417432214908,0.06766356966980779,0.22196106812227812,0.13454328089958414,0.10823890830654956,0.0,0.27348454955703866,0.3065241692790655,0.26931361658780517,0.1416622223784313,0.26429922864407496,0.19821316942017117,1747.0,566.0,690.0,693.0,1002.0,1,7.466227556215481,1,6.340359303727752,1,6.53813982376767,1,6.542471960506805,1,6.910750787961936,5,8.455104999102815,92.0,1,Pass,1
613634,0.31478546049667444,0.3676605957439308,0.068003477347856,0.3356664407537106,0.24378140561056266,0.16570411623444087,0.14435291334305528,0.24774252554020304,0.3746420651186742,0.2757093913325351,0.254355042343801,0.2653011683958774,0.34383193682320307,0.1697566353258015,0.2679906676881043,0.26515538092508356,0.22268532251713655,0.34042206028873784,0.1199348588018136,0.212518535368798,176.0,536.0,214.0,842.0,968.0,1,5.176149732573829,1,6.285998094508865,1,5.3706380281276624,1,6.736966958001855,1,6.876264611890766,5,7.914617709040679,70.0,1,Pass,1
613899,0.29686648101290586,0.18833306544225928,0.23066870514596532,0.23781542198351907,0.24906287916863204,0.2699475449882853,0.25037796899069403,0.25267087584481795,0.1818184739697241,0.3230073127707057,0.21096089872834684,0.24973633299249132,0.2078260684109177,0.27775285364095076,0.2766584029868656,0.2222250752704619,0.3115526325745554,0.30883435059829895,0.30261325040580606,0.15127140507379652,1416.0,1327.0,1942.0,1981.0,1522.0,1,7.256297239690681,1,7.191429330036379,1,7.57198844937744,1,7.591861714889934,1,7.328437352895162,5,9.010547069270189,94.0,1,Distinction,1
613966,0.2530058201379599,0.18426280942149312,0.0,0.0,0.0,0.20762421893618477,0.32005549659125715,0.0,0.0,0.0,0.16220884067494834,0.21750380434184166,0.0,0.0,0.0,0.377161120250907,0.2781778896454081,0.0,0.0,0.0,955.0,677.0,,,,1,6.862757913051401,1,6.519147287940395,0,0.0,0,0.0,0,0.0,2,7.398174092970465,82.0,1,Fail,0
614059,0.2814468534237141,0.25987778699853176,0.3405604192387625,0.1301117526242386,0.5347663284186498,0.1848434798154895,0.051449206066067454,0.0,0.13548754374113622,0.17896899431742747,0.19397930315219075,0.2586959049755603,0.12415836032786191,0.2312126470603472,0.09648584062502594,0.3397303636086056,0.4299771019598405,0.5352812204333756,0.503188056574278,0.18977883663889675,101.0,344.0,72.0,200.0,385.0,1,4.624972813284271,1,5.84354441703136,1,4.290459441148391,1,5.303304908059076,1,5.955837369464831,5,7.005789019253503,84.0,1,Pass,1
614984,0.22427911861967936,0.37176023865564883,0.25477730191816494,0.3650752601543271,0.4534481069510783,0.3889595804406704,0.08136035439176398,0.20586001384512398,0.21539462325373232,0.09834572281314465,0.14118732226687952,0.25966170644500464,0.22270935097009567,0.12392905408305084,0.3112138982831811,0.24557397867277092,0.28721770050758244,0.31665333326661527,0.29560106250888973,0.13699227195259592,256.0,309.0,380.0,592.0,684.0,1,5.54907608489522,1,5.736572297479192,1,5.942799375126701,1,6.385194398997726,1,6.529418838262226,5,7.706162970199576,68.0,1,Pass,1
615266,0.2672071194749606,0.2533014390541053,0.43040017374504214,0.3266737509604505,0.24774084630034826,0.22795832749975348,0.32134133983270374,0.2530438124964769,0.2565466783838869,0.253209872246242,0.3131027794543396,0.22810223573684382,0.10117816009866212,0.24698837754382005,0.3020205031358838,0.19173177357094623,0.19725498537634722,0.2153778536598188,0.16979119311184246,0.1970287783175258,448.0,801.0,769.0,807.0,650.0,1,6.1070228877422545,1,6.687108607866515,1,6.646390514847729,1,6.694562058521095,1,6.478509642208569,5,8.153637486385282,96.0,1,Distinction,1
615299,0.17117344216961133,0.22034273532911522,0.15908361471220203,0.18444597100029972,0.3097175963122172,0.19752820562109336,0.2603214076562205,0.3185058719659768,0.3345694735042338,0.303494542603787,0.3354038115452447,0.17730182419272403,0.11515493800784952,0.14953845341952918,0.18670652177506566,0.2958945406640507,0.3420340328219403,0.4072555753139716,0.3314461020759373,0.20008133930893013,886.0,978.0,743.0,809.0,1819.0,1,6.787844982309579,1,6.88653164253051,1,6.612041034833092,1,6.697034247666484,1,7.506591780070841,5,8.56331312702979,90.0,1,Distinction,1
615301,0.35235056493226613,0.03881031596163315,0.3807011012311864,0.1134521599640087,0.30010275123764857,0.08950678800562566,0.16629216864283583,0.29361216072909396,0.42027233572964373,0.31022119328347664,0.0,0.2986436244074385,0.19588375599484947,0.15627684451613733,0.21076607231971048,0.5581426470621081,0.4962538909880924,0.12980298204487006,0.3099986597902103,0.1789099831591643,281.0,970.0,1148.0,1252.0,1940.0,1,5.641907070938114,1,6.878326468291325,1,7.046647277848756,1,7.133295954896068,1,7.57095858316901,5,8.629092283913646,76.0,1,Pass,1
615302,0.2009078572585033,0.2138610512708365,0.3185348766585363,0.24508639993423517,0.2980816021183975,0.2727717192439933,0.1651368699018193,0.2801420375568732,0.1478780712181966,0.21099257890364725,0.26630865992305747,0.26206585694199924,0.13044336897399766,0.39287437992206764,0.2786877188026572,0.260011763574446,0.3589362218853449,0.2708797168105928,0.21416114892550056,0.21223810017529804,474.0,626.0,766.0,1028.0,1083.0,1,6.163314804034641,1,6.440946540632921,1,6.642486801367256,1,6.9363427358340495,1,6.988413181999592,5,8.288534459413917,80.0,1,Pass,1
615306,0.26492681877967206,0.24901771962663402,0.36996199191707585,0.3326452269136411,0.3098733870495501,0.15799061755553048,0.1671071236239018,0.2123442517671208,0.12091389978699277,0.3913815708027666,0.24711680634225783,0.23514737136190114,0.11001413553288857,0.23742536010889972,0.23031723500685905,0.3299657573225397,0.34872778538756305,0.30767962078291494,0.3090155131904664,0.06842780714082414,681.0,444.0,892.0,949.0,1405.0,1,6.525029657843462,1,6.09807428216624,1,6.794586580876499,1,6.856461984594587,1,7.2485040723706105,5,8.382975849296429,62.0,1,Pass,1
615340,0.27580822079942946,0.0,0.6457824787326738,1.0,0.2067585479642661,0.46375329501269397,0.0,0.0,0.0,0.0,0.0,0.25216564438227124,0.0,0.0,0.3061651192844379,0.26043848418787663,0.7478343556177288,0.35421752126732625,0.0,0.48707633275129614,245.0,27.0,113.0,9.0,412.0,1,5.5053315359323625,1,3.332204510175204,1,4.736198448394496,1,2.302585092994046,1,6.023447592961033,5,6.693323668269949,52.0,1,Pass,1
615342,0.19072083564179035,0.0,0.5880750248910542,0.20650894088265448,0.41002578320435834,0.14498360162059742,0.3282267734235563,0.18455779369878952,0.18776845632952485,0.5899742167956415,0.0,0.3032742822570712,0.1326570991504151,0.2141075975635441,0.0,0.6642955627376123,0.36849894431937247,0.09471008225974127,0.39161500522427656,0.0,134.0,49.0,315.0,769.0,184.0,1,4.90527477843843,1,3.912023005428146,1,5.755742213586912,1,6.646390514847729,1,5.220355825078324,5,7.280697195384741,70.0,1,Pass,1
615356,0.18535172978926934,0.16539636257020884,0.2383274903865821,0.22786193108940414,0.0,0.3522380682234865,0.21574633446986285,0.23242592056980835,0.19501828726869955,0.0,0.037850106552381614,0.22554941731111106,0.31991461978395397,0.2358148291307579,0.0,0.42456009543486245,0.3933078856488172,0.2093319692596555,0.3413049525111384,0.0,371.0,301.0,353.0,551.0,,1,5.918893854273146,1,5.71042701737487,1,5.869296913133774,1,6.313548046277095,0,0.0,4,7.3632795869630385,80.0,1,Pass,1
616517,0.261703539143498,0.2385025171631814,0.5115966554624096,0.26823813767019367,0.3051399447334683,0.039551316349689294,0.26287659327757473,0.21881612122157798,0.3260039322784343,0.3081410452488278,0.13304905513698723,0.2592487205163805,0.10366650269230875,0.133573533470016,0.27035693416996837,0.5656960893698255,0.2393721690428633,0.16592072062370358,0.27218439658135596,0.11636207584773546,379.0,644.0,511.0,1026.0,819.0,1,5.940171252720432,1,6.4692503167957724,1,6.238324625039508,1,6.934397209928558,1,6.709304340258298,5,8.125630988477065,88.0,1,Distinction,1
616912,0.42552793037300457,0.0,0.19939305425440054,0.1744778638883825,0.5068242450395053,0.09176495601066982,0.374850168587533,0.4048870876096857,0.32603105779867,0.11644033651597575,0.21675887163852373,0.20824098163513519,0.1809102238232979,0.1797312096125446,0.18034477794810375,0.265948241977802,0.4169088497773317,0.21480963431261582,0.31975986870040285,0.19639064049641536,527.0,336.0,278.0,311.0,527.0,1,6.269096283706261,1,5.820082930352362,1,5.631211781821365,1,5.7430031878094825,1,6.269096283706261,5,7.590852123688581,86.0,1,Distinction,1
617010,0.3063136331505836,0.22751979237799563,0.33924280472304674,0.2084551229500584,0.27694400895758686,0.11940079457483448,0.23062673092699748,0.31989379825762904,0.24482543360479533,0.2622828085068038,0.28528879745410757,0.23335839251983762,0.021746934179643938,0.27354736464267515,0.13086532278572666,0.2889967748204743,0.3084950841751692,0.3191164628396802,0.273172078802471,0.3299078597498826,430.0,475.0,715.0,736.0,603.0,1,6.066108090103747,1,6.16541785423142,1,6.573680166960646,1,6.602587892189336,1,6.403574197934815,5,7.992944547318106,86.0,1,Pass,1
617119,0.2694189051646813,0.09646722184306436,0.23925330670818123,0.0,0.09215001072082364,0.13901970857173376,0.27691943293598964,0.07304620296778043,0.17143082357649828,0.1694329303208202,0.24552132695100273,0.22888960112411139,0.08804833325069766,0.26683402100000175,0.40860552234963876,0.3460400593125822,0.39772374409683475,0.5996521570733405,0.5617351554235,0.32981153660871726,370.0,603.0,384.0,782.0,993.0,1,5.916202062607435,1,6.403574197934815,1,5.953243334287785,1,6.663132695990803,1,6.901737206656574,5,8.049746290952191,68.0,1,Pass,1
617332,0.3594535697696976,0.0,0.0,0.0,0.0,0.13089868364165164,0.0,0.0,0.0,0.0,0.2645283047134151,0.0,0.0,0.0,0.0,0.24511944187523563,0.0,0.0,0.0,0.0,197.0,,,,,1,5.288267030694535,0,0.0,0,0.0,0,0.0,0,0.0,1,5.288267030694535,68.0,1,Fail,0
617580,0.20956242760925237,0.21182369195409106,0.25976658520078083,0.25102372290427816,0.28171292685162996,0.24987619746049905,0.282778265719197,0.2267954320866779,0.27177189452193806,0.2594222214523105,0.23381903694629594,0.25473601107335253,0.2678421904743171,0.2480921430575896,0.2429976242141311,0.3067423379839526,0.2506620312533595,0.24559579223822406,0.2291122395161942,0.21586722748192846,1219.0,1604.0,1145.0,1927.0,6450.0,1,7.106606137727303,1,7.380879035564116,1,7.044032897274685,1,7.564238475170491,1,8.771990436532242,5,9.421087402953841,82.0,1,Pass,1
617783,0.1355598594081225,0.2998888399424235,0.33887390983229215,0.2518131169219719,0.0,0.11279371846345915,0.0,0.0,0.0,0.0,0.41692077806860106,0.3010884315043147,0.0,0.23568731021615297,0.0,0.33472564405981725,0.39902272855326193,0.6611260901677078,0.5124995728618752,0.0,328.0,194.0,231.0,514.0,,1,5.796057750765372,1,5.272999558563747,1,5.44673737166631,1,6.244166900663736,0,0.0,4,7.145196134997171,76.0,1,Fail,0
617922,0.3728733101993217,0.23075674004960775,0.2901260791627941,0.22838695756879476,0.18593846823465843,0.20582308551787223,0.29479217260729035,0.25815182513756263,0.49065938674071374,0.3451768311372826,0.08692024035339074,0.16261839129870628,0.1258397048366764,0.1541159684090133,0.15466904808074095,0.33438336392941537,0.31183269604439556,0.32588239086296694,0.1268376872814782,0.31421565254731804,401.0,574.0,272.0,270.0,694.0,1,5.996452088619021,1,6.354370040797351,1,5.60947179518496,1,5.602118820879701,1,6.543911845564792,5,7.701652362642226,86.0,1,Pass,1
618663,0.39056146280924264,0.18118372040877143,0.2742608105951954,0.0,0.3131591990384171,0.0,0.0,0.29220844780927563,0.0,0.03887625313524252,0.18052697236088944,0.40147814054313485,0.0,0.0,0.0,0.42891156482986786,0.4173381390480938,0.4335307415955289,1.0,0.6479645478263404,163.0,118.0,477.0,166.0,425.0,1,5.099866427824199,1,4.77912349311153,1,6.169610732491456,1,5.117993812416755,1,6.054439346269371,5,7.2078598714324755,96.0,1,Pass,1
619204,0.2262607398108623,0.030359887109809528,0.19545726247618697,0.0,0.0465927370660138,0.20857243140415546,0.21887819030393127,0.09374617644613815,0.0,0.10681297612681698,0.30860896987044134,0.25948275094164513,0.15570902866234712,0.38245073294575377,0.14891778246101486,0.2565578589145409,0.4912791716446141,0.5550875324153277,0.6175492670542462,0.6976765043461544,144.0,160.0,58.0,184.0,292.0,1,4.976733742420574,1,5.081404364984463,1,4.07753744390572,1,5.220355825078324,1,5.680172609017068,5,6.732210706467206,88.0,1,Pass,1
619292,0.11527464487819267,0.18773209925185785,0.2870085229556008,0.2651375238640371,0.3063254706181895,0.21420502651451756,0.2889091651720197,0.15947678331472837,0.32452931778627636,0.2921761344682583,0.2595312076790612,0.19936184871690182,0.12833665855217927,0.22924580926836316,0.30036902389051784,0.41098912092822854,0.32399688685922073,0.4251780351774915,0.18108734908132335,0.10112937102303438,705.0,737.0,1149.0,1044.0,1564.0,1,6.559615237493242,1,6.6039438246004725,1,7.047517221357296,1,6.951772164398911,1,7.355641102974253,5,8.556413904569519,90.0,1,Distinction,1
619321,0.0,0.27302070902016745,0.20272004563590573,0.3959112805316797,0.39228752121456195,0.2901000045423263,0.19653974230614857,0.19113721571268416,0.33473194074220025,0.20281769002077527,0.2696184754915356,0.24411967943421384,0.2349398480584489,0.06304140019536103,0.13313365221239443,0.4402815199661381,0.2863198692394701,0.3712028905929612,0.206315378530759,0.2717611365522683,731.0,676.0,569.0,451.0,864.0,1,6.595780513961311,1,6.517671272912275,1,6.345636360828596,1,6.113682179832232,1,6.762729506931879,5,8.09925056179696,90.0,1,Pass,1
619502,0.11455345626577788,0.03013463984206972,0.06802077322643887,0.0208260210537868,0.05017359515737449,0.15994418939309263,0.23034485328343665,0.0,0.03300846240948138,0.08245792925032153,0.11188695524480484,0.1323609036074858,0.06802077322643887,0.10413010526893401,0.16297480307182027,0.6136153990963247,0.6071596032670077,0.8639584535471223,0.8420354112677978,0.7043936725204837,231.0,250.0,296.0,395.0,361.0,1,5.44673737166631,1,5.5254529391317835,1,5.6937321388027,1,5.981414211254481,1,5.8916442118257715,5,7.335633981927201,66.0,1,Pass,1
620094,0.28434970421746014,0.2648422083073424,0.25464193140992114,0.25134124604611935,0.2852376764331881,0.2079420625601304,0.25171104339400924,0.28395963178516487,0.2801467623226794,0.2184951187488285,0.22390033749016647,0.22159366537094957,0.2413593456043452,0.24507311500703483,0.24621890864573712,0.283807895732243,0.2618530829276989,0.22003909120056883,0.2234388766241665,0.25004829617224633,1233.0,1455.0,2462.0,2235.0,4234.0,1,7.1180162044653335,1,7.283448228756631,1,7.809135398120538,1,7.71244383427499,1,8.351138607086154,5,9.360483030405902,92.0,1,Distinction,1
620269,0.30355491751404895,0.12987021901545415,0.2566892883198493,0.2009883969255774,0.37660759908148955,0.11731767543167934,0.365680383298249,0.5014704309979264,0.29965935162885776,0.17393226224737446,0.3029254148059498,0.25924011968122346,0.0,0.0,0.0,0.2762019922483219,0.24520927800507347,0.24184028068222432,0.4993522514455649,0.44946013867113593,459.0,247.0,246.0,273.0,695.0,1,6.131226489483141,1,5.5134287461649825,1,5.5093883366279774,1,5.6131281063880705,1,6.54534966033442,5,7.560601162768557,82.0,1,Pass,1
620431,0.0,0.311746659606186,0.13164738832719705,0.2934880221172712,0.14688945341085577,0.37728685406487134,0.3045128381065789,0.0,0.12957422508183278,0.3549435638261609,0.2751202543678656,0.22255381407383648,0.38917396275257593,0.4440698589111465,0.22056825055589568,0.347592891567263,0.16118668821339857,0.4791786489202271,0.13286789388974946,0.2775987322070876,561.0,961.0,311.0,645.0,808.0,1,6.331501849893691,1,6.8690144506657065,1,5.7430031878094825,1,6.470799503782602,1,6.695798917058491,5,8.097730573664219,82.0,1,Pass,1
620740,0.20948232616222154,0.0,0.22831216291096573,0.5399354539613914,0.10242342185218029,0.44902347364731987,0.11982374434311727,0.2582050181382649,0.0,0.22069482526954773,0.13523688318659607,0.23913249857939517,0.0,0.0,0.2208494974528231,0.20625731700386257,0.6410437570774875,0.5134828189507694,0.4600645460386086,0.45603225542544884,182.0,156.0,44.0,736.0,444.0,1,5.209486152841421,1,5.056245805348308,1,3.8066624897703196,1,6.602587892189336,1,6.09807428216624,5,7.354362330421477,68.0,1,Pass,1
620810,0.3320471148002199,0.08600369760488327,0.05801692714798937,0.33985058673037305,0.13094165304220878,0.41282351351297314,0.037039776466056044,0.22885248963767005,0.17972011758453751,0.1710536321387735,0.0,0.21604894227575253,0.0728270534794526,0.03042550300798707,0.3294630497468643,0.25512937168680694,0.6609075836533082,0.640303529734888,0.45000379267710244,0.3685416650721535,301.0,207.0,443.0,141.0,320.0,1,5.71042701737487,1,5.337538079701318,1,6.095824562432225,1,4.955827057601261,1,5.771441123130016,5,7.253470382684528,96.0,1,Pass,1
622481,0.10343638029728593,0.12692734041448392,0.21300024497930006,0.20128556578404924,0.06720046929220105,0.13766193814633784,0.2234127829352422,0.2390151181018364,0.26508261640355335,0.2821592222530306,0.3470643775137871,0.22910408538163488,0.2153804400215125,0.2673115138521392,0.30842832452479724,0.41183730404258906,0.42055579126863907,0.33260419689735105,0.2663203039602583,0.3422119839299711,441.0,498.0,574.0,602.0,782.0,1,6.091309882077698,1,6.212606095751519,1,6.354370040797351,1,6.401917196727186,1,6.663132695990803,5,7.971776122880628,80.0,1,Distinction,1
622760,0.3082151194077099,0.2203521366018545,0.4053948231745794,0.09856545802377263,0.13545732086995133,0.1410095573878867,0.12307130603719613,0.1723588000019757,0.02210269524300768,0.1749843522022267,0.34479490503584875,0.13481564292736892,0.03333874281617061,0.462442955759155,0.35767721374204453,0.20598041816855456,0.5217609144335804,0.38890763400727424,0.41688889097406473,0.33188111318577745,250.0,372.0,185.0,314.0,432.0,1,5.5254529391317835,1,5.921578419643816,1,5.225746673713202,1,5.752572638825633,1,6.07073772800249,5,7.348587530927593,80.0,1,Distinction,1
622934,0.5006957082015058,0.06845735828991237,0.21510252812285252,0.08862706153843686,0.33977734805097626,0.2562191586752957,0.18443084215703132,0.16473786988675893,0.1082557256185468,0.21933591092365612,0.0,0.1816600783393162,0.08917443330351367,0.0,0.10513410669513651,0.24308513312319868,0.5654517212137401,0.530985168686875,0.8031172128430164,0.3357526343302311,550.0,531.0,720.0,868.0,896.0,1,6.311734809152915,1,6.2766434893416445,1,6.580639137284949,1,6.767343125265392,1,6.799055862058796,5,8.179199798423086,86.0,1,Pass,1
622967,0.27194765025122913,0.22159419369275857,0.12394868825024886,0.0,0.0,0.24238308075165022,0.24961716496604197,0.3041013263565791,0.0,0.0,0.3351895505840563,0.12754720372294168,0.0,0.0,0.0,0.15047971841306432,0.40124143761825787,0.571949985393172,0.0,0.0,178.0,204.0,79.0,,,1,5.187385805840755,1,5.3230099791384085,1,4.382026634673881,0,0.0,0,0.0,3,6.135564891081739,88.0,1,Fail,0
623471,0.27410162502341584,0.20436438164023915,0.34339386405329125,0.15671452170123318,0.23678659373966607,0.21296125819980238,0.28428186600356536,0.29616731487828213,0.2708642164904656,0.280568115172635,0.2402425272216328,0.22869448610260287,0.19552246298497,0.30320289074811996,0.249592647947527,0.272694589555149,0.2826592662535927,0.16491635808345662,0.2692183710601813,0.2330526431401717,766.0,534.0,364.0,593.0,998.0,1,6.642486801367256,1,6.282266746896006,1,5.8998973535824915,1,6.386879319362645,1,6.906754778648554,5,8.08825472712243,86.0,1,Pass,1
623589,0.19273436532769347,0.2377295001660769,0.11843352814086362,0.26228398631922034,0.2289321777183957,0.32481624157343886,0.28735524908487714,0.18371883562647287,0.27464684421011787,0.3070840817443535,0.09846808933650628,0.22585127222611198,0.10777677020649037,0.3017590341451454,0.22446811374026437,0.38398130376236145,0.24906397852293388,0.5900708660261731,0.1613101353255164,0.23951562679698646,388.0,358.0,463.0,561.0,1104.0,1,5.963579343618446,1,5.883322388488279,1,6.139884552226255,1,6.331501849893691,1,7.007600613951853,5,7.963807953231451,86.0,1,Distinction,1
623765,0.13264379244388855,0.10387282229710432,0.22661468250774372,0.04632774272414858,0.26688369637281295,0.1859904867112673,0.26251732864135036,0.23803757965031058,0.30793337188853853,0.24970872566258456,0.2763792694565239,0.2302738884019106,0.33937840788025897,0.3479498592045442,0.26805730186366383,0.4049864513883203,0.4033359606596346,0.19596932996168664,0.2977890261827688,0.2153502761009386,363.0,548.0,580.0,864.0,1093.0,1,5.8971538676367405,1,6.3080984415095305,1,6.364750756851911,1,6.762729506931879,1,6.9975959829819265,5,8.145839612936841,70.0,1,Pass,1
623955,0.3978333540187785,0.0,0.0,0.0,0.0,0.24286996926235688,0.0,0.0,0.0,0.0,0.0,0.0,0.0,0.0,0.0,0.3592966767188646,0.0,0.0,0.0,0.0,100.0,,,,,1,4.61512051684126,0,0.0,0,0.0,0,0.0,0,0.0,1,4.61512051684126,76.0,1,Fail,0
624282,0.33993038171134154,0.21194629695016431,0.1865527435082759,0.27345986256601174,0.5208899694132206,0.18858479365734757,0.23877037744069954,0.0,0.26631725955885877,0.3991830548631167,0.2368130477155642,0.19062510565925675,0.31766553087055943,0.2367741207328606,0.0,0.23467177691574664,0.3586582199498795,0.4957817256211645,0.2234487571422688,0.07992697572366265,524.0,490.0,360.0,922.0,925.0,1,6.263398262591624,1,6.19644412779452,1,5.8888779583328805,1,6.827629234502852,1,6.8308742346461795,5,8.07775756373692,92.0,1,Distinction,1
624864,0.16526336533087949,0.1523038502483248,0.28251654551663274,0.3210616255303652,0.37350062597743566,0.15396636895731558,0.26542067146936055,0.151439931431516,0.18397547983230328,0.24417653972448042,0.3122380749585256,0.43633025785180723,0.3344585637646179,0.31169171488142866,0.1366670420191445,0.3685321907532794,0.14594522043050737,0.2315849592872333,0.18327117975590285,0.24565579227893958,769.0,428.0,748.0,762.0,960.0,1,6.646390514847729,1,6.061456918928017,1,6.618738983517219,1,6.637258031284457,1,6.8679744089702925,5,8.207401833376355,82.0,1,Distinction,1
624970,0.36969671434779544,0.25685755725728704,0.22784319565075667,0.3619279976755816,0.3817201159106111,0.16007359476657157,0.23667051139565365,0.44486910144961717,0.3095768583852623,0.1205302662661003,0.303687205255687,0.2105141171629516,0.17984572889672357,0.16042071444729583,0.22646702403245186,0.1665424856299459,0.2959578141841077,0.14744197400290274,0.16807442949186024,0.27128259379083675,545.0,553.0,513.0,800.0,1056.0,1,6.302618975744905,1,6.317164686747284,1,6.2422232654551655,1,6.68586094706836,1,6.963189985870238,5,8.151333337900432,82.0,1,Pass,1
625245,0.21044548001060828,0.1765692956146545,0.13221671225891352,0.35914034089835467,0.35438298516128675,0.2877175311390858,0.19298909523259175,0.4105492483859158,0.18317152257463964,0.23894403972206896,0.23016112459581434,0.18730653646976045,0.14032314207265933,0.1502479008539832,0.2392281693094041,0.2716758642544914,0.44313507268299335,0.31691089728251143,0.3074402356730225,0.16744480580724022,693.0,498.0,677.0,578.0,1058.0,1,6.542471960506805,1,6.212606095751519,1,6.519147287940395,1,6.361302477572996,1,6.9650803456014065,5,8.16194579946869,82.0,1,Pass,1
625515,0.22951476384378502,0.07886491694299977,0.61515803877625,0.4306600047867471,0.0,0.2605342360653407,0.12474632575573114,0.1645825898879285,0.0,0.0,0.3291051620676499,0.4379227254568516,0.0,0.17782421468163334,0.0,0.18084583802322426,0.35846603184441744,0.22025937133582155,0.39151578053161956,0.0,82.0,326.0,154.0,398.0,,1,4.418840607796598,1,5.7899601708972535,1,5.043425116919247,1,5.988961416889864,0,0.0,4,6.8679744089702925,56.0,1,Pass,1
625609,0.34366369481770204,0.2709905024651872,0.0,0.0,0.0,0.16877247341074786,0.3705061660819969,0.0,0.0,0.0,0.10793976934278672,0.31310858965595123,0.0,0.0,0.0,0.3796240624287633,0.045394741796864556,0.0,0.0,0.0,289.0,161.0,,,,1,5.66988092298052,1,5.087596335232384,0,0.0,0,0.0,0,0.0,2,6.111467339502679,96.0,1,Fail,0
625743,0.3209782560082873,0.23560326077629914,0.14431669611300474,0.42610333385591964,0.45710756677371794,0.0,0.29522968078539213,0.10406057179260422,0.08229621123150697,0.19313721068379489,0.13944323681435514,0.05054668120020962,0.040256124320400495,0.04775478050951292,0.04648701285605984,0.5395785071773576,0.4186203772380991,0.7113666077739905,0.4438456744030605,0.30326820968642737,335.0,505.0,151.0,609.0,63.0,1,5.817111159963204,1,6.226536669287466,1,5.0238805208462765,1,6.413458957167357,1,4.1588830833596715,5,7.416979621381154,82.0,1,Pass,1
625802,0.34725212334025407,0.14987912504334638,0.31138737459601784,0.2912989913805854,0.19200103180349232,0.2430859367659381,0.22945364673217078,0.35658344417741095,0.22844582092937857,0.27889882869933075,0.1433627619355676,0.12810196940183477,0.1467345230646401,0.13745888163026765,0.2742396758175778,0.2662991779582402,0.4925652588226482,0.1852946581619311,0.3427963060597684,0.2548604636795991,288.0,575.0,202.0,1117.0,824.0,1,5.666426688112432,1,6.3561076606958915,1,5.313205979041787,1,7.0192966537150445,1,6.715383386334681,5,8.008698182988528,58.0,1,Fail,0
625838,0.22278975207188684,0.2783795292707495,0.2682232370842962,0.16937073078648837,0.2607748165671829,0.1472347116700956,0.20358630354989776,0.09615495679615736,0.1736349289879005,0.23577062478114896,0.2602332378997025,0.1994747421321973,0.13414990507471938,0.2720464091442137,0.3502828714968322,0.36974229835831507,0.31855942504715545,0.501471901044827,0.3849479310813974,0.15317168715483603,356.0,687.0,633.0,416.0,1074.0,1,5.877735781779639,1,6.5337888379333435,1,6.452048954437226,1,6.0330862217988015,1,6.980075940561763,5,8.06054004653864,54.0,1,Pass,1
626033,0.24817006642587702,0.2531367659096876,0.22786620479367686,0.24412600147822008,0.29735165529672636,0.2085244048027936,0.27586672759414615,0.19149910349849442,0.13358587665503713,0.36266616299718574,0.2763695319776189,0.1905304934745843,0.1924775837297626,0.26336282954668855,0.2367440545432606,0.2669359967937105,0.2804660130215819,0.388157107978066,0.35892529232005427,0.10323812716282732,1240.0,1432.0,1232.0,1277.0,1463.0,1,7.123672785204607,1,7.267525427828172,1,7.117205503164344,1,7.15305163493748,1,7.288927694521257,5,8.801619971147346,98.0,1,Distinction,1
626349,0.26842211221160195,0.0,0.2833889194175331,0.0810439710519429,0.6652099245061021,0.28313218876544327,0.0,0.48260870961352786,0.4276225383619636,0.3347900754938979,0.309123497038926,0.0,0.19707779606095058,0.2759800417387439,0.0,0.13932220198402884,0.0,0.036924574907988374,0.2153534488473496,0.0,86.0,,182.0,192.0,76.0,1,4.465908118654584,0,0.0,1,5.209486152841421,1,5.262690188904886,1,4.343805421853684,4,6.285998094508865,76.0,1,Fail,0
626416,0.2622498094877184,0.17192987642488866,0.3585150942094301,0.31829848847057846,0.21820707656436578,0.12821215744188777,0.22736361693227122,0.24097148473892244,0.23576947419315283,0.31611051917431693,0.18535696234735935,0.22501686464455825,0.15529842170094074,0.15340669184031408,0.18727875902745217,0.4241810707230344,0.3756896419982819,0.2452149993507067,0.2925253454959546,0.27840364523386507,442.0,433.0,421.0,1048.0,984.0,1,6.093569770045136,1,6.073044534100405,1,6.045005314036012,1,6.955592608396297,1,6.892641641172089,5,8.110427237575024,88.0,1,Distinction,1
626454,0.34667329177778544,0.14216675299587703,0.17080045831321244,0.14668299340384358,0.25276873341390094,0.25207499005270284,0.19415846834188694,0.2131317920182264,0.14842445642401145,0.20305870567023485,0.07758449113561132,0.19102687724466064,0.016233315386922,0.06246935098172896,0.20580029207845804,0.32366722703390044,0.4726479014175754,0.5998344342816392,0.642423199190416,0.3383722688374063,197.0,427.0,379.0,359.0,968.0,1,5.288267030694535,1,6.059123195581797,1,5.940171252720432,1,5.886104031450156,1,6.876264611890766,5,7.754052639035757,66.0,1,Pass,1
626477,0.2481531278136592,0.3371114224102498,0.23459481061791548,0.22537772723062546,0.3946195333122466,0.0476672440714736,0.28840956584199223,0.17772153809193914,0.2829592819868474,0.12103799514631955,0.4583214309472277,0.11326369201544113,0.21766446960710562,0.15312210884112876,0.21026996413201177,0.24585819716763946,0.261215319732317,0.3700191816830397,0.33854088194139853,0.27407250740942213,367.0,205.0,470.0,582.0,880.0,1,5.908082938168931,1,5.327876168789581,1,6.154858094016418,1,6.368187186350492,1,6.78105762593618,5,7.826044013518965,60.0,1,Pass,1
626514,0.20123874993990434,0.26562255969163556,0.4160961916389942,0.2706955621765723,0.4697050933113817,0.2530817293543241,0.21037215909721152,0.24146774709121618,0.1736545735361355,0.27545143081316203,0.20010996062583988,0.2267791330090088,0.10568747772036048,0.3004064356848282,0.08100604369535257,0.34556956007993167,0.29722614820214427,0.23674858354942924,0.2552434286024638,0.17383743218010372,1244.0,1159.0,838.0,757.0,462.0,1,7.126890808898808,1,7.05617528410041,1,6.732210706467206,1,6.630683385642372,1,6.137727054086234,5,8.403128235128264,86.0,1,Pass,1
626552,0.15003382225752226,0.2634502521855278,0.169220822350654,0.7591564660453496,0.32556540768965125,0.2130053115911793,0.18537206561422964,0.3203958587148699,0.07031954976941517,0.062184746166949,0.23468969440954468,0.4322066108463165,0.0,0.03108926507033138,0.2940617918767908,0.4022711717417537,0.11897107135392618,0.5103833189344761,0.13943471911490377,0.31818805426660896,307.0,279.0,321.0,508.0,337.0,1,5.730099782973574,1,5.634789603169249,1,5.7745515455444085,1,6.2324480165505225,1,5.823045895483019,5,7.469083884921234,80.0,1,Pass,1
626579,0.24350657792808617,0.0,0.32983140163170566,0.40475663471531975,0.0,0.0,0.0,0.0,0.2764531310621358,0.08985524220925978,0.3282578502095108,0.20989885379686407,0.0,0.3187902342225445,0.5341857808253838,0.4282355718624031,0.790101146203136,0.6701685983682945,0.0,0.37595897696535635,57.0,101.0,43.0,25.0,211.0,1,4.060443010546419,1,4.624972813284271,1,3.784189633918261,1,3.258096538021482,1,5.356586274672012,5,6.082218910376446,76.0,1,Fail,0
627365,0.19533492775160058,0.27796980546346245,0.3398179332325182,0.4802676797090647,0.07255167461950167,0.19680440811001923,0.3015323449188673,0.23719275918123522,0.10448922732107949,0.39150241876168423,0.2812362799166886,0.16979726012425295,0.13886798542843595,0.0,0.19355030880048063,0.32662438422169165,0.25070058949341734,0.2841213221578105,0.4152430929698559,0.34239559781833356,867.0,669.0,383.0,319.0,1114.0,1,6.7661917146603505,1,6.507277712385012,1,5.950642552587727,1,5.768320995793772,1,7.016609683894219,5,8.117610746466228,80.0,1,Distinction,1
627829,0.2671657815043819,0.10627709978833287,0.2835434584565441,0.24239009689694654,0.2656881404017734,0.14891739965134546,0.29604778039425805,0.2510475278524993,0.24336162021961802,0.2916232535626939,0.26968041443795265,0.23954401822803456,0.023371810216456384,0.24684427925262,0.055738777119994525,0.31423640440631995,0.3581311015893746,0.4420372034745002,0.26740400363081546,0.3869498289155381,553.0,488.0,253.0,298.0,773.0,1,6.317164686747284,1,6.192362489474872,1,5.537334267018537,1,5.700443573390687,1,6.651571873589727,5,7.768956044538332,64.0,1,Pass,1
628149,0.21534143307747214,0.20649535059189258,0.3401177966351773,0.10871258423891603,0.3095714572381802,0.3289303117568839,0.24211239756130815,0.159093986611498,0.2349676563694267,0.25805848933342423,0.25434011450066,0.19438451532471168,0.20475383317040516,0.28410026799404453,0.12347224609579065,0.2013881406649839,0.35700773652208756,0.2960343835829196,0.37221949139761284,0.3088978073326049,894.0,929.0,847.0,723.0,2787.0,1,6.796823718274855,1,6.835184586147301,1,6.742880635791903,1,6.584791392385716,1,7.933079771880415,5,8.729235349659273,76.0,1,Pass,1
628157,0.0,0.05167670960388917,0.19217167431191384,0.3089170225627974,0.5319931749934548,0.28703532956047273,0.13358235648671032,0.0,0.09146474237027837,0.09360641744844882,0.36523114533011786,0.0,0.15048807223257615,0.0,0.08146903668990627,0.3477335251094094,0.8147409339094005,0.6573402534555101,0.5996182350669242,0.2929313708681902,114.0,75.0,41.0,91.0,509.0,1,4.74493212836325,1,4.330733340286331,1,3.7376696182833684,1,4.5217885770490405,1,6.234410725718371,5,6.7226297948554485,86.0,1,Pass,1
628383,0.1326494710461836,0.15242492745771183,0.19247012084330956,0.26495560181503136,0.31771477529935765,0.5004921770679133,0.18624379788865594,0.28457066062114883,0.3004740045070319,0.24023793201493396,0.11286416388196371,0.40167984637166304,0.09586417822168984,0.24119469953788028,0.1419126086091962,0.25399418800393947,0.2596514282819692,0.42709504031385176,0.1933756941400564,0.3001346840765121,280.0,354.0,413.0,549.0,1170.0,1,5.638354669333745,1,5.872117789475416,1,6.025865973825314,1,6.309918278226516,1,7.065613363597717,5,7.925518979786926,90.0,1,Pass,1
628521,0.2946569622175118,0.0,0.5878120540424966,0.0,0.0,0.20555965654677813,0.3473905674356554,0.0,0.2823819461581738,0.0,0.0,0.3292022136251639,0.0,0.0,0.097549029570326,0.4997833812357101,0.3234072189391807,0.41218794595750347,0.7176180538418262,0.902450970429674,79.0,275.0,342.0,130.0,97.0,1,4.382026634673881,1,5.62040086571715,1,5.8377304471659395,1,4.875197323201151,1,4.584967478670572,5,6.828712071641684,76.0,1,Pass,1
628888,0.08851792687907595,0.38680551254046686,0.31649630643974397,0.07858287726859801,0.25791463316481394,0.19954491523304338,0.1182976025968999,0.2874120803966713,0.35444883847254344,0.27908424099397905,0.20805594943475433,0.23421924664512664,0.0,0.13877300360140346,0.08014376498496831,0.5038812084531265,0.2606776382175065,0.3960916131635847,0.42819528065745505,0.3828573608562388,348.0,337.0,363.0,503.0,601.0,1,5.855071922202427,1,5.823045895483019,1,5.8971538676367405,1,6.222576268071369,1,6.400257445308821,5,7.674617497364363,74.0,1,Pass,1
628964,0.21344106459123846,0.22395255160657065,0.21232168698952888,0.252178530310232,0.2956607585151389,0.1891714896567601,0.24153285306695824,0.2671832025093596,0.3020733542074735,0.276412728182486,0.2906310077396065,0.19990118428807266,0.28385561320700875,0.24613292589811192,0.1781107789850664,0.30675643801239505,0.3346134110383985,0.23663949729410277,0.19961518958418242,0.24981573431730866,635.0,611.0,620.0,624.0,1081.0,1,6.455198563340122,1,6.416732282512326,1,6.431331081933479,1,6.437751649736401,1,6.9865664594064265,5,8.18088094199639,72.0,1,Distinction,1
629029,0.09297197272958095,0.08602160221956828,0.11568666574049566,0.24516581520491643,0.11789011533220077,0.10697699607653294,0.32712899635237386,0.1294930479288064,0.20551852238011148,0.48974073943117763,0.41478361737436803,0.2750266815440654,0.3733574962254188,0.3002478643845198,0.20329067589371586,0.38526741381951807,0.31182271988399257,0.3814627901052792,0.24906779803045226,0.1890784693429059,395.0,351.0,166.0,201.0,830.0,1,5.981414211254481,1,5.863631175598097,1,5.117993812416755,1,5.308267697401205,1,6.7226297948554485,5,7.572502985020384,74.0,1,Fail,0
629182,0.0,0.18790182470910757,0.0,0.0,0.0,0.0,0.8120981752908923,0.0,0.0,0.0,0.0,0.0,0.0,0.2772306110431352,0.0,0.0,0.0,0.0,0.7227693889568647,0.0,,20.0,,174.0,,0,0.0,1,3.044522437723423,0,0.0,1,5.1647859739235145,0,0.0,2,5.272999558563747,84.0,1,Fail,0
629491,0.27087929171773123,0.03637009195196696,0.2637499907404608,0.08919209098109152,0.40070764200899855,0.22783219403713922,0.300680793550759,0.1513240640232936,0.3608446713226817,0.30210530618744674,0.27890552908851163,0.30251029129591916,0.2743817598038822,0.19704491314113495,0.013714890849057375,0.22238298515661797,0.36043882320135495,0.3105441854323635,0.3529183245550919,0.2834721609544973,740.0,564.0,819.0,655.0,1320.0,1,6.608000625296087,1,6.336825731146441,1,6.709304340258298,1,6.486160788944089,1,7.186144304522325,5,8.318498320504338,80.0,1,Pass,1
629594,0.234877427392692,0.33874331404471497,0.0,0.0,0.0,0.14921424540862477,0.0,0.0,0.0,0.0,0.3584212638990657,0.3164992621787647,0.0,0.0,0.0,0.25748706329961757,0.34475742377652024,0.0,0.0,0.0,208.0,79.0,,,,1,5.342334251964811,1,4.382026634673881,0,0.0,0,0.0,0,0.0,2,5.662960480135946,82.0,1,Fail,0
629818,0.45167944704087254,0.2515781643848014,0.08630851704753367,0.24300352794049881,0.23661835013613855,0.09531741279559774,0.3025229686304501,0.03338869210808869,0.11950461741424184,0.06679452434986181,0.17557329830637305,0.10258215930248613,0.08630851704753367,0.0835301429522069,0.0,0.27742984185715674,0.3433167076822623,0.793994273796844,0.5539617116930524,0.6965871255139997,641.0,397.0,177.0,139.0,542.0,1,6.464588303689961,1,5.986452005284438,1,5.181783550292085,1,4.941642422609304,1,6.297109319933935,5,7.5480289699350145,88.0,1,Distinction,1
629922,0.11872267300121271,0.26374505315171237,0.2268558432236278,0.1490067585608228,0.39545930919328204,0.33036143665951284,0.15542935048903858,0.07778239754527337,0.19544676754030826,0.08783286545020838,0.15810858739680492,0.0,0.12299314190475462,0.25866200868486217,0.08129044585828304,0.3928073029424695,0.5808255963592489,0.5723686173263441,0.39688446521400683,0.43541737949822645,310.0,739.0,322.0,704.0,781.0,1,5.739792912179234,1,6.606650186198215,1,5.777652323222656,1,6.558197802812269,1,6.661854740545311,5,7.957527402230773,64.0,1,Pass,1
629944,0.2696710349830294,0.11204807318631636,0.1392439663532485,0.10021557388467628,0.17945389735809952,0.24001444449453754,0.0,0.39384077565207043,0.15269013771874018,0.4216296977689277,0.08477791059503074,0.0,0.04336657938552007,0.2507467186284545,0.07087938367355714,0.4055366099274024,0.8879519268136836,0.42354867860916096,0.49634756976812905,0.3280370211994155,332.0,315.0,451.0,229.0,1108.0,1,5.808142489980444,1,5.755742213586912,1,6.113682179832232,1,5.438079308923196,1,7.011213987350367,5,7.798112628829788,90.0,1,Distinction,1
630109,0.22669866379973933,0.05871957161042612,0.02199568669388745,0.38290302461502906,0.042984506592235926,0.46126824947837214,0.05200333708420188,0.2240778044424429,0.03882230985557659,0.1514466760250945,0.06337036863840514,0.443932089634842,0.4976240382657692,0.1667403752207127,0.39475465390653597,0.24866271808348342,0.44534500167052987,0.25630247059790046,0.4115342903086816,0.41081416347613353,362.0,485.0,302.0,238.0,623.0,1,5.8944028342648505,1,6.186208623900494,1,5.713732805509369,1,5.476463551931511,1,6.436150368369428,5,7.606387389772652,72.0,1,Pass,1
630158,0.18254564027813003,0.20360757153667555,0.20954782539794392,0.28112938005896626,0.20916232031131526,0.16334989335804606,0.2791141531735808,0.09141360061400662,0.1530102851798282,0.2432158428399825,0.25015846503782296,0.19218931877566317,0.2521963370117797,0.23404523853337425,0.2922682795885765,0.4039460013260009,0.3250889565140805,0.4468422369762698,0.3318150962278313,0.25535355726012576,760.0,502.0,520.0,768.0,2583.0,1,6.634633357861686,1,6.220590170099739,1,6.255750041753367,1,6.645090969505644,1,7.857093864902493,5,8.543640361431086,50.0,1,Pass,1
630835,0.20053870009369437,0.20931532086592342,0.26086760444305623,0.29246371940097815,0.32262672125437025,0.2522226252356497,0.21551624367494046,0.21806487661997734,0.28431723785587526,0.26905931135072614,0.2533023717155553,0.34886457667110826,0.3484914517287921,0.2311270419051784,0.25751738207736113,0.2939363029551007,0.22630385878802775,0.1725760672081744,0.1920920008379681,0.15079658531754248,1511.0,1411.0,1202.0,1203.0,1809.0,1,7.321188556739478,1,7.252762418053187,1,7.0925737159746784,1,7.093404625868766,1,7.501082124259871,5,8.873047798971067,94.0,1,Distinction,1
630905,0.3237663683413357,0.232488822617891,0.2844989193090412,0.1557816039751087,0.28955604259806467,0.1745264691494058,0.25662734145879457,0.27520209243772276,0.21176819080223352,0.27422666100993803,0.19661522747899648,0.2528913383564698,0.1985708794672313,0.31455364224325405,0.22662396018050263,0.30509193503026216,0.2579924975668446,0.24172810878600456,0.3178965629794037,0.20959333621149476,2066.0,1960.0,1707.0,1944.0,5867.0,1,7.633853559681768,1,7.581209826196346,1,7.443078374348516,1,7.573017256052546,1,8.677269139262872,5,9.513772754519195,80.0,1,Distinction,1
630910,0.24982049836650394,0.18133485081210568,0.03662292214419507,0.17921013929073878,0.39914225151737825,0.0,0.4287340468112221,0.24615776704144202,0.28132082774683487,0.1065091037832435,0.40970997720668356,0.20680607597491907,0.29151212844445923,0.18482010640400032,0.22907529332135362,0.34046952442681244,0.18312502640175313,0.42570718236990385,0.3546489265584261,0.2652733513780245,536.0,429.0,617.0,605.0,1154.0,1,6.285998094508865,1,6.063785208687608,1,6.42648845745769,1,6.406879986069314,1,7.051855622955894,5,8.114324709155339,74.0,1,Pass,1
630992,0.2638871613843914,0.4805491444109881,0.22066828775466613,0.0,0.0,0.3721339543487258,0.5194508555890119,0.25609843975659663,0.0,0.0,0.16259589209348335,0.0,0.11982653589699238,0.46275642631951835,0.0,0.20138299217339944,0.0,0.40340673659174475,0.5372435736804817,0.0,175.0,20.0,75.0,7.0,,1,5.170483995038151,1,3.044522437723423,1,4.330733340286331,1,2.0794415416798357,0,0.0,4,5.627621113690637,100.0,1,Fail,0
631075,0.0,0.0,0.0,0.15201816229295045,0.0,0.0,0.0,0.0,0.8479818377070495,0.0,0.0,0.0,0.0,0.0,0.0,0.0,0.0,0.0,0.0,0.0,,,,118.0,,0,0.0,0,0.0,0,0.0,1,4.77912349311153,0,0.0,1,4.77912349311153,90.0,1,Fail,0
631438,0.23659125889848182,0.0,0.0,0.0,0.0,0.0,0.0,0.0,0.0,0.0,0.47175148274691586,0.0,0.0,0.0,0.0,0.29165725835460227,0.0,0.0,0.0,0.0,237.0,,,,,1,5.472270673671475,0,0.0,0,0.0,0,0.0,0,0.0,1,5.472270673671475,80.0,1,Fail,0
631524,0.3499657193437126,0.24257242202264356,0.4315980873878503,0.0,0.0,0.1205150483864039,0.3113454898086239,0.27533267783965015,0.0,0.0,0.11475598785799804,0.052679694939978955,0.0,0.0,0.0,0.41476324441188545,0.39340239322875353,0.2930692347724995,0.0,0.0,509.0,906.0,527.0,,,1,6.234410725718371,1,6.810142450115136,1,6.269096283706261,0,0.0,0,0.0,3,7.57198844937744,62.0,1,Fail,0
631658,0.2659983423992637,0.19546924870114732,0.31499936195382017,0.10598722585746496,0.2505172049270235,0.22245896380749383,0.22441737529048295,0.4231871445294776,0.26955928630205733,0.2836600695412305,0.21918939806212423,0.2686709051042918,0.23763296724835845,0.30602773231243563,0.265569619805457,0.29235329573111835,0.31144247090407795,0.024180526268343945,0.31842575552804225,0.2002531057262889,1723.0,1999.0,1760.0,2536.0,3383.0,1,7.452402451223638,1,7.600902459542082,1,7.473637108496206,1,7.838737559599282,1,8.126813720726114,5,9.341544057591527,94.0,1,Distinction,1
631681,0.0,0.1802743280076494,0.268830924030838,0.11910463164476338,0.2857958350954557,0.0,0.019860966225448355,0.1497881715560479,0.3528995509810093,0.22098174240779916,0.6155107261154192,0.3040271035903117,0.18342944380362508,0.2432689769655324,0.35987484591169094,0.38448927388458076,0.49583760217659056,0.397951460609489,0.28472684040869506,0.1333475765850541,33.0,158.0,205.0,174.0,474.0,1,3.5263605246161616,1,5.0689042022202315,1,5.327876168789581,1,5.1647859739235145,1,6.163314804034641,5,6.951772164398911,50.0,1,Pass,1
631715,0.3647391787414334,0.14288723950310597,0.09208239591912795,0.2855367281817521,0.577422868392418,0.12103931237912192,0.5336464895304904,0.0,0.4299001697324112,0.0,0.16878483186859697,0.12995287797825195,0.11619504673104954,0.08543846450893264,0.0,0.3454366770108477,0.19351339298815157,0.7917225573498226,0.19912463757690416,0.42257713160758203,276.0,219.0,310.0,1041.0,292.0,1,5.6240175061873385,1,5.393627546352362,1,5.739792912179234,1,6.948897222313312,1,5.680172609017068,5,7.668093709082406,84.0,1,Distinction,1
631740,0.0,0.14645526331832587,0.08451435876764854,0.26234604375585546,0.37499710743619663,0.0,0.21005191533883089,0.18357078758760234,0.22248410210148478,0.21543039109413892,0.12593251253420287,0.36833059877764435,0.15182909925327503,0.06114865139099003,0.11247823234023002,0.8740674874657971,0.2751622225651989,0.5800857543914741,0.4540212027516698,0.2970942691294345,394.0,336.0,322.0,427.0,620.0,1,5.978885764901122,1,5.820082930352362,1,5.777652323222656,1,6.059123195581797,1,6.431331081933479,5,7.649692623711514,90.0,1,Pass,1
631837,0.3008087924776136,0.15141949615304293,0.3096838871889978,0.3083167984172702,0.2836007752260706,0.1901849016446529,0.18906771623335342,0.2718397316800675,0.25095175902347355,0.2552003502400465,0.31160255652567165,0.323296533851156,0.15809614024841298,0.17873056914021376,0.262510113217409,0.1974037493520619,0.3362162537624477,0.2603802408825217,0.2620008734190425,0.19868876131647387,759.0,552.0,806.0,1191.0,1647.0,1,6.633318433280377,1,6.315358001522335,1,6.693323668269949,1,7.083387847625295,1,7.4073177104694174,5,8.508354242749032,98.0,1,Distinction,1
631924,0.26326473186096955,0.09333853179437258,0.14566784352371448,0.3416538774980243,0.32761318063158335,0.21678832081725255,0.2723776708107307,0.18261235649538976,0.2598484507028168,0.3221187058909942,0.13845966839967397,0.27771721934307764,0.35403471732037056,0.1219533184616461,0.13680802443891787,0.38148727892210404,0.3565665780518191,0.31768508266052525,0.27654435333751276,0.21346008903850455,452.0,560.0,1141.0,1003.0,1199.0,1,6.115892125483034,1,6.329720905522696,1,7.040536390215956,1,6.911747300251674,1,7.090076835776092,5,8.37930948405285,96.0,1,Distinction,1
632074,0.17033169108672674,0.16781546857638857,0.41291850891924525,0.1043466525218484,0.09213154610385893,0.2858955237517013,0.2913217698953484,0.08974606233817982,0.2040075063154041,0.4458971462707228,0.0,0.2435094357794156,0.13789659727555933,0.2914691185595108,0.13331031540904217,0.5437727851615719,0.2973533257488473,0.3594388314670156,0.40017672260323667,0.3286609922163761,257.0,401.0,422.0,446.0,884.0,1,5.552959584921617,1,5.996452088619021,1,6.0473721790462776,1,6.102558594613569,1,6.785587645007929,5,7.787796878181171,88.0,1,Distinction,1
632290,0.3247506548528723,0.18164650334984242,0.06429891982734162,0.039244764857715476,0.11901070661491368,0.0,0.08409321943563383,0.26754549369103214,0.0,0.25367868769920116,0.4271547233675228,0.27125056543583365,0.11525460820894787,0.1569790594308619,0.27277017637128526,0.24809462177960487,0.4630097117786902,0.5529009782726784,0.8037761757114227,0.3545404293146,355.0,235.0,154.0,98.0,604.0,1,5.87493073085203,1,5.4638318050256105,1,5.043425116919247,1,4.59511985013459,1,6.405228458030842,5,7.277247726631484,82.0,1,Pass,1
632458,0.23298826826677985,0.29750654788651165,0.3982879976112108,0.24928603405881247,0.19019559762140192,0.2196996014033598,0.2631822750012392,0.22314264103375164,0.27797387844859434,0.3145120746279835,0.22926701371516964,0.15377827137723601,0.1358847391723752,0.21029996023726544,0.2823149478633685,0.3180451166146906,0.2855329057350131,0.24268462218266235,0.26244012725532784,0.21297737988724622,761.0,689.0,944.0,1932.0,3397.0,1,6.635946555686647,1,6.536691597591305,1,6.851184927493743,1,7.566828479208331,1,8.130942302231878,5,8.952087643548404,78.0,1,Distinction,1
632556,0.0534885338503615,0.10882069119918601,0.10474897218847144,0.37768836752302826,0.0,0.07508064938922857,0.1910771239100917,0.10267751370383142,0.0,0.0,0.4098631200041995,0.09355518315478165,0.0,0.3499767707289835,0.0,0.46156769675621045,0.6065470017359407,0.7925735141076972,0.2723348617479882,0.0,173.0,164.0,191.0,25.0,,1,5.159055299214529,1,5.10594547390058,1,5.2574953720277815,1,3.258096538021482,0,0.0,4,6.317164686747284,82.0,1,Fail,0
632597,0.0,0.0,0.0,0.0,0.0,0.0,0.0,0.0,0.0,0.3669531342117147,0.19655785084283342,0.0,0.0,0.0,0.0,0.8034421491571665,1.0,1.0,0.0,0.6330468657882854,64.0,24.0,21.0,,26.0,1,4.174387269895637,1,3.2188758248682006,1,3.091042453358316,0,0.0,1,3.295836866004329,4,4.912654885736052,68.0,1,Pass,1
632826,0.3311701807933822,0.20148190040326372,0.3127975546047434,0.28282139367472076,0.31831904618017365,0.239696716896557,0.03867887976515716,0.31767278106779345,0.36509035619448155,0.3107530902665407,0.26346772773681065,0.2317957410540154,0.06520854637405403,0.15737746212390807,0.22740693570065107,0.16566537457325017,0.5280434787775639,0.3043211179534092,0.19471078800688957,0.14352092785263457,1073.0,378.0,583.0,449.0,972.0,1,6.97914527506881,1,5.937536205082426,1,6.369900982828227,1,6.1092475827643655,1,6.880384082186005,5,8.147867129923947,84.0,1,Pass,1
632836,0.0,0.20712028812734495,0.05468080701975839,0.19024589961496105,0.29092589213562015,0.15343498437433728,0.12226852889127376,0.0,0.10815524066718343,0.2517727599107124,0.0,0.3490045242569368,0.3209810957314025,0.38575359428798295,0.18744642998709624,0.8465650156256628,0.3216066587244445,0.624338097248839,0.31584526542987257,0.2698549179665712,194.0,519.0,431.0,680.0,1488.0,1,5.272999558563747,1,6.253828811575473,1,6.068425588244111,1,6.523562306149512,1,7.305860032684009,5,8.105609402299896,66.0,1,Pass,1
633079,0.38944265958504126,0.2526025820406597,0.16146837063612782,0.263448138305562,0.4398592736388622,0.18303561766886287,0.26037962608720205,0.22440778811089182,0.22443261919717322,0.32694447944081134,0.2335992204036823,0.1423848378208956,0.024997303194641093,0.20270391674426963,0.08769495639352984,0.1939225023424137,0.3446329540512425,0.5891265380583393,0.3094153257529952,0.1455012905267967,779.0,317.0,151.0,517.0,822.0,1,6.659293919683638,1,5.762051382780177,1,5.0238805208462765,1,6.249975242259483,1,6.71295620067707,5,7.8582541821860294,88.0,1,Pass,1
633516,0.2716089714596629,0.15442952135329538,0.22194831671854484,0.0348017091179897,0.2002665589652081,0.09089459345738196,0.2563945303944995,0.44833944688480376,0.08782973503071514,0.2529926335089049,0.20135913369736613,0.2553899061649001,0.12392812444378358,0.13676887378515482,0.12388915648193016,0.43613730138558904,0.333786042087305,0.20578411195286792,0.7405996820661402,0.4228516510439568,390.0,141.0,139.0,212.0,717.0,1,5.968707559985366,1,4.955827057601261,1,4.941642422609304,1,5.3612921657094255,1,6.576469569048224,5,7.3777589082278725,70.0,1,Pass,1
633555,0.20858004596623392,0.1809265899506788,0.33723651803547106,0.31446621732042973,0.347760422736525,0.3245707451046619,0.1638669539412456,0.34141219452427096,0.16200080774990172,0.26207009183742286,0.25684450872141773,0.27562231336746806,0.0817830750106348,0.25691919098994515,0.22663780895099273,0.21000470020768647,0.37958414274060753,0.2395682124296232,0.2666137839397235,0.16353167647505942,607.0,599.0,981.0,982.0,1538.0,1,6.410174881966167,1,6.396929655216146,1,6.889591308354466,1,6.890609120147166,1,7.338888133838879,5,8.457018468380168,96.0,1,Distinction,1
633568,0.0,0.2595595251109491,0.27769018001296925,0.2689638348648702,0.4344973963418127,0.0,0.16654466118375885,0.22269764237953743,0.23744780737491825,0.08008516106514953,0.1343571674337012,0.3118747222399509,0.1830460747740879,0.2645653704927979,0.049846782379111304,0.8656428325662988,0.26202109146534125,0.3165661028334054,0.22902298726741352,0.4355706602139263,217.0,500.0,566.0,498.0,393.0,1,5.384495062789089,1,6.2166061010848646,1,6.340359303727752,1,6.212606095751519,1,5.976350909297934,5,7.684783943522785,60.0,1,Pass,1
633628,0.268082769824486,0.2328322349373212,0.0,0.0,0.0,0.29952744694709077,0.16922027923655722,0.0,0.0,0.0,0.14116705892261525,0.2856696341195924,0.0,0.0,0.0,0.291222724305808,0.31227785170652916,0.0,0.0,0.0,378.0,106.0,,,,1,5.937536205082426,1,4.672828834461906,0,0.0,0,0.0,0,0.0,2,6.184148890937483,82.0,1,Fail,0
633867,0.38939362287530643,0.3085182072400293,0.3672395442321693,0.243615180996882,0.2731819760695578,0.21481089816961424,0.17613532353614872,0.2788406465673192,0.25797142204046375,0.2570131400145624,0.11633379853662526,0.27346902771023396,0.16401390556055084,0.19456153732552095,0.22607587228688958,0.27946168041845415,0.24187744151358792,0.1899059036399606,0.30385185963713324,0.24372901162899013,389.0,499.0,459.0,554.0,602.0,1,5.966146739123692,1,6.214608098422191,1,6.131226489483141,1,6.318968113746434,1,6.401917196727186,5,7.825644732219989,74.0,1,Pass,1
633931,0.2709632441653192,0.25457639143231975,0.20286804400743413,0.19498195445412747,0.3041000896954093,0.20964321109308298,0.27262543354236846,0.27984898484339876,0.21709775556470484,0.22652528350166298,0.2735491162896099,0.17013045683319075,0.2613661275770417,0.384061257552854,0.28120480707458323,0.245844428451988,0.3026677181921211,0.2559168435721253,0.2038590324283138,0.18816981972834443,1146.0,918.0,1144.0,596.0,1576.0,1,7.044905117129371,1,6.823286122355687,1,7.0431599159883405,1,6.391917113392602,1,7.3632795869630385,5,8.59062950948942,92.0,1,Distinction,1
634088,0.13516475821831553,0.04915761598058783,0.049142572795113165,0.03692607436949883,0.32527037247736207,0.1496786046533546,0.19897992291280933,0.4024207729049299,0.07029533550148825,0.2731293275858219,0.2821324620909458,0.3017925737046216,0.30217915288751873,0.28258849498715055,0.1017800886330814,0.4330241750373841,0.4500698874019812,0.24625750141243818,0.6101900951418623,0.2998202113037346,296.0,287.0,371.0,275.0,684.0,1,5.6937321388027,1,5.662960480135946,1,5.918893854273146,1,5.62040086571715,1,6.529418838262226,5,7.5569505720129,76.0,1,Distinction,1
634114,0.0,0.0,0.3494482357666668,0.0,0.0,0.14285714285714285,0.33333333333333337,0.5340690189777776,0.0,0.0,0.5714285714285714,0.33333333333333337,0.0,0.0,0.0,0.2857142857142857,0.33333333333333337,0.11648274525555559,0.0,0.0,11.0,6.0,11.0,,,1,2.4849066497880004,1,1.9459101490553132,1,2.4849066497880004,0,0.0,0,0.0,3,3.367295829986474,44.0,1,Fail,0
634512,0.07247077119024808,0.2371095052895507,0.28596121309454026,0.11096987264139146,0.32805083715465133,0.11214208510959844,0.24013627692707037,0.21025950923371073,0.1598832514562991,0.2827170482583946,0.3854671368940543,0.16991069001703493,0.3049299011601918,0.395091938121202,0.13214895112056638,0.4299200068060991,0.35284352776634403,0.19884937651155724,0.33405493778110745,0.2570831634663877,146.0,340.0,795.0,452.0,801.0,1,4.990432586778736,1,5.831882477283517,1,6.679599185844383,1,6.115892125483034,1,6.687108607866515,5,7.837948916025283,74.0,1,Pass,1
634526,0.2334812625135426,0.1856472257809339,0.35510644981799294,0.12937003211325152,0.2789357564724251,0.14157957491408873,0.131318296018109,0.26015262857735133,0.34254748670720414,0.20150578242499836,0.22763876780865458,0.2107175392786077,0.17004467819887711,0.23413694207531666,0.30421556128625943,0.39730039476371415,0.47231693892234944,0.21469624340577861,0.2939455391042277,0.2153428998163172,478.0,608.0,781.0,879.0,1086.0,1,6.171700597410915,1,6.411818267709897,1,6.661854740545311,1,6.779921907472252,1,6.99117688712121,5,8.251403065380556,70.0,1,Pass,1
634601,0.3371199801364761,0.16077522636062996,0.07843980824795779,0.0,0.0,0.33199982211473666,0.0,0.0,0.0,0.0,0.0,0.3754705095930696,0.5033096787124502,0.0,0.0,0.33088019774878724,0.4637542640463005,0.4182505130395918,0.0,0.0,383.0,205.0,103.0,,,1,5.950642552587727,1,5.327876168789581,1,4.6443908991413725,0,0.0,0,0.0,3,6.539585955617669,100.0,1,Fail,0
634749,0.2605547535009008,0.18629514087604593,0.3006913504258398,0.26726888857255754,0.34765770364874654,0.2995619599887877,0.28126839307819235,0.29547650778674717,0.20492404177418877,0.27196134552444234,0.24739909584504893,0.23919714352787605,0.17011198866927246,0.2731273543241349,0.20618419608125105,0.19248419066526254,0.2932393225178857,0.23372015311814062,0.25467971532911865,0.17419675474555998,1381.0,1723.0,1944.0,1781.0,3093.0,1,7.231287004327616,1,7.452402451223638,1,7.573017256052546,1,7.485491608030754,1,8.037220031133012,5,9.202610573914242,86.0,1,Pass,1
635184,0.2570338223618618,0.32326827239604455,0.23346595885250376,0.04896540798327722,0.20175356851197612,0.12093378992881013,0.3161352481030753,0.08913576193456961,0.46671599931684393,0.34974269527162144,0.3535571945211456,0.17186980012082714,0.2987433565871783,0.2672493917708513,0.3422881491985723,0.2684751931881824,0.18872667938005305,0.37865492262574835,0.2170692009290275,0.10621558701782997,505.0,246.0,554.0,488.0,542.0,1,6.226536669287466,1,5.5093883366279774,1,6.318968113746434,1,6.192362489474872,1,6.297109319933935,5,7.756195343948118,66.0,1,Fail,0
635410,0.11392458878808571,0.0,0.0,0.0,0.0,0.3238224121750201,0.0,0.0,0.0,0.0,0.1962585991167177,0.0,0.0,0.0,0.0,0.3659943999201765,0.0,0.0,0.0,0.0,143.0,,,,,1,4.969813299576001,0,0.0,0,0.0,0,0.0,0,0.0,1,4.969813299576001,62.0,1,Fail,0
635751,0.06309385075533228,0.04062402663485684,0.3198687107065602,0.0,0.12992780197118703,0.0,0.09432606877092661,0.2460153533788075,0.0,0.05254096029396551,0.0,0.7600383191148142,0.4341159359146323,0.0,0.14038681970720662,0.9369061492446678,0.1050115854794024,0.0,0.0,0.6771444180276408,188.0,127.0,74.0,,185.0,1,5.241747015059643,1,4.852030263919617,1,4.31748811353631,0,0.0,1,5.225746673713202,4,6.354370040797351,82.0,1,Fail,0
635795,0.2873138762697629,0.14778379960963942,0.5596817302324855,0.1441044271542074,0.20132256861958278,0.22656932113278833,0.2800532688817849,0.0,0.2607799943220992,0.31163448062338284,0.21012248546013643,0.2492256703839372,0.0,0.34848112537002457,0.18281639276880643,0.27599431713731243,0.32293726112463844,0.4403182697675146,0.24663445315366886,0.30422655798822806,551.0,827.0,233.0,734.0,1266.0,1,6.313548046277095,1,6.71901315438526,1,5.455321115357702,1,6.5998704992128365,1,7.144407180321139,5,8.192016914536875,72.0,1,Pass,1
635903,0.15062859147697175,0.0,0.5782447965300336,0.0,0.0,0.38162038871645504,0.6874831975014222,0.0,0.07729983668980235,0.0,0.0,0.09380945223313833,0.07449293648238367,0.0,0.0,0.4677510198065733,0.21870735026543953,0.34726226698758283,0.9227001633101977,0.0,278.0,241.0,233.0,125.0,,1,5.631211781821365,1,5.488937726156687,1,5.455321115357702,1,4.836281906951478,0,0.0,4,6.777646593635117,94.0,1,Fail,0
635985,0.0,0.4196114830756783,0.0,0.0,0.0,0.0,0.0,0.0,0.0,0.0,0.0,0.0,0.0,0.0,0.0,0.0,0.5803885169243217,0.0,0.0,0.0,,81.0,,,,0,0.0,1,4.406719247264253,0,0.0,0,0.0,0,0.0,1,4.406719247264253,80.0,0,Fail,0
636314,0.2569092211526168,0.16567206063757983,0.37539863918306854,0.28881378911392563,0.3240666045461584,0.2941322314645784,0.25332612632094836,0.32153048622241803,0.24932905454653184,0.2585923100411412,0.27114328580397484,0.2742061529980526,0.10766035648938065,0.1872027185497407,0.20072383894692725,0.1778152615788299,0.3067956600434191,0.19541051810513266,0.27465443778980186,0.21661724646577324,779.0,836.0,666.0,1030.0,1088.0,1,6.659293919683638,1,6.729824070489475,1,6.502790045915623,1,6.93828448401696,1,6.9930151229329605,5,8.389359819906353,88.0,1,Pass,1
636400,0.3281900611395893,0.1873823853928157,0.22302130008524051,0.3567711380056465,0.37976577382388227,0.19346650579009175,0.24211121693856305,0.25717351075585393,0.3071477057459671,0.26009955238783766,0.13434534820538352,0.21780669939061123,0.21440337738105508,0.11111198783729616,0.2537741699945686,0.3439980848649354,0.3526996982780099,0.3054018117778505,0.22496916841109013,0.10636050379371147,766.0,282.0,185.0,681.0,578.0,1,6.642486801367256,1,5.645446897643238,1,5.225746673713202,1,6.525029657843462,1,6.361302477572996,5,7.821242083523558,86.0,1,Pass,1
636408,0.2867431397109682,0.17906132015990933,0.0,0.38845536554470167,0.13106300905216528,0.3950626461364197,0.13761061450706322,0.6500232292710165,0.0,0.17613815138472808,0.1701670934931505,0.13761061450706322,0.0,0.18462032854855323,0.40560267686444335,0.14802712065946158,0.5457174508259642,0.3499767707289835,0.42692430590674507,0.2871961626986633,246.0,139.0,25.0,39.0,475.0,1,5.5093883366279774,1,4.941642422609304,1,3.258096538021482,1,3.6888794541139363,1,6.16541785423142,5,6.829793737512425,90.0,1,Pass,1
636469,0.32007599189296326,0.2697621968370183,0.14664196984240196,0.1025194585190844,0.38432713164752047,0.16278976491388047,0.30825544121166715,0.2612376182265708,0.2597087856063366,0.15655151024806976,0.27116123554148075,0.2187247641502136,0.23683705763795448,0.12306982473222429,0.1670444653157003,0.24597300765167543,0.20325759780110103,0.35528335429307273,0.5147019311423547,0.2920768927887095,757.0,267.0,458.0,472.0,772.0,1,6.630683385642372,1,5.5909869805108565,1,6.129050210060545,1,6.159095388491933,1,6.650279048587422,5,7.910957382845589,96.0,1,Distinction,1
636547,0.451503059539317,0.4793787713240883,0.04401932561581239,0.9488563113956405,0.0,0.21438260041948487,0.5206212286759118,0.43475761542093394,0.0,0.0,0.08429102183077616,0.0,0.04401932561581239,0.0511436886043595,0.0,0.24982331821042184,0.0,0.47720373334744126,0.0,0.0,285.0,11.0,201.0,321.0,,1,5.655991810819852,1,2.4849066497880004,1,5.308267697401205,1,5.7745515455444085,0,0.0,4,6.70808408385307,76.0,1,Fail,0
636565,0.2097416914157053,0.11277673890697919,0.0,0.0,0.1409761784529731,0.0,0.0,0.0,0.12942011774943202,0.0,0.1323322736785716,0.19428119097279803,0.04163618612543221,0.4385144837874616,0.027268515193865167,0.6579260349057231,0.6929420701202228,0.9583638138745679,0.4320653984631064,0.8317553063531617,212.0,65.0,150.0,135.0,417.0,1,5.3612921657094255,1,4.189654742026425,1,5.017279836814924,1,4.912654885736052,1,6.035481432524756,5,6.887552571664617,88.0,1,Pass,1
636656,0.3075269761046822,0.04204677766708554,0.3265346793747642,0.2967564332983341,0.32716489296240947,0.349952122301218,0.2859404966030758,0.13554207460470705,0.1177043560866161,0.28108997508050754,0.21153656337481935,0.2062984804926444,0.28631526609323477,0.1655273651496889,0.21411852438443146,0.13098433821928035,0.46571424523719424,0.2516079799272939,0.4200118454653609,0.17762660757265156,551.0,388.0,209.0,321.0,524.0,1,6.313548046277095,1,5.963579343618446,1,5.3471075307174685,1,5.7745515455444085,1,6.263398262591624,5,7.597897950521784,74.0,1,Pass,1
636704,0.2921285627511296,0.10800638983044479,0.5773327929038492,0.4287753791302272,0.0,0.3667227516164814,0.5497510438479221,0.22834727808619198,0.0,0.3265230912503264,0.12087158097191136,0.0,0.0,0.05018115868776009,0.0,0.2202771046604777,0.34224256632163313,0.19431992900995884,0.5210434621820129,0.6734769087496736,318.0,153.0,135.0,165.0,307.0,1,5.765191102784844,1,5.0369526024136295,1,4.912654885736052,1,5.111987788356544,1,5.730099782973574,5,6.983789965258135,84.0,1,Fail,0
636783,0.2716137960461601,0.059842095058346374,0.31001227374553464,0.34027086570783033,0.3163319714472004,0.2997781939003509,0.23003059658523461,0.2852648724608515,0.2769600962158002,0.1452875104159797,0.19870559816839822,0.3164852899585507,0.19785263585820648,0.1963118565001739,0.2905019943112442,0.22990241188509078,0.3936420183978682,0.2068702179354074,0.18645718157619548,0.24787852382557576,414.0,752.0,657.0,1068.0,710.0,1,6.028278520230698,1,6.6240652277998935,1,6.489204931325317,1,6.974478911025045,1,6.566672429803241,5,8.189244525735901,94.0,1,Distinction,1
636830,0.27870494110083505,0.19110338290929854,0.2681226365277135,0.2919710340658769,0.29941280890669025,0.24302264787398487,0.23131276194950479,0.330683316973106,0.29519792275705437,0.30027724829326663,0.2592271535205157,0.26910455195290023,0.19158114220371347,0.11515965610392265,0.20300338576052465,0.21904525750466441,0.30847930318829647,0.20961290429546703,0.29767138707314617,0.19730655703951852,843.0,929.0,863.0,1002.0,1056.0,1,6.738152494595957,1,6.835184586147301,1,6.761572768804055,1,6.910750787961936,1,6.963189985870238,5,8.454040376410969,84.0,1,Distinction,1
636832,0.22206750446625503,0.2640155641993058,0.12058669944810878,0.2621600850387333,0.2585269003899231,0.2532664591918282,0.2780768130944702,0.2842312011152413,0.20732213894653903,0.3570393376531341,0.2401352707383698,0.1686755250633488,0.2927136672899441,0.2770795834168203,0.20912706486544502,0.284530765603547,0.2892320976428752,0.3024684321467058,0.2534381925979074,0.17530669709149782,1290.0,669.0,1679.0,1519.0,1632.0,1,7.1631723908466425,1,6.507277712385012,1,7.426549072397305,1,7.326465613840322,1,7.398174092970465,5,8.823206220552741,74.0,1,Pass,1
637004,0.09034984047752764,0.22043038228547238,0.5573708576644522,0.10744734259135834,0.38314740420846205,0.36085752741674987,0.3395701353729461,0.0815360040524323,0.1399973464410976,0.2803300595906139,0.32323828232637375,0.07748931237022275,0.07253893068179923,0.47014440749936104,0.11504042994590453,0.22555434977934874,0.36251016997135893,0.2885542076013164,0.28241090346818304,0.2214821062550195,420.0,596.0,387.0,1023.0,865.0,1,6.042632833682381,1,6.391917113392602,1,5.961005339623274,1,6.931471805599453,1,6.763884908562435,5,8.09925056179696,82.0,1,Pass,1
637089,0.47232962019802827,0.0,0.0,0.06949903000929651,0.0,0.0,0.0,0.03172437879821588,0.0,0.0,0.2295190049314154,0.0,0.09517313639464764,0.16137175034600548,0.0,0.2981513748705564,0.0,0.8731024848071365,0.769129219644698,0.0,182.0,,165.0,97.0,,1,5.209486152841421,0,0.0,1,5.111987788356544,1,4.584967478670572,0,0.0,3,6.09807428216624,78.0,1,Fail,0
637358,0.21359876545952072,0.04015952939324837,0.16705240177935857,0.15802574461179936,0.18670751573119607,0.3017416663779888,0.25129251345263653,0.40365983462885513,0.24564384859017,0.10523060034830556,0.17283467835651695,0.5366201440003028,0.4292877635917863,0.13389365005513804,0.3807327353227463,0.3118248898059734,0.1719278131538122,0.0,0.4624367567428927,0.32732914859775203,240.0,388.0,159.0,216.0,138.0,1,5.484796933490655,1,5.963579343618446,1,5.075173815233827,1,5.37989735354046,1,4.9344739331306915,5,7.040536390215956,88.0,1,Pass,1
637509,0.1665229184465228,0.0,0.0,0.0,0.0,0.19235491657816367,0.0,0.2161806133935685,0.0,0.0,0.0,0.0,0.28200059002887473,0.0,0.0,0.6411221649753135,0.0,0.5018187965775568,0.0,0.0,247.0,,82.0,,,1,5.5134287461649825,0,0.0,1,4.418840607796598,0,0.0,0,0.0,2,5.799092654460526,58.0,1,Fail,0
637563,0.34952569226984526,0.34069379806609146,0.0,0.0,0.0,0.3339921680187667,0.046521196482482506,0.0,0.0,0.0,0.05874103450631431,0.0,0.0,0.0,0.0,0.25774110520507393,0.6127850054514261,0.0,0.0,0.0,422.0,346.0,,,,1,6.0473721790462776,1,5.849324779946859,0,0.0,0,0.0,0,0.0,2,6.645090969505644,92.0,1,Fail,0
637582,0.10652690151323083,0.23345768492050162,0.2649808105229823,0.4040229361399228,0.26278443169576277,0.34451205321877043,0.2159563684921374,0.3514131017793881,0.21713613606820173,0.3267838082537802,0.22319463882849822,0.1791378988795762,0.0,0.20184631180779963,0.24572095470858266,0.3257664064395006,0.3714480477077848,0.3836060876976297,0.1769946159840759,0.1647108053418744,386.0,269.0,159.0,225.0,514.0,1,5.958424693029782,1,5.598421958998375,1,5.075173815233827,1,5.420534999272286,1,6.244166900663736,5,7.348587530927593,60.0,1,Fail,0
637708,0.33001328931713647,0.18081846799585943,0.4450160352074129,0.2756363518394881,0.22276786981872873,0.21940364201792514,0.21998909966354996,0.1816429313355228,0.10402908554736981,0.385920634653448,0.2816649827161827,0.30755005186365036,0.1890182117497232,0.3127416462368235,0.22059491671465803,0.1689180859487557,0.2916423804769403,0.18432282170734107,0.30759291637631864,0.17071657881316527,702.0,406.0,527.0,953.0,1217.0,1,6.555356891810665,1,6.008813185442595,1,6.269096283706261,1,6.860663671448287,1,7.1049654482698426,5,8.244334047856094,80.0,1,Distinction,1
637788,0.2613670663079061,0.0,0.0,0.0,0.0,0.27791126587666565,0.0,0.0,0.0,0.0,0.18327658204173594,0.1907413294327245,0.0,0.0,0.0,0.2774450857736923,0.8092586705672755,0.0,0.0,0.0,155.0,40.0,,,,1,5.049856007249537,1,3.713572066704308,0,0.0,0,0.0,0,0.0,2,5.278114659230517,80.0,1,Fail,0
637906,0.3274780681824559,0.33319233427104017,0.19171986076015618,0.13700822674253352,0.3538232711616548,0.19442312140647924,0.21524253049696954,0.14174060859931983,0.24455624157571706,0.2229274606419521,0.20723166782193214,0.30862869899680107,0.3012269504765025,0.1598541856938945,0.1494377242639962,0.2708671425891328,0.14293643623518917,0.36531258016402146,0.458581345987855,0.2738115439323969,342.0,403.0,123.0,200.0,511.0,1,5.8377304471659395,1,6.0014148779611505,1,4.820281565605037,1,5.303304908059076,1,6.238324625039508,5,7.365180126021013,76.0,1,Pass,1
637939,0.2568689294797416,0.19172450918197004,0.0,0.0,0.0,0.056860036192831094,0.0,0.0,0.08008434469368238,0.0,0.3013252201643557,0.0,0.0,0.0,0.0,0.38494581416307166,0.80827549081803,1.0,0.9199156553063177,0.0,394.0,153.0,24.0,52.0,,1,5.978885764901122,1,5.0369526024136295,1,3.2188758248682006,1,3.970291913552122,0,0.0,4,6.436150368369428,64.0,1,Fail,0
637980,0.25545722132755655,0.25561291253780305,0.22153181931985044,0.24267922582746576,0.21677449048664918,0.22556143356704197,0.37033063905182884,0.35935390480456664,0.35501309218437244,0.3547499908308829,0.23139059350721075,0.10763384852698957,0.0520133525433174,0.10135617077423817,0.18939874522865657,0.28759075159819064,0.2664225998833785,0.3671009233322656,0.3009515112139236,0.23907677345381134,497.0,293.0,535.0,791.0,972.0,1,6.210600077024653,1,5.683579767338681,1,6.284134161070802,1,6.674561391814426,1,6.880384082186005,5,8.035602692918582,94.0,1,Pass,1
638034,0.24777939783147965,0.22787610768451455,0.3296145894481984,0.34110654305154003,0.4347833622256933,0.25751849984491354,0.46009389632146186,0.14606977428334347,0.13675394848100397,0.2248260704296294,0.22551750996340295,0.18475601471706318,0.0,0.1925858177297977,0.05049255634513815,0.2691845923602038,0.12727398127696046,0.5243156362684582,0.32955369073765844,0.2898980109995392,660.0,605.0,248.0,731.0,527.0,1,6.493753839851686,1,6.406879986069314,1,5.517452896464707,1,6.595780513961311,1,6.269096283706261,5,7.927324360309794,76.0,1,Pass,1
638388,0.289261007202572,0.23994104816213518,0.1133842181113652,0.33116392767949693,0.7921914136112691,0.19111367584224334,0.16054167276523076,0.29628965126162043,0.0,0.044480053440074156,0.2611151672973539,0.39205912555603134,0.0,0.19006595998379833,0.0,0.25851014965783076,0.2074581535166027,0.5903261306270143,0.4787701123367048,0.16332853294865668,373.0,179.0,137.0,265.0,297.0,1,5.924255797414532,1,5.19295685089021,1,4.927253685157205,1,5.583496308781699,1,5.697093486505405,5,7.132497551660044,96.0,1,Pass,1
638411,0.34019235070213105,0.23748923173429856,0.3682919017413676,0.26034481732401343,0.2633709306116744,0.14753494855582377,0.18188362483676138,0.26629221139606063,0.3052857137480998,0.21774782411047558,0.3389814191536325,0.2494779704699945,0.04683817413558755,0.14912222113691256,0.2740273495353227,0.1732912815884126,0.3311491729589455,0.3185777127269842,0.28524724779097427,0.24485389574252736,1198.0,1738.0,1208.0,1560.0,2093.0,1,7.089243155027514,1,7.461065514354283,1,7.097548850614793,1,7.353081920515432,1,7.646831391430482,5,8.961622569542543,96.0,1,Pass,1
638498,0.25793882684342906,0.20188660622143603,0.35525375540413645,0.4233558977823831,0.35659574687263257,0.21189658691603971,0.29983587152352115,0.2117519767486713,0.13566155182573195,0.12949735279152597,0.18729490128945742,0.23196777217012923,0.07122350529136275,0.08542861526860122,0.24372814724478073,0.3428696849510738,0.2663097500849135,0.3617707625558294,0.35555393512328376,0.27017875309106065,477.0,362.0,402.0,422.0,518.0,1,6.169610732491456,1,5.8944028342648505,1,5.998936561946683,1,6.0473721790462776,1,6.251903883165888,5,7.687997166393016,76.0,1,Pass,1
638515,0.25127724395511564,0.19354817388708206,0.290056492350425,0.5042297745909755,0.3806127863406658,0.09490449206509335,0.3128444898024529,0.223917710986961,0.0,0.15886456520964184,0.24713521540696046,0.07068836280633105,0.0,0.0,0.21009746717430214,0.40668304857283066,0.4229189735041341,0.4860257966626139,0.4957702254090245,0.25042518127539015,210.0,230.0,65.0,153.0,245.0,1,5.351858133476067,1,5.442417710521793,1,4.189654742026425,1,5.0369526024136295,1,5.5053315359323625,5,6.806829360392176,78.0,1,Pass,1
638625,0.22638570990389326,0.24629472297060478,0.18554998152989363,0.29018681419702047,0.28890706683179074,0.2526785367571596,0.27219878585890106,0.25769249213084017,0.24946068464381843,0.28527912042706405,0.30719384844507835,0.3071488558537509,0.3920177701835732,0.19228180198613967,0.2615978108648111,0.21374190489386863,0.17435763531674317,0.16473975615569297,0.2680706991730214,0.16421600187633428,617.0,684.0,1196.0,753.0,1447.0,1,6.42648845745769,1,6.529418838262226,1,7.087573705557973,1,6.625392368007956,1,7.277938572945661,5,8.454892165218858,94.0,1,Pass,1
638655,0.05242415125754468,0.14549440478821868,0.23128079494020215,0.2216173692269903,0.2833256944825054,0.17811965802824736,0.28884527817181005,0.3087462070710559,0.282125530361316,0.21356848775198595,0.40563153363500715,0.15567204397828346,0.19242216682992955,0.13128515999614523,0.16524660181425402,0.36382465707920075,0.4099882730616879,0.26755083115881245,0.3649719404155485,0.33785921595125473,711.0,436.0,581.0,778.0,851.0,1,6.568077911411976,1,6.07993319509559,1,6.366470447731438,1,6.658011045870748,1,6.747586526829315,5,8.119100837637486,72.0,1,Pass,1
638831,0.0,0.0,0.05497654088911576,0.0,0.2441046875117671,0.0,0.0,0.4003039700189487,0.0,0.08970950723786995,0.3792912483636307,0.0,0.02748827044455788,0.5704849823688862,0.10991262294948115,0.6207087516363694,0.0,0.5172312186473776,0.4295150176311137,0.5562731823008819,106.0,,294.0,468.0,226.0,1,4.672828834461906,0,0.0,1,5.68697535633982,1,6.150602768446279,1,5.424950017481403,4,6.9985096422506015,68.0,1,Fail,0
639028,0.27669442997833205,0.24786275706804425,0.1041483430993316,0.21221689212453443,0.47700713739453,0.18641817389510654,0.1361226460759004,0.13259518849335689,0.07802666406208623,0.2624134596788474,0.3080166723743126,0.30196327361867453,0.3208952328837271,0.2336019696165511,0.08658997734070945,0.2288707237522489,0.3140513232373808,0.4423612355235844,0.4761544741968282,0.17398942558591318,459.0,393.0,501.0,473.0,352.0,1,6.131226489483141,1,5.976350909297934,1,6.218600119691729,1,6.161207321695077,1,5.8664680569332965,5,7.68662133494462,74.0,1,Pass,1
639231,0.27488781378992155,0.2127315528492751,0.23367591115615907,0.31070017532299293,0.3436047601027089,0.24968555413710408,0.2396059091223671,0.29933662479403855,0.23030963583004857,0.06420600822533547,0.18009313279771894,0.18359408290265605,0.1726239806370633,0.12052934962442415,0.12187869566949937,0.2953334992752555,0.3640684551257017,0.29436348341273905,0.33846083922253434,0.4703105360024562,504.0,175.0,293.0,422.0,315.0,1,6.22455842927536,1,5.170483995038151,1,5.683579767338681,1,6.0473721790462776,1,5.755742213586912,5,7.444248649496705,92.0,1,Pass,1
639522,0.19783591008683965,0.24503508598339807,0.0,0.0,0.0,0.07385309929471884,0.16323332076607303,0.2402020748007925,0.06796135070597989,0.0,0.3766387072283989,0.03560188785413152,0.0,0.20388405211793967,0.5965473871480891,0.35167228339004264,0.5561297053963974,0.7597979251992075,0.7281545971760804,0.40345261285191086,254.0,239.0,58.0,50.0,829.0,1,5.541263545158426,1,5.480638923341991,1,4.07753744390572,1,3.9318256327243257,1,6.721425700790643,5,7.266128779556451,82.0,1,Pass,1
640098,0.296579418395033,0.14236968734018104,0.29181663392163915,0.1858360112146849,0.2598893554661414,0.29545760663510473,0.3711283158197185,0.2354114657298563,0.3343311935285634,0.302111589180742,0.2548079382038283,0.3725740800166568,0.148583872226091,0.21547654923001633,0.16665013932602904,0.1531550367660339,0.11392791682344366,0.32418802812241354,0.2643562460267354,0.27134891602708766,276.0,440.0,412.0,599.0,1215.0,1,5.6240175061873385,1,6.089044875446846,1,6.023447592961033,1,6.396929655216146,1,7.103322062526113,5,7.987184748233473,90.0,1,Pass,1
640278,0.23557537762566058,0.2222590862743444,0.32445855754000946,0.21252893327958536,0.2704114866495351,0.1996653641165759,0.23235524731621301,0.24768852049937823,0.20952051290768317,0.28613446685315075,0.29719509837746694,0.2456025581018501,0.15468116211625105,0.2797539999580272,0.2213744574857642,0.26756415988029647,0.2997831083075924,0.2731717598443612,0.2981965538547044,0.22207958901154984,1991.0,1735.0,1908.0,2970.0,4942.0,1,7.596894438144544,1,7.459338895220296,1,7.554334823725748,1,7.9966538754626075,1,8.505727713306959,5,9.513920399580737,80.0,1,Pass,1
640329,0.3039515008715704,0.27427178061824303,0.19539254484738292,0.1941720290541208,0.4237069307304788,0.2704415016757985,0.25223809926540636,0.3278696162461804,0.33288601846652377,0.27783770596291474,0.13455580514801246,0.16364474363748166,0.1323081574181945,0.37296312256663156,0.014928171154932895,0.2910511923046187,0.30984537647886895,0.3444296814882423,0.09997882991272389,0.2835271921516736,688.0,429.0,322.0,859.0,395.0,1,6.535241271013659,1,6.063785208687608,1,5.777652323222656,1,6.756932389247553,1,5.981414211254481,5,7.898782356970309,84.0,1,Pass,1
640429,0.2412410046587023,0.13453090865377054,0.08470567288977374,0.18394701737530367,0.4066955643208061,0.19855934940803477,0.3683938821084656,0.1042040751561755,0.21135895368802268,0.2533559161126421,0.34393589236487193,0.3348090736345682,0.5636910530487476,0.3622593461117567,0.08037589105749363,0.21626375356839098,0.16226613560319575,0.2473991989053032,0.24243468282491695,0.2595726285090581,515.0,911.0,1274.0,1112.0,1166.0,1,6.246106765481563,1,6.815639990074331,1,7.150701457592526,1,7.014814351275545,1,7.062191632286556,5,8.512984346642183,88.0,1,Distinction,1
640711,0.2705904035032911,0.19936124767728894,0.13244410540705198,0.2073792788597171,0.44471080201262203,0.229287498402158,0.16898214298082936,0.3094663534395451,0.4473575844105176,0.3013480853839181,0.3276538700678201,0.317390189082913,0.2299585180262616,0.03646398185248623,0.10665783668183322,0.1724682280267308,0.31426642025896867,0.3281310231271413,0.30879915487727916,0.14728327592162663,797.0,248.0,818.0,693.0,843.0,1,6.682108597449809,1,5.517452896464707,1,6.70808408385307,1,6.542471960506805,1,6.738152494595957,5,8.131530710604252,84.0,1,Pass,1
640752,0.0,0.4199239202700175,0.09320912558882057,0.1292167358791881,0.13618349649431621,0.0,0.20237456731970885,0.1471138505737594,0.31328268287989897,0.2872559531114991,0.0,0.185821276299063,0.29717811268399036,0.09179066489464306,0.18216339463396364,0.0,0.19188023611121058,0.4624989111534296,0.4657099163462699,0.3943971557602211,,768.0,452.0,313.0,501.0,0,0.0,1,6.645090969505644,1,6.115892125483034,1,5.749392985908253,1,6.218600119691729,4,7.618251097876695,48.0,1,Pass,1
640848,0.33984206412735685,0.13782126462563063,0.10815573699300945,0.11775992691538871,0.3566591542610442,0.14455868099176455,0.14967845974671823,0.05407786849650473,0.1866450682485551,0.09040286262260952,0.2507173718576967,0.21792938881482185,0.0,0.508949936587501,0.28359077538759236,0.26488188302318194,0.49457088681282935,0.8377663945104858,0.1866450682485551,0.26934720772875387,428.0,74.0,87.0,15.0,1041.0,1,6.061456918928017,1,4.31748811353631,1,4.477336814478207,1,2.772588722239781,1,6.948897222313312,5,7.406103381237015,90.0,1,Pass,1
640892,0.0,0.13232597350988137,0.0,0.2330261936981719,0.20339131591831672,0.23346930951169703,0.2318210830300264,0.0,0.07452912506420362,0.4098691169236958,0.29674883475828545,0.2219028728508876,0.0,0.14563853638028793,0.09812328474853753,0.46978185573001746,0.4139500706092046,1.0,0.5468061448573366,0.2886162824094499,257.0,279.0,192.0,443.0,528.0,1,5.552959584921617,1,5.634789603169249,1,5.262690188904886,1,6.095824562432225,1,6.270988431858299,5,7.438383530044307,84.0,1,Pass,1
640913,0.0,0.0,0.0,0.0,0.0,0.0,0.0,0.0,0.0,0.0,0.26035119267984547,0.25144454320081683,0.0,0.0,0.0,0.7396488073201545,0.7485554567991831,1.0,1.0,0.0,74.0,90.0,131.0,91.0,,1,4.31748811353631,1,4.51085950651685,1,4.882801922586371,1,4.5217885770490405,0,0.0,4,5.958424693029782,88.0,1,Pass,1
640927,0.27947914101025834,0.2480661816094712,0.23862887220954074,0.15746058255152778,0.2848798236613297,0.23808501109819538,0.2246068812796643,0.30573516744938606,0.30449254044915064,0.28203201743419315,0.14854985138558857,0.03357868146153946,0.2695094366837818,0.29929786471459574,0.2744848506128568,0.3338859965059577,0.4937482556493252,0.18612652365729146,0.23874901228472584,0.15860330829162034,536.0,358.0,696.0,782.0,1028.0,1,6.285998094508865,1,5.883322388488279,1,6.546785410760524,1,6.663132695990803,1,6.9363427358340495,5,8.131824785007195,70.0,1,Pass,1
641085,0.4421979596723422,0.1523013847926714,0.0,0.0,0.0,0.1901309441601309,0.19684668424847948,0.0,0.0,0.0,0.10781715559087227,0.0761506923963357,0.0,0.0,0.0,0.25985394057665473,0.5747012385625135,0.0,0.0,0.0,198.0,33.0,,,,1,5.293304824724492,1,3.5263605246161616,0,0.0,0,0.0,0,0.0,2,5.44673737166631,78.0,1,Fail,0
641137,0.15287716571223212,0.0,0.2157964601358366,0.2514990920793957,0.3710118049643956,0.24610113163584285,0.2076099119963841,0.27321269139749266,0.31708483867247,0.31477241183768195,0.3329708916289072,0.3681403233058249,0.10275154032448831,0.2443281601511788,0.10341621759827893,0.26805081102301787,0.424249764697791,0.40823930814218234,0.1870879090969555,0.21079956559964358,457.0,194.0,146.0,1149.0,765.0,1,6.126869184114185,1,5.272999558563747,1,4.990432586778736,1,7.047517221357296,1,6.641182169740591,5,7.905441649060286,78.0,1,Distinction,1
641309,0.19923639000278082,0.4112191748327443,0.04305160601958979,0.14141176580199746,0.20152868698717213,0.07670021640972134,0.1865631182840304,0.24438624013162658,0.3555196615289462,0.3691364352676664,0.254889147950078,0.13793802093729826,0.2770489996570929,0.0694501919736074,0.18513866831740278,0.46917424563741983,0.26427968594592705,0.4355131541916907,0.43361838069544895,0.24419620942775871,365.0,492.0,307.0,712.0,1154.0,1,5.902633333401366,1,6.20050917404269,1,5.730099782973574,1,6.569481420414296,1,7.051855622955894,5,8.016647877057803,88.0,1,Pass,1
641311,0.30458308426838004,0.23241524165312422,0.28059488247571596,0.282384526343427,0.31529067608824496,0.25400366653031187,0.24927751406657114,0.2245776594870181,0.2083189435966308,0.2353492936384539,0.2030752491738398,0.15396054984386512,0.2061323940800505,0.2401986105952975,0.1870990889875004,0.23833800002746836,0.3643466944364396,0.2886950639572155,0.2690979194646446,0.26226094128580074,786.0,790.0,826.0,1032.0,1516.0,1,6.668228248417403,1,6.673297967767654,1,6.717804695023691,1,6.940222469119639,1,7.324489979348532,5,8.507344855361422,74.0,1,Distinction,1
641363,0.3562456433038761,0.25972542779450597,0.0,0.0,0.19204384049659146,0.2354150850968799,0.0,0.0,0.07559253954538211,0.03913758351744451,0.10130539260447924,0.0,0.0,0.0,0.0,0.3070338789947649,0.7402745722054941,1.0,0.9244074604546179,0.768818575985964,153.0,53.0,42.0,76.0,218.0,1,5.0369526024136295,1,3.9889840465642745,1,3.7612001156935624,1,4.343805421853684,1,5.389071729816501,5,6.297109319933935,80.0,1,Pass,1
641401,0.12636112200358693,0.09237305392860778,0.26847558897811746,0.33231894400167405,0.264814876170258,0.21966407167617086,0.06411933648633403,0.133777925735988,0.22828682916174253,0.2963979213725422,0.23797281873752674,0.3009508923517961,0.09955971065554697,0.042327019548554355,0.0411125201264741,0.4160019875827154,0.5425567172332619,0.49818677463034755,0.3970672072880291,0.3976746823307257,454.0,234.0,368.0,832.0,780.0,1,6.12029741895095,1,5.459585514144159,1,5.910796644040527,1,6.725033642166843,1,6.660575149839686,5,7.889459149404524,94.0,1,Distinction,1
641433,0.3018907814492572,0.0,0.0,0.0,0.0,0.10172009706117002,0.10454159574781675,0.0,0.0,0.0,0.24451176145926126,0.40536882885434067,0.0,0.0,0.0,0.35187736003031156,0.4900895753978426,0.0,0.0,0.0,307.0,193.0,,,,1,5.730099782973574,1,5.267858159063328,0,0.0,0,0.0,0,0.0,2,6.2166061010848646,80.0,1,Fail,0
641461,0.06077146596097332,0.11348853432396651,0.425507279185109,0.506058272402737,0.5862711387973598,0.2419951131890937,0.3864600441039459,0.1779121673947487,0.019235086301789155,0.2361931614874814,0.2421695016380127,0.14852518078093674,0.0,0.03847017260357831,0.04254697578983225,0.45506391921192035,0.351526240791151,0.3965805534201423,0.4362364686918956,0.13498872392532643,352.0,181.0,158.0,413.0,239.0,1,5.8664680569332965,1,5.204006687076795,1,5.0689042022202315,1,6.025865973825314,1,5.480638923341991,5,7.203405521083095,90.0,1,Pass,1
641470,0.3232146498819492,0.2814956816270583,0.22249339543469893,0.0,0.0,0.1401699549215354,0.0,0.2985822970878614,0.0,0.0,0.37611227635676314,0.4688590828975843,0.0,0.0,0.0,0.16050311883975216,0.24964523547535744,0.47892430747743975,0.0,0.0,308.0,96.0,64.0,,,1,5.733341276897746,1,4.574710978503383,1,4.174387269895637,0,0.0,0,0.0,3,6.150602768446279,78.0,1,Fail,0
641547,0.24183799133252934,0.23285515731015471,0.05098622557470426,0.36627180810561394,0.12994378742324,0.2821641889209793,0.08850679384124813,0.32355278725633924,0.0448317222056448,0.16003297448774115,0.0,0.19318009160425786,0.0,0.0448317222056448,0.5613365839950791,0.47599781974649136,0.48545795724433927,0.6254609871689566,0.5440647474830964,0.14868665409393977,157.0,60.0,369.0,76.0,597.0,1,5.062595033026967,1,4.110873864173311,1,5.91350300563827,1,4.343805421853684,1,6.393590753950631,5,7.138866999945524,74.0,1,Pass,1
641864,0.26742016599580704,0.19586945733903177,0.23481898900390616,0.3531777065159442,0.2650249918838342,0.2736399589059621,0.24892411505869663,0.15468764358156104,0.19721710016728117,0.26154619629172493,0.17214701508697333,0.16207820425196942,0.28585655461579274,0.165977673131362,0.3139541978330907,0.28679286001125753,0.3931282233503022,0.32463681279874007,0.2836275201854125,0.15947461399135016,760.0,408.0,468.0,575.0,806.0,1,6.634633357861686,1,6.013715156042802,1,6.150602768446279,1,6.3561076606958915,1,6.693323668269949,5,8.012349639327795,96.0,1,Distinction,1
641914,0.42415285438733574,0.1702473648389033,0.3272247649289417,0.2632677451735745,0.35785734841885936,0.14037065687341246,0.20210238065810332,0.17684333167041888,0.20173818128501841,0.2740760392648685,0.07535350012727098,0.43979764600300714,0.17708114091395535,0.24036544127157128,0.2478675105086138,0.3601229886119807,0.18785260849998625,0.31885076248668404,0.294628632269836,0.1201991018076585,638.0,637.0,1566.0,1590.0,1179.0,1,6.459904454377535,1,6.45833828334479,1,7.356918242356021,1,7.372118028337787,1,7.07326971745971,5,8.632484235750972,84.0,1,Pass,1
642029,0.37394269988635187,0.39943875693700376,0.2987253124003564,0.0,0.3115326348659912,0.18505528683592087,0.28806480237487375,0.19830115106248855,0.2936599552254902,0.0,0.2123163800230503,0.211177281879536,0.21817172116986647,0.5849898360014024,0.4039436075210075,0.22868563325467695,0.10131915880858641,0.28480181536728855,0.12135020877310729,0.28452375761300136,299.0,469.0,59.0,255.0,206.0,1,5.703782474656201,1,6.152732694704104,1,4.0943445622221,1,5.545177444479562,1,5.332718793265369,5,7.161622002939187,74.0,1,Pass,1
642056,0.0,0.17052407814374582,0.12868470714433544,0.08070769013460023,0.505971520144679,0.21415459558901492,0.2656559435588857,0.0,0.318454134190283,0.06628701439399175,0.4064873244079796,0.18142339631013985,0.2280171695304721,0.031221996493985615,0.1595831980942504,0.3793580800030056,0.38239658198722865,0.6432981233251925,0.5696161791811312,0.2681582673670787,389.0,284.0,213.0,137.0,798.0,1,5.966146739123692,1,5.652489180268651,1,5.365976015021851,1,4.927253685157205,1,6.683360945766275,5,7.507690077819904,94.0,1,Distinction,1
642375,0.24172673215747592,0.3147156029486617,0.2864816124226772,0.21946512939871682,0.3009883980098266,0.21529914454300023,0.09288087083124377,0.32595139262566863,0.21330264690099088,0.20921705301808277,0.267142836657205,0.2401768922591652,0.15161035206531273,0.2931382226423677,0.2558549644828111,0.27583128664231876,0.3522266339609293,0.23595664288634147,0.2740940010579245,0.23393958448927946,523.0,288.0,210.0,374.0,316.0,1,6.261491684321042,1,5.666426688112432,1,5.351858133476067,1,5.926926025970411,1,5.75890177387728,5,7.445417556701687,90.0,1,Pass,1
642448,0.2686024599801438,0.35163245863223497,0.37740721849108816,0.31606436217152245,0.17075180300866916,0.28293350886270374,0.42807714957498916,0.2461193195017788,0.08477470293219247,0.014724819669167092,0.11522927350461168,0.0594918145505944,0.16696016043385997,0.1705151249014511,0.1821882068010961,0.33323475765254074,0.16079857724218144,0.20951330157327308,0.428645809994834,0.6323351705210677,719.0,583.0,230.0,293.0,369.0,1,6.579251212010101,1,6.369900982828227,1,5.442417710521793,1,5.683579767338681,1,5.91350300563827,5,7.693937325509272,90.0,1,Pass,1
642449,0.1795282662387312,0.43589669949583865,0.43500397159209514,0.35208134027788907,0.30411223218028044,0.2733509295975816,0.12212346906450608,0.1974280391564124,0.09919427799693901,0.15902834626520543,0.18175890398399283,0.14701162719336308,0.13819045519063303,0.10734603954764307,0.2700670623676617,0.36536190017969433,0.29496820424629216,0.22937753406085948,0.44137834217752886,0.2667923591868524,360.0,190.0,247.0,405.0,416.0,1,5.8888779583328805,1,5.25227342804663,1,5.5134287461649825,1,6.0063531596017325,1,6.0330862217988015,5,7.389563953677635,74.0,1,Pass,1
642493,0.2425464639406921,0.3131548815890262,0.5511203310736559,0.3242858839448342,0.47548374166653834,0.06163468965442327,0.276618986014514,0.026841302727768825,0.2207322611480303,0.2387338007237199,0.3271067671742665,0.11130348121033745,0.0,0.19656745027253256,0.025672487404483555,0.36871207923061816,0.2989226511861223,0.4220383661985754,0.25841440463460297,0.26010997020525833,910.0,663.0,754.0,475.0,280.0,1,6.814542897259958,1,6.498282149476434,1,6.626717749249025,1,6.16541785423142,1,5.638354669333745,5,8.03365842788615,88.0,1,Pass,1
642498,0.19248565425026634,0.2833584956114762,0.13612790727993787,0.13578480835592507,0.1663492064483311,0.17174726587478711,0.25165820555689894,0.303593474044708,0.22486013295777574,0.25240421764053333,0.36642341182074045,0.30067250567470066,0.1666965237722323,0.2663225468087843,0.36287828237345837,0.2693436680542061,0.1643107931569243,0.3935820949031219,0.3730325118775148,0.21836829353767714,432.0,412.0,845.0,152.0,809.0,1,6.07073772800249,1,6.023447592961033,1,6.740519359606223,1,5.030437921392435,1,6.697034247666484,5,7.8826922062890254,84.0,1,Pass,1
642551,0.3081969980731578,0.21164485974295488,0.2645075785828877,0.1992290229452468,0.457965323833207,0.2096601219516716,0.26288673503500076,0.30491661362818734,0.4602226422368954,0.2081820813904253,0.3162563264401332,0.30740216384188984,0.15379937363302396,0.18915524970440792,0.13905607004763673,0.1658865535350373,0.2180662413801545,0.27677643415590086,0.15139308511344993,0.194796524728731,773.0,340.0,639.0,409.0,1123.0,1,6.651571873589727,1,5.831882477283517,1,6.461468176353717,1,6.016157159698354,1,7.024649030453636,5,8.09712193091871,68.0,1,Pass,1
642730,0.3397851439081442,0.0,0.0,0.0,0.0,0.14755102627305913,0.0,0.0,0.0,0.0,0.18935925589536917,0.0,0.0,0.0,0.0,0.3233045739234276,0.0,0.0,0.0,0.0,351.0,,,,,1,5.863631175598097,0,0.0,0,0.0,0,0.0,0,0.0,1,5.863631175598097,86.0,1,Fail,0
642740,0.33116114272194447,0.19302197608740393,0.2292108336800637,0.21602264651865857,0.2796278049631143,0.2592815396651592,0.028324207692198084,0.12260840321315417,0.36135724391300655,0.27218513107241327,0.1450550356390023,0.4234853103255523,0.12014064555905431,0.22165318658543487,0.2072836699604107,0.2645022819738941,0.3551685058948456,0.5280401175477278,0.20096692298289995,0.2409033940040618,809.0,622.0,499.0,1022.0,1890.0,1,6.697034247666484,1,6.434546518787453,1,6.214608098422191,1,6.930494765951626,1,7.544861068658458,5,8.48528964240323,90.0,1,Distinction,1
642750,0.40655636176520193,0.13855611239931018,0.4375510937484723,0.30637461515518055,0.38835031453588365,0.28542611330849316,0.2957712689280427,0.29015811894939075,0.2555288260361127,0.20114493288846771,0.22108779971311945,0.2910249925261707,0.19211145831984805,0.2077409216268023,0.06860601778118099,0.08692972521318536,0.2746476261464764,0.08017932898228888,0.23035563718190433,0.3418987347944677,386.0,667.0,290.0,1073.0,448.0,1,5.958424693029782,1,6.504288173536645,1,5.673323267171493,1,6.97914527506881,1,6.1070228877422545,5,7.9603236291488395,88.0,1,Distinction,1
642840,0.1854856687419928,0.09612634370263645,0.23784567859884678,0.0,0.0,0.1557324726684469,0.266175823166054,0.2826420875085391,0.0,0.0,0.29145628509178995,0.2532044929043031,0.24557106994991698,0.0,0.0,0.3673255734977704,0.38449334022700643,0.2339411639426972,0.0,0.0,751.0,483.0,576.0,,,1,6.62273632394984,1,6.182084906716632,1,6.3578422665081,0,0.0,0,0.0,3,7.501634457883413,86.0,1,Fail,0
642843,0.272315146356711,0.22437632375859676,0.24151403720731685,0.2792550709231079,0.30278555738175233,0.2945683586701483,0.24863214819616414,0.19238245488775577,0.14580318167064554,0.24209536459678974,0.14116407701008832,0.2714698943716611,0.27003897182009756,0.31113279076195455,0.25764542571262367,0.2919524179630525,0.2555216336735781,0.2960645360848299,0.263808956644292,0.19747365230883418,1160.0,906.0,788.0,1119.0,2329.0,1,7.057036981697891,1,6.810142450115136,1,6.670766320845874,1,7.02108396428914,1,7.753623546559746,5,8.74878098951311,72.0,1,Pass,1
642872,0.20516973045233255,0.2813090625307303,0.22272711361207134,0.2524402043453883,0.2804164714113613,0.28322765404516187,0.25621563428114386,0.2749182809042553,0.2118490823939658,0.2692246912370967,0.24814603059707743,0.203996233866196,0.13610161570682489,0.27535949668604726,0.19237694850215442,0.26345658490542817,0.2584790693219299,0.3662529897768484,0.26035121657459864,0.25798188884938744,1094.0,463.0,357.0,2130.0,1937.0,1,6.9985096422506015,1,6.139884552226255,1,5.8805329864007,1,7.664346632098617,1,7.569411792450712,5,8.696510239189893,66.0,1,Pass,1
642909,0.29927189097945256,0.05181751966361391,0.0,0.09673699249692135,0.03718864450854819,0.32873106939039337,0.15545255899084173,0.17868064626722516,0.12206849367465301,0.07437728901709638,0.1269052590196226,0.5002792922532834,0.0,0.06103424683732651,0.09613125150724681,0.2450917806105316,0.2924506290922609,0.8213193537327748,0.7201602669910991,0.7923028149671085,375.0,109.0,43.0,53.0,214.0,1,5.929589143389895,1,4.700480365792417,1,3.784189633918261,1,3.9889840465642745,1,5.3706380281276624,5,6.678342114654332,60.0,1,Pass,1
643069,0.24151326107541365,0.2406814989596042,0.16934231887045187,0.6639456089048055,0.27836113762741466,0.20396228804396485,0.32060953649641555,0.24847302716075542,0.0,0.3827302345574296,0.22316936735935974,0.12284580602931425,0.2249755776475206,0.0,0.10196336524724915,0.3313550835212618,0.31586315851466595,0.3572090763212722,0.3360543910951944,0.23694526256790666,277.0,134.0,155.0,126.0,1484.0,1,5.627621113690637,1,4.90527477843843,1,5.049856007249537,1,4.844187086458591,1,7.3031700512368,5,7.685703061234547,70.0,1,Pass,1
643202,0.2422334181237825,0.3404079058316141,0.38475319664405644,0.21308204292774774,0.23166795526344772,0.20286183461858437,0.1772198652348861,0.29985947627475296,0.32683458987200414,0.32286841689649876,0.3100869035881599,0.24583572779393878,0.24365534957009669,0.35453932088138684,0.24038736014650292,0.24481784366947326,0.23653650113956096,0.07173197751109395,0.10554404631886122,0.20507626769355053,599.0,249.0,740.0,851.0,783.0,1,6.396929655216146,1,5.521460917862246,1,6.608000625296087,1,6.747586526829315,1,6.664409020350408,5,8.078067881815437,84.0,1,Distinction,1
643220,0.5952734854440461,0.0782466528845853,0.08898631634786662,0.0,0.2135596847862548,0.09418837654718154,0.0782466528845853,0.0,0.0,0.3016733779831064,0.02971312460210444,0.24457946408483167,0.08898631634786662,0.16360486112010558,0.08840967852539248,0.28082501340666804,0.5989272301459978,0.8220273673042668,0.8363951388798945,0.39635725870524624,354.0,178.0,193.0,128.0,233.0,1,5.872117789475416,1,5.187385805840755,1,5.267858159063328,1,4.859812404361672,1,5.455321115357702,5,6.99117688712121,98.0,1,Distinction,1
643273,0.30046245125232074,0.2632655983826031,0.23021184631210562,0.05943716771334952,0.6062025710547086,0.23115609813987587,0.2189553085856511,0.15970665268325474,0.28341069363666277,0.2113411302082973,0.20822476653391603,0.21193531489350012,0.24448620301044977,0.12937887630076134,0.10799624288215272,0.2601566840738874,0.3058437781382457,0.3655952979941898,0.5277732623492264,0.07446005585484136,1084.0,527.0,596.0,673.0,1589.0,1,6.98933526597456,1,6.269096283706261,1,6.391917113392602,1,6.513230110912307,1,7.371489295214277,5,8.405143687607614,68.0,1,Pass,1
643326,0.16844960079875682,0.2465764412694167,0.5516856556658515,0.2523538532398163,0.2610431859131521,0.15541163610520606,0.2546716915517097,0.21647241464900682,0.2484927214392717,0.25842258939152063,0.24188490555817882,0.21846732888630058,0.05610825821025334,0.3030622569484712,0.2483204230566128,0.4342538575378583,0.28028453829257294,0.1757336714748885,0.19609116837244095,0.23221380163871447,778.0,1361.0,374.0,1156.0,2735.0,1,6.658011045870748,1,7.216709486709457,1,5.926926025970411,1,7.053585727193677,1,7.914252278742441,5,8.764834214330834,70.0,1,Pass,1
643372,0.39800270516513053,0.10662689695014999,0.0,0.0,0.0,0.27077674846695626,0.45380895746406213,0.0,0.0,0.0,0.21870743213680982,0.0669055589489738,0.0,0.0,0.0,0.11251311423110336,0.3726585866368141,0.0,0.0,0.0,265.0,150.0,,,,1,5.583496308781699,1,5.017279836814924,0,0.0,0,0.0,0,0.0,2,6.030685260261263,78.0,1,Fail,0
643466,0.23596195303754566,0.3229273772941857,0.3231209952670309,0.12187213538044306,0.33073520675857776,0.22822215215635003,0.2670224738251493,0.03666575476139997,0.3404722725604663,0.14599078904826468,0.219890759762983,0.0970537852670736,0.20884032266948252,0.2830317235057022,0.2695953643282502,0.3159251350431212,0.3129963636135914,0.4313729273020867,0.2546238685533885,0.25367863986490724,681.0,248.0,627.0,739.0,991.0,1,6.525029657843462,1,5.517452896464707,1,6.4425401664681985,1,6.606650186198215,1,6.899723107284872,5,8.097730573664219,84.0,1,Pass,1
643477,0.2292352320765483,0.1981133722946774,0.3121854787913044,0.3579839928103658,0.29421784965095527,0.1935595568550882,0.19299605683437387,0.2341616643516916,0.2685049703715849,0.0553899915466025,0.21962712569089504,0.18644155165923962,0.2039282405780212,0.2232731655408412,0.3460037639795686,0.3575780853774685,0.4224490192117091,0.24972461627898274,0.1502378712772081,0.3043883948228738,911.0,783.0,1113.0,1068.0,1040.0,1,6.815639990074331,1,6.664409020350408,1,7.01571242048723,1,6.974478911025045,1,6.947937068614969,5,8.500250470685925,82.0,1,Pass,1
643496,0.3818383884631431,0.2322243893658367,0.2559111695692191,0.1739170731892224,0.5707441716642893,0.11311991846974986,0.3407534264452002,0.14220308719202596,0.16028820232009788,0.2116745404046426,0.2996118943360906,0.17962933814785104,0.19440875779457698,0.386768260520952,0.0,0.2054297987310165,0.24739284604111203,0.407476985444178,0.27902646396972774,0.21758128793106804,627.0,1028.0,1038.0,1232.0,384.0,1,6.4425401664681985,1,6.9363427358340495,1,6.946013991099227,1,7.117205503164344,1,5.953243334287785,5,8.368693183097793,86.0,1,Pass,1
643502,0.45145017573989943,0.14069464816742,0.4710875291380084,0.20977286091468178,0.34557080849184846,0.08655527750530838,0.3733986111390558,0.13658457958522727,0.06936086406625325,0.35290912812447717,0.16477333091994883,0.029589479899031067,0.1067948965586498,0.3399259080480618,0.10706905485515023,0.2972212158348433,0.4563172607944931,0.28553299471811466,0.38094036697100314,0.1944510085285241,402.0,203.0,158.0,178.0,341.0,1,5.998936561946683,1,5.318119993844216,1,5.0689042022202315,1,5.187385805840755,1,5.834810737062605,5,7.1569563646156364,80.0,1,Pass,1
643591,0.22153742432922907,0.21738819834852535,0.2957161941697703,0.30043802501059197,0.31703789811707767,0.21168802553277483,0.2537702880529817,0.28129182710915884,0.23642204382403995,0.20323868078787793,0.22948713479659855,0.2364323170217535,0.21851193197823024,0.3137560056555338,0.25765553535671243,0.3372874153413975,0.2924091965767394,0.2044800467428408,0.14938392550983426,0.22206788573833192,865.0,973.0,995.0,702.0,1183.0,1,6.763884908562435,1,6.881411303642535,1,6.903747257584598,1,6.555356891810665,1,7.076653815443951,5,8.459352191726387,88.0,1,Distinction,1
643653,0.22001180399607528,0.15406312666404726,0.31622519206728256,0.16000352912220941,0.17168978704628005,0.28916947047732444,0.3229653405093058,0.43203932720860017,0.33688591494899656,0.517131486907608,0.1572446064861827,0.2223428309988829,0.04312407556813462,0.24000529368331414,0.1697807026565203,0.3335741190404176,0.30062870182776413,0.20861140515598253,0.26310526224547975,0.1413980233895917,357.0,394.0,505.0,298.0,1130.0,1,5.8805329864007,1,5.978885764901122,1,6.226536669287466,1,5.700443573390687,1,7.030857476116121,5,7.895436006942965,78.0,1,Pass,1
643696,0.273563927582468,0.29151866487322764,0.2915937341805822,0.0,0.0,0.24585321433998544,0.2626299427672646,0.3586915271954316,0.0,0.0,0.13186561731711113,0.08482566864840849,0.1614175019709333,0.0,0.0,0.3487172407604353,0.36102572371109937,0.18829723665305284,0.0,0.0,682.0,370.0,292.0,,,1,6.52649485957079,1,5.916202062607435,1,5.680172609017068,0,0.0,0,0.0,3,7.20414929203594,84.0,1,Fail,0
643751,0.24401981373920195,0.12119412934153168,0.22191895914488058,0.24162210675484982,0.2188294746689283,0.21949065560109407,0.27973160208648595,0.22863346802049458,0.30971055142692916,0.2918874086184982,0.22462505960665663,0.258536645932667,0.20058969949510275,0.18320275255074428,0.2531159357838212,0.31186447105304727,0.34053762263931536,0.34885787333952195,0.2654645892674768,0.23616718092875225,775.0,590.0,855.0,1349.0,1901.0,1,6.654152520183219,1,6.3818160174060985,1,6.752270376141742,1,7.2078598714324755,1,7.550661243105336,5,8.607216694063826,84.0,1,Distinction,1
643754,0.24664351897962028,0.21383543723673687,0.337949267457212,0.19302028738776522,0.38291276062903223,0.23185115066582757,0.24777378410561066,0.19818787528596377,0.27781964732675135,0.1402846623623468,0.20603081556731084,0.29767274160467894,0.10525952786115927,0.3033990696724244,0.14095079104826766,0.31547451478724126,0.2407180370529735,0.3586033293956649,0.22576099561305885,0.33585178596035337,1173.0,658.0,588.0,1906.0,1187.0,1,7.068172000388042,1,6.490723534502507,1,6.3784261836515865,1,7.553286605600419,1,7.080026499922591,5,8.614864218589684,84.0,1,Distinction,1
643757,0.07687655424369208,0.404159542267331,0.0,0.0,0.0,0.36249034856533985,0.22089345938212576,0.0,0.0,0.0,0.17535775173871587,0.030320008799270166,0.0,0.0,0.0,0.3852753454522521,0.3446269895512731,0.0,0.0,0.0,248.0,89.0,,,,1,5.517452896464707,1,4.499809670330265,0,0.0,0,0.0,0,0.0,2,5.823045895483019,78.0,1,Fail,0
644025,0.3037872708449579,0.2005440823342718,0.2273986910159522,0.20795191268899535,0.32824924491707597,0.1749953363567038,0.33842041983159654,0.168454862390035,0.3361088579877597,0.23100738583811642,0.09276199400130739,0.20302406306321952,0.11442225644655285,0.192607242528345,0.2157467238542566,0.428455398797031,0.25801143477091215,0.4897241901474599,0.2633319867949,0.22499664539055098,475.0,540.0,363.0,599.0,928.0,1,6.16541785423142,1,6.293419278846481,1,5.8971538676367405,1,6.396929655216146,1,6.834108738813838,5,7.974532844130228,78.0,1,Pass,1
644210,0.2795424785681041,0.1800873916794258,0.18145358102324244,0.33436587870530143,0.3945827614664475,0.09736965433084821,0.3039967684184255,0.42283967348848983,0.32739740700951386,0.17211505053335693,0.23290560675620672,0.2308246945317806,0.1267390305092691,0.2119949252580874,0.2118376736150242,0.39018226034484105,0.2850911453703681,0.26896771497899863,0.12624178902709718,0.22146451438517145,462.0,226.0,399.0,256.0,591.0,1,6.137727054086234,1,5.424950017481403,1,5.991464547107982,1,5.54907608489522,1,6.3835066348840055,5,7.5678626054638825,82.0,1,Pass,1
644343,0.28174880174982964,0.0736612671105053,0.09813155234160385,0.26051498790012356,0.45743005478567994,0.4576555129307216,0.06344836196495451,0.09813155234160385,0.16261250471911495,0.017156930928811067,0.0,0.2808144886013526,0.08814611752136157,0.13742350901993314,0.0,0.26059568531944877,0.5820758823231875,0.7155907777954308,0.43944899836082835,0.525413014285509,280.0,198.0,68.0,44.0,992.0,1,5.638354669333745,1,5.293304824724492,1,4.23410650459726,1,3.8066624897703196,1,6.900730664045173,5,7.367077059881012,62.0,1,Pass,1
644361,0.2570359960406621,0.25128252045823746,0.2689017068298648,0.28648105634717175,0.2631799558151797,0.24025750809943291,0.28862956923870725,0.25505951297639573,0.23711106364963302,0.2792821443024041,0.18597771598213156,0.2193847250560933,0.2039156236906957,0.2621535638950599,0.25726724356302577,0.3167287798777734,0.240703185246962,0.2721231565030438,0.2142543161081353,0.20027065631939045,2146.0,2152.0,2971.0,3202.0,6032.0,1,7.671826797878781,1,7.674617497364363,1,7.99699040583765,1,8.071843149609158,1,8.704999678440762,5,9.711358054751088,80.0,1,Pass,1
644369,0.6714146344694886,0.16687730361690575,0.0,0.0,0.0,0.0,0.7774969285107923,0.0,0.037238871958272274,0.21037705320874447,0.3285853655305114,0.05562576787230192,0.5371197844470913,0.346969935306381,0.0962884437007359,0.0,0.0,0.4628802155529087,0.6157911927353467,0.6933345030905196,59.0,67.0,63.0,123.0,165.0,1,4.0943445622221,1,4.219507705176107,1,4.1588830833596715,1,4.820281565605037,1,5.111987788356544,5,6.169610732491456,70.0,1,Pass,1
644430,0.528998787578457,0.0,0.0,0.0,0.0,0.16642997407845986,0.0,0.0,0.0,0.0,0.0,0.0,0.0,0.0,0.0,0.30457123834308314,0.0,0.0,0.0,0.0,140.0,,,,,1,4.948759890378168,0,0.0,0,0.0,0,0.0,0,0.0,1,4.948759890378168,66.0,1,Fail,0
644450,0.22256706663795855,0.2824658226264416,0.22141423198035018,0.29599112485487594,0.33997224340830834,0.2655424479140568,0.2657712183625039,0.16786603896192423,0.28219537806879774,0.3570713061730509,0.23221081505417068,0.2168657997400209,0.27162693118312464,0.22339297835924707,0.24049956486562046,0.27967967039381386,0.23489715927103355,0.3390927978746008,0.19842051871707936,0.0624568855530202,961.0,935.0,1422.0,945.0,1545.0,1,6.8690144506657065,1,6.841615476477592,1,7.260522598089852,1,6.852242569051878,1,7.343426229147367,5,8.667163717992533,90.0,1,Distinction,1
644508,0.23202626865666703,0.1567922119515496,0.44155744544347425,0.2799105276843495,0.32047945513689857,0.18921774144284415,0.11646875088137529,0.16746182391720488,0.20055971508601905,0.31444361911646945,0.3013539528014865,0.28446184402528046,0.08047991158210568,0.05620601449044927,0.0546343981083549,0.2774020370990024,0.44227719314179464,0.3105008190572152,0.46332374273918225,0.31044252763827723,822.0,1901.0,448.0,557.0,431.0,1,6.71295620067707,1,7.550661243105336,1,6.1070228877422545,1,6.324358962381311,1,6.068425588244111,5,8.333270353255308,94.0,1,Pass,1
644761,0.21990934174211654,0.23983798641334636,0.4145985628879925,0.27914289362939404,0.5093330435677156,0.2388130427933408,0.3066759038604703,0.2042167772617684,0.2376156732850276,0.03660677165243828,0.2505777918998758,0.1733733474812197,0.22549744335405,0.28027362441551584,0.20956661349747757,0.29069982356466695,0.2801127622449636,0.1556872164961891,0.20296780867006237,0.24449357128236854,1032.0,873.0,405.0,1112.0,572.0,1,6.940222469119639,1,6.773080375655535,1,6.0063531596017325,1,7.014814351275545,1,6.35088571671474,5,8.292798858200374,82.0,1,Pass,1
644784,0.30652036207022604,0.19042050749839246,0.2059725057822159,0.0,0.24951947444341724,0.2649142621576979,0.28460738596885765,0.11086376239675315,0.0,0.510233722632252,0.23042270153021216,0.2149982168433877,0.08096874103077578,0.0,0.24024680292433087,0.19814267424186396,0.30997388968936207,0.6021949907902551,0.0,0.0,1059.0,1086.0,648.0,,599.0,1,6.966024187106113,1,6.99117688712121,1,6.47543271670409,0,0.0,1,6.396929655216146,4,8.129469764784231,82.0,1,Pass,1
644791,0.2693811599202949,0.14798327259096206,0.2561104451293128,0.2242067698513299,0.2823947703144169,0.25704865358988344,0.22170357811264965,0.21681088176311264,0.3090065864803844,0.329950390919922,0.19601190030474988,0.2820308983807742,0.2518900488561635,0.2308129442528995,0.24396039081970697,0.2775582861850719,0.34828225091561416,0.27518862425141094,0.2359736994153862,0.14369444794595415,1251.0,657.0,1569.0,1070.0,1609.0,1,7.132497551660044,1,6.489204931325317,1,7.358830898342354,1,6.976348070447749,1,7.383989457978509,5,8.72534492491121,96.0,1,Pass,1
644818,0.2797918896360363,0.25221325079674467,0.4651787950460418,0.23708641989324647,0.5314223859504404,0.24574859075114197,0.3598690155802131,0.19295683030999375,0.25614275082047916,0.2254299704859484,0.14215258316187618,0.12229540555281267,0.23398438848476893,0.259875954526048,0.03799828055594553,0.3323069364509457,0.2656223280702296,0.10787998615919538,0.24689487476022645,0.20514936300766565,1067.0,374.0,1324.0,655.0,1652.0,1,6.97354301952014,1,5.926926025970411,1,7.1891677384203225,1,6.486160788944089,1,7.410347097821024,5,8.53168763756669,90.0,1,Pass,1
644847,0.28333483464666986,0.1051703601699217,0.16744173088557354,0.0,0.4128500971840051,0.26102029188038806,0.026292590042480427,0.20047162325516876,0.0,0.40368692099660414,0.22929167652402666,0.3737950705876608,0.3670696482857731,0.0,0.01712327587760508,0.22635319694891548,0.49474197919993695,0.2650169975734846,0.0,0.1663397059417856,580.0,216.0,161.0,,249.0,1,6.364750756851911,1,5.37989735354046,1,5.087596335232384,0,0.0,1,5.521460917862246,4,7.095893221097532,80.0,1,Pass,1
644936,0.1545563871605627,0.6461523244026242,0.40153343026265237,0.03401546654119642,0.0670714043358992,0.4778411085651504,0.24732891134658797,0.2239663790460987,0.12194417199472433,0.1310203194170905,0.1080226710803669,0.10651876425078788,0.08940238348376377,0.06803093308239284,0.5858396420852993,0.25957983319392,0.0,0.2850978072074852,0.7760094283816864,0.216068634161711,256.0,71.0,230.0,197.0,148.0,1,5.54907608489522,1,4.276666119016055,1,5.442417710521793,1,5.288267030694535,1,5.003946305945459,5,6.805722553416985,58.0,1,Pass,1
644974,0.28869046253039987,0.20731641250747462,0.19941092328301252,0.14381653070799635,0.3038395825101859,0.2280745718943569,0.2739070742232809,0.3038274299827279,0.46907969432766994,0.31468523906609064,0.19915993719847966,0.20063656721289033,0.2328114187184634,0.17084186091664408,0.22888546566720747,0.28407502837676357,0.31813994605635415,0.2639502280157962,0.2162619140476896,0.1525897127565161,883.0,826.0,492.0,737.0,1631.0,1,6.784457062637643,1,6.717804695023691,1,6.20050917404269,1,6.6039438246004725,1,7.397561535524052,5,8.42726848388825,84.0,1,Distinction,1
645003,0.20960920469713712,0.20509860848719466,0.25886432457973585,0.0,0.0,0.19454107647899238,0.22233335342109292,0.2430497595750115,0.0,0.0,0.10938224092058615,0.2283537682616281,0.1329142317491943,0.0,0.0,0.4864674779032843,0.3442142698300843,0.3651716840960584,0.0,0.0,576.0,410.0,155.0,,,1,6.3578422665081,1,6.018593214496234,1,5.049856007249537,0,0.0,0,0.0,3,7.040536390215956,86.0,1,Fail,0
645020,0.2519650867717293,0.26267543525459974,0.1845565423449704,0.11931379516636702,0.1258248332431047,0.26733454012423874,0.3274597450952932,0.330190753938687,0.26324453731066877,0.0617477369911025,0.24317827033586606,0.15783173978620588,0.18295356114058842,0.23740603740512856,0.20141244294898794,0.23752210276816582,0.2520330798639013,0.3022991425757542,0.3800356301178356,0.6110149868168049,517.0,475.0,179.0,331.0,182.0,1,6.249975242259483,1,6.16541785423142,1,5.19295685089021,1,5.805134968916488,1,5.209486152841421,5,7.429520842786462,80.0,1,Pass,1
645078,0.19296656233783654,0.20482389247787172,0.22994043403073014,0.3684780091503791,0.3086467809133133,0.15155928280727926,0.20875070440446153,0.2679622084876004,0.19108450475047423,0.17324655442745546,0.278777632573621,0.2258922386374069,0.1647563489601564,0.11926407447702159,0.2871911781317623,0.3766965222812633,0.3605331644802598,0.3373410085215131,0.321173411622125,0.2309154865274689,706.0,395.0,550.0,625.0,1109.0,1,6.561030665896573,1,5.981414211254481,1,6.311734809152915,1,6.439350371100098,1,7.01211529430638,5,8.12740456269308,92.0,1,Distinction,1
645145,0.29643674249516977,0.464797496094029,0.4530564280160294,0.0,0.0,0.24505585970995175,0.24822547039886994,0.45109579708994973,0.0,0.0,0.16663433963019827,0.13603402359578887,0.09584777489402095,0.0,0.0,0.29187305816468023,0.15094300991131213,0.0,0.0,0.0,142.0,116.0,27.0,,,1,4.962844630259907,1,4.762173934797756,1,3.332204510175204,0,0.0,0,0.0,3,5.655991810819852,84.0,1,Fail,0
645405,0.21052602059710052,0.16233293123238965,0.4246241575743432,0.24331006060272872,0.2615127076146341,0.21952853559092603,0.26338733662850594,0.2749195936758628,0.21217014538915135,0.347511906477224,0.28141163241611705,0.2168467687855387,0.0338631358215493,0.3196985256293534,0.2801845792442448,0.28853381139585643,0.35743296335356567,0.2665931129282447,0.22482126837876654,0.11079080666389705,2059.0,1361.0,1480.0,1909.0,1516.0,1,7.630461261783627,1,7.216709486709457,1,7.300472814267799,1,7.554858521040676,1,7.324489979348532,5,9.02713842775492,74.0,1,Pass,1
645496,0.2595743559167458,0.2799532419997367,0.1851222197915235,0.42554964322616784,0.0,0.2769559485551089,0.2855382434771521,0.2140407144460225,0.11866179843827789,0.0,0.2023308644518291,0.22620411213584332,0.2931010851185722,0.16631582911344578,0.0,0.2611388310763161,0.2083044023872678,0.3077359806438818,0.2894727292221085,0.0,355.0,409.0,494.0,688.0,,1,5.87493073085203,1,6.016157159698354,1,6.20455776256869,1,6.535241271013659,0,0.0,4,7.5740450053721995,84.0,1,Fail,0
645518,0.3047204687488583,0.2404463193761372,0.5230788728998864,0.2553180388699235,0.33786327442088504,0.0442176671868901,0.22095795126615697,0.16653954008384603,0.2611151240313624,0.2555833375481866,0.3492990139310369,0.14017066762702565,0.1070390048754871,0.15778092366283933,0.1313514047558573,0.30176285013321474,0.3984250617306802,0.20334258214078038,0.3257859134358747,0.27520198327507106,875.0,843.0,393.0,722.0,566.0,1,6.775366090936392,1,6.738152494595957,1,5.976350909297934,1,6.583409222158765,1,6.340359303727752,5,8.131530710604252,96.0,1,Fail,0
645586,0.2719755049205894,0.0,0.023750005165005524,0.0,0.1164703777453049,0.22033540935597812,0.37713881141819483,0.04750001033001105,0.052811299462234965,0.1570113117884078,0.26265112969113663,0.0505977606990711,0.0,0.0,0.31511388408122465,0.24503795603229583,0.5722634278827341,0.9287499845049835,0.9471887005377649,0.41140442638506264,357.0,277.0,324.0,143.0,422.0,1,5.8805329864007,1,5.627621113690637,1,5.783825182329737,1,4.969813299576001,1,6.0473721790462776,5,7.329093736246592,78.0,1,Pass,1
645705,0.2769754368340353,0.13091758641691043,0.26932788137418157,0.2883800397480594,0.3436057635937104,0.13930943091928108,0.19358702465180236,0.035708097817075554,0.14389967290909467,0.1870915529745706,0.2732830357256621,0.2409446302081869,0.3157575093479034,0.2380096728883284,0.2006779758631111,0.31043209652102155,0.43455075872310034,0.3792065114608395,0.32971061445451766,0.2686247075686079,519.0,292.0,122.0,275.0,499.0,1,6.253828811575473,1,5.680172609017068,1,4.812184355372417,1,5.62040086571715,1,6.214608098422191,5,7.443078374348516,92.0,1,Pass,1
645732,0.30720983907925364,0.29840158595735744,0.15721724767995454,0.0,0.0,0.3669709447522574,0.16569198110920358,0.2913050159937482,0.0,0.0,0.1612860054579138,0.41907303797832174,0.12299043581987892,0.0,0.0,0.16453321071057506,0.11683339495511719,0.42848730050641837,0.0,0.0,474.0,156.0,223.0,,,1,6.163314804034641,1,5.056245805348308,1,5.4116460518550396,0,0.0,0,0.0,3,6.74993119378857,84.0,1,Pass,1
645784,0.23840593005443383,0.24885704785560084,0.24928724167065008,0.15511501592714672,0.14209689367220713,0.2039216966165278,0.17565934592106375,0.23507680053638136,0.3546253437380016,0.2191987748750768,0.26921367567772675,0.22097462733450438,0.17023934540983204,0.2594794001462985,0.25524899862562417,0.2884586976513116,0.3545089788888311,0.34539661238313657,0.23078024018855317,0.38345533282709193,506.0,385.0,342.0,201.0,1096.0,1,6.2285110035911835,1,5.955837369464831,1,5.8377304471659395,1,5.308267697401205,1,7.00033446027523,5,7.836369760545124,64.0,1,Pass,1
645790,0.17308852604976105,0.0,0.0,0.0,0.0,0.2672416413582316,0.3758036494182151,0.0,0.0,0.0,0.07454517064110792,0.6241963505817848,0.0,0.0,0.0,0.48512466195089937,0.0,0.0,0.0,0.0,34.0,12.0,,,,1,3.5553480614894135,1,2.5649493574615367,0,0.0,0,0.0,0,0.0,2,3.8501476017100584,76.0,1,Fail,0
645840,0.27716593940799267,0.24008794887928103,0.4144525562217794,0.20227417472613288,0.22532696145965667,0.23858017941863782,0.27577299625393126,0.20431950327524745,0.19312227075835486,0.35284422249480324,0.23335278549501326,0.21481131196636735,0.1881536714892014,0.20644559450047414,0.2762015126862669,0.2509010956783563,0.2693277429004204,0.1930742690137718,0.398157960015038,0.14562730335927304,1472.0,788.0,586.0,649.0,1246.0,1,7.29505641646263,1,6.670766320845874,1,6.375024819828097,1,6.476972362889683,1,7.1284959456800365,5,8.464214266625351,34.0,1,Fail,0
645880,0.32046156007818205,0.0,0.08214444894532938,0.13259206216309233,0.0,0.14573638066460598,0.0,0.23060862306638,0.0,0.0,0.30103845560382575,0.37493167057953924,0.0,0.0,0.0,0.23276360365338625,0.6250683294204608,0.6872469279882906,0.8674079378369077,0.0,524.0,72.0,66.0,101.0,,1,6.263398262591624,1,4.290459441148391,1,4.204692619390966,1,4.624972813284271,0,0.0,4,6.638567789166521,68.0,1,Fail,0
645948,0.11864172079025177,0.33746303775915065,0.10803212118634678,0.23880211146361613,0.0,0.22699596358141663,0.14963773192213803,0.5071174756658081,0.0701093167557652,0.0,0.29360619172996794,0.27387335815838215,0.10016652070007556,0.16967995403844496,0.0,0.3607561238983637,0.2390258721603291,0.28468388244776954,0.5214086177421737,0.0,875.0,656.0,336.0,176.0,,1,6.775366090936392,1,6.48768401848461,1,5.820082930352362,1,5.176149732573829,0,0.0,4,7.622663951323595,92.0,1,Pass,1
645960,0.25971428829059706,0.10758188142629822,0.27884590720941455,0.0,0.19258901774867618,0.3250894314572929,0.2893586491687414,0.08821546307523535,0.03823795334133949,0.09378096000045143,0.10096618243130452,0.26239132170705654,0.0,0.13708162883302732,0.2030053262369101,0.3142300978208055,0.340668147697904,0.6329386297153501,0.8246804178256332,0.5106246960139622,395.0,232.0,133.0,169.0,311.0,1,5.981414211254481,1,5.4510384535657,1,4.897839799950911,1,5.135798437050262,1,5.7430031878094825,5,7.123672785204607,88.0,1,Pass,1
645997,0.20022495745475133,0.18666638140980318,0.3008519054159911,0.23178132504725338,0.2570825273365621,0.19407631459700408,0.26243714848655303,0.24741238103049906,0.28851320707021194,0.19822089363097678,0.28127571936892876,0.3057776433956471,0.12203463409452418,0.179663179759055,0.25250301976026873,0.32442300857931583,0.24511882670799678,0.3297010794589856,0.3000422881234797,0.29219355927219254,798.0,603.0,481.0,504.0,771.0,1,6.683360945766275,1,6.403574197934815,1,6.1779441140506,1,6.22455842927536,1,6.648984550024776,5,8.057694194815587,72.0,1,Pass,1
646015,0.20461093830540478,0.12550818631812685,0.17431220604242895,0.37450173728626834,0.3906360832233532,0.228944772223058,0.32828657375594644,0.25552246478736135,0.16191987196470503,0.32797459039942484,0.20605604749904194,0.3195953413312469,0.2642727324025594,0.19067787855460727,0.11772602771057111,0.3603882419724952,0.22660989859467978,0.30589259676765035,0.27290051219441924,0.16366329866665089,489.0,350.0,555.0,424.0,601.0,1,6.194405391104672,1,5.860786223465865,1,6.320768294250582,1,6.052089168924417,1,6.400257445308821,5,7.791522819150732,94.0,1,Distinction,1
646017,0.2585038886991803,0.19421074157059845,0.3328304483702961,0.1864294212369728,0.1384036111029876,0.25564365728041,0.23410398658861548,0.3150118475148302,0.3131733397942372,0.26816596273271953,0.20384094181906912,0.24333892949060695,0.180803495357077,0.3880506564513971,0.30988223873384046,0.28201151220134063,0.3283463423501791,0.17135420875779667,0.11234658251739295,0.2835481874304524,839.0,1005.0,1191.0,1526.0,1431.0,1,6.733401891837359,1,6.913737350659685,1,7.083387847625295,1,7.3310603052186325,1,7.266827347520591,5,8.698347400458186,50.0,1,Pass,1
646053,0.1490679045553589,0.16243338571104132,0.04064481590254832,0.03873754000914628,0.28438127736460583,0.0,0.35673523480646285,0.15882956664741704,0.1388767160520789,0.2627156957835355,0.19361725066795374,0.24258796076102018,0.10964287471224025,0.32795923427382556,0.2869535632659603,0.6573148447766874,0.23824341872147564,0.6908827427377944,0.4944265096649493,0.16594946358589843,333.0,635.0,483.0,854.0,1195.0,1,5.811140992976701,1,6.455198563340122,1,6.182084906716632,1,6.75110146893676,1,7.086737934510577,5,8.160803920954665,82.0,1,Pass,1
646074,0.16600096259082314,0.24329621731848125,0.3024407416141872,0.3395372071899497,0.39006703590793956,0.3151780067941885,0.27986620073200325,0.3298512596631402,0.34978813210111037,0.19960891111953508,0.2342603309356584,0.14173432391624724,0.12413081050669837,0.10502597688824097,0.19638050730343587,0.28456069967932995,0.33510325803326835,0.2435771882159743,0.20564868382069887,0.21394354566908944,1053.0,825.0,1038.0,1123.0,1096.0,1,6.960347729101308,1,6.716594773520978,1,6.946013991099227,1,7.024649030453636,1,7.00033446027523,5,8.544029845369797,88.0,1,Pass,1
646085,0.23448028766301957,0.14990235440488087,0.31488884987581756,0.3848213507970421,0.2292257167116751,0.23196675719780133,0.2453776697941895,0.3967126477106929,0.18376126562526685,0.28882748208870657,0.32007497044318844,0.2956834611312883,0.15299364452720748,0.09354204687083059,0.21524061360992477,0.21347798469599064,0.3090365146696413,0.13540485788628204,0.3378753367068605,0.26670618758969356,663.0,552.0,510.0,783.0,1267.0,1,6.498282149476434,1,6.315358001522335,1,6.236369590203704,1,6.664409020350408,1,7.145196134997171,5,8.236420527265391,86.0,1,Distinction,1
646138,0.23250789753070003,0.07751827306765281,0.7852772571051766,0.1452433094399955,0.05137781329445912,0.17740289845054338,0.13549184042062273,0.2147227428948234,0.16767932650004205,0.23895239048255776,0.13839023150314866,0.4928375016186555,0.0,0.38903973305869183,0.1263604867815129,0.4516989725156081,0.29415238489306894,0.0,0.29803763100127056,0.5833093094414702,284.0,202.0,80.0,300.0,396.0,1,5.652489180268651,1,5.313205979041787,1,4.394449154672439,1,5.707110264748875,1,5.983936280687191,5,7.141245122350491,90.0,1,Pass,1
646313,0.0,0.15051980403878915,0.1270819108514524,0.4511585567240727,0.36517967083937836,0.11409944427803284,0.28369547263947875,0.42123565349772146,0.3668058032657087,0.19688420211450713,0.3318819355763374,0.1936934073120711,0.0635409554257262,0.015706740238247807,0.17471505816486363,0.5540186201456296,0.37209131600966094,0.38814148022510003,0.16632889977197082,0.26322106888125085,399.0,516.0,89.0,739.0,1409.0,1,5.991464547107982,1,6.248042874508429,1,4.499809670330265,1,6.606650186198215,1,7.251344983372214,5,8.056109659545061,64.0,1,Pass,1
646357,0.2352470406150161,0.22216875115665335,0.26876838794998786,0.2971650478430999,0.28144691840245506,0.2501144621356881,0.2554350603174538,0.3000738882566786,0.41137339785120525,0.30661934769775956,0.2380948295191907,0.1965732653558776,0.17370942449117607,0.2357615529441923,0.24706695832792858,0.2765436677301051,0.3258229231700153,0.25744829930215757,0.055700001361502674,0.16486677557185697,990.0,758.0,539.0,612.0,1217.0,1,6.898714534329988,1,6.63200177739563,1,6.29156913955832,1,6.418364935936212,1,7.1049654482698426,5,8.322880021769905,98.0,1,Distinction,1
646402,0.17811388737608638,0.2217632846691719,0.16323569129199822,0.2743766596397684,0.2643325722997539,0.22339017884566398,0.30596798122933444,0.14647263678851877,0.2280292055873965,0.33622769272168923,0.24900031449975482,0.27176372625300366,0.3423241459322276,0.2872418662697134,0.32841190528691183,0.34949561927849476,0.20050500784849004,0.3479675259872553,0.21035226850312166,0.07102782969164496,472.0,576.0,391.0,525.0,518.0,1,6.159095388491933,1,6.3578422665081,1,5.971261839790462,1,6.26530121273771,1,6.251903883165888,5,7.817222785508166,82.0,1,Pass,1
646460,0.33599886146786595,0.2041520284038067,0.38451284783522477,0.14907529530893637,0.4030397004516981,0.3072394535743424,0.08625286608059711,0.3132597176967998,0.20757554784354368,0.13364958622220727,0.22851934934037585,0.38135895771314976,0.11666362427916714,0.33267635824069713,0.26467832428116306,0.12824233561741566,0.32823614780244637,0.18556381018880827,0.3106727986068228,0.19863238904493158,423.0,436.0,709.0,493.0,695.0,1,6.049733455231958,1,6.07993319509559,1,6.565264970035361,1,6.202535517187923,1,6.54534966033442,5,7.921898411023797,88.0,1,Pass,1
646539,0.31511089681989696,0.20120203676151246,0.0,0.2865422051462913,0.06877977006730211,0.27739915036954094,0.2106637018979243,0.18746289498325977,0.0983898816960686,0.06877977006730211,0.054702297257140264,0.224982817666729,0.21638278224621854,0.1323799400150475,0.0,0.35278765555342195,0.3631514436738341,0.5961543227705217,0.4826879731425926,0.8624404598653957,258.0,254.0,437.0,310.0,51.0,1,5.556828061699537,1,5.541263545158426,1,6.082218910376446,1,5.739792912179234,1,3.9512437185814275,5,7.1785454837637,86.0,1,Pass,1
646540,0.3975921503737639,0.11016902529226567,0.3379200981367875,0.3677222239807551,0.2954232549004298,0.12860459066314425,0.10067600239556018,0.3157077231360282,0.34228501529351324,0.06638760780110886,0.24103187215969077,0.32469641839784613,0.0,0.015120475780686003,0.43708546949233795,0.2327713868034011,0.4644585539143281,0.3463721787271844,0.2748722849450457,0.20110366780612332,854.0,493.0,173.0,1074.0,1013.0,1,6.75110146893676,1,6.202535517187923,1,5.159055299214529,1,6.980075940561763,1,6.921658184151129,5,8.190908881182514,82.0,1,Distinction,1
646551,0.13253337811819968,0.1783939541773577,0.3821915080364961,0.29234397035658055,0.25483356924875455,0.29272731398933927,0.23669586436936638,0.10370255453790335,0.20476561419488237,0.29572812984187014,0.35872423598338365,0.1930399747132727,0.27036365718556515,0.27083590801552054,0.24603472977038174,0.21601507190907715,0.3918702067400031,0.24374228024003544,0.2320545074330166,0.2034035711389935,288.0,825.0,1465.0,1433.0,1444.0,1,5.666426688112432,1,6.716594773520978,1,7.290292882446597,1,7.2682230211595655,1,7.275864600546533,5,8.604471199523298,84.0,1,Pass,1
646638,0.2599736461755561,0.0,0.24669552697211589,0.4660108263466804,0.12084766843970554,0.057471003757880106,0.0,0.0,0.0,0.030211917109926385,0.19091454202467914,0.4302768593678904,0.0,0.10720869773206813,0.0,0.49164080804188476,0.5697231406321095,0.7533044730278841,0.42678047592125135,0.8489404144503682,85.0,106.0,57.0,301.0,176.0,1,4.454347296253507,1,4.672828834461906,1,4.060443010546419,1,5.71042701737487,1,5.176149732573829,5,6.587550014824796,78.0,1,Pass,1
646670,0.2993590667786603,0.0890802654328512,0.10822639508831178,0.24251415738709153,0.26219847782411926,0.07123111221580469,0.07059444013267811,0.0,0.01742225135772469,0.09678676908644261,0.1541051014189674,0.3032004916762588,0.31425454410632914,0.05522723016026377,0.10516834915915194,0.4753047195865676,0.537124802758212,0.5775190608053591,0.6848363610949201,0.5358464039302863,356.0,275.0,67.0,425.0,398.0,1,5.877735781779639,1,5.62040086571715,1,4.219507705176107,1,6.054439346269371,1,5.988961416889864,5,7.3277805384216315,70.0,1,Pass,1
646750,0.35097438624205024,0.09192917394799645,0.21629094377062327,0.45440468742947376,0.2655130079202998,0.28495370863504593,0.27514016442141737,0.13858086137842882,0.19870250604257544,0.13676059904833257,0.1693500974212062,0.20467009504044537,0.1069816056003673,0.03241855621501636,0.22634184929432974,0.1947218077016977,0.42826056659014067,0.5381465892505806,0.31447425031293447,0.3713845437370379,257.0,379.0,162.0,106.0,456.0,1,5.552959584921617,1,5.940171252720432,1,5.093750200806762,1,4.672828834461906,1,6.124683390894205,5,7.215975002651466,96.0,1,Pass,1
646778,0.22860087024865075,0.31089540027780344,0.2885302588374857,0.23909506194397578,0.1900342129387954,0.2988530062441054,0.29441844301121767,0.23669633472599527,0.2581766141690287,0.23230713885576043,0.25312902672710985,0.1101167068511834,0.08458240557473475,0.18225242678791906,0.4535114868038912,0.21941709678013405,0.2845694498597955,0.3901910008617843,0.32047589709907637,0.12414716140155291,1030.0,537.0,681.0,913.0,1475.0,1,6.93828448401696,1,6.2878585601617845,1,6.525029657843462,1,6.81783057145415,1,7.297091005160418,5,8.441822884391462,74.0,1,Distinction,1
646990,0.19728939471204104,0.1083605805050793,0.11281455656701554,0.1526233409959365,0.24162079581307877,0.2239359962003453,0.26440615583561505,0.17068814869096688,0.384800495594963,0.27903486495083385,0.1977059058509332,0.3954774759028451,0.4119125754581955,0.12287812660285996,0.28890718844610414,0.38106870323668046,0.23175578775646047,0.30458471928382214,0.33969803680624044,0.1904371507899833,552.0,434.0,432.0,505.0,1119.0,1,6.315358001522335,1,6.075346031088684,1,6.07073772800249,1,6.226536669287466,1,7.02108396428914,5,8.02059914989697,92.0,1,Pass,1
647040,0.3025737928020945,0.1779157935973944,0.19920560806874404,0.18926783013230478,0.2789621780195138,0.25873696284466247,0.3404425523542036,0.17449023785177092,0.11430779080993239,0.08289807017532089,0.023111632205900345,0.19732144722790312,0.2345300334604256,0.27460640239161216,0.15060093266390362,0.4155776121473426,0.28432020682049886,0.3917741206190594,0.42181797666615073,0.4875388191412616,497.0,828.0,391.0,441.0,971.0,1,6.210600077024653,1,6.720220155135295,1,5.971261839790462,1,6.091309882077698,1,6.879355804460439,5,8.048468743668883,82.0,1,Pass,1
647045,0.37729407675648724,0.0,0.0,0.0,0.0,0.13138405382293641,0.0,0.0,0.0,0.0,0.18722387133902132,0.0,0.0,0.0,0.0,0.304097998081555,0.0,0.0,0.0,0.0,913.0,,,,,1,6.81783057145415,0,0.0,0,0.0,0,0.0,0,0.0,1,6.81783057145415,48.0,1,Fail,0
647154,0.18079198819182496,0.17178025916277745,0.1407729009644268,0.0907700387290049,0.48316917414645344,0.1607731431043379,0.03959629858190036,0.0,0.02100220936955929,0.08224264990099937,0.23941053378602198,0.26991949271947885,0.12207748250264176,0.1363432579255376,0.018724204556456965,0.4190243349178151,0.5187039495358434,0.7371496165329313,0.7518844939758982,0.4158639713960903,650.0,384.0,103.0,418.0,213.0,1,6.478509642208569,1,5.953243334287785,1,4.6443908991413725,1,6.037870919922137,1,5.365976015021851,5,7.478169694159785,64.0,1,Pass,1
647169,0.23573043115960168,0.0,0.3833641025520669,0.27771825168509096,0.31218809301835126,0.22533657878842672,0.47669540730477666,0.21140605007940286,0.36027137579282403,0.24493677103370806,0.22959044170275497,0.21222154597315732,0.0,0.05013351957910847,0.271282434565421,0.30934254834921654,0.31108304672206605,0.4052298473685303,0.31187685294297646,0.1715927013825197,384.0,331.0,240.0,461.0,1063.0,1,5.953243334287785,1,5.805134968916488,1,5.484796933490655,1,6.135564891081739,1,6.96979066990159,5,7.8160138391590275,96.0,1,Distinction,1
647171,0.20383027249708408,0.0,0.0,0.0,0.0,0.13891921733543774,0.0,0.0,0.0,0.0,0.25597885020778055,0.0,0.0,0.0,0.0,0.4012716599596977,0.0,0.0,0.0,0.0,195.0,,,,,1,5.278114659230517,0,0.0,0,0.0,0,0.0,0,0.0,1,5.278114659230517,68.0,1,Fail,0
647320,0.2515186706597704,0.3177834845412872,0.34123801037752644,0.2300465008704861,0.4157107051170695,0.2376664131781913,0.2812533105476273,0.14925937689142815,0.09797500441646115,0.10387593611799693,0.21258699401586062,0.20847024064032735,0.03050893145168229,0.13907513993778645,0.19226865784714364,0.29822792214617777,0.19249296427075807,0.47899368127936304,0.5329033547752663,0.28814470091779,1025.0,829.0,635.0,1216.0,788.0,1,6.933423025730715,1,6.721425700790643,1,6.455198563340122,1,7.104144092987527,1,6.670766320845874,5,8.410498452745275,86.0,1,Pass,1
647324,0.325726004187539,0.16346026056717808,0.29184171312605467,0.30079545624352294,0.4584600516891268,0.1622436823823476,0.31165597333488076,0.16050381472963696,0.2827502702373707,0.19558314296152102,0.1461889960175565,0.2041718706150339,0.20784462472666226,0.11648863163250187,0.18387642280260727,0.36584131741255693,0.3207118954829073,0.3398098474176462,0.2999656418866046,0.16208038254674492,682.0,709.0,572.0,967.0,786.0,1,6.52649485957079,1,6.565264970035361,1,6.35088571671474,1,6.875232087276577,1,6.668228248417403,5,8.220672170297252,82.0,1,Distinction,1
647339,0.302320669456747,0.30808574101353975,0.0,0.0,0.0,0.1324050745719625,0.0,0.0,0.0,0.0,0.42738857983421963,0.0,0.0,0.0,0.0,0.13788567613707103,0.6919142589864603,0.0,0.0,0.0,196.0,45.0,,,,1,5.2832037287379885,1,3.828641396489095,0,0.0,0,0.0,0,0.0,2,5.488937726156687,88.0,1,Fail,0
647391,0.5383801307227968,0.03356394433627274,0.13307350972780937,0.054394403890127896,0.1499077019359355,0.40845127664535,0.14742349748538724,0.13307350972780937,0.054394403890127896,0.04641513705429101,0.020568419316342165,0.2825363332405838,0.0,0.41499430541443144,0.23804903126879892,0.032600173315511016,0.5364762249377563,0.7338529805443813,0.47621688680531277,0.5656281297409745,284.0,133.0,48.0,81.0,516.0,1,5.652489180268651,1,4.897839799950911,1,3.8918202981106265,1,4.406719247264253,1,6.248042874508429,5,6.968850378341948,80.0,1,Pass,1
647398,0.2379239142143248,0.21221110488152978,0.393889363077546,0.41042119369676305,0.327217866594968,0.24604899356761015,0.2980914180090539,0.22370994699075136,0.2076170989364554,0.31662704341471853,0.3034308736017946,0.27091419811297457,0.0,0.11817552690356062,0.14530335134338696,0.2125962186162705,0.21878327899644162,0.3824006899317027,0.2637861804632208,0.21085173864692663,430.0,496.0,527.0,457.0,478.0,1,6.066108090103747,1,6.208590026096629,1,6.269096283706261,1,6.126869184114185,1,6.171700597410915,5,7.77863014732581,80.0,1,Pass,1
647399,0.2510114004919905,0.17445255941079796,0.2714344456435166,0.2609983581118196,0.2413367830632695,0.25507081565806483,0.2538353999789627,0.2188991054404845,0.3174512388411661,0.23083931663892548,0.23180335565252533,0.2526961628523562,0.2685235712254399,0.1946023650236093,0.2674204947853364,0.2621144281974194,0.31901587775788315,0.24114287769055898,0.226948038023405,0.2604034055124687,1594.0,926.0,1561.0,822.0,741.0,1,7.374629015218945,1,6.831953565565855,1,7.3537223303996315,1,6.71295620067707,1,6.60934924316738,5,8.638525476583762,96.0,1,Pass,1
647425,0.3396940648000455,0.25680780533366515,0.40115810755786613,0.2836920681375787,0.10352276767631328,0.3401189503345285,0.27565781751924373,0.22753127065021458,0.304597014965103,0.14890247123164507,0.14390604107423724,0.23545981662903678,0.20957425963971654,0.2865197313387586,0.27523247372819015,0.17628094379118878,0.2320745605180544,0.16173636215220272,0.12519118555855954,0.4723422873638514,1300.0,1275.0,1458.0,3121.0,900.0,1,7.170888478512505,1,7.151485463904735,1,7.285506548522785,1,8.046229101075378,1,6.803505257608338,5,8.994048295611075,54.0,1,Pass,1
647485,0.37622897210047257,0.0,0.1945859797793025,0.09570025256433876,0.0798415892374328,0.23349578166439794,0.0701252786597419,0.016744144280095814,0.17456668921476126,0.18029779183325412,0.0578436168671075,0.3633002764929047,0.21740104978026165,0.24837727320752054,0.37850340953564776,0.33243162936802195,0.5665744448473534,0.57126882616034,0.4813557850133794,0.36135720939366534,200.0,216.0,217.0,209.0,410.0,1,5.303304908059076,1,5.37989735354046,1,5.384495062789089,1,5.3471075307174685,1,6.018593214496234,5,7.133295954896068,66.0,1,Pass,1
647496,0.19073883221274965,0.2944523016106953,0.09999063201301878,0.468977629281839,0.0,0.361204604288382,0.09132357739745613,0.4591698325286686,0.12531274442323476,0.0,0.26460265284830514,0.22735037368507893,0.11812674477733053,0.08430182709799743,0.0,0.18345391065056332,0.38687374730676966,0.3227127906809821,0.3214077991969287,0.0,329.0,169.0,253.0,220.0,,1,5.799092654460526,1,5.135798437050262,1,5.537334267018537,1,5.3981627015177525,0,0.0,4,6.879355804460439,72.0,1,Pass,1
647765,0.21669172496967534,0.19093751194971834,0.2917233700987719,0.0,0.0,0.23077202428050855,0.2992631407393587,0.3680189393079501,0.0,0.0,0.1297222294379742,0.18675751438869606,0.0,0.0,0.0,0.4228140213118419,0.32304183292222677,0.34025769059327793,1.0,1.0,167.0,312.0,302.0,119.0,147.0,1,5.123963979403259,1,5.746203190540153,1,5.713732805509369,1,4.787491742782046,1,4.997212273764115,5,6.954638864880987,90.0,1,Pass,1
647841,0.11211188829778078,0.14673467131009144,0.26168869540844364,0.1456647644070461,0.12425560549648575,0.1940155441240449,0.4038155672293286,0.2620533798178455,0.21353780252541174,0.39174503864123483,0.4332407576579248,0.10941053192556273,0.2855443375889478,0.4689171857375827,0.03917181897092342,0.2606318099202495,0.34003922953501714,0.19071358718476308,0.17188024732995935,0.444827536891356,585.0,508.0,683.0,224.0,430.0,1,6.373319789577012,1,6.2324480165505225,1,6.52795791762255,1,5.41610040220442,1,6.066108090103747,5,7.796057974316123,94.0,1,Pass,1
647898,0.3130953867143551,0.03386795898487199,0.2709734922406572,0.2647292641236512,0.39526527046071674,0.12941940292395473,0.10272501668139696,0.3829183464241235,0.39782263599600887,0.16859016449031514,0.21832475541192595,0.3944392010629878,0.1693823777321583,0.045578592793672275,0.20633231671186927,0.33916045494976416,0.4689678232707434,0.17672578360306107,0.29186950708666765,0.22981224833709893,606.0,187.0,353.0,413.0,820.0,1,6.408528791059498,1,5.236441962829949,1,5.869296913133774,1,6.025865973825314,1,6.710523109452428,5,7.77485576666552,80.0,1,Distinction,1
647910,0.0,0.06486078541458258,0.0,0.0,0.0,0.11876003471415203,0.2683979645574411,0.0,0.0,0.0,0.3044867704531601,0.12335435476449066,0.0,0.29528476430103134,0.0,0.5767531948326878,0.5433868952634857,0.0,0.7047152356989685,0.0,254.0,651.0,,151.0,,1,5.541263545158426,1,6.480044561926653,0,0.0,1,5.0238805208462765,0,0.0,3,6.963189985870238,66.0,1,Fail,0
647945,0.2504113151584068,0.2800318684496816,0.35787774209150264,0.2053163655982484,0.3852841652385711,0.0385352238343295,0.4203864989064224,0.09660269176012647,0.35762798379506294,0.3746556852700324,0.38007402848473815,0.2124624683000967,0.21003743643719938,0.15371747431103705,0.11865883646119971,0.33097943252252554,0.0871191643437992,0.3354821297111715,0.28333817629565156,0.12140131303019684,431.0,304.0,444.0,311.0,454.0,1,6.068425588244111,1,5.720311776607412,1,6.09807428216624,1,5.7430031878094825,1,6.12029741895095,5,7.573017256052546,86.0,1,Pass,1
647987,0.21462562703743254,0.2785997441051736,0.24697132345380313,0.2676074700977565,0.0,0.23400727157680576,0.36720072063066767,0.49022992981949,0.04027893778158831,0.0,0.24571725353539037,0.07430419690844718,0.0820190093221386,0.04027893778158831,0.0,0.30564984785037136,0.27989533835571156,0.1807797374045682,0.6518346543390668,0.0,1197.0,693.0,161.0,104.0,,1,7.088408778675395,1,6.542471960506805,1,5.087596335232384,1,4.653960350157523,0,0.0,4,7.6760099320288875,82.0,1,Fail,0
648027,0.27916438497580953,0.17128514908877,0.24526219933785534,0.06432053016792848,0.06831625989882073,0.2286866608314495,0.15871768501915856,0.059879880679166414,0.06432053016792848,0.1024743898482311,0.17451945863502638,0.335512036752385,0.0,0.0,0.4736440219621422,0.3176294955577147,0.3344851291396864,0.6948579199829783,0.871358939664143,0.3555653282908061,335.0,302.0,263.0,179.0,323.0,1,5.817111159963204,1,5.713732805509369,1,5.575949103146316,1,5.19295685089021,1,5.780743515792329,5,7.246368080102461,86.0,1,Pass,1
648037,0.22492810475765576,0.24812662200617563,0.30632069899661263,0.26496480434059894,0.4549005128132017,0.14069935053946533,0.2526156705115752,0.20003844355998834,0.2589549685084442,0.16772609349489181,0.30746604830354446,0.22485445837030016,0.2912564178300294,0.184787188333488,0.24837842838976737,0.32690649639933456,0.27440324911194897,0.20238443961336966,0.2912930388174689,0.12899496530213897,1018.0,1234.0,361.0,1021.0,897.0,1,6.926577033222725,1,7.118826249062078,1,5.8916442118257715,1,6.92951677076365,1,6.8001700683022,5,8.418918622147897,80.0,1,Distinction,1
648038,0.3547300194143186,0.22522824630508678,0.2516525816389654,0.26529250472310384,0.38753005870546464,0.1658653483864829,0.28765130437731296,0.3486847803955702,0.09647416330852515,0.33032310870966103,0.3126954365901322,0.15095790867258477,0.1777338093395867,0.29780447228883206,0.15799461132271259,0.1667091956090663,0.33616254064501555,0.22192882862587762,0.34042885967953884,0.12415222126216165,605.0,495.0,534.0,735.0,1651.0,1,6.406879986069314,1,6.206575926724928,1,6.282266746896006,1,6.601230118728877,1,7.409741954080923,5,8.299285906897275,82.0,1,Pass,1
648040,0.2256121444397592,0.1908752141357996,0.3546907344782673,0.29040988112308125,0.34059009648863503,0.2340514659675959,0.29049276972269594,0.2776577976362224,0.19532343209718378,0.3417898780327599,0.27039850880077904,0.1751558452664752,0.16136248765671093,0.2904279666774803,0.20941212221204158,0.26993788079186576,0.3434761708750294,0.20628898022879943,0.22383872010225478,0.10820790326656342,1784.0,653.0,1030.0,854.0,1153.0,1,7.487173694213739,1,6.483107351457199,1,6.93828448401696,1,6.75110146893676,1,7.050989447068045,5,8.607947554684701,88.0,1,Pass,1
648086,0.17271076419360973,0.14094869010377462,0.22576530495335584,0.10621794699516314,0.0,0.3485256526231816,0.2893327758972811,0.1638765466228472,0.25518199651267603,0.2673647397351133,0.2569854215877946,0.3032187605060969,0.15379379266875925,0.44784893467348674,0.22659496588168085,0.22177816159541403,0.26649977349284726,0.4565643557550378,0.1907511218186741,0.5060402943832057,647.0,178.0,431.0,324.0,263.0,1,6.473890696352274,1,5.187385805840755,1,6.068425588244111,1,5.783825182329737,1,5.575949103146316,5,7.519692404116539,88.0,1,Pass,1
648105,0.0,0.0,0.11005485525943096,0.10299317869150945,0.27236640460762085,0.48828470578804634,0.2529261344174763,0.27928826430587833,0.15244589110278375,0.22449146419271007,0.0,0.3153049962264197,0.3339753660889784,0.26553183336313674,0.19431147102947,0.5117152942119537,0.43176886935610403,0.27668151434571225,0.47902909684257,0.30883066017019917,58.0,550.0,814.0,549.0,1838.0,1,4.07753744390572,1,6.311734809152915,1,6.703188113240863,1,6.309918278226516,1,7.516977224604321,5,8.245384468120747,70.0,1,Pass,1
648114,0.31494554031952493,0.24373780340633203,0.22514714980241618,0.07027933442886192,0.23756202293028328,0.21163264373694543,0.2918234285028445,0.1743833190586388,0.2657098364019696,0.1908394950257979,0.19819041131710052,0.19327721929672728,0.25402943295902525,0.30808144549361954,0.2551843443409236,0.27523140462642914,0.2711615487940963,0.34644009817991983,0.35592938367554894,0.3164141377029952,611.0,574.0,545.0,749.0,2033.0,1,6.416732282512326,1,6.354370040797351,1,6.302618975744905,1,6.620073206530356,1,7.617759576608505,5,8.414717399827001,76.0,1,Pass,1
648116,0.30221191196265795,0.21179183852053524,0.32487411583369885,0.2935498164775849,0.4168063086742009,0.1533947755765741,0.20336009188937973,0.2765880092185685,0.19812748984961306,0.26170423294072076,0.04198277230392527,0.20946117928189062,0.08035311868633944,0.21402799259951188,0.17922047831178395,0.5024105401568426,0.37538689030819433,0.3181847562613932,0.29429470107329014,0.14226898007329444,433.0,505.0,180.0,700.0,781.0,1,6.073044534100405,1,6.226536669287466,1,5.198497031265826,1,6.55250788703459,1,6.661854740545311,5,7.8632667240095735,72.0,1,Pass,1
648140,0.0,0.13783679146795513,0.13041158045150986,0.161056252124086,0.06767731030503724,0.4579774177498266,0.19129684772437397,0.27262820755696365,0.1273790603964118,0.21131850641872618,0.42531900832859876,0.25742371153047533,0.07352492960932838,0.2835275227168386,0.2255892633198681,0.11670357392157454,0.41344264927719565,0.5234352823821982,0.42803716476266346,0.4954149199563686,265.0,261.0,185.0,126.0,617.0,1,5.583496308781699,1,5.568344503761097,1,5.225746673713202,1,4.844187086458591,1,6.42648845745769,5,7.282761179605593,72.0,1,Pass,1
648190,0.4714334425880194,0.0,0.0,0.0,0.0,0.31528793739187977,0.0,0.0,0.0,0.0,0.176553015526733,0.0,0.0,0.0,0.0,0.03672560449336789,0.0,0.0,0.0,0.0,176.0,,,,,1,5.176149732573829,0,0.0,0,0.0,0,0.0,0,0.0,1,5.176149732573829,64.0,1,Fail,0
648244,0.5431750010664583,0.342497539198152,0.0,0.0,0.0,0.20249711825735475,0.07124448782149811,0.0,0.0,0.0,0.0,0.0,0.0,0.0,0.0,0.2543278806761869,0.5862579729803499,0.0,0.0,0.0,120.0,87.0,,,,1,4.795790545596741,1,4.477336814478207,0,0.0,0,0.0,0,0.0,2,5.337538079701318,60.0,1,Fail,0
648254,0.3393363199100694,0.23800836703577744,0.27616587641284895,0.0,0.0,0.22614354445678964,0.24694510951251286,0.0813521672806839,0.056025706839477406,0.39518486085913357,0.08000203162610738,0.25358505609367255,0.05998505837014428,0.14130787305698025,0.07729669483611015,0.3545181040070335,0.2614614673580371,0.5824968979363228,0.8026664201035424,0.5275184443047563,200.0,358.0,216.0,350.0,236.0,1,5.303304908059076,1,5.883322388488279,1,5.37989735354046,1,5.860786223465865,1,5.4680601411351315,5,7.215975002651466,92.0,1,Pass,1
648287,0.2956440755100795,0.0983982006912795,0.2684252387308054,0.19175137170213716,0.18304343317603428,0.06848218119282541,0.3493852091184388,0.23918596439175585,0.45913526021374107,0.32711050145871373,0.14745198883672833,0.41115168409777203,0.2159075984302981,0.20447656220557703,0.31365406230173215,0.4884217544603668,0.14106490609250974,0.27648119844714053,0.1446368058785446,0.1761920030635199,320.0,522.0,448.0,467.0,724.0,1,5.771441123130016,1,6.259581464064923,1,6.1070228877422545,1,6.148468295917647,1,6.586171654854675,5,7.8168199657645525,68.0,1,Pass,1
648353,0.39040671110901576,0.2889999778406335,0.0,0.0,0.0,0.02354614452843244,0.16940780892502594,0.0,0.0,0.0,0.20630075161240308,0.1980875019349104,0.0,0.0,0.0,0.3797463927501487,0.3435047112994302,0.0,0.0,0.0,290.0,118.0,,,,1,5.673323267171493,1,4.77912349311153,0,0.0,0,0.0,0,0.0,2,6.013715156042802,72.0,1,Fail,0
648365,0.2822839981229485,0.26500644998126077,0.33068818680122636,0.27504408386739304,0.25568507973197113,0.28161436686894475,0.2950187131869241,0.15982200378937317,0.26891387288405544,0.26894042047844946,0.2546795659959496,0.15028508828686726,0.2347335598102792,0.25429114902558425,0.1993044361789109,0.1814220690121571,0.28968974854494783,0.2747562495991212,0.2017508942229673,0.27607006361066844,1273.0,1236.0,612.0,1018.0,2258.0,1,7.149916836132109,1,7.1204443723924875,1,6.418364935936212,1,6.926577033222725,1,7.7226775164680035,5,8.763740720509464,80.0,1,Pass,1
648366,0.2836074509617524,0.14878946103990034,0.26961673692356125,0.26757843619418037,0.27538605222070234,0.23843413439763728,0.2420307967387999,0.17197844268085624,0.2915058792143837,0.28852367441121723,0.17010886551428123,0.2733405556482544,0.24554311025691733,0.12548427292711875,0.18574041293159152,0.30784954912632917,0.33583918657304523,0.3128617101386651,0.3154314116643172,0.2503498604364888,921.0,722.0,388.0,664.0,1048.0,1,6.826545223556594,1,6.583409222158765,1,5.963579343618446,1,6.499787040655854,1,6.955592608396297,5,8.227909837597483,88.0,1,Distinction,1
648455,0.5,0.0,0.0,0.0,0.0,0.0,0.0,0.0,0.0,0.0,0.0,0.0,0.0,0.0,0.0,0.5,0.0,0.0,0.0,0.0,16.0,,,,,1,2.833213344056216,0,0.0,0,0.0,0,0.0,0,0.0,1,2.833213344056216,58.0,1,Fail,0
648457,0.05204364041389523,0.36576985355706976,0.2511149453139014,0.22050993695032067,0.12121579451742355,0.31270375969710473,0.35378814049122925,0.0,0.14764377092046585,0.3958522851301203,0.3240531361619645,0.19010273744625145,0.1026469491871135,0.08372232389270429,0.3613890614781869,0.31119946372703555,0.09033926850544947,0.646238105498985,0.5481239682365092,0.12154285887426934,207.0,362.0,137.0,350.0,221.0,1,5.337538079701318,1,5.8944028342648505,1,4.927253685157205,1,5.860786223465865,1,5.402677381872279,5,7.15305163493748,98.0,1,Distinction,1
648470,0.22205685571941386,0.17269044349405707,0.353139469926861,0.25765141718694595,0.261022036356358,0.16025292150796777,0.2925026060486455,0.18962557500365623,0.2533244552841458,0.3000969342462873,0.31786535874610383,0.18831124803522917,0.12885024558505837,0.1763185897682912,0.19115636821662174,0.2998248640265146,0.34649570242206823,0.32838470948442444,0.31270553776061705,0.24772466118073302,477.0,795.0,928.0,852.0,1082.0,1,6.169610732491456,1,6.679599185844383,1,6.834108738813838,1,6.748759547491679,1,6.9874902470009905,5,8.327242607457793,78.0,1,Distinction,1
648508,0.31383063324672184,0.0,0.0,0.0,0.0,0.2762853353086251,0.5218351971229078,0.0,0.0,0.0,0.0,0.4781648028770921,0.0,0.0,0.0,0.40988403144465296,0.0,0.0,0.0,0.0,93.0,18.0,,,,1,4.543294782270004,1,2.9444389791664403,0,0.0,0,0.0,0,0.0,2,4.718498871295094,94.0,1,Fail,0
648515,0.38659683022531494,0.34301221937732584,0.0,0.0,0.0,0.27506634385035744,0.25899163530680636,0.0,0.0,0.0,0.21529353643717306,0.2104600520585212,0.0,0.0,0.0,0.12304328948715447,0.18753609325734658,0.0,0.0,0.0,112.0,219.0,,,,1,4.727387818712341,1,5.393627546352362,0,0.0,0,0.0,0,0.0,2,5.805134968916488,72.0,1,Fail,0
648531,0.14074706376842983,0.2890661198362429,0.20848756364655374,0.29982651057835585,0.23891726934014013,0.314616301518461,0.17769047381604908,0.24627728014756323,0.21648064209173606,0.31688072867355094,0.2517593365452323,0.31721155171051246,0.1811432900059745,0.2756777663371915,0.30975155120418946,0.292877298167877,0.21603185463719565,0.3640918661999085,0.20801508099271654,0.13445045078211962,482.0,479.0,517.0,870.0,951.0,1,6.180016653652572,1,6.173786103901937,1,6.249975242259483,1,6.769641976852503,1,6.858565034791365,5,8.101677747454572,78.0,1,Distinction,1
648536,0.26262200104834715,0.2552343638365608,0.2251796533787808,0.25260514029593495,0.2733073151089365,0.16150854222430852,0.2818476193342793,0.27147013954510774,0.0,0.2569564199987193,0.18412771303654968,0.1677114605969837,0.03140613790708875,0.05844732599664371,0.3133054704203176,0.3917417436907945,0.2952065562321762,0.47194406916902276,0.6889475337074213,0.15643079447202662,795.0,498.0,197.0,142.0,691.0,1,6.679599185844383,1,6.212606095751519,1,5.288267030694535,1,4.962844630259907,1,6.539585955617669,5,7.751045117971802,88.0,1,Distinction,1
648564,0.21554211969964682,0.11484368947699641,0.38167936972576494,0.20019068790118483,0.37300584189688923,0.2189584763177771,0.4409611109402098,0.21359009213058316,0.296642279251011,0.39561456585542126,0.33987721299688556,0.27235734503040304,0.06452101758839308,0.01804697293540353,0.034850855759612186,0.22562219098569056,0.17183785455239078,0.34020952055525877,0.4851200599124007,0.19652873648807734,667.0,656.0,452.0,796.0,973.0,1,6.504288173536645,1,6.48768401848461,1,6.115892125483034,1,6.680854678790215,1,6.881411303642535,5,8.173293438966228,90.0,1,Pass,1
648571,0.2712281883532445,0.058416565751828395,0.3931371362444438,0.21735657223786503,0.30386270607349986,0.13480628318081336,0.3568524070378938,0.25992240180091275,0.1308664231949342,0.2370974702779681,0.2936865593459151,0.29378965737210483,0.05976081764364018,0.3893530225864095,0.0625538146210656,0.300278969120027,0.2909413698381729,0.2871796443110033,0.26242398198079114,0.3964860090274664,772.0,433.0,415.0,592.0,571.0,1,6.650279048587422,1,6.073044534100405,1,6.030685260261263,1,6.385194398997726,1,6.349138991379798,5,7.931644021454311,90.0,1,Distinction,1
648590,0.32562892700526025,0.1734227765058203,0.2653572886738278,0.0,0.4977171314527571,0.14893973209534184,0.2716131742423664,0.14960616153501674,0.19093353551111833,0.2553893870476002,0.28471695772302824,0.19095475347609048,0.11575112713881104,0.28090729601675024,0.03229959792151966,0.2407143831763697,0.3640092957757229,0.4692854226523443,0.5281591684721315,0.21459388357812317,408.0,280.0,43.0,324.0,114.0,1,6.013715156042802,1,5.638354669333745,1,3.784189633918261,1,5.783825182329737,1,4.74493212836325,5,7.064759027791802,74.0,1,Pass,1
648613,0.33940247272567653,0.34778344155766994,0.03484841627805316,0.05974543427545849,0.06272135774338437,0.13720885997537302,0.23518887961429946,0.23102257915220178,0.20978961572276808,0.36381891289029733,0.18658426931946992,0.0,0.0,0.11556344484453958,0.0,0.3368043979794806,0.4170276788280306,0.734129004569745,0.6149015051572339,0.5734597293663183,778.0,145.0,203.0,443.0,429.0,1,6.658011045870748,1,4.983606621708336,1,5.318119993844216,1,6.095824562432225,1,6.063785208687608,5,7.6004023345004,88.0,1,Pass,1
648661,0.4640667978961631,0.0,0.0,0.0,0.0,0.13428892428647035,0.07278348348825175,0.0,0.0,0.0,0.1666370873171906,0.3618254201655311,0.0,0.0,0.0,0.23500719050017596,0.5653910963462171,0.0,0.0,0.0,297.0,116.0,,,,1,5.697093486505405,1,4.762173934797756,0,0.0,0,0.0,0,0.0,2,6.025865973825314,72.0,1,Fail,0
648685,0.21092291104729777,0.2141149408654769,0.3131804021882908,0.38205784964439066,0.24379859988504,0.3292064562566657,0.09633126365968789,0.2431223539802938,0.10696596413562472,0.2908919657700569,0.23295680781422196,0.2554707150171443,0.08035070638032311,0.13045548624362555,0.09930302132590443,0.22691382488181455,0.4340830804576909,0.3633465374510922,0.380520699976359,0.36600641301899867,456.0,769.0,586.0,377.0,1077.0,1,6.124683390894205,1,6.646390514847729,1,6.375024819828097,1,5.934894195619588,1,6.982862751468942,5,8.09132127353041,98.0,1,Distinction,1
648804,0.2823850077387416,0.09733135997889988,0.44834138432483694,0.3230564321263051,0.0,0.22890039609524673,0.2383713801830159,0.23913100098180531,0.12854766890574232,0.0,0.24811684456485072,0.3150493551709112,0.16062284121943618,0.18754736218420848,0.0,0.24059775160116087,0.34924790466717304,0.1519047734739216,0.36084853678374407,0.0,589.0,374.0,515.0,306.0,,1,6.380122536899765,1,5.926926025970411,1,6.246106765481563,1,5.726847747587197,0,0.0,4,7.487173694213739,80.0,1,Fail,0
648815,0.2789237523119691,0.39359515642277704,0.20883259975999374,0.22905095339730763,0.3201344747899359,0.2466380057352681,0.20369487674891243,0.4687644333931258,0.30613024930345617,0.27519272984325654,0.21843896206472432,0.13438223654730078,0.06312930964505982,0.2627049087164145,0.28963879748256544,0.25599927988803856,0.2683277302810096,0.25927365720182055,0.20211388858282173,0.11503399788424223,951.0,745.0,1180.0,1115.0,1400.0,1,6.858565034791365,1,6.61472560020376,1,7.074116816197362,1,7.017506142941256,1,7.244941546337007,5,8.592671652592143,84.0,1,Pass,1
648903,0.0,0.27064178235836117,0.14668613068075015,0.023275750861773102,0.35976279225452673,0.0,0.18612523870320635,0.1357007960178706,0.2167643434720519,0.013405036680501583,1.0,0.3039630523100318,0.0,0.2651647420708355,0.31687106710640883,0.0,0.23926992662840063,0.7176130733013792,0.4947951635953396,0.3099611039585629,41.0,553.0,96.0,381.0,535.0,1,3.7376696182833684,1,6.317164686747284,1,4.574710978503383,1,5.945420608606575,1,6.284134161070802,5,7.382124365737512,70.0,1,Pass,1
648972,0.07354174022590107,0.20299901835963982,0.0,0.0,0.4904554172870953,0.22558006659290505,0.16670406473210925,0.23835441907966423,0.0,0.1423871970936485,0.3414606344758095,0.10705340644220153,0.0,0.0554590613849683,0.10215328236346656,0.35941755870538444,0.5232435104660493,0.7616455809203357,0.9445409386150316,0.26500410325578977,143.0,117.0,40.0,166.0,744.0,1,4.969813299576001,1,4.770684624465665,1,3.713572066704308,1,5.117993812416755,1,6.61338421837956,5,7.099201743553092,66.0,1,Pass,1
649004,0.25224210187734925,0.1933478785469135,0.2556199281967683,0.2668292295606811,0.19210902095743626,0.24036506035813748,0.22828876384011823,0.2914015859006852,0.26294534288390814,0.32121387626755704,0.2139574525124011,0.27899703642599855,0.25632723570163235,0.25199980780423015,0.22500757542012492,0.29343538525211205,0.2993663211869697,0.19665125020091395,0.21822561975118054,0.26166952735488175,730.0,1408.0,1889.0,1619.0,2390.0,1,6.594413459749778,1,7.25063551189868,1,7.5443321080536885,1,7.3901814282264295,1,7.779466967458324,5,8.991811158212718,70.0,1,Pass,1
649009,0.0,0.13730349656153631,0.47319744543833936,0.21383139895215184,0.0,0.13239804408429234,0.10057299338231782,0.0,0.7861686010478481,0.0,0.2761867066382534,0.0,0.0,0.0,0.0,0.5914152492774543,0.7621235100561459,0.5268025545616607,0.0,0.0,57.0,69.0,9.0,38.0,,1,4.060443010546419,1,4.248495242049359,1,2.302585092994046,1,3.6635616461296463,0,0.0,4,5.159055299214529,84.0,1,Fail,0
649084,0.23147755941046522,0.1899580355765957,0.17796264560337693,0.16556477618636753,0.08013791178101583,0.23452628406714,0.26166924810588515,0.15020938639223497,0.220518417704434,0.16747217366687217,0.2626448858929472,0.33818878483938347,0.3223543825164156,0.2191387808770579,0.1919074376336505,0.2713512706294475,0.2101839314781356,0.3494735854879724,0.3947780252321407,0.5604824769184615,607.0,513.0,496.0,367.0,285.0,1,6.410174881966167,1,6.2422232654551655,1,6.208590026096629,1,5.908082938168931,1,5.655991810819852,5,7.727094484779841,80.0,1,Pass,1
649093,0.19334762351737247,0.2282971391423311,0.40426747781905875,0.27372049918509317,0.05388248750154511,0.14936814099017862,0.25756154603002357,0.37040714599726504,0.04861193517104997,0.045090419348073535,0.22623405077898687,0.30535660009325505,0.06321222873438669,0.35821390793761987,0.3179252958899097,0.431050184713462,0.20878471473439034,0.16211314744928954,0.319453657706237,0.5831017972604716,307.0,275.0,234.0,223.0,426.0,1,5.730099782973574,1,5.62040086571715,1,5.459585514144159,1,5.4116460518550396,1,6.056784013228625,5,7.290292882446597,94.0,1,Distinction,1
649118,0.0,0.24288003142203254,0.0,0.0,0.33645251815487986,0.2206246399788397,0.3314812808687886,0.0,0.43435515104568084,0.10250672544150473,0.0,0.07926678124078283,0.0,0.19480292027817214,0.06046381833251911,0.7793753600211604,0.346371906468396,0.0,0.3708419286761469,0.5005769380710963,200.0,313.0,,37.0,314.0,1,5.303304908059076,1,5.749392985908253,0,0.0,1,3.6375861597263857,1,5.752572638825633,4,6.762729506931879,86.0,1,Pass,1
649159,0.27863951031346434,0.31418417448678443,0.2519339693775648,0.1438000788549417,0.5982311240165741,0.17221451809567828,0.24859200199353587,0.22846216341640882,0.2277661613723921,0.10848840062428687,0.23115154143765693,0.20065665302687138,0.21851208126636198,0.3020497376376992,0.07293934289955786,0.31799443015320056,0.23656717049280832,0.3010917859396643,0.3263840221349671,0.22034113245958126,384.0,400.0,444.0,549.0,647.0,1,5.953243334287785,1,5.993961427306569,1,6.09807428216624,1,6.309918278226516,1,6.473890696352274,5,7.793586803371584,64.0,1,Pass,1
649165,0.244055291998833,0.07297448413286164,0.22644041151058272,0.24464633418814585,0.07869525048209162,0.33981504808533003,0.24693218073327236,0.1277108262239487,0.0,0.0,0.1966381412275287,0.3047607797529351,0.10903641638805497,0.07535482369848925,0.41837394588073146,0.21949151868830824,0.37533255538093085,0.5368123458774136,0.6799988421133649,0.5029308036371769,228.0,387.0,205.0,192.0,377.0,1,5.43372200355424,1,5.961005339623274,1,5.327876168789581,1,5.262690188904886,1,5.934894195619588,5,7.237059026124737,86.0,1,Pass,1
649207,0.2865378797842406,0.2071089020615448,0.35400012162946926,0.2009619774252302,0.2147294114742077,0.22809502438078674,0.2463884974841482,0.209263150404165,0.2056545263413911,0.37185040483058673,0.23252433451995524,0.2468707187191656,0.1789465216765351,0.250061919952858,0.20407097993569517,0.2528427613150174,0.29963188173514127,0.2577902062898306,0.34332157628052073,0.2093492037595104,544.0,606.0,892.0,658.0,889.0,1,6.300785794663244,1,6.408528791059498,1,6.794586580876499,1,6.490723534502507,1,6.7912214627261855,5,8.185907481482324,80.0,1,Pass,1
649212,0.26931947541960094,0.20166378813818814,0.136704014829445,0.413414332888505,0.268079220648113,0.17115685789025734,0.2770793922797765,0.1938712486756787,0.2296514799744008,0.1419459109163217,0.26237390371970826,0.024683676790495202,0.0,0.045958066093077315,0.1442381574889367,0.2971497629704334,0.4965731427915402,0.6694247364948762,0.310976121044017,0.44573671094662864,638.0,256.0,199.0,859.0,629.0,1,6.459904454377535,1,5.54907608489522,1,5.298317366548036,1,6.756932389247553,1,6.4457198193855785,5,7.856319571406588,66.0,1,Pass,1
649258,0.16438243718135934,0.08714862923798444,0.1914573886559732,0.0,0.35175326341584806,0.24785110727302495,0.09031095343069465,0.1914573886559732,0.14604034530656268,0.10090142698349129,0.24454914951340503,0.26777053609937373,0.0,0.25903258040925387,0.10318523312697869,0.3432173060322106,0.5547698812319471,0.6170852226880535,0.5949270742841835,0.44416007647368205,230.0,133.0,172.0,59.0,392.0,1,5.442417710521793,1,4.897839799950911,1,5.153291594497779,1,4.0943445622221,1,5.973809611869261,5,6.894670039433482,92.0,1,Fail,0
649284,0.49222375504807736,0.23541823908711368,0.10710916958086948,0.27290706468218284,0.0,0.16956783310172863,0.07589125787308576,0.0,0.0,0.11624178794495034,0.07315058082921529,0.31673949615016794,0.0,0.0,0.0,0.2650578310209787,0.3719510068896326,0.8928908304191304,0.7270929353178172,0.8837582120550497,362.0,281.0,183.0,185.0,128.0,1,5.8944028342648505,1,5.641907070938114,1,5.214935757608986,1,5.225746673713202,1,4.859812404361672,5,7.038783541388542,64.0,1,Pass,1
649379,0.2619426448658773,0.2459565601418858,0.3009809282968071,0.32670087928808383,0.19178847041020383,0.16683812785884292,0.20673587648188763,0.21366706654896195,0.2488005582438822,0.28772847917295385,0.2872036084918765,0.2815558034086964,0.2643747262231076,0.1884625747851105,0.23738457055349782,0.2840156187834033,0.2657517599675302,0.22097727893112323,0.2360359876829235,0.2830984798633445,862.0,651.0,454.0,1618.0,1116.0,1,6.760414691083428,1,6.480044561926653,1,6.12029741895095,1,7.389563953677635,1,7.018401799069201,5,8.455743229100015,76.0,1,Pass,1
649400,0.30394611774183855,0.18419085881699193,0.07101012773325605,0.047907164200433,0.4012987662306085,0.24844731353786867,0.466492454052824,0.3960525293825138,0.19295286915920967,0.172707708236937,0.18377085918475353,0.349316687130184,0.41011000232228045,0.3233278763450651,0.2014224320483263,0.26383570953553925,0.0,0.1228273405619496,0.43581209029529216,0.2245710934841282,454.0,103.0,143.0,681.0,204.0,1,6.12029741895095,1,4.6443908991413725,1,4.969813299576001,1,6.525029657843462,1,5.3230099791384085,5,7.368970402194793,86.0,1,Pass,1
649434,0.2546089726657827,0.11043503277933658,0.4798915618991135,0.4000234435798391,0.18794407925399775,0.5400301162929799,0.341847816433683,0.20519483493575802,0.08657958899805991,0.3291264775818327,0.03303873675080033,0.23197491551817712,0.20061751047093937,0.29015934254326237,0.1729152082286817,0.1723221742904371,0.31574223526880324,0.11429609269418915,0.2232376248788387,0.31001423493548774,562.0,429.0,598.0,710.0,1156.0,1,6.333279628139691,1,6.063785208687608,1,6.395261598115449,1,6.566672429803241,1,7.053585727193677,5,8.147867129923947,66.0,1,Pass,1
649435,0.2955136244650965,0.5695823485283297,0.19713190876796532,0.3850144399077724,0.3272485445963784,0.0,0.0,0.07228993054710599,0.0,0.36339318540749965,0.3191451161520823,0.16892693142088389,0.4720090717411388,0.1923050645699539,0.02299414393198905,0.3853412593828212,0.26149072005078633,0.2585690889437898,0.4226804955222736,0.28636412606413286,200.0,60.0,515.0,382.0,457.0,1,5.303304908059076,1,4.110873864173311,1,6.246106765481563,1,5.948034989180646,1,6.126869184114185,5,7.387090235656757,94.0,1,Pass,1
649457,0.2559224045863623,0.19587726841551226,0.2879203391110411,0.3226878796894701,0.2889863008834911,0.22996668152053762,0.34020312344208364,0.26943603107547626,0.15453039415550468,0.2578741966861995,0.24589082126079834,0.29209841388150165,0.2755188101740412,0.23222533648876195,0.14233280990905645,0.2682200926323016,0.1718211942609025,0.16712481963944156,0.29055638966626324,0.3108066925212529,755.0,869.0,659.0,1137.0,616.0,1,6.628041376179533,1,6.76849321164863,1,6.492239835020471,1,7.037027614686276,1,6.424869023905388,5,8.30325712085294,88.0,1,Pass,1
649469,0.039839779825900916,0.24580435023806185,0.6594617534862729,0.0,0.0,0.21985759840339683,0.2674306424188669,0.06804027715161953,0.0,0.0,0.3554764221291544,0.21314587246819763,0.12219278169049673,0.0,0.0,0.3848261996415479,0.27361913487487377,0.1503051876716108,0.0,0.0,1233.0,713.0,152.0,,,1,7.1180162044653335,1,6.570882962339584,1,5.030437921392435,0,0.0,0,0.0,3,7.649216319820633,90.0,1,Fail,0
649566,0.24003454257225226,0.14012262177014448,0.0,0.6406055943802313,0.0,0.03679501232442261,0.0,0.0,0.0,0.0,0.21272520191106023,0.0,0.0,0.0,0.0,0.5104452431922649,0.8598773782298555,0.0,0.3593944056197686,0.0,214.0,35.0,,308.0,,1,5.3706380281276624,1,3.58351893845611,0,0.0,1,5.733341276897746,0,0.0,3,6.324358962381311,84.0,1,Fail,0
649619,0.16560118634106144,0.19953033557055805,0.2186832153999362,0.29451459093200244,0.26546936879783795,0.19055269264600766,0.32511451722766055,0.4185156233221877,0.281237750961399,0.37873319404177197,0.2890311191817102,0.18349592461539924,0.09381443123018936,0.12686095816748436,0.1682410816243377,0.35481500183122067,0.29185922258638214,0.2689867300476868,0.2973866999391141,0.18755635553605246,537.0,467.0,425.0,741.0,1020.0,1,6.2878585601617845,1,6.148468295917647,1,6.054439346269371,1,6.60934924316738,1,6.928537818164665,5,8.068089626278244,92.0,1,Distinction,1
649735,0.358708893414964,0.26465398230123954,0.19002215286686125,0.07174083367379554,0.44884010793314894,0.2732847112089314,0.11678240919514818,0.21426571728334962,0.12363157654482337,0.12953726984301298,0.18590681880208937,0.10287817629008485,0.041444647112593214,0.023913611224598515,0.03402290369425483,0.1820995765740152,0.5156854322135274,0.5542674827371958,0.7807139785567826,0.3875997185295832,312.0,175.0,105.0,320.0,138.0,1,5.746203190540153,1,5.170483995038151,1,4.663439094112067,1,5.771441123130016,1,4.9344739331306915,5,6.957497370876951,62.0,1,Pass,1
649806,0.0,0.22105710514029908,0.1449644201868219,0.2550940153574745,0.0,0.0,0.08777283366992887,0.1121597857967994,0.0,0.0,0.4742121137714732,0.1211450517481188,0.2899288403736438,0.23037285101090432,0.0,0.5257878862285267,0.5700250094416532,0.4529469536427349,0.5145331336316212,0.0,105.0,168.0,60.0,39.0,,1,4.663439094112067,1,5.1298987149230735,1,4.110873864173311,1,3.6888794541139363,0,0.0,4,5.921578419643816,84.0,1,Fail,0
649952,0.24814968917689118,0.17415330504513435,0.11148405053549748,0.17283742929362123,0.24085743091217582,0.23219158601276038,0.07677619211301133,0.24150955768418497,0.22115110263264767,0.32075241536504867,0.17627254259894998,0.2985791775686129,0.2845185498178037,0.2852349135894121,0.1780069069171187,0.34338618221139844,0.4504913252732414,0.3624878419625139,0.320776554484319,0.26038324680565683,1203.0,399.0,1101.0,844.0,1266.0,1,7.093404625868766,1,5.991464547107982,1,7.004881989712859,1,6.739336627357174,1,7.144407180321139,5,8.479283618343016,90.0,1,Pass,1
649979,0.2157107129638341,0.03511279990881335,0.36391853911072797,0.17644509839199565,0.3396238110177924,0.23657962298198268,0.31469517742105274,0.3910025284557436,0.2716375553207959,0.29382527729695557,0.18661507361367416,0.3139816504862765,0.0,0.0,0.0,0.36109459044050896,0.33621037218385746,0.2450789324335284,0.5519173462872083,0.36655091168525206,289.0,280.0,185.0,68.0,226.0,1,5.66988092298052,1,5.638354669333745,1,5.225746673713202,1,4.23410650459726,1,5.424950017481403,5,6.955592608396297,92.0,1,Pass,1
650031,0.06975925530058662,0.3238319903068683,0.16452657252501587,0.276517989551074,0.0,0.1710607473831795,0.26899632844097837,0.12866699309603802,0.10553675085134821,0.0,0.41069116930729305,0.13854292630889514,0.25323912869123366,0.07549447772912805,0.0,0.34848882800894077,0.2686287549432581,0.4535673056877123,0.5424507818684497,0.0,437.0,396.0,418.0,240.0,,1,6.082218910376446,1,5.983936280687191,1,6.037870919922137,1,5.484796933490655,0,0.0,4,7.307872780763706,70.0,1,Fail,0
650048,0.0,0.0,0.0,0.0,0.0,0.3247010780686929,0.0,0.0,0.0,0.0,0.27915158867782347,0.0,0.0,0.0,0.0,0.39614733325348367,0.0,0.0,0.0,0.0,61.0,,,,,1,4.127134385045092,0,0.0,0,0.0,0,0.0,0,0.0,1,4.127134385045092,72.0,1,Fail,0
650108,0.4618163275486775,0.2454257923724698,0.37931213337076797,0.41387239613676663,0.2669872374710352,0.1799777981865599,0.2634962893685473,0.1806968183839908,0.18930879531660283,0.21752572660742978,0.15191156225936048,0.25112498041329995,0.13175164607173412,0.10906300191638456,0.14515275096668467,0.2062943120054021,0.23995293784568292,0.30823940217350715,0.2877558066302459,0.3703342849548504,562.0,757.0,723.0,682.0,911.0,1,6.333279628139691,1,6.630683385642372,1,6.584791392385716,1,6.52649485957079,1,6.815639990074331,5,8.19863945529737,88.0,1,Pass,1
650160,0.3299107189048093,0.21540122487478122,0.3187956178567415,0.24754621405027008,0.32525894093073904,0.21344794972061842,0.2246060672703081,0.2465145607846204,0.16137806091644794,0.3859336577592913,0.18333988642020974,0.1906702262716029,0.040652951665539554,0.21768402034914397,0.08893389602927662,0.27330144495436254,0.3693224815833079,0.39403686969309853,0.37339170468413796,0.19987350528069317,433.0,503.0,668.0,780.0,628.0,1,6.073044534100405,1,6.222576268071369,1,6.505784060128229,1,6.660575149839686,1,6.444131256700441,5,8.0106915391303,92.0,1,Distinction,1
650170,0.2589223387051593,0.20284657368819425,0.6969170541500231,0.0,0.0,0.28816051780640245,0.2882980699128492,0.30308294584997686,0.0,0.0,0.2507256999939415,0.1591432711807486,0.0,0.0,0.0,0.20219144349449678,0.34971208521820807,0.0,0.0,0.0,1348.0,1044.0,350.0,,,1,7.207118856207756,1,6.951772164398911,1,5.860786223465865,0,0.0,0,0.0,3,7.916807490937603,76.0,1,Fail,0
650251,0.255951496455313,0.055379277328211345,0.2111330780191692,0.16295064859671887,0.2633962443890168,0.3303235230825984,0.1545915349880737,0.1739292524199243,0.2729200800576846,0.318341114689012,0.13551815379968254,0.457985474145234,0.48111648681702346,0.3483818071987531,0.26338316048598714,0.2782068266624061,0.332043713538481,0.13382118274388294,0.21574746414684334,0.15487948043598418,612.0,478.0,1004.0,786.0,926.0,1,6.418364935936212,1,6.171700597410915,1,6.912742820493176,1,6.668228248417403,1,6.831953565565855,5,8.244596756382498,86.0,1,Distinction,1
650363,0.0916334309404855,0.0975615488689877,0.09612370871379941,0.043165506371658405,0.044344056697176386,0.10638311886581708,0.042017472067204756,0.058937982156070746,0.0,0.5340298960469954,0.21535870915109845,0.10861358966882294,0.0,0.5473066497469667,0.3402619228746224,0.586624741042599,0.7518073893949846,0.8449383091301298,0.4095278438813748,0.08136412438120565,115.0,75.0,149.0,456.0,1049.0,1,4.7535901911063645,1,4.330733340286331,1,5.0106352940962555,1,6.124683390894205,1,6.956545443151569,5,7.520234556474628,70.0,1,Pass,1
650370,0.3827804227664231,0.15186909347964944,0.4145161291121034,0.18416440466609652,0.13755551330954538,0.1887803848059898,0.26428332201492005,0.11834071999475772,0.06305763494887046,0.18593461066793504,0.197175501031214,0.18586088628759512,0.09991798567960782,0.06305763494887046,0.12561499862721584,0.23126369139637312,0.3979866982178353,0.36722516521353105,0.6897203254361626,0.5508948773953039,237.0,212.0,210.0,217.0,536.0,1,5.472270673671475,1,5.3612921657094255,1,5.351858133476067,1,5.384495062789089,1,6.285998094508865,5,7.253470382684528,82.0,1,Pass,1
650424,0.17487338783933276,0.27040949737901027,0.2987692293649078,0.32031843808554566,0.1933808043877447,0.13706420029300734,0.18765461913125825,0.26556153205331756,0.24802276588614744,0.3827576407343755,0.3114979132128445,0.3076129248967927,0.08395442823494448,0.2197561717929235,0.32885006299748293,0.37656449865481556,0.23432295859293878,0.35171481034683016,0.21190262423538334,0.09501149188039691,383.0,488.0,609.0,438.0,664.0,1,5.950642552587727,1,6.192362489474872,1,6.413458957167357,1,6.0844994130751715,1,6.499787040655854,5,7.8567067930958405,80.0,1,Pass,1
650461,0.37099020572741515,0.08762032634903698,0.0,0.47240434117440827,0.0,0.27645159998037966,0.0,0.0,0.13082530686503516,0.0,0.13903336159510635,0.0,0.0,0.0,0.4165124681247883,0.21352483269709896,0.9123796736509631,0.0,0.39677035196055666,0.5834875318752117,331.0,137.0,,123.0,75.0,1,5.805134968916488,1,4.927253685157205,0,0.0,1,4.820281565605037,1,4.330733340286331,4,6.502790045915623,92.0,1,Pass,1
650469,0.2226897731925684,0.21011616401049402,0.3513594687485991,0.2031578216080537,0.33321298807564714,0.12856071979294628,0.22361225466208784,0.1943009417618469,0.257171942188167,0.31698693430616454,0.22010209841706335,0.21798414377421188,0.06544403111596958,0.27291417586815203,0.1444362639781279,0.428647408597422,0.3482874375532061,0.3888955583735844,0.2667560603356272,0.20536381364006048,440.0,312.0,123.0,843.0,604.0,1,6.089044875446846,1,5.746203190540153,1,4.820281565605037,1,6.738152494595957,1,6.405228458030842,5,7.750614732770409,98.0,1,Pass,1
650473,0.33079488043444744,0.22405460586259593,0.27013102975121706,0.2996622564340926,0.2881867570678178,0.18953534873210717,0.24121429369368017,0.25494373828131595,0.2730291468724546,0.26995946789367414,0.2697932339524753,0.19892940804071885,0.1365667459992267,0.13123745139505236,0.21960943527635526,0.20987653688097005,0.33580169240300495,0.33835848596824036,0.2960711452984005,0.2222443397621528,691.0,389.0,925.0,509.0,1395.0,1,6.539585955617669,1,5.966146739123692,1,6.8308742346461795,1,6.234410725718371,1,7.241366283322318,5,8.271292652979412,84.0,1,Pass,1
650543,0.5460172975916084,0.0,0.0,0.0,0.0,0.0,0.0,0.0,0.0,0.0,0.0,0.0,0.0,0.0,0.0,0.45398270240839167,0.0,0.0,0.0,0.0,316.0,,,,,1,5.75890177387728,0,0.0,0,0.0,0,0.0,0,0.0,1,5.75890177387728,80.0,1,Fail,0
650570,0.31825164043166637,0.23037456233218623,0.281687262412729,0.3130625288745934,0.3545539913536842,0.09926540761116791,0.2579358884241244,0.26045720975312936,0.19869514358243887,0.21143269076864646,0.290833704538892,0.17286717578125912,0.03602082493738313,0.10647527458975097,0.13988555502737515,0.2916492474182735,0.3388223734624302,0.4218347028967585,0.3817670529532168,0.2941277628502942,464.0,348.0,201.0,529.0,794.0,1,6.142037405587356,1,5.855071922202427,1,5.308267697401205,1,6.272877006546167,1,6.678342114654332,5,7.756623334538858,52.0,1,Pass,1
650716,0.0,0.0,0.0,0.0,0.0,0.646578519633974,0.0,0.0,0.0,0.0,0.0,0.0,0.0,0.0,0.0,0.35342148036602605,0.0,0.0,0.0,0.0,22.0,,,,,1,3.1354942159291497,0,0.0,0,0.0,0,0.0,0,0.0,1,3.1354942159291497,58.0,1,Fail,0
650758,0.11388314265317108,0.24259932437808843,0.19709765535969817,0.0,0.0,0.2795883262002377,0.0,0.0,0.0,0.0,0.21872085026903867,0.2294587075212433,0.0,0.0,0.0,0.3878076808775526,0.5279419681006683,0.8029023446403017,0.0,0.0,112.0,109.0,119.0,,,1,4.727387818712341,1,4.700480365792417,1,4.787491742782046,0,0.0,0,0.0,3,5.831882477283517,80.0,1,Fail,0
650861,0.0752330306325513,0.0,0.0,0.0,0.0,0.0,0.0,0.0,0.0,0.0,0.4821979046344444,0.0,0.0,0.0,0.0,0.4425690647330044,1.0,1.0,0.0,0.0,143.0,19.0,106.0,,,1,4.969813299576001,1,2.995732273553991,1,4.672828834461906,0,0.0,0,0.0,3,5.594711379601839,78.0,1,Fail,0
650866,0.2667174413018552,0.19423645638596965,0.23174150004206448,0.2308849976494912,0.3406902592396957,0.24093645353583448,0.3025828089856804,0.28071571001715356,0.178705603900613,0.28524332881633185,0.2209936652110529,0.2514146398531499,0.23031180335477025,0.3027353892312775,0.1697385835030784,0.2713524399512575,0.25176609477520007,0.2572309865860116,0.28767400921861835,0.20432782844089398,989.0,1131.0,1159.0,1672.0,1514.0,1,6.897704943128636,1,7.0317412587631285,1,7.05617528410041,1,7.422373700986824,1,7.323170717943469,5,8.774312958285378,62.0,1,Pass,1
650923,0.21787170064141115,0.40518189650723185,0.38118913837626106,0.11597004603890754,0.34644252528245634,0.0,0.22285245952139796,0.349027172637564,0.13409144486525706,0.1548716733433011,0.7821282993585889,0.150629131716521,0.0,0.19881528467753382,0.0848143078114123,0.0,0.22133651225484918,0.26978368898617494,0.5511232244183015,0.4138714935628304,38.0,144.0,60.0,134.0,315.0,1,3.6635616461296463,1,4.976733742420574,1,4.110873864173311,1,4.90527477843843,1,5.755742213586912,5,6.539585955617669,84.0,1,Pass,1
650960,0.0,0.0,0.0,0.11127716665330162,0.5731725026212845,0.33465144525926743,0.5110636983439952,0.0,0.0,0.04701309615745417,0.41485626017409766,0.2010821202864629,0.0,0.08609576860187129,0.09935196525396348,0.250492294566635,0.28785418136954183,1.0,0.8026270647448273,0.28046243596729786,76.0,39.0,38.0,109.0,234.0,1,4.343805421853684,1,3.6888794541139363,1,3.6635616461296463,1,4.700480365792417,1,5.459585514144159,5,6.208590026096629,64.0,1,Pass,1
651040,0.39639827091613283,0.12642178219070035,0.15038489489260046,0.18504095624680694,0.021561764328295433,0.2540375152455503,0.4619354694334503,0.31354686652596453,0.09252047812340347,0.043123528656590866,0.10498797894118543,0.27013342406713636,0.0,0.0,0.42021792741750963,0.2445762348971314,0.14150932430871305,0.5360682385814352,0.7224385656297895,0.515096779597604,166.0,107.0,36.0,109.0,371.0,1,5.117993812416755,1,4.68213122712422,1,3.6109179126442243,1,4.700480365792417,1,5.918893854273146,5,6.672032945461067,80.0,1,Pass,1
651121,0.15625141133209153,0.17441217737430947,0.3314161568295508,0.4505355832953003,0.27105482305768547,0.17900434463970838,0.21268694966225504,0.1935706317773973,0.11726727519460795,0.36710502735196415,0.2890424395808658,0.2357007612904987,0.3872287465508232,0.13683875765926012,0.0,0.3757018044473343,0.37720011167293693,0.0877844648422287,0.29535838385083163,0.3618401495903503,794.0,340.0,937.0,790.0,644.0,1,6.678342114654332,1,5.831882477283517,1,6.843749949006225,1,6.673297967767654,1,6.4692503167957724,5,8.16223106548118,96.0,1,Pass,1
651126,0.33949295731855705,0.2975848557361446,0.1564803996538099,0.10636018049186109,0.13329496460515264,0.027825434398459012,0.4078899885566752,0.2573728407399253,0.0,0.0,0.26762322210916895,0.08312595942565365,0.16110151052361982,0.0,0.0,0.3650583861738149,0.21139919628152662,0.42504524908264507,0.8936398195081389,0.8667050353948474,500.0,125.0,306.0,282.0,771.0,1,6.2166061010848646,1,4.836281906951478,1,5.726847747587197,1,5.645446897643238,1,6.648984550024776,5,7.59337419312129,82.0,1,Pass,1
651182,0.2767142840690029,0.29578143281407543,0.0,0.0,0.25192910498618093,0.3828556805922778,0.2152150533147712,1.0,0.0,0.35303921536077615,0.23360868987953964,0.0,0.0,0.0,0.0,0.10682134545917964,0.48900351387115343,0.0,0.0,0.3950316796530429,327.0,99.0,8.0,,95.0,1,5.793013608384144,1,4.605170185988092,1,2.1972245773362196,0,0.0,1,4.564348191467836,4,6.272877006546167,76.0,1,Pass,1
651200,0.0,0.47944840809326505,0.0,0.7181042919855316,0.0,0.0,0.2173980601436534,0.0,0.0,0.0,0.0,0.0,0.0,0.0,0.0,1.0,0.3031535317630814,0.0,0.28189570801446845,0.0,28.0,152.0,,23.0,,1,3.367295829986474,1,5.030437921392435,0,0.0,1,3.1780538303479458,0,0.0,3,5.318119993844216,70.0,1,Fail,0
651238,0.27527077107678094,0.22204122284125408,0.5408268962938988,0.2837195778184858,0.0,0.2953274552040861,0.13690225877087778,0.23624573557383535,0.16407225013606905,0.0,0.2319515917504679,0.22373332582967892,0.097164215060622,0.26180214044062916,0.0,0.19745018196866498,0.41732319255818934,0.12576315307164387,0.290406031604816,0.0,935.0,717.0,537.0,470.0,,1,6.841615476477592,1,6.576469569048224,1,6.2878585601617845,1,6.154858094016418,0,0.0,4,7.886081401775745,90.0,1,Pass,1
651330,0.0,0.0,0.0909207417430085,0.0,0.0,0.0,0.09776299983977145,0.0,0.0,0.0,0.0,0.0,0.0,0.1714738361038224,0.0,1.0,0.9022370001602286,0.9090792582569915,0.8285261638961775,0.0,44.0,61.0,63.0,203.0,,1,3.8066624897703196,1,4.127134385045092,1,4.1588830833596715,1,5.318119993844216,0,0.0,4,5.918893854273146,90.0,1,Fail,0
651334,0.0,0.4623514838954626,0.0,0.0,0.0,0.0,0.0,0.0,0.0,0.0,0.6408052565900813,0.376408158244135,0.0,0.0,0.0,0.3591947434099188,0.16124035786040244,0.0,0.0,0.0,174.0,105.0,,,,1,5.1647859739235145,1,4.663439094112067,0,0.0,0,0.0,0,0.0,2,5.634789603169249,70.0,1,Fail,0
651354,0.27545630735553883,0.2119806564968332,0.2028330780317357,0.18031809148606606,0.43834041650192535,0.308727045002112,0.2779600910243547,0.290630134256343,0.17174856161901694,0.1257301385339587,0.16444065985064157,0.21038600586794565,0.2145506663056553,0.3813568390512954,0.03991297589557456,0.2513759877917077,0.2996732466108664,0.2919861214062661,0.26657650784362164,0.3960164690685414,1046.0,625.0,636.0,752.0,1068.0,1,6.953684210870537,1,6.439350371100098,1,6.456769655572163,1,6.6240652277998935,1,6.974478911025045,5,8.325548307161398,78.0,1,Pass,1
651381,0.26072780872314827,0.26045910671505657,0.10997932819572778,0.12784130257474996,0.24234389591561023,0.15110045689468568,0.264075008269222,0.12201716156442845,0.036514697731222755,0.5315896687779995,0.16797061240141534,0.07302297933860248,0.380909868150907,0.2572032963132017,0.2260664353063903,0.4202011219807507,0.40244290567711904,0.38709364208893676,0.5784407033808256,0.0,863.0,533.0,629.0,639.0,424.0,1,6.761572768804055,1,6.280395838960195,1,6.4457198193855785,1,6.461468176353717,1,6.052089168924417,5,8.035602692918582,76.0,1,Pass,1
651419,0.24142898321937592,0.21442833814019183,0.3508927504790001,0.20311464468244286,0.35620087999904304,0.21095764361135938,0.2913491533046539,0.2759592006737642,0.224347752970826,0.2661998284011735,0.2515911590231991,0.19672594156359838,0.08143752438448251,0.25536253810349135,0.20836634436480558,0.29602221414606567,0.2974965669915559,0.2917105244627533,0.3171750642432398,0.16923294723497795,742.0,598.0,771.0,1547.0,1727.0,1,6.610696044717759,1,6.395261598115449,1,6.648984550024776,1,7.344719054149673,1,7.454719949364001,5,8.591558273371545,78.0,1,Pass,1
651478,0.2953348538148485,0.1974029637223875,0.24299100893622858,0.22734423469262857,0.3895071854691053,0.04066718356197557,0.2815402727806179,0.2626339876658118,0.2331228199292784,0.2684936029157707,0.26485704852985625,0.2974123724270564,0.22065338333299153,0.28825904998259877,0.08983124791306225,0.3991409140933196,0.2236443910699383,0.27372162006496825,0.2512738953954943,0.25216796370206185,1121.0,1282.0,2741.0,1179.0,1006.0,1,7.022868086082641,1,7.1569563646156364,1,7.91644286012226,1,7.07326971745971,1,6.914730892718563,5,8.899730794880696,86.0,1,Distinction,1
651498,0.12079384291364934,0.062375872592529066,0.18629261332071761,0.3084396827783894,0.28572921372515825,0.18985745183473615,0.43786236001009515,0.31386119051588685,0.169026732468733,0.3788064106867953,0.2975337379261355,0.3036162072657654,0.24652910143386514,0.29086532189524006,0.20141448611300772,0.39181496732547905,0.19614556013161044,0.2533170947295305,0.23166826285763745,0.1340498894750388,500.0,419.0,310.0,1021.0,1345.0,1,6.2166061010848646,1,6.040254711277414,1,5.739792912179234,1,6.92951677076365,1,7.204892510204673,5,8.18757739559151,78.0,1,Pass,1
651555,0.26894782500755904,0.17640048170833172,0.16698217377525063,0.0,0.04539264864235344,0.10914621611572868,0.0,0.0,0.1268610025517973,0.0,0.05766421987967904,0.038473702168902404,0.0,0.0,0.3839960071788181,0.5642417389970332,0.7851258161227658,0.8330178262247494,0.8731389974482027,0.5706113441788284,312.0,219.0,74.0,60.0,244.0,1,5.746203190540153,1,5.393627546352362,1,4.31748811353631,1,4.110873864173311,1,5.501258210544727,5,6.813444599510896,86.0,1,Distinction,1
651598,0.2698618582076474,0.2660213379453349,0.2537328736156493,0.20320263545755102,0.26427644201669814,0.3625411779167034,0.3026723021933823,0.21257701253487105,0.36500041754905815,0.3415988013363802,0.1540229467751055,0.2186361725407744,0.28602167032075326,0.08728666900227205,0.12051745054432765,0.21357401710054372,0.21267018732050846,0.24766844352872638,0.34451027799111883,0.27360730610259404,319.0,440.0,569.0,336.0,819.0,1,5.768320995793772,1,6.089044875446846,1,6.345636360828596,1,5.820082930352362,1,6.709304340258298,5,7.81762544305337,84.0,1,Distinction,1
651693,0.056861267487260614,0.0,0.0,0.0,0.0,0.0,0.0,0.0,0.0,0.0,0.3735703170979853,0.0,0.0,0.0,0.0,0.5695684154147541,0.0,1.0,1.0,0.0,181.0,,194.0,135.0,,1,5.204006687076795,0,0.0,1,5.272999558563747,1,4.912654885736052,0,0.0,3,6.236369590203704,86.0,1,Fail,0
651881,0.10015033717866723,0.2772209902172398,0.1576768609439847,0.42321653420033467,0.54691332502359,0.22953282256311008,0.25249543943846564,0.18991525555780275,0.04371107219331166,0.1256052841346318,0.20140499974060672,0.22512606767705154,0.29022633656852637,0.3078528060836005,0.19355481335283958,0.46891184051761586,0.24515750266724307,0.3621815469296862,0.22521958752275315,0.13392657748893858,713.0,385.0,176.0,450.0,270.0,1,6.570882962339584,1,5.955837369464831,1,5.176149732573829,1,6.111467339502679,1,5.602118820879701,5,7.598399329323964,86.0,1,Pass,1
651927,0.38297061260187604,0.41228621465573867,0.19475427950176788,0.0,0.3344906563912932,0.2519824852794055,0.1501278126121405,0.4098505198323387,0.062073238634437124,0.24800365794606272,0.31763434568921783,0.43758597273212074,0.2013732035277435,0.5141267932191818,0.2452817965146997,0.047412556429500666,0.0,0.1940219971381499,0.423799968146381,0.1722238891479442,185.0,169.0,184.0,798.0,893.0,1,5.225746673713202,1,5.135798437050262,1,5.220355825078324,1,6.683360945766275,1,6.795705775173514,5,7.709756864454165,92.0,1,Distinction,1
651972,0.10490100763178807,0.0,0.0,0.0,0.0,0.21947583242007335,0.0,0.0,0.0,0.0,0.0,0.0,0.0,0.0,0.0,0.6756231599481386,0.0,0.0,0.0,0.0,125.0,,,,,1,4.836281906951478,0,0.0,0,0.0,0,0.0,0,0.0,1,4.836281906951478,66.0,1,Fail,0
651990,0.16013730571737417,0.24572248991476095,0.36843453688042943,0.3626757823999815,0.2896918023307087,0.1825533983959351,0.36499119512045064,0.19798311155798598,0.20636000177567454,0.2805780405338757,0.3420265706662733,0.1577509923147353,0.13269438225375602,0.2023690343874759,0.3230040617557506,0.31528272522041756,0.23153532265005303,0.3008879693078286,0.22859518143686808,0.10672609537966511,169.0,343.0,310.0,460.0,805.0,1,5.135798437050262,1,5.840641657373398,1,5.739792912179234,1,6.133398042996649,1,6.692083742506628,5,7.643961949002529,88.0,1,Pass,1
652008,0.09055716627667106,0.2040405694280762,0.4201097899866143,0.1575058263652865,0.3720540818587552,0.2888342915944661,0.30118001651074944,0.18738441831192784,0.27459018124563084,0.16641723694526742,0.2905009565895813,0.1355569686339846,0.0684903630374359,0.2658511618971587,0.1615613699733503,0.3301075855392815,0.35922244542718984,0.32401542866402194,0.30205283049192405,0.29996731122262693,434.0,384.0,360.0,484.0,489.0,1,6.075346031088684,1,5.953243334287785,1,5.8888779583328805,1,6.184148890937483,1,6.194405391104672,5,7.674152921281675,84.0,1,Pass,1
652064,0.24443537967432408,0.0,0.33972988002258725,0.27302370893839384,0.3379340735152563,0.23741213441326142,0.25467304435766097,0.3466643094554611,0.23140975255954263,0.2874231544641328,0.3056868938791439,0.3290903223986743,0.11682453873587824,0.2710570880280207,0.15822328107174147,0.21246559203327067,0.4162366332436648,0.19678127178607344,0.2245094504740428,0.2164194909488694,978.0,682.0,1144.0,822.0,1411.0,1,6.88653164253051,1,6.52649485957079,1,7.0431599159883405,1,6.71295620067707,1,7.252762418053187,5,8.524764456912555,98.0,1,Distinction,1
652087,0.4584603784652476,0.09395104171931529,0.24207548170429188,0.1849951084587407,0.16497961538643038,0.1190474989566511,0.16836305468491103,0.1765157703315139,0.32797653932279114,0.16294368430174055,0.12288220403865721,0.5295993019710273,0.3305555347774794,0.1798350235986643,0.43943144728103684,0.29960991853944413,0.20808660162474626,0.25085321318671483,0.30719332861980375,0.23264525303079223,142.0,273.0,426.0,221.0,164.0,1,4.962844630259907,1,5.6131281063880705,1,6.056784013228625,1,5.402677381872279,1,5.10594547390058,5,7.112327444710911,74.0,1,Pass,1
652333,0.3791114234019077,0.891651105716038,0.0,0.06620110239970055,0.5907143693706589,0.15502333525856532,0.10834889428396206,0.3152592648946709,0.3013722026025369,0.0991158975390324,0.05951616201476408,0.0,0.12127289119460766,0.17374262848257407,0.012653809431741601,0.40634907932476294,0.0,0.5634678439107216,0.4586840665151884,0.2975159236585671,203.0,190.0,367.0,436.0,499.0,1,5.318119993844216,1,5.25227342804663,1,5.908082938168931,1,6.07993319509559,1,6.214608098422191,5,7.4360278163518485,96.0,1,Pass,1
652335,0.2343018945200302,0.35647241456736556,0.1653278135400357,0.34105485528334656,0.30052215127507953,0.10469283639771244,0.2076406260678321,0.23630738290213735,0.2946262245861367,0.25485917777609696,0.26465337505548253,0.12047665488291644,0.2956336146066379,0.1617459609304676,0.09439794913286823,0.39635189402677473,0.31541030448188584,0.3027311889511891,0.20257295920004906,0.3502207218159555,1447.0,642.0,1507.0,643.0,387.0,1,7.277938572945661,1,6.466144724237619,1,7.318539548567902,1,6.467698726104354,1,5.961005339623274,5,8.439663988907,80.0,1,Pass,1
652438,0.12908733414222534,0.23004724710497626,0.0,0.38706969237840305,0.0,0.21461976443187436,0.21021149345265988,0.4557259089799562,0.0,0.0,0.2449025594443364,0.36929155106266376,0.04567636795541492,0.2027806208169833,0.0,0.4113903419815639,0.1904497083797,0.49859772306462885,0.4101496868046137,0.0,157.0,216.0,95.0,95.0,,1,5.062595033026967,1,5.37989735354046,1,4.564348191467836,1,4.564348191467836,0,0.0,4,6.335054251498059,96.0,1,Pass,1
652576,0.18205841201049033,0.1467417379061507,0.5003978046060273,0.4847250905125947,0.39435041012454797,0.14603903223090556,0.06789527137516767,0.04677437517951068,0.05668187154536131,0.16003557659789636,0.17332966077608428,0.39557355031750124,0.0,0.2062450225662911,0.11318457798259701,0.49857289498251983,0.38978944040118024,0.45282782021446205,0.2523480153757528,0.3324294352949586,221.0,383.0,184.0,487.0,389.0,1,5.402677381872279,1,5.950642552587727,1,5.220355825078324,1,6.1903154058531475,1,5.966146739123692,5,7.417580402414544,78.0,1,Pass,1
652625,0.33127286577516496,0.21094711773380107,0.27040661347602996,0.2597736587590048,0.32608763064302554,0.04831930376325549,0.08315219944115683,0.36376615176093346,0.31187857001644653,0.29393099474290957,0.33511078090164637,0.252395313167756,0.17020442588375062,0.18387833940108453,0.21704245165244349,0.2852970495599332,0.45350536965728616,0.19562280887928596,0.24446943182346412,0.16293892296162132,454.0,428.0,476.0,510.0,1452.0,1,6.12029741895095,1,6.061456918928017,1,6.1675164908883415,1,6.236369590203704,1,7.2813856635702825,5,8.108021221376747,90.0,1,Distinction,1
652647,0.24587622297454678,0.3664689656123064,0.0,0.0,0.0,0.2093026334518772,0.12381248563815364,0.0,0.0,0.0,0.34975426543581745,0.3185429376851974,0.0,0.0,0.0,0.19506687813775844,0.1911756110643425,0.0,0.0,0.0,345.0,187.0,,,,1,5.846438775057725,1,5.236441962829949,0,0.0,0,0.0,0,0.0,2,6.278521424165844,74.0,1,Fail,0
652659,0.3805657349481632,0.24510569969677504,0.4314542778099725,0.0,0.0,0.0,0.24382305350714512,0.0,0.0,0.0,0.11279835860176712,0.0940317688537169,0.0,0.0,0.0,0.5066359064500697,0.417039477942363,0.5685457221900274,0.0,0.0,498.0,251.0,64.0,,,1,6.212606095751519,1,5.529429087511423,1,4.174387269895637,0,0.0,0,0.0,3,6.70196036600254,96.0,1,Pass,1
652664,0.07244599629023393,0.3373721467762143,0.0,0.0,0.0,0.35855492192793326,0.17051711924752666,0.3142728487700485,0.0,0.0,0.2155004591090836,0.08525855962376333,0.0,0.0,0.0,0.3534986226727492,0.40685217435249565,0.6857271512299515,0.0,0.0,93.0,87.0,62.0,,,1,4.543294782270004,1,4.477336814478207,1,4.143134726391533,0,0.0,0,0.0,3,5.493061443340548,90.0,1,Fail,0
652672,0.20879570316697038,0.2782324136713245,0.37025015868493805,0.3894911741558659,0.3395542867893551,0.238201094161508,0.2908289375321753,0.14160367782414157,0.11423764524927975,0.2037807151036624,0.0,0.04103044392930536,0.08211161453890364,0.32433495844783417,0.2328656352580288,0.5530032026715216,0.38990820486719474,0.40603454895201685,0.17193622214702017,0.22379936284895366,196.0,262.0,273.0,808.0,518.0,1,5.2832037287379885,1,5.572154032177765,1,5.6131281063880705,1,6.695798917058491,1,6.251903883165888,5,7.629489916393995,88.0,1,Pass,1
652684,0.16683290088394456,0.22633047534517356,0.23270984287362984,0.24997080720617032,0.08346938054455877,0.2509590576654577,0.31177237902108135,0.1363315917216702,0.2412076499178471,0.11510302677131455,0.21894740683527564,0.1620303257293444,0.18565749529789527,0.20200750950181007,0.33859175571023725,0.3632606346153222,0.2998668199044008,0.4453010701068046,0.30681403337417257,0.46283583697388947,1062.0,1320.0,858.0,880.0,1022.0,1,6.968850378341948,1,7.186144304522325,1,6.755768921984255,1,6.78105762593618,1,6.930494765951626,5,8.545391845774915,76.0,1,Distinction,1
652711,0.3245378964475115,0.19723006667521983,0.11263391196940925,0.13402782658517232,0.27189769208320486,0.16727026601692263,0.11576111606214415,0.2553754418083058,0.06905373788499979,0.38913588750620204,0.22188807046385914,0.18446454933034945,0.0,0.32419979882992556,0.16396864362728392,0.2863037670717066,0.5025442679322866,0.631990646222285,0.4727186366999024,0.17499777678330916,962.0,361.0,522.0,655.0,939.0,1,6.870053411798126,1,5.8916442118257715,1,6.259581464064923,1,6.486160788944089,1,6.84587987526405,5,8.143226750367445,96.0,1,Pass,1
652752,0.0,0.0,0.0,0.0,0.0,0.6928421603957254,0.0,0.0,0.0,0.0,0.3071578396042746,0.0,0.0,0.0,0.0,0.0,0.0,0.0,0.0,0.0,228.0,,,,,1,5.43372200355424,0,0.0,0,0.0,0,0.0,0,0.0,1,5.43372200355424,64.0,1,Fail,0
652753,0.17434766429710227,0.16339613690621954,0.17378666882285332,0.37996916816976245,0.17364804437631073,0.22851462123267416,0.23521625187229223,0.2648958619791386,0.14702106259110428,0.391048870149472,0.2824863416845173,0.2722726332517418,0.3005515103075753,0.16139962444950934,0.21408487917860006,0.3146513727857063,0.3291149779697463,0.2607659588904328,0.311610144789624,0.22121820629561714,771.0,1081.0,488.0,275.0,949.0,1,6.648984550024776,1,6.9865664594064265,1,6.192362489474872,1,5.62040086571715,1,6.856461984594587,5,8.178919332848396,96.0,1,Pass,1
652769,0.35621437414876733,0.0,0.0,0.0,0.0,0.20796147966306738,0.0,0.0,0.0,0.0,0.23524396297119177,0.0,0.0,0.0,0.0,0.2005801832169735,1.0,0.0,0.0,0.0,136.0,51.0,,,,1,4.919980925828125,1,3.9512437185814275,0,0.0,0,0.0,0,0.0,2,5.236441962829949,82.0,1,Fail,0
652788,0.0,0.12542557728711254,0.11552312427516671,0.1823011995859163,0.26381000475620753,0.22200459231115233,0.1934380382377882,0.11237688410305936,0.16237418487881933,0.3012721047144462,0.40250963235252346,0.33928571494339127,0.31173276361937574,0.24915585981142893,0.15430975795097432,0.3754857753363242,0.3418506695317079,0.46036722800239815,0.4061687557238353,0.2806081325783718,508.0,507.0,502.0,489.0,510.0,1,6.2324480165505225,1,6.230481447578482,1,6.220590170099739,1,6.194405391104672,1,6.236369590203704,5,7.830822995135316,96.0,1,Distinction,1
652824,0.4406998069513341,0.0,0.0,0.0,0.0,0.559300193048666,0.0,0.0,0.0,0.0,0.0,0.0,0.0,0.0,0.0,0.0,0.0,0.0,0.0,0.0,20.0,,,,,1,3.044522437723423,0,0.0,0,0.0,0,0.0,0,0.0,1,3.044522437723423,52.0,1,Fail,0
652887,0.4033001448060242,0.13448773088363553,0.08911426322353082,0.362737566963514,0.5858691903045314,0.12192312812947681,0.3009131852482831,0.37426004710934146,0.20194433126626912,0.07242984496732033,0.1232335409487348,0.38137035941390846,0.34380102754772873,0.11813038666719272,0.1364373821685607,0.3515431861157642,0.18322872445417293,0.1928246621193991,0.3171877151030243,0.20526358255958746,282.0,290.0,406.0,261.0,695.0,1,5.645446897643238,1,5.673323267171493,1,6.008813185442595,1,5.568344503761097,1,6.54534966033442,5,7.5678626054638825,88.0,1,Pass,1
652890,0.2197575359396368,0.0,0.0,0.04772230995551905,0.0,0.30087914034557917,0.47537135403104397,0.27786438362767973,0.0,0.0,0.19836797003834328,0.0,0.0,0.0,0.2955064058187478,0.28099535367644063,0.5246286459689561,0.7221356163723203,0.9522776900444809,0.7044935941812521,495.0,113.0,107.0,123.0,107.0,1,6.206575926724928,1,4.736198448394496,1,4.68213122712422,1,4.820281565605037,1,4.68213122712422,5,6.852242569051878,96.0,1,Fail,0
652898,0.24214364535677596,0.20763273918213276,0.40126388724577783,0.3671527074241644,0.36190264517952914,0.2706801848967956,0.21971164451727487,0.1915590943886794,0.16108940791463122,0.29870650362882784,0.2136111530793693,0.22372000021336408,0.06803826055068242,0.3463987089205023,0.24593488013742124,0.2735650166670591,0.34893561608722834,0.3391387578148604,0.1253591757407021,0.09345597105422185,776.0,666.0,651.0,1236.0,1010.0,1,6.655440350367647,1,6.502790045915623,1,6.480044561926653,1,7.1204443723924875,1,6.918695219020472,5,8.375629627094451,74.0,1,Pass,1
652994,0.2748645611953983,0.0,0.32997445763359884,0.48457529390691756,0.39508150342757,0.0721930491961736,0.40700151681926244,0.0,0.18104781204023415,0.0,0.0,0.0,0.0,0.19279542604733774,0.0,0.652942389608428,0.5929984831807376,0.6700255423664012,0.14158146800551039,0.6049184965724301,55.0,79.0,57.0,90.0,204.0,1,4.02535169073515,1,4.382026634673881,1,4.060443010546419,1,4.51085950651685,1,5.3230099791384085,5,6.186208623900494,82.0,1,Pass,1
652998,0.0,0.0,0.0,0.0,0.0,0.0,0.0,0.0,0.0,0.0,0.5137704268206332,0.0,0.0,0.0,0.0,0.4862295731793668,0.0,0.0,0.0,0.0,15.0,,,,,1,2.772588722239781,0,0.0,0,0.0,0,0.0,0,0.0,1,2.772588722239781,58.0,1,Fail,0
653045,0.1763494957340913,0.24002519948382403,0.3816143133953617,0.3763852793226005,0.3997620255716537,0.2460765961902961,0.2041413058600157,0.24245347336431852,0.1545581997275264,0.2833254513436568,0.24268737354130987,0.24451760846052614,0.12720091916692236,0.12547727222130697,0.0,0.33488653453430267,0.31131588619563405,0.2487312940733974,0.3435792487285662,0.31691252308468965,710.0,765.0,646.0,220.0,97.0,1,6.566672429803241,1,6.641182169740591,1,6.472346294500901,1,5.3981627015177525,1,4.584967478670572,5,7.79934339821592,90.0,1,Pass,1
653115,0.18165462868790724,0.15619695398338276,0.32348287379778795,0.0682544858265757,0.0,0.15308158224551016,0.09854930568534796,0.0,0.0682544858265757,0.0,0.1612621650246435,0.0,0.06615307714461896,0.48229228449941974,0.0,0.504001624041939,0.7452537403312693,0.6103640490575932,0.3811987438474289,0.0,184.0,35.0,273.0,79.0,,1,5.220355825078324,1,3.58351893845611,1,5.6131281063880705,1,4.382026634673881,0,0.0,4,6.349138991379798,50.0,1,Pass,1
653297,0.23173107213830468,0.16740878141697332,0.09083598171284754,0.2815182670845665,0.23426370724890422,0.2895518725852539,0.13164777158025373,0.05669948828667317,0.2327825364664121,0.1995309045215885,0.2708398975024182,0.2601842499793868,0.2977734754425463,0.08508874800424202,0.25757593620471114,0.20787715777402327,0.44075919702338623,0.554691054557933,0.40061044844477944,0.30862945202479614,763.0,321.0,310.0,413.0,776.0,1,6.638567789166521,1,5.7745515455444085,1,5.739792912179234,1,6.025865973825314,1,6.655440350367647,5,7.857093864902493,68.0,1,Pass,1
653301,0.27179374192471123,0.23524036959040973,0.15959286616174395,0.3123772391640644,0.3289675880336607,0.2333664186346963,0.30675285753890164,0.29402301632026934,0.23124898392980892,0.20122883898035399,0.20671612600227243,0.22848032806091978,0.18237105247993565,0.23886765871655144,0.2045954993915055,0.28812371343832016,0.22952644480976891,0.364013065038051,0.21750611818957533,0.26520807359447984,630.0,459.0,344.0,711.0,1318.0,1,6.447305862541213,1,6.131226489483141,1,5.84354441703136,1,6.568077911411976,1,7.1846291527173145,5,8.149890544402423,70.0,1,Pass,1
653381,0.17694650961650096,0.1698464158240264,0.2269310985746229,0.2796228850284197,0.30482215620450964,0.16347954973230172,0.2247730875412492,0.42924454716579874,0.3472695791677406,0.2081433408584636,0.2501674800562075,0.3491613501726116,0.042084150613240626,0.0996330284990362,0.28489120278149893,0.4094064605949899,0.2562191464621129,0.3017402036463378,0.2734745073048035,0.20214330015552787,411.0,397.0,138.0,462.0,722.0,1,6.021023349349527,1,5.986452005284438,1,4.9344739331306915,1,6.137727054086234,1,6.583409222158765,5,7.664346632098617,64.0,1,Pass,1
653417,0.13466772572332864,0.14314598369606366,0.2645144374151498,0.04602131244098686,0.030268374971579203,0.24989545550471573,0.0,0.0,0.30707377140202885,0.1974576194362624,0.32141749199526654,0.14314598369606366,0.0,0.0,0.0908051249147376,0.29401932677668907,0.7137080326078729,0.7354855625848503,0.6469049161569843,0.6814688806774208,160.0,96.0,101.0,110.0,149.0,1,5.081404364984463,1,4.574710978503383,1,4.624972813284271,1,4.709530201312334,1,5.0106352940962555,5,6.424869023905388,74.0,1,Pass,1
653536,0.32748778412986423,0.34339493256353243,0.2240892286566025,0.2065392299557028,0.0,0.19153909716848455,0.24757511661092813,0.11008691262642087,0.07357075812997785,0.0,0.2942523521644599,0.3025808248085026,0.2846735064493241,0.11035613719496677,0.0,0.18672076653719133,0.10644912601703692,0.3811503522676525,0.6095338747193526,0.0,314.0,251.0,331.0,140.0,,1,5.752572638825633,1,5.529429087511423,1,5.805134968916488,1,4.948759890378168,0,0.0,4,6.9440872082295275,94.0,1,Pass,1
653558,0.32230241548035554,0.24090005062945627,0.4895923027965691,0.3112096736189922,0.40193146085636333,0.12903509956603434,0.3926782864860535,0.1217408466490574,0.10622548478700157,0.12845405296025852,0.20948661958516773,0.14030545139311565,0.08527740374557852,0.1518510269581596,0.05381733325612488,0.33917586536844235,0.2261162114913747,0.3033894468087949,0.43071381463584657,0.4157971529272532,362.0,575.0,213.0,295.0,246.0,1,5.8944028342648505,1,6.3561076606958915,1,5.365976015021851,1,5.69035945432406,1,5.5093883366279774,5,7.433666540166168,88.0,1,Pass,1
653567,0.41281706566495957,0.24522386865211804,0.20492680661632343,0.11515545218894696,0.23915640375859226,0.08416120983277725,0.2501333281017682,0.26730494447306724,0.1981891033365212,0.10963027480059027,0.10123605014257227,0.2643109785314519,0.026612351257493297,0.03212180104137271,0.09017257903408653,0.401785674359691,0.2403318247146619,0.5011558976531161,0.6545336434331592,0.561040742406731,428.0,375.0,181.0,95.0,1261.0,1,6.061456918928017,1,5.929589143389895,1,5.204006687076795,1,4.564348191467836,1,7.140453043101158,5,7.75833346749091,70.0,1,Pass,1
653595,0.3382000014441651,0.24562712404974546,0.3396713253819808,0.36649363588220735,0.2512605377069493,0.0,0.15199974250362144,0.14203963215857504,0.10929868267888014,0.27477867088900815,0.38857382130090645,0.1956427839597845,0.15626878951587614,0.2950239339376408,0.2678291426008626,0.27322617725492837,0.40673034948684855,0.36202025294356804,0.2291837475012716,0.2061316488031799,343.0,439.0,242.0,662.0,937.0,1,5.840641657373398,1,6.0867747269123065,1,5.493061443340548,1,6.4967749901858625,1,6.843749949006225,5,7.8724551500639794,82.0,1,Pass,1
653653,0.38606101460580855,0.2011750284610103,0.41968488456365466,0.4801995360397133,0.3304117463026115,0.28969614683235767,0.025853454391955574,0.22536687104561826,0.12219244224250476,0.4847763363104056,0.12456816076400204,0.30206844847688724,0.0,0.07120757817620538,0.05676650371591036,0.19967467779783163,0.4709030686701469,0.35494824439072714,0.32640044354157655,0.12804541367107253,331.0,149.0,169.0,324.0,384.0,1,5.805134968916488,1,5.0106352940962555,1,5.135798437050262,1,5.783825182329737,1,5.953243334287785,5,7.213768308118642,68.0,1,Pass,1
653659,0.2648090092214953,0.0,0.0,0.0,0.0,0.0,0.0,0.0,0.0,0.0,0.21808332790455762,0.0,0.0,0.0,0.0,0.5171076628739472,1.0,0.0,0.0,0.0,103.0,55.0,,,,1,4.6443908991413725,1,4.02535169073515,0,0.0,0,0.0,0,0.0,2,5.0689042022202315,70.0,1,Fail,0
653773,0.1514859597527388,0.16962470345811825,0.23093442524021396,0.35000937806838117,0.21396457027669852,0.20509932541924344,0.29848266202512747,0.28322345238842234,0.25190074367783694,0.2994272020184003,0.29426332736810656,0.30008890578606445,0.1580056543175182,0.22968483825617178,0.1819060172717667,0.34915138745991126,0.2318037287306898,0.3278364680538454,0.16840503999761008,0.30470221043313445,832.0,520.0,556.0,992.0,715.0,1,6.725033642166843,1,6.255750041753367,1,6.322565239927284,1,6.900730664045173,1,6.573680166960646,5,8.193123721512068,72.0,1,Pass,1
653841,0.35914340349946666,0.5784096005886404,0.30961993244809166,0.4012513728674428,0.0,0.0,0.0,0.1281026363150761,0.4790454134036034,0.0,0.2389082322275497,0.0,0.044898271045639045,0.0,0.0,0.4019483642729836,0.4215903994113597,0.5173791601911931,0.11970321372895379,0.0,171.0,388.0,1038.0,619.0,,1,5.147494476813453,1,5.963579343618446,1,6.946013991099227,1,6.429719478039138,0,0.0,4,7.7039102096163115,76.0,1,Pass,1
653857,0.3386914200246697,0.304739966170737,0.23040306277097294,0.424560443189606,0.0,0.3056989950648495,0.19453510926254805,0.09751292299163186,0.1857541600497828,0.0,0.0,0.07415225959420793,0.10874032898826552,0.0,0.0,0.35560958491048084,0.42657266497250707,0.5633436852491297,0.38968539676061115,0.0,398.0,266.0,548.0,78.0,,1,5.988961416889864,1,5.58724865840025,1,6.3080984415095305,1,4.3694478524670215,0,0.0,4,7.1631723908466425,52.0,1,Fail,0
653988,0.0,0.0,0.0,0.0,0.0,0.31515834454022784,0.0,0.0,0.0,0.0,0.5046217352225816,0.0,0.0,0.0,0.0,0.18021992023719063,0.0,0.0,0.0,0.0,268.0,,,,,1,5.594711379601839,0,0.0,0,0.0,0,0.0,0,0.0,1,5.594711379601839,78.0,1,Fail,0
654045,0.0,0.0,0.10753962179068521,0.25,0.2627416957130474,0.0,0.08766666623620392,0.31434012795200184,0.0,0.3027222459479868,0.0,0.0733619943460235,0.23754242259787006,0.75,0.3434473764255864,1.0,0.8389713394177726,0.34057782765944283,0.0,0.09108868191337927,264.0,325.0,256.0,8.0,391.0,1,5.579729825986222,1,5.786897381366708,1,5.54907608489522,1,2.1972245773362196,1,5.971261839790462,5,7.126890808898808,84.0,1,Pass,1
654114,0.2860725204073398,0.14819800657655827,0.3572265246270299,0.28784017863781486,0.33796222146719684,0.2153278227786773,0.22962895445887915,0.1086866946773766,0.16925644498552633,0.23080821194829254,0.19694343254741212,0.2809406765344627,0.21554193600296348,0.23484242747802225,0.1774275693577545,0.30165622426657074,0.3412323624300999,0.31854484469263,0.30806094889863667,0.2538019972267561,414.0,536.0,438.0,488.0,545.0,1,6.028278520230698,1,6.285998094508865,1,6.0844994130751715,1,6.192362489474872,1,6.302618975744905,5,7.792348924113037,62.0,1,Pass,1
654169,0.25301367557832444,0.221449294859257,0.35710658108536575,0.1598421534700524,0.1625367286318797,0.23396837607836604,0.2877262833187855,0.30195323658966366,0.2959823258687633,0.4394708711317269,0.07344170079630438,0.08333765313696903,0.15572259880396216,0.26547346146987233,0.2396519047800756,0.43957624754700514,0.40748676868498845,0.18521758352100828,0.278702059191312,0.15834049545631776,385.0,408.0,337.0,401.0,536.0,1,5.955837369464831,1,6.013715156042802,1,5.823045895483019,1,5.996452088619021,1,6.285998094508865,5,7.63433723562832,80.0,1,Pass,1
654217,0.39580768641510167,0.30262774485661253,0.0,0.09985340901834018,0.0,0.21459157461377512,0.218619880336252,0.5417233193105382,0.24828322548670986,0.3988129875688618,0.13800141097648577,0.31499014354530835,0.32601688766382597,0.2964611299083017,0.09862148157218262,0.25159932799463747,0.16376223126182698,0.13225979302563587,0.3554022355866482,0.5025655308589555,280.0,271.0,53.0,106.0,117.0,1,5.638354669333745,1,5.605802066295998,1,3.9889840465642745,1,4.672828834461906,1,4.770684624465665,5,6.71901315438526,78.0,1,Pass,1
654236,0.6097261707811287,0.027772820999691108,0.47547660767297373,0.08632571400330416,0.10707310561005542,0.11750482055143154,0.2888977026991301,0.0,0.43205145007864687,0.35060275298706745,0.16388570386411866,0.26111001553546576,0.21872220934741038,0.19644291214195717,0.14997753937856637,0.10888330480332123,0.4222194607657131,0.30580118297961595,0.2851799237760917,0.39234660202431076,105.0,251.0,101.0,347.0,1116.0,1,4.663439094112067,1,5.529429087511423,1,4.624972813284271,1,5.8522024797744745,1,7.018401799069201,5,7.560601162768557,84.0,1,Pass,1
654260,0.2537738649248656,0.025911913529693284,0.029681046559790897,0.15835354201544335,0.34559162232420165,0.23854440119063125,0.4768296367425545,0.1264941196364953,0.15062913957953394,0.08992819368103278,0.1894625953349951,0.15828355751805256,0.269802247819678,0.2512184166730493,0.1328330062825308,0.3182191385495082,0.33897489220969956,0.5740225859840359,0.4397989017319735,0.43164717771223476,543.0,183.0,502.0,397.0,509.0,1,6.298949246855942,1,5.214935757608986,1,6.220590170099739,1,5.986452005284438,1,6.234410725718371,5,7.666221925662725,88.0,1,Distinction,1
654339,0.27968727110106695,0.25858097813071973,0.4727924360775118,0.2570247433442092,0.6163049633933846,0.23074625336268478,0.3495657281577638,0.21271203239012157,0.024626985454805055,0.04830369676184858,0.30154842214534844,0.21173979933266016,0.15567741559038095,0.2300123501711006,0.0,0.18801805339089986,0.18011349437885624,0.15881811594198572,0.48833592102988505,0.3353913398447668,357.0,130.0,86.0,313.0,888.0,1,5.8805329864007,1,4.875197323201151,1,4.465908118654584,1,5.749392985908253,1,6.790097235513905,5,7.4815557019095165,84.0,1,Pass,1
654351,0.2845654807024862,0.0,0.0,0.0,0.0,0.18268247638252633,0.0,0.0,0.0,0.0,0.11140951737878649,0.0,0.0,0.0,0.0,0.42134252553620105,0.0,0.0,0.0,0.0,138.0,,,,,1,4.9344739331306915,0,0.0,0,0.0,0,0.0,0,0.0,1,4.9344739331306915,80.0,1,Fail,0
654441,0.1750746646663386,0.2078671238949491,0.20126952146070537,0.15274542471421226,0.22916980087777497,0.13297709133022098,0.25715473671975525,0.24711608551205116,0.21161852430484548,0.20720824463703907,0.27511894743075344,0.17207906463529954,0.1254465270351301,0.14018996032336203,0.1724381685258369,0.41682929657268697,0.36289907474999605,0.42616786599211337,0.49544609065758033,0.39118378595934905,578.0,894.0,1258.0,1028.0,1820.0,1,6.361302477572996,1,6.796823718274855,1,7.138073034044347,1,6.9363427358340495,1,7.507141079727608,5,8.626764827845529,74.0,1,Fail,0
654565,0.3378956673743822,0.0,0.0,0.31180874576650464,0.46987251223782167,0.24417588542184593,0.2146975867276555,0.03134149864050885,0.0,0.2628795812779612,0.0,0.19462889511503634,0.0,0.07029008224031094,0.050230252565852965,0.4179284472037718,0.5906735181573082,0.9686585013594912,0.6179011719931844,0.21701765391836425,139.0,79.0,435.0,373.0,1338.0,1,4.941642422609304,1,4.382026634673881,1,6.077642243349034,1,5.924255797414532,1,7.199678345691172,5,7.768533300926033,84.0,1,Pass,1
654578,0.18766972938534393,0.06381362320337869,0.5095009940993492,0.02567175978278606,0.3764688573111899,0.32101272892193217,0.3751793551308677,0.4904990059006507,0.4555360527879954,0.25552208560670703,0.39270437538524006,0.26666956247877144,0.0,0.1666572932341113,0.0,0.09861316630748393,0.294337459186982,0.0,0.3521348941951073,0.36800905708210313,258.0,373.0,576.0,435.0,250.0,1,5.556828061699537,1,5.924255797414532,1,6.3578422665081,1,6.077642243349034,1,5.5254529391317835,5,7.545918151209323,74.0,1,Pass,1
654597,0.3055694639869866,0.18575984763953782,0.23793696535195322,0.1974101738061682,0.5116799550139172,0.22719733801255113,0.12673904039759887,0.27836735027111903,0.10621396427275263,0.17394700350878464,0.22168478489187718,0.3101503274151151,0.14994487037956514,0.4946389077802516,0.15653485258318972,0.2455484131085851,0.37735078454774823,0.3337508139973626,0.20173695414082748,0.15783818889410844,781.0,421.0,489.0,406.0,523.0,1,6.661854740545311,1,6.045005314036012,1,6.194405391104672,1,6.008813185442595,1,6.261491684321042,5,7.8713112033234065,86.0,1,Pass,1
654692,0.3829978843480486,0.22253030054234027,0.283504535987423,0.26395749189439066,0.23745212260789553,0.1351050599798022,0.11134333094033966,0.08585004139138142,0.2899623526088342,0.22498633888001057,0.12097058689417758,0.29482870050553567,0.11414313974252219,0.17458204012981418,0.3040457269032347,0.3609264687779716,0.3712976680117844,0.5165022828786733,0.27149811536696083,0.23351581160885918,277.0,402.0,217.0,408.0,514.0,1,5.627621113690637,1,5.998936561946683,1,5.384495062789089,1,6.013715156042802,1,6.244166900663736,5,7.506042178518122,72.0,1,Fail,0
654819,0.13331421787845832,0.23878267667117062,0.29497455595866945,0.2001513279484884,0.3729671827509351,0.27751761170799905,0.2448314233150217,0.30959751079762565,0.30975028656571274,0.3915630421932367,0.2770887510266483,0.23780431471675118,0.17979876194988748,0.19717518332080794,0.17479285798229674,0.3120794193868942,0.2785815852970565,0.2156291712938175,0.29292320216499096,0.06067691707353151,1479.0,1674.0,1139.0,2039.0,5576.0,1,7.299797366758161,1,7.423568444259167,1,7.038783541388542,1,7.620705086838262,1,8.626406276389554,5,9.384965722135666,94.0,1,Distinction,1
654824,0.2454089319749346,0.2588556131654477,0.4140499898899401,0.3189425180945672,0.3316922935825185,0.2862166327933199,0.24590294393692907,0.2036706522261497,0.2230843348577622,0.33232526464886364,0.26158155478783107,0.21302679722095827,0.14931294723914365,0.18763646216321206,0.12368024589023688,0.2067928804439144,0.2822146456766648,0.2329664106447666,0.2703366848844586,0.212302195878381,1309.0,801.0,607.0,1056.0,1403.0,1,7.177782416195197,1,6.687108607866515,1,6.410174881966167,1,6.963189985870238,1,7.247080584585756,5,8.551981016901902,86.0,1,Pass,1
654834,0.27471775530462095,0.3065032380737001,0.33733991162157595,0.1688983663399322,0.3038837839482723,0.1710861573923124,0.1812540940486784,0.2393078860650272,0.20324727820262795,0.4427844606293551,0.2744058960007435,0.18837481965873235,0.17382643050321617,0.38178873340825964,0.08360958483734966,0.27979019130232313,0.3238678482188891,0.24952577181018068,0.24606562204918034,0.16972217058502284,871.0,673.0,897.0,993.0,1004.0,1,6.77078942390898,1,6.513230110912307,1,6.8001700683022,1,6.901737206656574,1,6.912742820493176,5,8.398184404834035,92.0,1,Distinction,1
654867,0.287383129182152,0.15935500712844214,0.3683645910293133,0.32555222384335547,0.2718098588874283,0.23270854944311312,0.2169667966020648,0.267757101760167,0.12928429446668904,0.31303495687424765,0.23612854816548134,0.22570421212135594,0.03935090277803612,0.19512844930031178,0.19173861708241347,0.2437797732092535,0.3979739841481371,0.32452740443248357,0.3500350323896436,0.22341656715591054,866.0,520.0,724.0,1011.0,1743.0,1,6.7650389767805414,1,6.255750041753367,1,6.586171654854675,1,6.919683849847411,1,7.463936604468925,5,8.489821994620105,98.0,1,Distinction,1
654947,0.2955418678459617,0.038891139015833874,0.39854359223610397,0.0698104504807517,0.0,0.13085652188287286,0.11920308154408785,0.0,0.0,0.0,0.10856051107632286,0.0,0.0,0.21402040868982478,0.0,0.4650410991948425,0.8419057794400784,0.6014564077638961,0.7161691408294235,0.0,173.0,425.0,435.0,243.0,,1,5.159055299214529,1,6.054439346269371,1,6.077642243349034,1,5.497168225293202,0,0.0,4,7.152268856032539,58.0,1,Fail,0
655028,0.1490692295168808,0.18981647373785568,0.28619828339282993,0.0,0.0,0.11533569982179105,0.26873199075116877,0.04376683479634514,0.0,0.0,0.0,0.14688964350506512,0.22449248242632913,0.0,0.0,0.7355950706613281,0.39456189200591035,0.4455423993844958,0.0,0.0,46.0,249.0,106.0,,,1,3.8501476017100584,1,5.521460917862246,1,4.672828834461906,0,0.0,0,0.0,3,5.996452088619021,58.0,1,Fail,0
655115,0.2569841509104082,0.013125459253327606,0.3220654980285451,0.16918455306228572,0.2497919417945143,0.23938417638200965,0.31307524414457827,0.31025445050442046,0.2686947500007905,0.28523357653305637,0.2610889566376943,0.3645684176232503,0.1179543923017785,0.3322415229584897,0.17385510441552007,0.24254271606988778,0.30923087897884394,0.24972565916525594,0.2298791739784341,0.2911193772569092,572.0,616.0,467.0,527.0,678.0,1,6.35088571671474,1,6.424869023905388,1,6.148468295917647,1,6.269096283706261,1,6.520621127558696,5,7.95892649305011,80.0,1,Pass,1
655124,0.2634510468372807,0.0,0.28464622570360204,0.1409215569425651,0.0,0.21810583204237186,0.0,0.0,0.25259924859116856,0.0,0.37577969577401854,0.1394714728255649,0.0,0.0,0.0,0.14266342534632875,0.8605285271744351,0.715353774296398,0.6064791944662664,0.0,279.0,17.0,111.0,54.0,,1,5.634789603169249,1,2.8903717578961645,1,4.718498871295094,1,4.007333185232471,0,0.0,4,6.135564891081739,78.0,1,Fail,0
655127,0.19146078269182004,0.23070187666106134,0.19866243137354486,0.13848252771490613,0.2643317293248656,0.25290943844806735,0.19284172415783857,0.2487965852961412,0.3114888589761411,0.2148491975866175,0.26035523806949995,0.3296499040113439,0.30465552409567886,0.20374249252944684,0.044087043119463536,0.2952745407906126,0.2468064951697561,0.2478854592346351,0.346286120779506,0.47673202996905334,460.0,528.0,590.0,706.0,321.0,1,6.133398042996649,1,6.270988431858299,1,6.3818160174060985,1,6.561030665896573,1,5.7745515455444085,5,7.8655717576847906,80.0,1,Distinction,1
655353,0.24252776613059251,0.2846410565149141,0.36288823447991686,0.3079812070265232,0.0,0.21815187937348376,0.2583300688914757,0.40385468621053033,0.21981357707300583,0.0,0.25678733047284635,0.21500315807577328,0.0711078149463956,0.33258810128315835,0.0,0.28253302402307734,0.24202571651783678,0.16214926436315738,0.13961711461731247,0.0,1472.0,870.0,381.0,168.0,,1,7.29505641646263,1,6.769641976852503,1,5.945420608606575,1,5.1298987149230735,0,0.0,4,7.969703583278656,84.0,1,Pass,1
655386,0.3117168993102953,0.18928851524874848,0.29189114707052566,0.2652934240019329,0.22619605403616888,0.27663541753687726,0.16251161359478197,0.29167906855026204,0.2594756973838861,0.3265228707104693,0.09506161876518306,0.25639652047780237,0.2074900884834767,0.2329332985951255,0.25101422325866624,0.3165860643876443,0.3918033506786671,0.2089396958957357,0.2422975800190554,0.1962668519946956,658.0,766.0,430.0,1057.0,1304.0,1,6.490723534502507,1,6.642486801367256,1,6.066108090103747,1,6.964135612418245,1,7.173958319756794,5,8.346642090221199,92.0,1,Distinction,1
655412,0.06879856192171668,0.1916342162038614,0.44176608237601594,0.31474354935216964,0.316493107574199,0.12703706655163208,0.1906690510833392,0.29836956556682753,0.22263790260438188,0.21741236840237552,0.3562088997242423,0.16736994664985433,0.14370333775614913,0.1742469471876208,0.16219145237068192,0.4479554718024089,0.4503267860629451,0.11616101430100748,0.2883716008558278,0.3039030716527436,599.0,234.0,488.0,692.0,788.0,1,6.396929655216146,1,5.459585514144159,1,6.192362489474872,1,6.541029999189903,1,6.670766320845874,5,7.938088726896952,78.0,1,Pass,1
655445,0.1630851462485255,0.20264616654444112,0.35626746680044236,0.3174025535316665,0.2912225252006723,0.26760077082839795,0.21177605448758233,0.2972974551929723,0.24599412646947597,0.2990665520971338,0.37857983171416504,0.22682833162400043,0.10845333601289874,0.14407321312719146,0.1765931927365929,0.19073425120891155,0.358749447343976,0.2379817419936865,0.2925301068716661,0.23311772996560093,316.0,402.0,292.0,471.0,491.0,1,5.75890177387728,1,5.998936561946683,1,5.680172609017068,1,6.156978985585555,1,6.198478716492308,5,7.587310506022615,86.0,1,Pass,1
655569,0.2706325547368984,0.304173000571759,0.7352976545793553,0.44746878065614215,0.43857843936333973,0.23204175705849342,0.13467132944104343,0.0,0.08859757960672211,0.1956256660823518,0.30078030888973795,0.1336333554745929,0.2647023454206447,0.19018619275944132,0.2717340463683474,0.19654537931487026,0.4275223145126047,0.0,0.27374744697769443,0.09406184818596103,421.0,201.0,59.0,169.0,304.0,1,6.045005314036012,1,5.308267697401205,1,4.0943445622221,1,5.135798437050262,1,5.720311776607412,5,7.051855622955894,70.0,1,Pass,1
655796,0.25293371969134393,0.3261963930141624,0.6139141400424519,0.5970278411986488,0.47098163842975976,0.11311690180028983,0.0,0.0,0.33923018756203244,0.0,0.2745415446308701,0.2731963916627082,0.3860858599575481,0.0,0.045413775697064764,0.3594078338774961,0.40060721532312943,0.0,0.06374197123931871,0.4836045858731755,621.0,205.0,25.0,36.0,339.0,1,6.432940092739179,1,5.327876168789581,1,3.258096538021482,1,3.6109179126442243,1,5.8289456176102075,5,7.112327444710911,82.0,1,Pass,1
655927,0.26015500855310514,0.0556004868985988,0.16646931918224248,0.03412993560961749,0.2555157479135671,0.18849136150261195,0.20149414937660692,0.23797055033955866,0.03412993560961749,0.020736669289572154,0.23226441925053007,0.0556004868985988,0.0,0.5256674294741168,0.04147333857914431,0.31908921069375296,0.6873048768261955,0.5955601304781989,0.40607269930664813,0.6822742442177164,138.0,146.0,82.0,284.0,258.0,1,4.9344739331306915,1,4.990432586778736,1,4.418840607796598,1,5.652489180268651,1,5.556828061699537,5,6.812345094177479,80.0,1,Pass,1
655981,0.29482354720571613,0.4800555147296694,0.4276980552975327,0.539853677596788,0.24485822050831652,0.22512112106667528,0.0,0.20678745742877797,0.02340209453704186,0.35008543841420714,0.14269988891924318,0.10487304745073278,0.12739106596380464,0.20142955771391458,0.07687432903127894,0.3373554428083654,0.41507143781959777,0.23812342130988473,0.23531467015225538,0.3281820120461974,750.0,151.0,161.0,270.0,596.0,1,6.621405651764134,1,5.0238805208462765,1,5.087596335232384,1,5.602118820879701,1,6.391917113392602,5,7.564757012905729,84.0,1,Pass,1
656065,0.12932420695521135,0.2656528359335395,0.16324657799459125,0.21064195430107016,0.32708570441399926,0.2798811027989281,0.30787770740407916,0.05527326953235159,0.33745579499532585,0.2436375145989294,0.34702049434647425,0.19811719188248278,0.0,0.2474907214794784,0.09452197797406038,0.24377419589938631,0.22835226477989862,0.7814801524730571,0.20441152922412562,0.33475480301301097,365.0,429.0,179.0,239.0,517.0,1,5.902633333401366,1,6.063785208687608,1,5.19295685089021,1,5.480638923341991,1,6.249975242259483,5,7.455876687491824,72.0,1,Pass,1
656092,0.3386322653348842,0.12710673676062487,0.33282324163831434,0.3285311205082502,0.4075658010538429,0.11910332923003976,0.28667591363305694,0.2510229787281985,0.28252256235281803,0.3359284489136933,0.22317780715703517,0.279905437254496,0.18074700916655043,0.27684695188251357,0.19380173413555676,0.31908659827804087,0.3063119123518221,0.2354067704669367,0.11209936525641814,0.06270401589690712,582.0,427.0,574.0,616.0,659.0,1,6.368187186350492,1,6.059123195581797,1,6.354370040797351,1,6.424869023905388,1,6.492239835020471,5,7.958227192322312,66.0,1,Pass,1
656107,0.0,0.0,0.0,0.0,0.0,0.0,0.0,0.0,0.0,0.0,0.0,0.0,0.0,0.0,0.0,1.0,0.0,0.0,0.0,0.0,23.0,,,,,1,3.1780538303479458,0,0.0,0,0.0,0,0.0,0,0.0,1,3.1780538303479458,88.0,1,Fail,0
656131,0.27029170810099756,0.15563057037557687,0.3484585805553839,0.1605766396780997,0.1835487429903941,0.24741192969330314,0.09216971769344784,0.12876708442533197,0.2889652410476671,0.3388561821532017,0.2575156293180944,0.35309533340577803,0.15568352761565227,0.2763144374296377,0.14040878341638605,0.22478073288760475,0.39910437852519726,0.36709080740363187,0.2741436818445956,0.33718629144001805,573.0,308.0,337.0,975.0,1293.0,1,6.352629396319567,1,5.733341276897746,1,5.823045895483019,1,6.883462586413092,1,7.165493475060845,5,8.156797046675651,86.0,1,Pass,1
656158,0.1434702637488815,0.168930368592541,0.39093924619235204,0.06199444367594916,0.3074715359169685,0.18750070368002147,0.38608306403465154,0.22156712776960166,0.09618078792915481,0.28356734979396575,0.28904085411167685,0.21388908700881737,0.2421968682508598,0.06361516431639973,0.08131224208899387,0.3799881784594201,0.2310974803639901,0.1452967577871866,0.7782096040784963,0.3276488722000719,565.0,719.0,473.0,613.0,430.0,1,6.338594078203183,1,6.579251212010101,1,6.161207321695077,1,6.419994928147142,1,6.066108090103747,5,7.937731775260109,94.0,1,Pass,1
656159,0.458729922971609,0.17998274466260783,0.37649173854357515,0.24948431258495712,0.31579425643291414,0.1576070326353605,0.13082401642552646,0.20255698966011068,0.23006423405032253,0.27316832121303924,0.2832240220279689,0.27460252102474475,0.08280334180210128,0.2999661276026701,0.10870970766867459,0.10043902236506158,0.41459071788712093,0.33814792999421284,0.22048532576205018,0.3023277146853719,673.0,325.0,653.0,696.0,439.0,1,6.513230110912307,1,5.786897381366708,1,6.483107351457199,1,6.546785410760524,1,6.0867747269123065,5,7.932721027481948,96.0,1,Distinction,1
656165,0.24957433780332292,0.12208718692494056,0.17938022126359462,0.0,0.020367869668486745,0.0,0.21872328882657938,0.3516132907464566,0.02272898854883033,0.07957503846039085,0.22486989758717701,0.25209121732873846,0.0,0.28558664975147874,0.4096537672691452,0.5255557646095,0.4070983069197417,0.4690064879899488,0.6916843616996908,0.49040332460197716,458.0,288.0,342.0,445.0,333.0,1,6.129050210060545,1,5.666426688112432,1,5.8377304471659395,1,6.100318952020064,1,5.811140992976701,5,7.532088143541722,96.0,1,Pass,1
656234,0.30323191698008223,0.20387203882954177,0.04676816079405241,0.14745128349955916,0.23124397768569518,0.14167417215548814,0.30309031539732817,0.15658450611917293,0.08087485963922728,0.15973022051462815,0.2580902009031872,0.20932766890750854,0.19584486785331365,0.10998498126491689,0.22092026830808623,0.2970037099612425,0.28370997686562155,0.600802465233461,0.6616888755962967,0.3881055334915905,419.0,499.0,526.0,450.0,495.0,1,6.040254711277414,1,6.214608098422191,1,6.267200548541362,1,6.111467339502679,1,6.206575926724928,5,7.779048644925556,90.0,1,Pass,1
656323,0.29932267961823106,0.17431959133177602,0.34541515836954134,0.254304566727726,0.1416920363462345,0.34704817981625113,0.21570463188979025,0.1794996758048291,0.23463906898459305,0.24227996870007767,0.11700249798920093,0.3232678472503741,0.1699488738472156,0.2182173037844685,0.42368003365069634,0.23662664257631696,0.2867079295280596,0.30513629197841396,0.29283906050321235,0.19234796130299137,376.0,486.0,407.0,348.0,649.0,1,5.932245187448011,1,6.18826412308259,1,6.0112671744041615,1,5.855071922202427,1,6.476972362889683,5,7.726212650507529,64.0,1,Pass,1
656353,0.2848257336905873,0.2770265287290893,0.23233603287033536,0.0,0.0,0.27962756525931637,0.2992523173837863,0.29486297020171126,0.0,0.0,0.21333301555239242,0.25449402363946333,0.3450417693407474,0.0,0.0,0.22221368549770382,0.1692271302476611,0.12775922758720598,0.0,0.0,1725.0,564.0,544.0,,,1,7.453561871643373,1,6.336825731146441,1,6.300785794663244,0,0.0,0,0.0,3,7.949444420250626,88.0,1,Pass,1
656414,0.2659606681154062,0.4626925327462377,0.1803012627494728,0.380759314267136,0.37977160623709694,0.21432797250275046,0.16996741737066187,0.23374525473096558,0.17046850122265655,0.2959989936869215,0.19787757902067038,0.108244226890911,0.45205586359063116,0.07350560223220172,0.13664580688500658,0.32183378036117294,0.25909582299218953,0.13389761892893046,0.37526658227800574,0.18758359319097487,360.0,346.0,153.0,494.0,1094.0,1,5.8888779583328805,1,5.849324779946859,1,5.0369526024136295,1,6.20455776256869,1,6.9985096422506015,5,7.803026643632217,78.0,1,Pass,1
656436,0.32919468708031213,0.03746281624329941,0.27300391801346907,0.15226321981782198,0.0,0.4009337297328085,0.21355452566672525,0.3008354472114307,0.5659286393244298,0.0,0.14403359586681078,0.5708511813388643,0.038076258532488305,0.0,0.0,0.12583798732006862,0.178131476751111,0.38808437624261183,0.2818081408577482,0.0,172.0,186.0,276.0,83.0,,1,5.153291594497779,1,5.231108616854587,1,5.6240175061873385,1,4.430816798843313,0,0.0,4,6.576469569048224,86.0,1,Pass,1
656510,0.26093390032107044,0.0,0.0,0.0,0.0,0.0,0.0,0.0,0.0,0.0,0.2994518540514777,0.0,0.0,0.0,0.0,0.43961424562745194,0.0,0.0,0.0,0.0,186.0,,,,,1,5.231108616854587,0,0.0,0,0.0,0,0.0,0,0.0,1,5.231108616854587,62.0,1,Fail,0
656529,0.3711616268212831,0.24764764227341352,0.155617622562222,0.3272380300361684,0.3224721176434584,0.32776814113666836,0.322151332422537,0.17198369219600382,0.04232563407053233,0.22827313561252374,0.14768500251782984,0.14855377034818948,0.07834865480158239,0.17168554630360178,0.35536642734379315,0.15338522952421868,0.28164725495586,0.5940500304401918,0.4587507895896976,0.09388831940022481,808.0,829.0,732.0,523.0,1018.0,1,6.695798917058491,1,6.721425700790643,1,6.597145701886651,1,6.261491684321042,1,6.926577033222725,5,8.271548374755515,88.0,1,Pass,1
656579,0.3617817145243776,0.3605847760100924,0.2638159094073477,0.34660616297957425,0.23320440685628163,0.18888223836641294,0.20418663194022865,0.08408768226609069,0.16839773624263987,0.2939953660441198,0.18068105907300508,0.2326314759919404,0.06015707939905795,0.24339652668602674,0.2850882823331937,0.2686549880362044,0.20259711605773856,0.5919393289275037,0.24159957409175906,0.18771194476640488,1232.0,356.0,495.0,1064.0,840.0,1,7.117205503164344,1,5.877735781779639,1,6.206575926724928,1,6.970730078143525,1,6.734591659972948,5,8.291045131081729,86.0,1,Distinction,1
656607,0.10475434457665103,0.2727585507869007,0.12110538858472164,0.14651366859538748,0.26544707887657454,0.20557151657997813,0.26483463922758305,0.15396071988686688,0.22893257820992338,0.2124334403199398,0.30937811700259915,0.08044786582152667,0.22927463827715316,0.07105295643001648,0.05650964933546536,0.38029602184077177,0.3819589441639895,0.4956592532512584,0.5535007967646727,0.46560983146802043,341.0,274.0,577.0,262.0,894.0,1,5.834810737062605,1,5.616771097666572,1,6.359573868672378,1,5.572154032177765,1,6.796823718274855,5,7.761744984658913,58.0,1,Pass,1
656651,0.2071072292410272,0.26590094286443344,0.23911280663609827,0.3461900591394027,0.39056969102391653,0.14583556679996784,0.2573645624721861,0.19306358356860784,0.0698570501671995,0.18068525374875816,0.331894495377494,0.12436870546118661,0.22885147896076025,0.3758508448049907,0.23502198208571135,0.31516270858151096,0.35236578920219386,0.3389721308345338,0.20810204588840714,0.19372307314161388,299.0,156.0,139.0,189.0,222.0,1,5.703782474656201,1,5.056245805348308,1,4.941642422609304,1,5.247024072160486,1,5.407171771460119,5,6.913737350659685,76.0,1,Pass,1
656734,0.2822270550114209,0.2586868125180248,0.28650182302207905,0.25755763408074117,0.22363235846376942,0.26246776917754566,0.2584581129529366,0.1952596651958454,0.20883505945036518,0.2544225655084016,0.20800949452990442,0.21706802251243162,0.31206221505978593,0.2905942370427496,0.2577724150685584,0.2472956812811291,0.2657870520166071,0.20617629672228974,0.24301306942614398,0.2641726609592704,686.0,881.0,778.0,1407.0,1622.0,1,6.532334292222349,1,6.782192056006791,1,6.658011045870748,1,7.249925536717988,1,7.392031567514591,5,8.589513852995864,92.0,1,Distinction,1
656791,0.1815255407141495,0.2162184901203041,0.26828874202890135,0.3112891400184512,0.27498613520010917,0.1820129361779993,0.25795589612936365,0.22552895556699168,0.2281432954896002,0.2674301186969775,0.32471731000049137,0.27273004957496605,0.2256321092003166,0.25504538039566255,0.21747005386226984,0.3117442131073599,0.2530955641753662,0.2805501932037903,0.20552218409628603,0.24011369224064358,1035.0,1190.0,1175.0,1363.0,1858.0,1,6.943122422819428,1,7.0825485693553,1,7.069874128458572,1,7.218176838403408,1,7.527793987721444,5,8.798152718107191,74.0,1,Pass,1
656882,0.19772416303834348,0.21442794097754497,0.3495947351551501,0.3551759017279257,0.5926658657816162,0.2237231113519174,0.2481759863050642,0.21894375825442472,0.24873904047846312,0.061796624655565506,0.2496332636739441,0.26662265866087764,0.28996680433256883,0.024141643877924706,0.10117336112020885,0.32891946193579513,0.2707734140565131,0.1414947022578563,0.3719434139156865,0.24436414844260954,1107.0,1001.0,785.0,425.0,1012.0,1,7.010311867307229,1,6.90975328164481,1,6.666956792429207,1,6.054439346269371,1,6.920671504248683,5,8.373553741214627,82.0,1,Distinction,1
656988,0.05483697802680791,0.31583177017197805,0.2147236495655958,0.11645083288576623,0.0,0.33618815952673564,0.22579507478222446,0.22513876470286923,0.20133972437333378,0.0,0.21663226880909928,0.4240001511832315,0.23484653970207103,0.20012832803933706,0.0,0.3923425936373572,0.034373003862566046,0.32529104602946396,0.48208111470156295,0.0,788.0,367.0,170.0,109.0,,1,6.670766320845874,1,5.908082938168931,1,5.14166355650266,1,4.700480365792417,0,0.0,4,7.268920128193722,88.0,1,Fail,0
656996,0.21951152768554086,0.12328941637056827,0.12144846452255459,0.13794558188785958,0.1454543176466816,0.2810447746025536,0.32767118431396314,0.19148006775073545,0.29661537031817564,0.32859110109755985,0.24137424658701775,0.17225198535793576,0.12868029617367574,0.15442246737590434,0.24490851876026132,0.2580694511248877,0.3767874139575329,0.5583911715530343,0.4110165804180604,0.2810460624954972,387.0,311.0,184.0,340.0,219.0,1,5.961005339623274,1,5.7430031878094825,1,5.220355825078324,1,5.831882477283517,1,5.393627546352362,5,7.273786317844895,54.0,1,Pass,1
657048,0.20770597187424195,0.2286137404173074,0.0,0.037785032872407136,0.25960409378115895,0.19151489474798544,0.17734040645713015,0.07282396585568693,0.1354579259360958,0.15385781975554683,0.23228736876464104,0.22448476975426246,0.0,0.09767289306368865,0.1931004783633277,0.36849176461313166,0.3695610833713,0.927176034144313,0.7290841481278084,0.39343760809996653,194.0,263.0,106.0,197.0,297.0,1,5.272999558563747,1,5.575949103146316,1,4.672828834461906,1,5.288267030694535,1,5.697093486505405,5,6.964135612418245,84.0,1,Pass,1
657220,0.31383657448963803,0.05521073006965351,0.0,0.24806991587187172,0.2805110868409584,0.24153068939460137,0.2164827959026379,0.0,0.1463910633715949,0.24652004121980597,0.2552132682665533,0.5249400764254137,0.3726850054939604,0.35385937869786255,0.1808598379661516,0.18941946784920727,0.20336639760229477,0.6273149945060397,0.2516796420586709,0.2921090339730842,1046.0,220.0,75.0,236.0,981.0,1,6.953684210870537,1,5.3981627015177525,1,4.330733340286331,1,5.4680601411351315,1,6.889591308354466,5,7.847371836159788,60.0,1,Pass,1
657330,0.35868207939423113,0.1336203730982372,0.35701223907225116,0.28047969797360556,0.29022684628825196,0.22822395741233864,0.332119783032378,0.27274376594962746,0.2316036744573384,0.2796178975770017,0.14469347655542045,0.34998983607612405,0.1286228827709843,0.2650721047895707,0.16727468022773354,0.26840048663800997,0.18427000779326064,0.24162111220713714,0.22284452277948524,0.2628805759070129,936.0,470.0,341.0,778.0,516.0,1,6.842683282238422,1,6.154858094016418,1,5.834810737062605,1,6.658011045870748,1,6.248042874508429,5,8.020270472819238,84.0,1,Distinction,1
657344,0.22389813562911035,0.1680985761362607,0.2596447746657811,0.28471302711226076,0.4357953097269386,0.174556539733376,0.28579998859708244,0.2512624487319144,0.24520123327184437,0.2720698340799157,0.30927681122756184,0.26826331070698706,0.2815748458360116,0.23627934775500073,0.17884092205304536,0.29226851340995197,0.2778381245596698,0.20751793076629302,0.23380639186089422,0.11329393414010035,788.0,574.0,572.0,568.0,927.0,1,6.670766320845874,1,6.354370040797351,1,6.35088571671474,1,6.343880434126331,1,6.833031732786201,5,8.140315540159985,80.0,1,Distinction,1
674222,0.2756212586975094,0.31653058241437776,0.2655020646071202,0.2738835811215489,0.3859813402521056,0.1992170825602242,0.17741022795409597,0.3303127594301976,0.20762871009344291,0.31480137382161094,0.22934381118414088,0.21433804359605285,0.07393425578966181,0.2869033820598506,0.13625491667852838,0.29581784755812557,0.2917211460354735,0.33025092017302043,0.23158432672515747,0.16296236924775495,657.0,412.0,326.0,936.0,1397.0,1,6.489204931325317,1,6.023447592961033,1,5.7899601708972535,1,6.842683282238422,1,7.242797922793756,5,8.22389538017882,96.0,1,Pass,1
674226,0.18079212236928044,0.1247030076029798,0.13646470589211837,0.16804363462604618,0.5191391688354237,0.21074871345894933,0.2642388903259517,0.18195294118949118,0.38151031327396945,0.12516229695029676,0.24468718286600402,0.22346305556116564,0.1511086468211897,0.12449840137001414,0.07182957256514882,0.3637719813057663,0.3875950465099029,0.5304737060972008,0.32594765072997023,0.2838689616491307,311.0,442.0,90.0,532.0,215.0,1,5.7430031878094825,1,6.093569770045136,1,4.51085950651685,1,6.278521424165844,1,5.375278407684165,5,7.372118028337787,66.0,1,Pass,1
674236,0.3887468438234339,0.15056395797287203,0.07755915995291875,0.2996345186470754,0.10628576237986666,0.12851733927354164,0.30661630899005327,0.03700512371173959,0.0,0.3500585414067584,0.11833648111407082,0.34689297219747783,0.18404106159255934,0.2918687134542105,0.4786095415963029,0.3643993357889536,0.19592676083959684,0.7013946547427823,0.40849676789871403,0.06504615461707179,121.0,143.0,506.0,451.0,611.0,1,4.804021044733257,1,4.969813299576001,1,6.2285110035911835,1,6.113682179832232,1,6.416732282512326,5,7.513709247839705,76.0,1,Distinction,1
674260,0.3596493358095965,0.0,0.0,0.0,0.0,0.21706457999066966,0.0,0.0,0.0,0.0,0.13918855804431512,0.0,0.0,0.0,0.0,0.2840975261554187,0.0,0.0,0.0,0.0,752.0,,,,,1,6.6240652277998935,0,0.0,0,0.0,0,0.0,0,0.0,1,6.6240652277998935,86.0,1,Fail,0
674262,0.29706324037918885,0.20488094248720878,0.11029459681394596,0.3116787078615032,0.3045291731322568,0.2477430288543933,0.22960797680890405,0.30584506358838603,0.30842767357627343,0.29195142919135386,0.24314071472689286,0.2731417987925239,0.2668335678007869,0.20151016553711407,0.26620545150269653,0.212053016039525,0.2923692819113632,0.31702677179688105,0.17838345302510913,0.13731394617369258,862.0,737.0,604.0,983.0,2066.0,1,6.760414691083428,1,6.6039438246004725,1,6.405228458030842,1,6.891625897052253,1,7.633853559681768,5,8.566554620953962,94.0,1,Distinction,1
674320,0.2699210194273922,0.277330941875455,0.10986806982023059,0.09567448113753099,0.310636478569415,0.33822122739159116,0.32526754617916315,0.2312672465831764,0.32364248582600524,0.4235749783158094,0.24576054506959344,0.15328305550898214,0.05649647951150283,0.255605889968354,0.18650195633837427,0.14609720811142313,0.24411845643639968,0.6023682040850902,0.3250771430681098,0.07928658677640125,347.0,306.0,306.0,320.0,517.0,1,5.8522024797744745,1,5.726847747587197,1,5.726847747587197,1,5.771441123130016,1,6.249975242259483,5,7.493873886783559,92.0,1,Pass,1
674387,0.2857557279971581,0.16054604601724126,0.47451640662004596,0.09376702480239962,0.32020772628678396,0.23100706701953358,0.22152831288373634,0.25133792151575224,0.34067258305642373,0.2588514733038576,0.0871913719908286,0.2894169427844354,0.19913098806502028,0.2495176645792866,0.17615439431692465,0.3960458329924798,0.32850869831458707,0.07501468379918153,0.31604272756189,0.24478640609243377,722.0,680.0,504.0,922.0,1209.0,1,6.583409222158765,1,6.523562306149512,1,6.22455842927536,1,6.827629234502852,1,7.098375638590786,5,8.303504798872783,80.0,1,Pass,1
674406,0.44473031880249053,0.11298407978633465,0.294120375391685,0.2951195841315572,0.0,0.15967842369085686,0.23972067911617229,0.40529051068955946,0.15602031127987584,0.0,0.062097488338366806,0.22887074619194953,0.0,0.09404680893564746,0.0,0.333493769168286,0.41842449490554345,0.3005891139187555,0.4548132956529195,0.0,307.0,223.0,189.0,204.0,,1,5.730099782973574,1,5.4116460518550396,1,5.247024072160486,1,5.3230099791384085,0,0.0,4,6.828712071641684,94.0,1,Pass,1
674451,0.2963458820532361,0.42105326164914014,0.3936471343651183,0.08566807070212767,0.4344104596897252,0.22364020925818737,0.21012271722632656,0.18506559978646103,0.1850350731168653,0.25549093676963325,0.21619306050474857,0.2009330687387095,0.2769395486145532,0.1134023110960331,0.2066352306410306,0.2638208481838281,0.16789095238582374,0.14434771723386747,0.615894545084974,0.10346337289961088,345.0,235.0,367.0,427.0,799.0,1,5.846438775057725,1,5.4638318050256105,1,5.908082938168931,1,6.059123195581797,1,6.684611727667927,5,7.684324067681155,84.0,1,Pass,1
674478,0.2331474817231965,0.04691380545768541,0.11840143368047971,0.0,0.0,0.13138747617198882,0.16117835829482458,0.0962236937469226,0.0,0.0,0.31727002862214343,0.13831091032476805,0.14303066027184663,0.0,0.0,0.31819501348267126,0.6535969259227219,0.6423442123007511,0.0,0.0,270.0,336.0,208.0,,,1,5.602118820879701,1,5.820082930352362,1,5.342334251964811,0,0.0,0,0.0,3,6.703188113240863,64.0,1,Fail,0
674484,0.19524845060440962,0.012548523128690127,0.28291741164486495,0.30770068076299245,0.3054339439221833,0.1853741484958486,0.3888670312689664,0.2999138742265446,0.24593918747008,0.2504018700506664,0.30412900348524813,0.17004185944740505,0.23436343006574087,0.1978813923997872,0.24603550216700554,0.3152483974144937,0.42854258615493857,0.18280528406284965,0.24847873936714032,0.19812868386014484,631.0,519.0,778.0,799.0,1314.0,1,6.448889394146858,1,6.253828811575473,1,6.658011045870748,1,6.684611727667927,1,7.181591944611865,5,8.304494897963567,82.0,1,Pass,1
674497,0.41240925594259764,0.2142993418117471,0.38621441438169474,0.1983124679298372,0.1855244055672315,0.3696488045383043,0.2470765213959642,0.1935844987653888,0.266885509337958,0.3169936424928659,0.06751560237684266,0.140221087258045,0.30206178713931636,0.4112061606586077,0.2277877183837949,0.1504263371422555,0.3984030495342437,0.11813929971360003,0.12359586207359709,0.2696942335561077,471.0,321.0,281.0,305.0,742.0,1,6.156978985585555,1,5.7745515455444085,1,5.641907070938114,1,5.723585101952381,1,6.610696044717759,5,7.659642954564682,80.0,1,Pass,1
674509,0.4432853669610984,0.19129686977334615,0.33989978386501124,0.23334307231288634,0.29020225632245633,0.34801839183533934,0.2963452271355221,0.25257832922047213,0.2212349946399903,0.3230538338340302,0.0693237119424484,0.26027983316725156,0.20426831306973414,0.30294523843975074,0.2135069995870986,0.139372529261114,0.25207806992388015,0.20325357384478251,0.2424766946073727,0.1732369102564149,741.0,1357.0,1231.0,1878.0,3101.0,1,6.60934924316738,1,7.213768308118642,1,7.116394144093465,1,7.538494999413465,1,8.039802343736485,5,9.02509454366498,76.0,1,Pass,1
674584,0.2616744885016601,0.19267543035794577,0.24482359331206147,0.19908858867151308,0.4688851670165462,0.12342080902458176,0.26997645597677905,0.2625836925245726,0.24234015731864264,0.24628764469506825,0.09997082249783844,0.06676829659636804,0.32416269049418167,0.33256192387595757,0.076302891696906,0.5149338799759197,0.47057981706890717,0.16843002366918436,0.22600933013388666,0.20852429659147947,118.0,382.0,371.0,636.0,654.0,1,4.77912349311153,1,5.948034989180646,1,5.918893854273146,1,6.456769655572163,1,6.484635235635252,5,7.6787889981991535,86.0,1,Distinction,1
674594,0.33072495672777963,0.3928919046945927,0.32133712773974693,0.0,0.0,0.14748724220788365,0.1652844680240599,0.12431016993480558,0.0,0.0,0.3987998111117406,0.2399164995059799,0.5543527023254475,0.0,0.0,0.1229879899525961,0.2019071277753674,0.0,0.0,0.0,645.0,296.0,27.0,,,1,6.470799503782602,1,5.6937321388027,1,3.332204510175204,0,0.0,0,0.0,3,6.876264611890766,86.0,1,Fail,0
674644,0.0,0.1615637436880912,0.03654068930415688,0.1518791869176293,0.41511552982062794,0.41293677510512306,0.22481492754915375,0.21364213202356888,0.5567751479539038,0.31646503836117473,0.14187034185997083,0.27701295858338987,0.18495254594740354,0.09972812712809558,0.1436664333760204,0.4451928830349062,0.33660837017936523,0.5648646327248708,0.19161753800037126,0.12475299844217697,531.0,423.0,359.0,965.0,816.0,1,6.2766434893416445,1,6.049733455231958,1,5.886104031450156,1,6.873163834212518,1,6.705639094860003,5,8.037543185118697,86.0,1,Pass,1
674657,0.34180978087141717,0.118059138835696,0.4416019816447141,0.1449384831503987,0.2767879960409122,0.20613019248501854,0.2881033281842692,0.22887544681468644,0.3636504506160656,0.22220568657267978,0.10560232906018531,0.27663767749273477,0.11935594823969241,0.2618003164092662,0.47903101613483967,0.34645769758337897,0.3171998554873,0.21016662330090702,0.22961074982426943,0.021975301251568467,444.0,511.0,200.0,384.0,598.0,1,6.09807428216624,1,6.238324625039508,1,5.303304908059076,1,5.953243334287785,1,6.395261598115449,5,7.6676260915849905,92.0,1,Pass,1
674671,0.1897347044656983,0.26164573514135736,0.3450972602270387,0.37683005895486144,0.30746429812278636,0.08529906718535872,0.1527859385028046,0.14870582859568734,0.4079863589468801,0.3942299155997263,0.24603519499393584,0.2685764385398445,0.19621562061048325,0.06421196893966244,0.1485228853285934,0.47893103335500703,0.3169918878159936,0.3099812905667908,0.15097161315859595,0.14978290094889393,423.0,455.0,715.0,510.0,1465.0,1,6.049733455231958,1,6.1224928095143865,1,6.573680166960646,1,6.236369590203704,1,7.290292882446597,5,8.18004072349016,86.0,1,Pass,1
674691,0.18055782138974416,0.2011809273560473,0.2546290161891702,0.3271554696204143,0.28710345876478444,0.2335193289280039,0.19278559556824085,0.25551769107794836,0.2615715664848305,0.28876830159706196,0.3558053906923314,0.19763240937806623,0.15260259444056362,0.20826986926288021,0.2568059217359424,0.23011745898992067,0.40840106769764556,0.33725069829231785,0.20300309463187508,0.16732231790221128,987.0,733.0,778.0,941.0,1887.0,1,6.895682697747868,1,6.598509028614515,1,6.658011045870748,1,6.848005274576363,1,7.543273346705446,5,8.580543506917,100.0,1,Distinction,1
674694,0.33770198554558906,0.1941620652165721,0.24364365246046515,0.377557829976003,0.25459068611685004,0.35177993832080723,0.26218620556273636,0.2823743042595793,0.0,0.38799513643629985,0.15509809344937384,0.5436517292206914,0.07732948239237201,0.34582023824818214,0.22890629170494378,0.15541998268422993,0.0,0.3966525608875836,0.27662193177581473,0.12850788574190622,754.0,369.0,738.0,1326.0,1252.0,1,6.626717749249025,1,5.91350300563827,1,6.6052979209482015,1,7.190676034332207,1,7.133295954896068,5,8.39840965542627,92.0,1,Pass,1
674699,0.12952490634001576,0.21811773501577297,0.24021528318048485,0.2457973603291773,0.09721614008741618,0.304279189416804,0.22095952500298932,0.20288739625733976,0.17842906379205178,0.47950104107483177,0.22948511332814123,0.2012818788124828,0.16886087183734283,0.07942211990339615,0.22685546339622947,0.3367107909150391,0.35964086116875493,0.3880364487248326,0.4963514559753748,0.19642735544152268,416.0,432.0,159.0,155.0,647.0,1,6.0330862217988015,1,6.07073772800249,1,5.075173815233827,1,5.049856007249537,1,6.473890696352274,5,7.501082124259871,94.0,1,Distinction,1
674751,0.2571090325162525,0.04625307161420618,0.13174354745602102,0.36599188767145446,0.31970091820579366,0.12058541646961778,0.0,0.34279257804039664,0.15354062860072587,0.2819230583257103,0.2665641508844813,0.4343951471034861,0.13628359309392754,0.07329374493784735,0.12753304918139405,0.35574140012964844,0.5193517812823077,0.3891802814096549,0.4071737387899723,0.270842974287102,580.0,291.0,351.0,541.0,953.0,1,6.364750756851911,1,5.676753802268282,1,5.863631175598097,1,6.295266001439646,1,6.860663671448287,5,7.907283609426348,84.0,1,Distinction,1
674831,0.19995684877457195,0.25753844537423165,0.26673987129570037,0.19140689203828468,0.5069080711161137,0.17894203607760437,0.2187330894428739,0.36012047016934895,0.2653361740118936,0.21431960208051218,0.3566289211834355,0.26592365047401834,0.04561210055134171,0.35266425475833674,0.09752193322358993,0.2644721939643883,0.2578048147088762,0.32752755798360905,0.190592679191485,0.18125039357978434,544.0,342.0,497.0,514.0,378.0,1,6.300785794663244,1,5.8377304471659395,1,6.210600077024653,1,6.244166900663736,1,5.937536205082426,5,7.730174795246222,90.0,1,Pass,1
674870,0.27466739924715755,0.2739187905358896,0.2999418997524873,0.26434620330576397,0.24739092068462795,0.15534936149111547,0.24907941865138428,0.09820602102330259,0.34357732967252835,0.309380153596519,0.1855646259835879,0.13793993979316593,0.15475508752009573,0.16090236041141992,0.27099210952782415,0.3844186132781389,0.33906185101956016,0.4470969917041144,0.23117410661028776,0.17223681619102885,1222.0,951.0,712.0,1293.0,1254.0,1,7.109062135687172,1,6.858565034791365,1,6.569481420414296,1,7.165493475060845,1,7.134890851565884,5,8.600246746551523,76.0,1,Pass,1
674921,0.1058487552677634,0.14551084011353024,0.27167006211510225,0.17874953215839692,0.22084383807770175,0.0,0.3225458886871558,0.2146502508779648,0.16642704458190846,0.1794691360737834,0.1507709917888265,0.17246297337447394,0.19169118875025354,0.31535216034531666,0.10552642698213817,0.7433802529434101,0.3594802978248401,0.32198849825667936,0.3394712629143779,0.49416059886637664,399.0,673.0,689.0,1154.0,499.0,1,5.991464547107982,1,6.513230110912307,1,6.536691597591305,1,7.051855622955894,1,6.214608098422191,5,8.13593277200489,98.0,1,Distinction,1
675021,0.19864756834109104,0.3667578103549049,0.049595961018098156,0.27503576363540844,0.44982719370278496,0.18489371070653624,0.20322684629495266,0.15393921217990345,0.0,0.09795123669556739,0.0,0.21094794290694815,0.22407347134186412,0.13097801015688476,0.0659830907635089,0.6164587209523726,0.21906740044319417,0.5723913554601343,0.5939862262077068,0.3862384788381388,488.0,546.0,788.0,1312.0,1229.0,1,6.192362489474872,1,6.304448802421981,1,6.670766320845874,1,7.180069874302796,1,7.114769448366463,5,8.381144346952961,90.0,1,Distinction,1
675054,0.23806639905133015,0.15404737212337824,0.329803034828752,0.13266198860776277,0.21122876605277682,0.2535302912647564,0.32829955358795987,0.16484614327705377,0.1110153776345579,0.4234404344795617,0.19653483726440119,0.16510658852267932,0.14889068917442466,0.12801670251464983,0.13554237832355048,0.3118684724195123,0.35254648576598263,0.35646013271976945,0.6283059312430294,0.229788421144111,361.0,216.0,98.0,75.0,436.0,1,5.8916442118257715,1,5.37989735354046,1,4.59511985013459,1,4.330733340286331,1,6.07993319509559,5,7.079184394609668,88.0,1,Pass,1
675193,0.33794004037019654,0.16495977371515608,0.3931058734810059,0.2514638786032526,0.43047808492205086,0.05969369168366679,0.37406309742238564,0.31944971848713033,0.24203129267311627,0.07297142723863852,0.22483047990640864,0.2347005934792538,0.08081119350227159,0.23585342473830886,0.29500271881126633,0.377535788039728,0.22627653538320444,0.2066332145295921,0.2706514039853223,0.20154776902804425,234.0,232.0,551.0,460.0,649.0,1,5.459585514144159,1,5.4510384535657,1,6.313548046277095,1,6.133398042996649,1,6.476972362889683,5,7.6624678152002375,70.0,1,Pass,1
675225,0.4297324196768351,0.1285951704313343,0.3975603483724157,0.2956167437471032,0.20628853859630886,0.09714463296896436,0.3360078350507079,0.16255248993321167,0.14016917133706328,0.3263576365555979,0.28207786650107397,0.2265496173911688,0.2803086769623999,0.36536533358623385,0.09628711528540405,0.19104508085312646,0.308847377126789,0.1595784847319726,0.19884875132959984,0.3710667095626894,234.0,409.0,618.0,499.0,742.0,1,5.459585514144159,1,6.016157159698354,1,6.428105272684596,1,6.214608098422191,1,6.610696044717759,5,7.8252452914317745,84.0,1,Pass,1
675233,0.26259449332753565,0.18099888345221868,0.2664512372361636,0.3306117995557252,0.22881261958473278,0.20682800322884698,0.24183711934926136,0.3551696981830211,0.35289651015776885,0.2554877832551891,0.30939144727459605,0.22787186233666482,0.09717811868186704,0.11741461838526085,0.20717849856833048,0.22118605616902134,0.3492921348618551,0.2812009458989484,0.19907707190124513,0.30852109859174764,484.0,470.0,1657.0,1553.0,1706.0,1,6.184148890937483,1,6.154858094016418,1,7.4133673356952405,1,7.348587530927593,1,7.442492722794441,5,8.677780256064185,98.0,1,Pass,1
675261,0.3437920277146066,0.21087237513288476,0.6773858316392911,0.2850135711652451,0.0,0.3202407984793801,0.08346953911540864,0.09103213103852101,0.08095645160245972,0.0,0.10499885687840857,0.0,0.140549906283667,0.0,0.0,0.23096831692760472,0.7056580857517066,0.09103213103852101,0.6340299772322953,0.0,258.0,201.0,225.0,417.0,,1,5.556828061699537,1,5.308267697401205,1,5.420534999272286,1,6.035481432524756,0,0.0,4,7.004881989712859,78.0,1,Pass,1
675273,0.3794601754830518,0.24098911420494779,0.0,0.01817281170119632,0.18810143246958355,0.1532679517676162,0.19611520997582713,0.08858479023912265,0.09395207356051827,0.3806841735897803,0.0725701749847209,0.11802495499220998,0.0,0.24923030258836482,0.03956037493363047,0.3947016977646111,0.44487072082701506,0.9114152097608774,0.6386448121499205,0.39165401900700564,207.0,89.0,78.0,363.0,244.0,1,5.337538079701318,1,4.499809670330265,1,4.3694478524670215,1,5.8971538676367405,1,5.501258210544727,5,6.889591308354466,72.0,1,Fail,0
675279,0.23579360239926625,0.2244598762267328,0.3126299046284099,0.2691330792555226,0.4893368249445112,0.23185203971635163,0.24718862827165564,0.3409805394329804,0.15553185769022335,0.2756539854209286,0.23329604360450037,0.26272059105938045,0.11594284745376417,0.13953798164299897,0.0396368300687383,0.29905831427988167,0.26563090444223103,0.23044670848484564,0.43579708141125495,0.1953723595658218,1736.0,1639.0,755.0,542.0,792.0,1,7.459914766241105,1,7.402451520818244,1,6.628041376179533,1,6.297109319933935,1,6.675823221634848,5,8.60611940061064,72.0,1,Pass,1
675315,0.16565271512228702,0.20023314228459826,0.2777592288869289,0.32014404459398066,0.3406022754716691,0.28144890594245836,0.13042807384875085,0.3116121872820606,0.2838396118638455,0.11940917251571054,0.3138905431479968,0.12646876530474235,0.171331460471588,0.20231835600163559,0.1940145960555528,0.23900783578725776,0.5428700185619086,0.23929712335942233,0.19369798754053816,0.34597395595706765,240.0,572.0,566.0,898.0,592.0,1,5.484796933490655,1,6.35088571671474,1,6.340359303727752,1,6.80128303447162,1,6.385194398997726,5,7.9617188159813645,90.0,1,Pass,1
675328,0.33438210702560717,0.2777647969759283,0.10384292883924108,0.23852562992002657,0.33511633174218125,0.28062189729043163,0.39054397864688783,0.39196714304184493,0.21523728712505438,0.2613729062664576,0.23181019667755243,0.1183791764399285,0.09537033977509554,0.23305064137365158,0.1683532501174938,0.15318579900640875,0.2133120479372554,0.4088195883438184,0.3131864415812674,0.23515751187386733,471.0,337.0,477.0,376.0,535.0,1,6.156978985585555,1,5.823045895483019,1,6.169610732491456,1,5.932245187448011,1,6.284134161070802,5,7.69484807238461,74.0,1,Pass,1
675474,0.47597347695389847,0.0,0.26486109930297286,0.3829586005600568,0.5089099843050301,0.22571777477794946,0.36020849552410167,0.26735400361921785,0.06148173828600704,0.4910900156949701,0.2983087482681521,0.1139552649500736,0.0,0.09744624966247338,0.0,0.0,0.5258362395258247,0.46778489707780924,0.45811341149146273,0.0,175.0,75.0,80.0,107.0,21.0,1,5.170483995038151,1,4.330733340286331,1,4.394449154672439,1,4.68213122712422,1,3.091042453358316,5,6.129050210060545,78.0,1,Pass,1
675514,0.656414717490613,0.0,0.0,0.0,0.0,0.0,0.0,0.0,0.0,0.0,0.14275641202662265,0.0,0.0,0.0,0.0,0.20082887048276435,0.0,0.0,0.0,0.0,115.0,,,,,1,4.7535901911063645,0,0.0,0,0.0,0,0.0,0,0.0,1,4.7535901911063645,74.0,1,Fail,0
675566,0.18871095871910273,0.0,0.2978317465896222,0.10501009972915729,0.31296381845149696,0.0,0.2989389581948793,0.13675211235329313,0.09162161334533278,0.12643122470358906,0.2625152682226112,0.32550051847366396,0.0,0.07129547298683743,0.14248378391902877,0.5487737730582861,0.37556052333145673,0.5654161410570846,0.7320728139386724,0.41812117292588524,176.0,284.0,181.0,135.0,444.0,1,5.176149732573829,1,5.652489180268651,1,5.204006687076795,1,4.912654885736052,1,6.09807428216624,5,7.107425474110705,94.0,1,Distinction,1
675577,0.29122665550374904,0.13062242674489097,0.2939314200162748,0.0,0.0,0.24603402821515574,0.30747575659231385,0.2033874893790913,0.0,0.0,0.3328086325539504,0.2649264491067545,0.16762089827276905,0.0,0.0,0.12993068372714472,0.2969753675560407,0.33506019233186485,0.0,0.0,548.0,278.0,215.0,,,1,6.3080984415095305,1,5.631211781821365,1,5.375278407684165,0,0.0,0,0.0,3,6.948897222313312,74.0,1,Fail,0
675636,0.2985406482821256,0.07776733072832716,0.24061274823260495,0.2618126660115568,0.2385929952034404,0.3703510070156167,0.3336780133379666,0.2530670377041914,0.2002560548892174,0.3070041489465805,0.2939701643543688,0.21781044275987096,0.24356015521566224,0.27002022017905897,0.2510082673864737,0.03713818034788892,0.37074421317383527,0.2627600588475412,0.26791105892016664,0.20339458846350536,553.0,471.0,708.0,716.0,1167.0,1,6.317164686747284,1,6.156978985585555,1,6.5638555265321274,1,6.57507584059962,1,7.0630481633881725,5,8.193123721512068,56.0,1,Pass,1
675710,0.32073777306665174,0.3305318457658015,0.14920816534292067,0.31683957324928835,0.41530492265078567,0.29939631947048223,0.22404201419605665,0.2703928147796531,0.24693935932752153,0.26695140083568375,0.11406697221458065,0.2464078670682978,0.2020215084187809,0.15109143407752204,0.15211973656933972,0.26579893524828535,0.19901827296984403,0.3783775114586454,0.28512963334566815,0.16562393994419083,415.0,498.0,377.0,686.0,761.0,1,6.030685260261263,1,6.212606095751519,1,5.934894195619588,1,6.532334292222349,1,6.635946555686647,5,7.914983005848394,90.0,1,Distinction,1
675989,0.2890141494470435,0.2368365076606857,0.25593487759093714,0.21895605423964815,0.25006555272056724,0.2611960333981352,0.22777649551935505,0.24096681980942772,0.25707742950328727,0.2699195784268063,0.21663456474367535,0.24637620133308125,0.19931449791684733,0.25474858681702556,0.24019959817902362,0.23315525241114599,0.289010795486878,0.3037838046827879,0.2692179294400391,0.2398152706736027,593.0,684.0,857.0,906.0,1946.0,1,6.386879319362645,1,6.529418838262226,1,6.754604099487962,1,6.810142450115136,1,7.5740450053721995,5,8.514589805546123,90.0,1,Distinction,1
676007,0.25654980350879203,0.2764927098678675,0.3026882602648646,0.1698454209588694,0.0,0.2842329387127021,0.2964561806812401,0.2877527638682068,0.09379285945348889,0.0,0.24178762721230423,0.12917313160756708,0.16251198557765567,0.14107842691842612,0.0,0.21742963056620146,0.2978779778433254,0.24704699028927285,0.5952832926692156,0.0,289.0,228.0,91.0,104.0,,1,5.66988092298052,1,5.43372200355424,1,4.5217885770490405,1,4.653960350157523,0,0.0,4,6.569481420414296,70.0,1,Pass,1
676064,0.35737832691167354,0.2080567251934501,0.3804178631965716,0.1920523459681231,0.16108174670498593,0.15846371961471994,0.30659931344379227,0.28392050634802607,0.0985619962225961,0.3940992517374049,0.17664638603955168,0.31075790633803885,0.06657383599685522,0.1356538357609908,0.13605542474071466,0.3075115674340549,0.17458605502471883,0.26908779445854714,0.57373182204829,0.30876357681689454,436.0,528.0,409.0,508.0,1292.0,1,6.07993319509559,1,6.270988431858299,1,6.016157159698354,1,6.2324480165505225,1,7.164720378771857,5,8.062747901086354,94.0,1,Distinction,1
676103,0.31960489905109574,0.12848349562467984,0.26040406876392247,0.0,0.36336750517104177,0.2437756109996126,0.3158615890935573,0.21491104129111935,0.031638519275088435,0.04375380407460328,0.07541794988664208,0.11737817437561895,0.15386313920680542,0.21286144098295953,0.13510818635317162,0.36120154006264954,0.438276740906144,0.3708217507381528,0.755500039741952,0.45777050440118333,295.0,341.0,596.0,392.0,333.0,1,5.69035945432406,1,5.834810737062605,1,6.391917113392602,1,5.973809611869261,1,5.811140992976701,5,7.579678823090456,72.0,1,Pass,1
676139,0.3206244032890942,0.4078599468788546,0.40885695031357333,0.0,0.0,0.3086216192221318,0.22318927296598062,0.0,0.0,0.0,0.3707539774887741,0.16066993764325008,0.0,0.0,0.0,0.0,0.2082808425119147,0.5911430496864267,0.0,0.0,310.0,368.0,283.0,,,1,5.739792912179234,1,5.910796644040527,1,5.648974238161206,0,0.0,0,0.0,3,6.8690144506657065,72.0,1,Fail,0
676190,0.20037936354786925,0.10309544128472561,0.2208267953704993,0.29885010501280196,0.33278850992639125,0.1709760855421667,0.12057464454630791,0.3008731332116511,0.26587477186227254,0.25473362702738356,0.27602911964656424,0.3892821489871953,0.22195608653595805,0.2245644614658656,0.18563740358513828,0.35261543126339984,0.38704776518177114,0.25634398488189153,0.2107106616590599,0.2268404594610869,606.0,534.0,503.0,1628.0,1425.0,1,6.408528791059498,1,6.282266746896006,1,6.222576268071369,1,7.395721608602045,1,7.262628600974241,5,8.454679286026995,84.0,1,Distinction,1
676265,0.3322174422861682,0.24717772537038984,0.36476821793016173,0.2897300769301126,0.30069309806151373,0.10354823512241779,0.2426076969311131,0.1765538843001795,0.21010178287401335,0.36675952715686944,0.3978414259806481,0.16995884386330584,0.12625964162606482,0.4094437797117104,0.05328232845517046,0.16639289661076606,0.34025573383519114,0.33241825614359405,0.09072436048416359,0.27926504632644655,360.0,316.0,639.0,523.0,986.0,1,5.8888779583328805,1,5.75890177387728,1,6.461468176353717,1,6.261491684321042,1,6.894670039433482,5,7.946263643580541,70.0,1,Pass,1
676272,0.4053788497140717,0.0,0.0,0.0,0.06063599973629123,0.28996996734066116,0.0,0.0,0.0,0.322700430558151,0.0,0.0,0.0,0.0,0.06063599973629123,0.3046511829452672,0.0,1.0,1.0,0.5560275699692665,166.0,,18.0,73.0,60.0,1,5.117993812416755,0,0.0,1,2.9444389791664403,1,4.30406509320417,1,4.110873864173311,4,5.762051382780177,58.0,1,Fail,0
676303,0.15628393530684812,0.2823260563060822,0.07914846592335226,0.20104613641486066,0.13625196611659623,0.0,0.04080526621556593,0.12908558802393177,0.11458774678365952,0.13625196611659623,0.36696708212073453,0.04080526621556593,0.12908558802393177,0.09996831752986973,0.4143081841896713,0.47674898257241743,0.6360634112627858,0.6626803580287842,0.5843977992716102,0.3131878835771362,181.0,92.0,71.0,213.0,59.0,1,5.204006687076795,1,4.532599493153256,1,4.276666119016055,1,5.365976015021851,1,4.0943445622221,5,6.424869023905388,64.0,1,Pass,1
676378,0.18562107642091505,0.06740113089835659,0.2713059450842941,0.3039354392577575,0.2519098297904722,0.33523821792750036,0.35396565024903626,0.3293849350682353,0.11778515795371235,0.3663765495295614,0.13010971981004393,0.20454882044304887,0.12656816930099973,0.2050585022130816,0.13454604369701195,0.34903098584154074,0.37408439840955815,0.2727409505464709,0.3732209005754487,0.24716757698295436,573.0,336.0,509.0,331.0,918.0,1,6.352629396319567,1,5.820082930352362,1,6.234410725718371,1,5.805134968916488,1,6.823286122355687,5,7.889084407035514,90.0,1,Distinction,1
676444,0.27685828340419494,0.19164500180654664,0.23666261508049977,0.27531145082454384,0.29151690327858176,0.24217672786192962,0.2580328755089356,0.2960241482770513,0.22604024102263207,0.2786379714124855,0.29204842192024455,0.21467301152879908,0.14621626986252595,0.2270109988389208,0.23959090159058208,0.18891656681363095,0.33564911115571877,0.32109696677992294,0.27163730931390323,0.19025422371835066,1029.0,1107.0,844.0,1072.0,1721.0,1,6.937314081223682,1,7.010311867307229,1,6.739336627357174,1,6.9782137426306985,1,7.451241684987676,5,8.661120360222881,94.0,1,Distinction,1
676458,0.24416696228302437,0.2320290017332614,0.3926628502082921,0.3610792615038529,0.0,0.3184621541912138,0.14303274913874833,0.261553707256147,0.2963154171541256,0.0,0.0,0.22547687064532013,0.0,0.10463300307959128,0.0,0.43737088352576176,0.39946137848267005,0.3457834425355608,0.23797231826243034,0.0,345.0,417.0,388.0,412.0,,1,5.846438775057725,1,6.035481432524756,1,5.963579343618446,1,6.023447592961033,0,0.0,4,7.354362330421477,84.0,1,Fail,0
676459,0.2350475619464867,0.19992912901733834,0.2537601154680498,0.32135591671212493,0.319592515003969,0.28245081515029363,0.22255798806487773,0.29741905089443393,0.3101966909941012,0.2439247075333937,0.26313381718818557,0.30179743182682456,0.23893795387409306,0.04747143287779249,0.26297465512415186,0.21936780571503395,0.27571545109095935,0.20988287976342315,0.32097595941598134,0.17350812233848556,992.0,389.0,625.0,315.0,1157.0,1,6.900730664045173,1,5.966146739123692,1,6.439350371100098,1,5.755742213586912,1,7.05444965813294,5,8.154500175151941,72.0,1,Pass,1
676478,0.29085460634451893,0.21054998413878137,0.2684251918785387,0.144912119254436,0.3473877312969438,0.2666818824578126,0.2976682946292882,0.40723165579668213,0.22121410211867562,0.3102354456436083,0.12415800616649182,0.3213586091389838,0.08762830513254796,0.16507093650869803,0.19799678269628085,0.3183055050311766,0.1704231120929466,0.23671484719223115,0.4688028421181905,0.14438004036316712,582.0,350.0,347.0,743.0,900.0,1,6.368187186350492,1,5.860786223465865,1,5.8522024797744745,1,6.612041034833092,1,6.803505257608338,5,7.980365765111246,94.0,1,Distinction,1
676492,0.29509352784580706,0.11265083070867196,0.22844332103905385,0.15633458370843115,0.3540529527154123,0.2878052879161433,0.30458067229516456,0.19303715990663975,0.15960986750012332,0.20782797753385587,0.31814274333823556,0.26744340073393164,0.38388449539283837,0.293096215836997,0.2943740707849239,0.09895844089981412,0.31532509626223193,0.19463502366146804,0.3909593329544485,0.1437449989658078,1001.0,822.0,952.0,1446.0,955.0,1,6.90975328164481,1,6.71295620067707,1,6.859614903654202,1,7.277247726631484,1,6.862757913051401,5,8.551981016901902,72.0,1,Pass,1
676610,0.1744377350577827,0.20593359170367287,0.4926533157634168,0.2624000042032025,0.18382327814594163,0.250984204187441,0.3452038546733657,0.3771866028199794,0.14411153004604646,0.08038126135055691,0.34376707517392485,0.22100354906270325,0.06154554456346364,0.28684762138163594,0.2214777626362795,0.23081098558085145,0.2278590045602581,0.06861453685314015,0.3066408443691151,0.5143176978672219,1024.0,913.0,423.0,1059.0,263.0,1,6.932447891572509,1,6.81783057145415,1,6.049733455231958,1,6.966024187106113,1,5.575949103146316,5,8.211482916445066,90.0,1,Distinction,1
676626,0.27050201590137735,0.15325021647195333,0.3096692757212395,0.3488290951677266,0.3109308000789458,0.13687950824754078,0.3377046668629227,0.17952569806573843,0.11132060872270852,0.3189698162705847,0.2851202589288562,0.22464132502947562,0.3684322995652371,0.24126166482929237,0.20365743307407314,0.3074982169222256,0.2844037916356483,0.14237272664778503,0.2985886312802725,0.1664419505763965,697.0,618.0,647.0,677.0,932.0,1,6.548219102762372,1,6.428105272684596,1,6.473890696352274,1,6.519147287940395,1,6.838405200847344,5,8.18088094199639,92.0,1,Distinction,1
676866,0.16578081204822734,0.19574204025417444,0.41709139062671013,0.2093263160721818,0.3944987851609786,0.2160882741022726,0.413154193972939,0.22601520138005562,0.24428718407213176,0.18127674983964753,0.21984612287617708,0.06552559244833882,0.16789414934970628,0.3224409116871912,0.2256145380050277,0.3982847909733229,0.32557817332454775,0.18899925864352796,0.22394558816849522,0.19860992699434607,423.0,812.0,784.0,515.0,616.0,1,6.049733455231958,1,6.70073110954781,1,6.665683717782408,1,6.246106765481563,1,6.424869023905388,5,8.055475141757274,86.0,1,Pass,1
676882,0.3082631874177673,0.21570876833399952,0.4778416024600546,0.4743779442753517,0.0,0.23499676685325294,0.20714735443642265,0.2679049768344948,0.08483488410469919,0.0,0.2571316012830239,0.3001911059384308,0.058893012757551315,0.13718503641331034,0.0,0.19960844444595574,0.27695277129114704,0.19536040794789933,0.30360213520663887,0.0,753.0,352.0,418.0,719.0,,1,6.625392368007956,1,5.8664680569332965,1,6.037870919922137,1,6.579251212010101,0,0.0,4,7.715569534520208,74.0,1,Pass,1
677085,0.0,0.023262325217866368,0.16468313011747296,0.23267830204710988,0.43816115537922834,0.034806743629627206,0.3002757209722336,0.48556924978884386,0.2406449442672889,0.17225500458774215,0.6148723352595653,0.38462410837661665,0.02604951015666481,0.2073173703383391,0.1218000275119252,0.3503209211108075,0.2918378454332834,0.3236981099370183,0.3193593833472622,0.26778381252110434,122.0,301.0,148.0,462.0,257.0,1,4.812184355372417,1,5.71042701737487,1,5.003946305945459,1,6.137727054086234,1,5.552959584921617,5,7.1631723908466425,66.0,1,Pass,1
677111,0.12543106568410983,0.11182663998967728,0.07372619602627889,0.20947737986463624,0.03382598732433285,0.26397439357088565,0.23746772550744052,0.044079030278360715,0.1753858739740096,0.35170548172385363,0.2601418186264057,0.29279632867995065,0.42432940348300635,0.21183488579402768,0.3598845031113797,0.35045272211859896,0.3579093058229316,0.45786537021235413,0.40330186036732646,0.2545840278404338,793.0,616.0,818.0,721.0,660.0,1,6.677083461247136,1,6.424869023905388,1,6.70808408385307,1,6.582025138892826,1,6.493753839851686,5,8.19118600464279,82.0,1,Pass,1
677138,0.31442291800051014,0.1274144219025855,0.382269218311722,0.25588422289269613,0.2578615274540642,0.283142627856448,0.2961046197504012,0.2908068995788539,0.24315140757811374,0.2410941892994187,0.22576139532801126,0.2334918116895185,0.11500989757656323,0.15265612053809835,0.2386345791665648,0.17667305881503054,0.34298914665749475,0.2119139845328609,0.3483082489910918,0.26240970407995223,1043.0,520.0,429.0,838.0,872.0,1,6.950814768442584,1,6.255750041753367,1,6.063785208687608,1,6.732210706467206,1,6.771935555839602,5,8.216898580913613,84.0,1,Distinction,1
677155,0.44743045821457056,0.0,0.18743013830521973,0.20506051339143672,0.10181766106215749,0.1146197245816663,0.350563262455682,0.4856938130014808,0.2950336078945316,0.265489160199618,0.09752642315440571,0.2666470516701652,0.0,0.23507592051556367,0.28476674338531965,0.34042339404935734,0.38278968587415274,0.32687604869329956,0.26482995819846805,0.3479264353529049,541.0,602.0,404.0,1225.0,1565.0,1,6.295266001439646,1,6.401917196727186,1,6.003887067106539,1,7.111512116496157,1,7.356279876550748,5,8.37516869138682,76.0,1,Pass,1
677167,0.2975468767328989,0.332257091346623,0.30318253205578194,0.0,0.6603741923856289,0.2892526337797238,0.27796988264034284,0.0,0.3493228767018857,0.08130022999570774,0.2284864918147988,0.08917230536245885,0.23540893008648256,0.285196966944349,0.03313716840088848,0.18471399767257843,0.3006007206505754,0.46140853785773545,0.36548015635376535,0.22518840921777503,1279.0,231.0,240.0,764.0,351.0,1,7.154615356913663,1,5.44673737166631,1,5.484796933490655,1,6.639875833826536,1,5.863631175598097,5,7.960672608388117,76.0,1,Pass,1
677206,0.4519112964436141,0.25012880386420006,0.07449443057624996,0.15851361202216496,0.2909717836787429,0.337245170841154,0.3366647033969173,0.11174164586437495,0.2416311979777187,0.25356145470457125,0.0,0.15895326420056574,0.15531809426405668,0.21872521411548282,0.2624989146651168,0.2108435327152318,0.25425322853831683,0.6584458292953184,0.3811299758846335,0.19296784695156896,153.0,272.0,131.0,740.0,1061.0,1,5.0369526024136295,1,5.60947179518496,1,4.882801922586371,1,6.608000625296087,1,6.967909201801884,5,7.765569081097317,88.0,1,Pass,1
677221,0.312389626372436,0.26284113479704924,0.2015874725219652,0.22818674193615227,0.2845954154149492,0.18613405455893894,0.3081208111947263,0.2467098330737988,0.1393479483812528,0.2828780150168171,0.21535312411420682,0.1781268042976199,0.15526638509767737,0.28081156157347525,0.11936350966061911,0.2861231949544183,0.25091124971060447,0.39643630930655865,0.3516537481091197,0.31316305990761456,724.0,617.0,699.0,999.0,1415.0,1,6.586171654854675,1,6.42648845745769,1,6.551080335043404,1,6.907755278982137,1,7.255591274253665,5,8.40178233990491,88.0,1,Distinction,1
677235,0.34929633338569227,0.26643443463131256,0.0,0.3371108116705845,0.2715815269126511,0.34977742304629783,0.26643443463131256,0.0,0.0,0.4862972887835136,0.0,0.19211442861236083,0.0,0.0,0.24212118430383517,0.3009262435680099,0.275016702125014,1.0,0.6628891883294155,0.0,266.0,34.0,15.0,26.0,270.0,1,5.58724865840025,1,3.5553480614894135,1,2.772588722239781,1,3.295836866004329,1,5.602118820879701,5,6.416732282512326,78.0,1,Fail,0
677382,0.0,0.0,0.08184697310256848,0.23342170602079187,0.47657740612152405,0.0,0.21426074587102026,0.038008557265668805,0.3902846719554466,0.11822297385095933,0.7485419542933142,0.3862153629286876,0.5311080472760923,0.1307422099955707,0.09654729692642801,0.2514580457066859,0.39952389120029214,0.3490364223556705,0.24555141202819084,0.30865232310108864,233.0,666.0,987.0,408.0,842.0,1,5.455321115357702,1,6.502790045915623,1,6.895682697747868,1,6.013715156042802,1,6.736966958001855,5,8.051022208190679,72.0,1,Fail,0
677400,0.1117587356749847,0.30356033007418737,0.5029250841429405,0.2663484128786349,0.37391394309963205,0.1658969776618841,0.4062941079886231,0.20960179847211174,0.19562346040998305,0.2667426531667318,0.35672161951162257,0.1285280256397398,0.02624285191278667,0.18600100623846305,0.1256608988390799,0.36562266715150854,0.16161753629744977,0.2612302654721611,0.35202712047291906,0.2336825048945563,991.0,558.0,324.0,557.0,967.0,1,6.899723107284872,1,6.326149473155099,1,5.783825182329737,1,6.324358962381311,1,6.875232087276577,5,8.130942302231878,90.0,1,Distinction,1
677436,0.40000013538720497,0.3055514131967737,0.0,0.32155173040429363,0.5049741594450391,0.14717670778355213,0.22831577268786493,0.31896989019638294,0.0,0.2864306203622421,0.20861743580990233,0.3326409495351026,0.16023673222910362,0.1932421931150945,0.029272762319563526,0.24420572101934065,0.13349186458025886,0.5207933775745135,0.48520607648061187,0.1793224578731553,627.0,430.0,319.0,383.0,537.0,1,6.4425401664681985,1,6.066108090103747,1,5.768320995793772,1,5.950642552587727,1,6.2878585601617845,5,7.739359202689098,88.0,1,Pass,1
677456,0.18171444643693271,0.18264819184274064,0.2748157009400188,0.1977849359031425,0.2626803980708726,0.2357539406577056,0.19958655572197023,0.26793708730658894,0.1788192854559229,0.3033272588234824,0.3302080136600542,0.2672573995759703,0.18155438020949305,0.3977980539270152,0.1653433688238945,0.2523235992453073,0.35050785285931885,0.27569283154389923,0.2255977247139194,0.2686489742817505,893.0,703.0,1008.0,694.0,1443.0,1,6.795705775173514,1,6.556778356158042,1,6.9167150203536085,1,6.543911845564792,1,7.275172319452771,5,8.464214266625351,62.0,1,Pass,1
677546,0.4577474008572559,0.09407472531969968,0.2519467980271208,0.08222118598522499,0.30328418346265057,0.11879910047782641,0.3089255536618323,0.2003931402331496,0.1834538025339918,0.08323244199831281,0.2235265059907609,0.19999561739918945,0.18595522182562377,0.2117123112901835,0.11263613411550476,0.19992699267415667,0.3970041036192787,0.36170483991410585,0.5226127001905997,0.5008472404235319,459.0,199.0,195.0,341.0,490.0,1,6.131226489483141,1,5.298317366548036,1,5.278114659230517,1,5.834810737062605,1,6.19644412779452,5,7.429520842786462,72.0,1,Pass,1
677655,0.3376643791081543,0.2638905643530135,0.5107442464513565,0.3015411332147405,0.1682285609397642,0.13946283606544793,0.2796272693018624,0.24504423850421503,0.3198706217668129,0.32612215764761016,0.23755603677463805,0.18120364971779884,0.17632642124010398,0.22530569397443487,0.2921243309044127,0.2853167480517597,0.27527851662732544,0.06788509380432467,0.1532825510440117,0.21352495050821282,925.0,681.0,245.0,564.0,1383.0,1,6.8308742346461795,1,6.525029657843462,1,5.5053315359323625,1,6.336825731146441,1,7.232733136177615,5,8.242493153187626,92.0,1,Pass,1
677687,0.1991514790143024,0.0,0.0,0.395923800813392,0.0,0.15823398092871876,0.46194260864190134,0.26484299648796567,0.0,0.0,0.18012592587047954,0.1369236153251297,0.06621074912199142,0.12717245180763284,0.0,0.4624886141864992,0.40113377603296896,0.668946254390043,0.4769037473789752,0.0,153.0,104.0,76.0,62.0,,1,5.0369526024136295,1,4.653960350157523,1,4.343805421853684,1,4.143134726391533,0,0.0,4,5.981414211254481,84.0,1,Fail,0
677748,0.21471431404954444,0.22837843711638206,0.2907874295021297,0.28059498186515164,0.13646197872544094,0.43050625567717454,0.3364810425009527,0.10095946002535261,0.0,0.3317622478647332,0.24724188522549823,0.134291108881314,0.3695897121362363,0.45569312195747946,0.28075798318542394,0.10753754504778287,0.30084941150135136,0.2386633983362813,0.26371189617736884,0.25101779022440185,277.0,363.0,431.0,225.0,2593.0,1,5.627621113690637,1,5.8971538676367405,1,6.068425588244111,1,5.420534999272286,1,7.860956364876389,5,8.266164436612492,74.0,1,Fail,0
677767,0.15352849859904855,0.07861873172564597,0.15505414342746535,0.37607879546715683,0.44157473651199014,0.31222110344422377,0.10159416327666432,0.10679846195625882,0.05136335547050224,0.023425483275853778,0.33731346556646696,0.49213189833636334,0.0,0.21418134013441603,0.03712851255349883,0.1969369323902608,0.32765520666132625,0.7381473946162758,0.3583765089279249,0.49787126765865725,302.0,299.0,166.0,55.0,257.0,1,5.713732805509369,1,5.703782474656201,1,5.117993812416755,1,4.02535169073515,1,5.552959584921617,5,6.984716320118266,82.0,1,Fail,0
677833,0.36695363872501935,0.21048756508157174,0.46630409915738,0.18603669819667146,0.28229291085195335,0.15740546931879787,0.11429762757169644,0.2937373904667143,0.22546548736245947,0.1355129227527691,0.19805750376630873,0.2698500978000606,0.06124052918373103,0.3477487058227648,0.14786209682355766,0.2775833881898741,0.4053647095466713,0.1787179811921747,0.24074910861810433,0.43433206957171994,870.0,702.0,496.0,1257.0,984.0,1,6.769641976852503,1,6.555356891810665,1,6.208590026096629,1,7.1372784372603855,1,6.892641641172089,5,8.368693183097793,70.0,1,Pass,1
677869,0.08023076522565317,0.0,0.0,0.6246239798243811,0.0,0.11953550440266954,0.0,0.0,0.0,0.0,0.0,0.0,0.0,0.0,0.0,0.8002337303716772,0.0,0.0,0.37537602017561894,0.0,122.0,,,36.0,,1,4.812184355372417,0,0.0,0,0.0,1,3.6109179126442243,0,0.0,2,5.0689042022202315,64.0,1,Fail,0
678088,0.23504721911885973,0.24861557714114696,0.25119639181662784,0.2614592420474369,0.26391313623733675,0.2628160474647219,0.25735951877384355,0.26741126255334224,0.1716052913909929,0.2502712680374806,0.228633050281608,0.23253809013016977,0.22233156762136655,0.2041970694379091,0.2102449017690849,0.2735036831348103,0.26148681395483975,0.25906077800866345,0.362738397123661,0.2755706939560977,1387.0,1662.0,714.0,859.0,1520.0,1,7.23561914106675,1,7.416378479192928,1,6.5722825426940075,1,6.756932389247553,1,7.327123292259293,5,8.723068501163928,82.0,1,Pass,1
678203,0.0,0.2931859626748324,0.27315209519696426,0.10740483222042715,0.0,0.3401564171272083,0.06920937808347648,0.0,0.1388187318430258,0.0,0.0948842329755979,0.0,0.0,0.16110724833064072,0.0,0.5649593498971938,0.6376046592416912,0.7268479048030357,0.5926691876059063,0.0,67.0,179.0,42.0,313.0,,1,4.219507705176107,1,5.19295685089021,1,3.7612001156935624,1,5.749392985908253,0,0.0,4,6.400257445308821,96.0,1,Pass,1
678235,0.18932397503322113,0.25315068444560956,0.3560275250614282,0.22298861968180153,0.30119194694356616,0.22166678073051502,0.22814719776432757,0.33236687143125127,0.20932672281312434,0.2625633999650978,0.2580410962628577,0.24747293987513908,0.18400886052383636,0.24256223765840873,0.26129963022292507,0.33096814797340623,0.2712291779149237,0.12759674298348425,0.32512241984666534,0.17494502286841093,734.0,1190.0,865.0,1039.0,1835.0,1,6.5998704992128365,1,7.0825485693553,1,6.763884908562435,1,6.946975992135418,1,7.515344571180436,5,8.641885635373555,92.0,1,Pass,1
678270,0.27963405833551175,0.12031283933271668,0.6009882265876273,0.07109977172893973,0.13896752445826854,0.42779977387360185,0.28901231468361016,0.0,0.07109977172893973,0.1468388767229372,0.0,0.32807302396816684,0.14385512699362216,0.07109977172893973,0.0,0.2925661677908864,0.26260182201550647,0.25515664641875063,0.7867006848131808,0.7141935988187944,117.0,35.0,58.0,42.0,53.0,1,4.770684624465665,1,3.58351893845611,1,4.07753744390572,1,3.7612001156935624,1,3.9889840465642745,5,5.723585101952381,76.0,1,Fail,0
678381,0.2172751139767118,0.22412996732944515,0.1708768072435881,0.04852805540997291,0.21472681932244694,0.11828913306951454,0.3419576039572009,0.06119174738291393,0.1362354752130716,0.5075610639538588,0.1658345115033786,0.13262552334394323,0.4873695782692356,0.04852805540997291,0.13170329687825297,0.498601241450395,0.30128690536941083,0.28056186710426234,0.7667084139669825,0.14600881984544134,232.0,276.0,111.0,62.0,367.0,1,5.4510384535657,1,5.6240175061873385,1,4.718498871295094,1,4.143134726391533,1,5.908082938168931,5,6.955592608396297,86.0,1,Pass,1
678452,0.25173323705962536,0.4283813501193168,0.15273343295916922,0.07684572696037152,0.19367978790018953,0.163200192547416,0.20414951781452975,0.09531235082626113,0.1939370222965068,0.11660685142358972,0.20400024068427,0.04082990356290595,0.18367832842275836,0.1939370222965068,0.11660685142358972,0.38106632970868864,0.3266392285032476,0.5682758877918113,0.5352802284466148,0.573106509252631,83.0,92.0,163.0,183.0,109.0,1,4.430816798843313,1,4.532599493153256,1,5.099866427824199,1,5.214935757608986,1,4.700480365792417,5,6.447305862541213,68.0,1,Pass,1
678528,0.23952003172862746,0.3485372340668941,0.48543478728086215,0.12945872584622106,0.30445472662484846,0.16313956649667985,0.26001874496905175,0.2152598234164148,0.12243557036453526,0.24757680847312802,0.3315014913699501,0.15069659742647545,0.07185782294340215,0.02995392866423776,0.22153189384400604,0.2658389104047426,0.2407474235375788,0.22744756635932084,0.7181517751250059,0.22643657105801746,510.0,650.0,369.0,305.0,2133.0,1,6.236369590203704,1,6.478509642208569,1,5.91350300563827,1,5.723585101952381,1,7.665753431861699,5,8.286017468404763,84.0,1,Fail,0
678628,0.24297649912442312,0.19146254086039868,0.12480537505278022,0.33201555990813636,0.11054749715377592,0.23169571876784437,0.38158876960776456,0.19648283304695513,0.08748241177502394,0.24484163738110848,0.32127452715520727,0.15616772846111374,0.06962715790063309,0.05076422486822419,0.02411088359749686,0.20405325495252516,0.27078096107072314,0.6090846339996314,0.5297378034486157,0.6204999818676188,395.0,216.0,73.0,348.0,182.0,1,5.981414211254481,1,5.37989735354046,1,4.30406509320417,1,5.855071922202427,1,5.209486152841421,5,7.102499355774649,84.0,1,Pass,1
678659,0.1857365665740258,0.2765426101564914,0.2888908320183356,0.06357737293703157,0.46010027370212875,0.14484845657508122,0.18905581625254445,0.045623078398969515,0.11417790133979604,0.37298780853979663,0.18296635480342333,0.34713078901009914,0.13197795123326886,0.0,0.06640304912142028,0.48644862204746964,0.1872707845808651,0.5335081383494261,0.8222447257231724,0.10050886863665445,345.0,225.0,174.0,694.0,892.0,1,5.846438775057725,1,5.420534999272286,1,5.1647859739235145,1,6.543911845564792,1,6.794586580876499,5,7.754052639035757,88.0,1,Pass,1
678819,0.21955016669308128,0.31340265544388773,0.34951716870067123,0.2793884682994688,0.2841331127013072,0.17236081708622142,0.28278335766562074,0.24931082394084556,0.328534077274658,0.24020689971827522,0.2690081067075111,0.2803474804851832,0.147117535037202,0.1514939058725819,0.19875118307373804,0.3390809095131861,0.12346650640530839,0.25405447232128126,0.2405835485532914,0.2769088045066796,624.0,448.0,479.0,814.0,1059.0,1,6.437751649736401,1,6.1070228877422545,1,6.173786103901937,1,6.703188113240863,1,6.966024187106113,5,8.138856750696325,92.0,1,Distinction,1
678859,0.31694918573538317,0.3102784410834963,0.188368168080074,0.2630125325128845,0.24248568687265384,0.15832876379066865,0.19324691063927796,0.08812397422211196,0.24162144761687326,0.18558356157206202,0.2816265533128911,0.26058601172676893,0.2788628301690284,0.23578741018573435,0.28715791141600816,0.24309549716105708,0.23588863655045675,0.4446450275287856,0.2595786096845077,0.2847728401392761,775.0,585.0,726.0,731.0,1596.0,1,6.654152520183219,1,6.373319789577012,1,6.588926477533519,1,6.595780513961311,1,7.3758821482150125,5,8.392536586816682,76.0,1,Distinction,1
678946,0.25383194912331136,0.23948906913552198,0.1950502319991031,0.3131768509683293,0.17905409486350432,0.23339473938443178,0.23426984930153114,0.37575137255789276,0.28851251582992926,0.2431716104706547,0.26746688801407836,0.27888434777195764,0.19403428622466942,0.14873049897407323,0.2766415215819352,0.24530642347817838,0.2473567337909891,0.23516410921833486,0.24958013422766817,0.30113277308390574,1046.0,701.0,453.0,613.0,985.0,1,6.953684210870537,1,6.553933404025811,1,6.118097198041348,1,6.419994928147142,1,6.893656354602635,5,8.242493153187626,72.0,1,Pass,1
678954,0.2732377082221797,0.24815006346673932,0.1914786152844588,0.25076179945970856,0.3388218591858584,0.22796701584286266,0.14902329953742036,0.3015516414016155,0.22035179188804155,0.223764024977306,0.28758293055967066,0.28116310907371506,0.1815875531998851,0.19912051742876413,0.2309931039024651,0.21121234537528685,0.3216635279221253,0.32538219011404057,0.32976589122348576,0.20642101193437062,840.0,591.0,784.0,1003.0,1474.0,1,6.734591659972948,1,6.3835066348840055,1,6.665683717782408,1,6.911747300251674,1,7.29641326877392,5,8.453827315794417,74.0,1,Distinction,1
679019,0.3571241465813205,0.1378482726569388,0.10196429189596391,0.0,0.0,0.31039985989326496,0.09359059580786336,0.10196429189596391,0.0,0.0,0.038031314842732165,0.34005622262187796,0.0,0.0,0.0,0.2944446786826824,0.42850490891332,0.7960714162080721,0.0,0.0,779.0,120.0,30.0,,,1,6.659293919683638,1,4.795790545596741,1,3.4339872044851463,0,0.0,0,0.0,3,6.835184586147301,88.0,1,Fail,0
679036,0.193523876933783,0.21989380485745108,0.31213682092091183,0.24404063443137192,0.29591730488699036,0.28677358124556923,0.19836429512368275,0.29154635983470484,0.2580344579340297,0.2833993622176433,0.24550710094626696,0.27946450477196233,0.21873546237353558,0.2401197313507281,0.22995347386551798,0.2741954408743808,0.30227739524690383,0.17758135687084792,0.2578051762838703,0.1907298590298483,1752.0,2804.0,1798.0,2948.0,2700.0,1,7.469083884921234,1,7.9391588179567965,1,7.4949862339505335,1,7.989221408815276,1,7.901377353792616,5,9.392911897525345,88.0,1,Distinction,1
679111,0.23815309093984816,0.07898454607254778,0.2536279137352277,0.0,0.0,0.38402056957586994,0.27572691069857347,0.44262135602533775,0.0,0.0,0.0,0.25437705243540154,0.1896884313039687,0.0,0.0,0.377826339484282,0.39091149079347726,0.11406229893546593,0.0,0.0,498.0,317.0,435.0,,,1,6.212606095751519,1,5.762051382780177,1,6.077642243349034,0,0.0,0,0.0,3,7.1316985104669115,72.0,1,Fail,0
679189,0.25024908749224883,0.20293484456257097,0.3642630686886328,0.2933030977769885,0.2881775032477704,0.19194253926675128,0.23841156358140225,0.2282162928752585,0.2659681041681699,0.3141649034093416,0.2734984880775635,0.19268952703814135,0.2461672494706519,0.1505029835695567,0.23372784357039897,0.2843098851634363,0.3659640648178855,0.16135338896545676,0.2902258144852849,0.16392974977248892,1171.0,715.0,627.0,724.0,1499.0,1,7.066466970136958,1,6.573680166960646,1,6.4425401664681985,1,6.586171654854675,1,7.313220387090301,5,8.463159302923751,56.0,1,Pass,1
679227,0.3287669674853668,0.3078090446159681,0.2760162823242233,0.06888096376699743,0.0,0.2744010053311387,0.2974563642778056,0.3469978030144403,0.19829487425602543,0.0,0.13442176715678997,0.10769102563123849,0.034574957547639944,0.16494261563452714,0.0,0.26241026002670453,0.2870435654749878,0.3424109571136964,0.5678815463424499,0.0,903.0,576.0,219.0,391.0,,1,6.806829360392176,1,6.3578422665081,1,5.393627546352362,1,5.971261839790462,0,0.0,4,7.644919344958857,92.0,1,Pass,1
679237,0.45984924669910365,0.09187976443760046,0.0,0.0,0.6653586453324757,0.0,0.0794412061702956,0.0,0.0555312800770812,0.05397843795942714,0.0,0.25358197290736206,0.03262488461213938,0.1362429579861662,0.0,0.5401507533008963,0.575097056484742,0.9673751153878607,0.8082257619367527,0.2806629167080972,494.0,592.0,532.0,654.0,514.0,1,6.20455776256869,1,6.385194398997726,1,6.278521424165844,1,6.484635235635252,1,6.244166900663736,5,7.932721027481948,56.0,1,Fail,0
679251,0.3059857762875055,0.08929028281659795,0.0,0.18334486188806312,0.21991521897706462,0.0816666096646514,0.43730616400260763,0.0,0.06895014227141093,0.4200550654302543,0.32127413769719376,0.0,0.0,0.14226309465661688,0.09456342639932461,0.29107347635064934,0.47340355318079436,0.0,0.6054419011839091,0.2654662891933565,278.0,119.0,,273.0,216.0,1,5.631211781821365,1,4.787491742782046,0,0.0,1,5.6131281063880705,1,5.37989735354046,4,6.787844982309579,72.0,1,Fail,0
679262,0.39835291477800605,0.030640792035691367,0.09030484915717721,0.13923548659791618,0.2854804816044374,0.09353325760621257,0.4054885883950272,0.2709145474715316,0.0,0.2163951231004178,0.19134195836622192,0.1473011624085243,0.0,0.22546778258000555,0.26707446579264565,0.3167718692495596,0.41656945716075705,0.6387806033712913,0.6352967308220783,0.23104992950249906,282.0,197.0,52.0,81.0,133.0,1,5.645446897643238,1,5.288267030694535,1,3.970291913552122,1,4.406719247264253,1,4.897839799950911,5,6.61472560020376,84.0,1,Pass,1
679278,0.2705018379897873,0.14782713013988014,0.2598759050852427,0.3498283380849725,0.44569926967502277,0.20849093083670148,0.17421349464977218,0.37074634875688833,0.13474196953158626,0.1519357750491956,0.10971333940875784,0.2731131678666638,0.10175335182982678,0.20965826526076795,0.1528831544416673,0.4112938917647534,0.404846207343684,0.26762439432804225,0.30577142712267336,0.24948180083411436,563.0,224.0,217.0,471.0,370.0,1,6.335054251498059,1,5.41610040220442,1,5.384495062789089,1,6.156978985585555,1,5.916202062607435,5,7.520776415062797,82.0,1,Pass,1
679342,0.2768206575993137,0.2701402117763397,0.3881933940025355,0.0,0.0,0.16370241391371385,0.20449690484582822,0.3018617025195033,0.0,0.0,0.25654696671704846,0.16111370678893988,0.11800389102716785,0.0,0.0,0.30292996176992393,0.3642491765888921,0.19194101245079348,0.0,0.0,563.0,453.0,294.0,,,1,6.335054251498059,1,6.118097198041348,1,5.68697535633982,0,0.0,0,0.0,3,7.1785454837637,56.0,1,Fail,0
679384,0.18926810832493243,0.20294978791467208,0.2178011913557863,0.2593889703982783,0.3380921200487853,0.3300093863882405,0.22749113961522446,0.32023335901847333,0.1878592337617156,0.1557837963047829,0.1707533657707585,0.2421980369075521,0.1298704121829721,0.2544136439533258,0.12782024311175494,0.3099691395160685,0.3273610355625513,0.3320950374427683,0.29833815188668045,0.3783038405346768,705.0,494.0,874.0,875.0,652.0,1,6.559615237493242,1,6.20455776256869,1,6.774223886357614,1,6.775366090936392,1,6.481577129276431,5,8.188966863648876,70.0,1,Pass,1
679386,0.1864963571578425,0.0,0.7175297349271738,0.17928771508354463,0.0,0.0,0.05823739201253879,0.0,0.2092579690787791,0.91876177578521,0.45040058980469766,0.27374135049669013,0.0,0.1659330846301062,0.0,0.36310305303745993,0.6680212574907711,0.2824702650728263,0.44552123120757003,0.08123822421479004,296.0,133.0,171.0,122.0,100.0,1,5.6937321388027,1,4.897839799950911,1,5.147494476813453,1,4.812184355372417,1,4.61512051684126,5,6.71295620067707,78.0,1,Pass,1
679402,0.3051076485226076,0.16089576134347952,0.3894887203069958,0.20886311744184494,0.45294318777059817,0.13357548962799468,0.35177251330097775,0.3382945160372309,0.15380586811304534,0.24276820257695625,0.264090630409793,0.23445078090169905,0.1359111701457154,0.192366340439073,0.1427242872971007,0.2972262314396047,0.2528809444538437,0.136305593510058,0.4449646740060367,0.16156432235534496,381.0,238.0,285.0,162.0,490.0,1,5.945420608606575,1,5.476463551931511,1,5.655991810819852,1,5.093750200806762,1,6.19644412779452,5,7.350516171833998,90.0,1,Distinction,1
679445,0.15132713230239297,0.10717012485963116,0.1332859025080041,0.15370797644181972,0.11333685310000242,0.10180513469342949,0.09605021970484548,0.2465213507479911,0.17029923157239643,0.32909362618685134,0.3388252887207972,0.49109319263596785,0.4360036306333406,0.31074725749428755,0.43166441240692516,0.4080424442833804,0.3056864627995554,0.18418911611066424,0.3652455344914963,0.12590510830622112,367.0,337.0,627.0,474.0,474.0,1,5.908082938168931,1,5.823045895483019,1,6.4425401664681985,1,6.163314804034641,1,6.163314804034641,5,7.731930721948486,92.0,1,Pass,1
679448,0.17534622512114076,0.23776357058093717,0.2514986170174034,0.3006868942861511,0.32838844880836154,0.2615100362718054,0.22011549828128074,0.0,0.2996150720020168,0.31899350851948133,0.24221116179855579,0.18136500515216536,0.3286352720479012,0.2549522945885643,0.1363094881717151,0.3209325768084981,0.36075592598561673,0.41986611093469556,0.14474573912326782,0.2163085545004421,938.0,741.0,1175.0,758.0,1717.0,1,6.844815479208263,1,6.60934924316738,1,7.069874128458572,1,6.63200177739563,1,7.4489161025442,5,8.58110651715989,76.0,1,Pass,1
679498,0.48249983333293395,0.4747841522205269,0.10436658165344918,0.2930632030304118,0.0,0.0,0.286303958163076,0.36236527099631066,0.2719657665494956,0.0,0.2036398026419649,0.0,0.21419814625352424,0.17293290648385637,0.08717765851645708,0.3138603640251011,0.23891188961639714,0.31907000109671596,0.2620381239362362,0.9128223414835428,307.0,186.0,151.0,774.0,312.0,1,5.730099782973574,1,5.231108616854587,1,5.0238805208462765,1,6.652863029353347,1,5.746203190540153,5,7.456454555176209,60.0,1,Pass,1
679509,0.2686926604884096,0.3957792863254492,0.06649600291482069,0.0,0.40775479485050714,0.339893793500624,0.09750022538481264,0.04195430673253473,0.037664005112158484,0.2052979305485397,0.19722865864659067,0.25857626414775525,0.2507726353367372,0.23085334688408143,0.0,0.19418488736437564,0.24814422414198298,0.6407770550159073,0.7314826480037601,0.38694727460095313,833.0,203.0,56.0,130.0,177.0,1,6.726233402358747,1,5.318119993844216,1,4.04305126783455,1,4.875197323201151,1,5.181783550292085,5,7.24422751560335,84.0,1,Pass,1
679594,0.27685583884331744,0.2339958966601052,0.248931834786434,0.30064323761256406,0.28148574868331677,0.25813701714847836,0.24808633853395737,0.25459688569955313,0.14236239860826014,0.23523340729466596,0.24127853913962824,0.2665049647137755,0.24291544752381056,0.21954092727714694,0.277296981800157,0.2237286048685759,0.251412800092162,0.2535558319902022,0.3374534365020287,0.20598386222186027,902.0,839.0,577.0,1623.0,1596.0,1,6.805722553416985,1,6.733401891837359,1,6.359573868672378,1,7.392647520721623,1,7.3758821482150125,5,8.619388703730907,96.0,1,Distinction,1
679788,0.4162617764255462,0.2841540869457352,0.12474011704110602,0.2938553265769154,0.5057084542336212,0.3739005152392827,0.19657403183996625,0.08790012937333379,0.1945941795265351,0.05416033335359288,0.0,0.33374530844553385,0.2821610093471662,0.17587936332841808,0.2852468085726627,0.20983770833517112,0.18552657276876477,0.505198744238394,0.33567113056813136,0.15488440384012317,319.0,129.0,461.0,196.0,411.0,1,5.768320995793772,1,4.867534450455582,1,6.135564891081739,1,5.2832037287379885,1,6.021023349349527,5,7.324489979348532,96.0,1,Pass,1
679790,0.29055978838231494,0.07141777874121791,0.5578933543074329,0.25093568150717876,0.24467775097457176,0.28706205220997266,0.3220658497623401,0.12875991854632066,0.16431877113331958,0.15361529734530996,0.0,0.1773274529210781,0.15869489487323876,0.31043833229641693,0.0,0.4223781594077123,0.4291889185753639,0.15465183227300766,0.2743072150630847,0.6017069516801182,70.0,505.0,124.0,646.0,378.0,1,4.2626798770413155,1,6.226536669287466,1,4.8283137373023015,1,6.472346294500901,1,5.937536205082426,5,7.452402451223638,78.0,1,Pass,1
679939,0.16405282878503982,0.18335095389413641,0.04518971165577175,0.39030315108373553,0.3166213541146214,0.2633806897016037,0.1950725900196973,0.13556913496731524,0.060391364842290844,0.03597589485177712,0.1569067448208793,0.22114034932599944,0.20985452218679065,0.08228248657508534,0.30059327517794304,0.4156597366924772,0.40043610676016694,0.6093866311901223,0.4670229974988883,0.3468094758556584,340.0,152.0,110.0,241.0,568.0,1,5.831882477283517,1,5.030437921392435,1,4.709530201312334,1,5.488937726156687,1,6.343880434126331,5,7.252762418053187,90.0,1,Pass,1
680014,0.16275384316319255,0.30538442346059025,0.37160046944504715,0.24206974831919756,0.38207130601908246,0.34758375640775885,0.23745298983446111,0.11623692424465501,0.09016801754513017,0.30741673720937945,0.3920309238328439,0.28123477016362225,0.12822610036860496,0.11842037310244076,0.225992826745805,0.0976314765962048,0.17592781654132642,0.38393650594169293,0.5493418610332316,0.08451913002573311,341.0,594.0,385.0,412.0,462.0,1,5.834810737062605,1,6.38856140554563,1,5.955837369464831,1,6.023447592961033,1,6.137727054086234,5,7.693937325509272,86.0,1,Distinction,1
680027,0.19133058264994823,0.2158110165233604,0.29300606356163716,0.31381183966388604,0.38710955915978,0.2859670927099818,0.24503824024348925,0.24385349541473553,0.14818361279897144,0.0739843963025329,0.23587753620280055,0.25596508782852634,0.26606477927880773,0.08271934563204449,0.2124343529834136,0.28682478843726944,0.28318565540462404,0.19707566174481947,0.455285201905098,0.32647169155427364,1172.0,1299.0,1406.0,254.0,1525.0,1,7.067319848653476,1,7.170119543449628,1,7.249215057114389,1,5.541263545158426,1,7.330405211844402,5,8.640648995343156,94.0,1,Distinction,1
680080,0.38734846489385344,0.16768094574410658,0.28441339966636436,0.14748215993622338,0.0,0.29678055018790367,0.2633768151252077,0.32752354359788327,0.2034009049198162,0.0,0.23281615420118504,0.26134731186508703,0.18920635761974786,0.30940989029539406,0.0,0.08305483071705778,0.3075949272655987,0.1988566991160046,0.33970704484856623,0.0,887.0,830.0,968.0,483.0,,1,6.78897174299217,1,6.7226297948554485,1,6.876264611890766,1,6.182084906716632,0,0.0,4,8.06117135969092,76.0,1,Pass,1
680145,0.0,0.0,0.23286582284054222,0.15529041350978268,0.12333078080388415,0.0,0.31013508552704594,0.24372987100676002,0.09597032619232772,0.37913501385592213,0.0,0.06451262504127832,0.05388007799482169,0.13881096447821042,0.22835579809414552,1.0,0.6253522894316758,0.4695242281578761,0.6099282958196792,0.2691784072460483,162.0,71.0,60.0,187.0,1031.0,1,5.093750200806762,1,4.276666119016055,1,4.110873864173311,1,5.236441962829949,1,6.939253946041508,5,7.321188556739478,90.0,1,Pass,1
680212,0.0,0.0,0.0,0.2071320524906903,0.0,0.4705249915350479,0.1435426294827512,0.0,0.0,0.0,0.1859246087026417,0.3459562645517607,0.0,0.08012961597427597,0.0,0.3435503997623104,0.5105011059654881,1.0,0.7127383315350337,0.0,74.0,465.0,22.0,52.0,,1,4.31748811353631,1,6.144185634125646,1,3.1354942159291497,1,3.970291913552122,0,0.0,4,6.419994928147142,84.0,1,Fail,0
680255,0.0,0.0,0.0,0.0,0.0,0.3360147252877139,0.0,0.0,0.0,0.0,0.2647623340874051,0.0,0.0,0.0,0.0,0.39922294062488095,0.0,0.0,0.0,0.0,42.0,,,,,1,3.7612001156935624,0,0.0,0,0.0,0,0.0,0,0.0,1,3.7612001156935624,82.0,1,Fail,0
680266,0.28614967368679933,0.15164201803518762,0.3188650064811295,0.201618439115977,0.2059300020683796,0.258032540313875,0.14455837340251207,0.2621644440264976,0.23333122527610253,0.26792482747644786,0.22750049220055052,0.3991949117355889,0.2389321566247104,0.18013763856789122,0.27929855260785186,0.22831729379877513,0.3046046968267115,0.18003839286766246,0.3849126970400293,0.24684661784732068,727.0,488.0,762.0,362.0,1627.0,1,6.590301048196686,1,6.192362489474872,1,6.637258031284457,1,5.8944028342648505,1,7.395107546562485,5,8.28576542051433,80.0,1,Distinction,1
680270,0.0,0.141127016077332,0.2909559038438753,0.3340834642994057,0.6981331137597494,0.0,0.2820422031136093,0.19754985289682817,0.2429250163403529,0.027990459627346365,0.0,0.39776551740768995,0.10608605116096137,0.10052571562487331,0.0,1.0,0.1790652634013688,0.40540819209833523,0.322465803735368,0.27387642661290423,183.0,607.0,433.0,208.0,192.0,1,5.214935757608986,1,6.410174881966167,1,6.073044534100405,1,5.342334251964811,1,5.262690188904886,5,7.392647520721623,72.0,1,Fail,0
680322,0.2877807687402172,0.21990871017232494,0.3909436809498372,0.1636323912435317,0.22564145457025447,0.1859401179012904,0.290013870360002,0.18058911422231586,0.16884455512941782,0.24218244471326475,0.2624780704007271,0.20760695749901603,0.019887483417215912,0.17079144371379656,0.253261385584401,0.26380104295776524,0.28247046196865705,0.4085797214106311,0.4967316099132539,0.27891471513207977,620.0,468.0,352.0,698.0,392.0,1,6.431331081933479,1,6.150602768446279,1,5.8664680569332965,1,6.54965074223381,1,5.973809611869261,5,7.836369760545124,96.0,1,Pass,1
680343,0.02663763420339629,0.23727704923096096,0.018650008791389946,0.18459601216686713,0.4147522448468029,0.12100112035382463,0.196462418267794,0.33725162323448654,0.17594259543349774,0.10374944683772436,0.3737369808854809,0.19306298507782094,0.1063132508581198,0.22568957195229064,0.08368838416209004,0.47862426455729823,0.373197547423424,0.5377851171160036,0.41377182044734456,0.39780992415338284,371.0,799.0,536.0,437.0,1444.0,1,5.918893854273146,1,6.684611727667927,1,6.285998094508865,1,6.082218910376446,1,7.275864600546533,5,8.185350223178686,84.0,1,Distinction,1
680348,0.2543295847021591,0.23833487967375783,0.33232510762441153,0.32199619984293154,0.3432417235458353,0.20225014291668914,0.3461454041512434,0.3669011696912683,0.2132122720408936,0.2065893731573196,0.2619701482323728,0.11824489234016133,0.015024899034844306,0.2453188745328222,0.23971786419689406,0.28145012414877896,0.29727482383483733,0.2857488236494757,0.21947265358335263,0.21045103909995103,658.0,447.0,616.0,524.0,773.0,1,6.490723534502507,1,6.104793232414985,1,6.424869023905388,1,6.263398262591624,1,6.651571873589727,5,8.012680929706839,82.0,1,Pass,1
680443,0.19962859617464485,0.21481726807044196,0.2280100730180933,0.23667152871199698,0.3325694101107504,0.2881214992279538,0.2376675807276794,0.2745049949201942,0.21388875487167108,0.2943176439298237,0.18426961043822546,0.19245710130146146,0.24987906194202095,0.23954880287018399,0.17713120706733942,0.3279802941591758,0.3550580499004172,0.24760587011969157,0.30989091354614795,0.19598173889208653,671.0,855.0,1126.0,736.0,1094.0,1,6.51025834052315,1,6.752270376141742,1,7.027314514039777,1,6.602587892189336,1,6.9985096422506015,5,8.40804774415544,72.0,1,Distinction,1
680464,0.24212093647935187,0.24596333556093833,0.3500272491336457,0.23591620759344867,0.3540682220079911,0.27682271991801516,0.22291476642567778,0.312036599693267,0.1424115440327697,0.19627173386282235,0.22256038976280892,0.26376351307037943,0.15265468068657304,0.18296423126800493,0.20003190847334,0.25849595383982404,0.2673583849430046,0.1852814704865141,0.4387080171057767,0.2496281356558465,516.0,312.0,464.0,364.0,1329.0,1,6.248042874508429,1,5.746203190540153,1,6.142037405587356,1,5.8998973535824915,1,7.1929342212158,5,8.001689978099135,92.0,1,Distinction,1
680506,0.0,0.13759115253786428,0.3173051845649243,0.04217958589890168,0.07262600397227917,0.3761187069711408,0.0,0.08809040604468144,0.196726980975369,0.104088287035068,0.04015649882288683,0.27620817613384074,0.0,0.0,0.36415722854149246,0.5837247942059723,0.586200671328295,0.5946044093903942,0.7610934331257293,0.45912848045116034,214.0,71.0,229.0,442.0,686.0,1,5.3706380281276624,1,4.276666119016055,1,5.438079308923196,1,6.093569770045136,1,6.532334292222349,5,7.404279118037268,92.0,1,Distinction,1
680572,0.11191810305883912,0.24092023121649592,0.6253033836434223,0.19468004602700326,0.44814060473190503,0.2502542621390545,0.2523107532585966,0.20279211014752413,0.2726049296164657,0.13348808551525845,0.29713163257613584,0.2398224274167136,0.02695370597472714,0.27296176378785847,0.10749691652017901,0.34069600222597046,0.26694658810819394,0.1449508002343265,0.2597532605686725,0.31087439323265764,3178.0,1448.0,306.0,324.0,524.0,1,8.064321960910803,1,7.278628942320682,1,5.726847747587197,1,5.783825182329737,1,6.263398262591624,5,8.662331957082475,86.0,1,Pass,1
680708,0.2650606205163281,0.25982091770633164,0.7004796060693231,0.32132486724814985,0.5951326243684774,0.2948895566845142,0.11830164059911204,0.2691368504770307,0.0,0.15893058789710537,0.19437715121968846,0.14628466385898145,0.0,0.05741796917790526,0.10974574640118599,0.24567267157946931,0.4755927778355749,0.030383543453646186,0.6212571635739449,0.1361910413332312,239.0,234.0,106.0,396.0,415.0,1,5.480638923341991,1,5.459585514144159,1,4.672828834461906,1,5.983936280687191,1,6.030685260261263,5,7.237778191923443,82.0,1,Pass,1
680713,0.27641678094138994,0.20632480697389266,0.24538674667111154,0.2711970396810505,0.3211145600770473,0.26461357612823727,0.18635011874516075,0.21012808324582571,0.24175972232585796,0.32061908343078915,0.18622898089089426,0.3002964541093964,0.2079348963419238,0.16887601640380812,0.18025995396114752,0.27274066203947855,0.30702862017155014,0.33655027374113894,0.31816722158928346,0.1780064025310159,663.0,573.0,489.0,969.0,797.0,1,6.498282149476434,1,6.352629396319567,1,6.194405391104672,1,6.877296071497429,1,6.682108597449809,5,8.158229916959494,84.0,1,Pass,1
680747,0.2957281219056137,0.27366509393584254,0.10147728348073697,0.1622087579007386,0.22736339209488782,0.35073204947736203,0.3257298515592562,0.16325039082139486,0.49776703254640475,0.19967050498068084,0.11683432802573906,0.16132054940196605,0.20895587855328765,0.15489589798682118,0.37053687101493954,0.23670550059128512,0.2392845051029351,0.5263164471445805,0.18512831156603546,0.20242923190949177,639.0,351.0,230.0,527.0,496.0,1,6.461468176353717,1,5.863631175598097,1,5.442417710521793,1,6.269096283706261,1,6.208590026096629,5,7.716015266642587,84.0,1,Pass,1
680775,0.3112836810990719,0.0,0.26483639065517034,0.26805982034558257,0.13683724095538774,0.15635693097912282,0.09032164730592943,0.32802325365211044,0.20786736874083075,0.228110744406243,0.26591598068642647,0.46880943062548996,0.0,0.366733945757884,0.27228974363196556,0.2664434072353787,0.44086892206858064,0.4071403556927193,0.15733886515570272,0.36276227100640374,608.0,128.0,64.0,224.0,165.0,1,6.411818267709897,1,4.859812404361672,1,4.174387269895637,1,5.41610040220442,1,5.111987788356544,5,7.081708586105575,76.0,1,Pass,1
680810,0.09484918248427301,0.15473759445673912,0.07986761860727667,0.2580443055828134,0.23506318248923744,0.1364276766229082,0.3048448618865398,0.2160419367872581,0.2078928475198322,0.014803596118019171,0.4970378778835918,0.22127070682480146,0.06601907326349314,0.3210757230652662,0.3187242630774459,0.27168526300922696,0.3191468368319195,0.6380713713419721,0.21298712383208832,0.43140895831529746,808.0,1252.0,622.0,1019.0,4753.0,1,6.695798917058491,1,7.133295954896068,1,6.434546518787453,1,6.927557906278317,1,8.46674164792014,5,9.042513261332681,98.0,1,Distinction,1
680855,0.34926824352310276,0.0,0.0,0.0,0.0,0.23818338010475867,0.0,0.0,0.0,0.0,0.4125483763721385,0.0,0.0,0.0,0.0,0.0,0.0,0.0,0.0,0.0,138.0,,,,,1,4.9344739331306915,0,0.0,0,0.0,0,0.0,0,0.0,1,4.9344739331306915,80.0,1,Fail,0
680872,0.3135873314540462,0.06253069573493775,0.5242793353725843,0.0,0.0,0.30004222907434325,0.2148321753749222,0.08126865491361421,0.0,0.0,0.056915579947693716,0.35780593024702545,0.0,0.4536958096060715,0.0,0.3294548595239169,0.3648311986431146,0.3944520097138014,0.5463041903939285,0.0,391.0,135.0,110.0,13.0,,1,5.971261839790462,1,4.912654885736052,1,4.709530201312334,1,2.6390573296152584,0,0.0,4,6.476972362889683,68.0,1,Pass,1
680912,0.22299430685314905,0.27098604176589586,0.3558885294055059,0.27999782488003644,0.0,0.32530483689788603,0.19155873392935116,0.2833324449744711,0.14060127789379487,0.0,0.29257558785164645,0.2411263527341911,0.06080005504968921,0.32909020646697706,0.0,0.15912526839731844,0.29632887157056187,0.2999789705703338,0.2503106907591916,0.0,478.0,301.0,276.0,448.0,,1,6.171700597410915,1,5.71042701737487,1,5.6240175061873385,1,6.1070228877422545,0,0.0,4,7.315883504509785,82.0,1,Pass,1
680955,0.13042318127949262,0.2426547336976954,0.40093915586970813,0.2817110705475033,0.26058166498742474,0.2878621640024271,0.2292618822247296,0.166645238891419,0.16944135533318477,0.3207525308637879,0.15156919112932324,0.15982115612990044,0.3347709249614751,0.2391595340400488,0.20976069466354677,0.4301454635887571,0.36826222794767455,0.09764468027739766,0.3096880400792632,0.2089051094852404,538.0,624.0,911.0,825.0,939.0,1,6.289715570908998,1,6.437751649736401,1,6.815639990074331,1,6.716594773520978,1,6.84587987526405,5,8.252706676567644,84.0,1,Pass,1
680974,0.46660190537773516,0.27273771921079376,0.04950265448135801,0.06450020897418023,0.426512499458488,0.0,0.3213761482430492,0.1569197020782171,0.0,0.0,0.22924896342000195,0.0,0.0,0.0,0.2497340496692068,0.30414913120226283,0.40588613254615696,0.7935776434404248,0.9354997910258197,0.32375345087230517,134.0,172.0,79.0,55.0,131.0,1,4.90527477843843,1,5.153291594497779,1,4.382026634673881,1,4.02535169073515,1,4.882801922586371,5,6.349138991379798,86.0,1,Distinction,1
681004,0.19039750510936054,0.14671568094329523,0.15254301190828126,0.2199371638799636,0.38162757859870067,0.3793273664422315,0.24329510736011642,0.24073364795090543,0.29239834582351903,0.22455180555502272,0.2192318294122481,0.18320328203413005,0.2425327396273011,0.2731030623384007,0.25464366400541905,0.21104329903615973,0.4267859296624582,0.3641906005135121,0.21456142795811667,0.1391769518408576,599.0,476.0,693.0,616.0,735.0,1,6.396929655216146,1,6.1675164908883415,1,6.542471960506805,1,6.424869023905388,1,6.601230118728877,5,8.045588280803528,76.0,1,Distinction,1
681235,0.310340854600305,0.06776665459116936,0.06469357155698331,0.25298331026499604,0.09272991749788631,0.24154609449031936,0.07154741751909702,0.1283700006480456,0.2740714876398248,0.16864605373323815,0.039622751547376475,0.45167015548843503,0.15441403288081432,0.14796381271455858,0.15979615656235066,0.4084902993619992,0.4090157724012986,0.6525223949141568,0.3249813893806205,0.5788278722065249,303.0,282.0,217.0,204.0,303.0,1,5.717027701406222,1,5.645446897643238,1,5.384495062789089,1,5.3230099791384085,1,5.717027701406222,5,7.177782416195197,86.0,1,Pass,1
681328,0.3201831742709737,0.23991967339434236,0.2943568983550553,0.2274716963523984,0.2938740230830964,0.13161816408475077,0.18983158115336007,0.25154409022431307,0.13527668912572566,0.2548149633947161,0.26737404277498855,0.2335028692248745,0.20800493884808235,0.2625812598597323,0.21414325599731973,0.2808246188692869,0.336745876227423,0.24609407257254928,0.3746703546621437,0.23716775752486782,663.0,581.0,619.0,624.0,636.0,1,6.498282149476434,1,6.366470447731438,1,6.429719478039138,1,6.437751649736401,1,6.456769655572163,5,8.046869510959576,92.0,1,Distinction,1
681341,0.45069661750857487,0.28241608039931404,0.14251822045490123,0.052691332265227056,0.0,0.1554161332518174,0.0,0.0669366723321676,0.0,0.0,0.05861382447673793,0.2585789604080746,0.0669366723321676,0.0,0.0,0.3352734247628698,0.4590049591926113,0.7236084348807637,0.947308667734773,0.0,368.0,96.0,262.0,230.0,,1,5.910796644040527,1,4.574710978503383,1,5.572154032177765,1,5.442417710521793,0,0.0,4,6.863803391452954,92.0,1,Fail,0
681352,0.1647670134507663,0.14056681824434114,0.1894862416347405,0.05011510088168477,0.28640610393171534,0.21452356530173286,0.16061715969112875,0.14052005079409166,0.28887096775144794,0.16898621560792393,0.11324144110085065,0.2942727503567838,0.21193872280336712,0.06950226834260677,0.14794477121451993,0.5074679801466503,0.40454327170774623,0.4580549847678008,0.5915116630242604,0.39666290924584086,283.0,336.0,734.0,437.0,360.0,1,5.648974238161206,1,5.820082930352362,1,6.5998704992128365,1,6.082218910376446,1,5.8888779583328805,5,7.67368812926773,78.0,1,Pass,1
681354,0.2591220654374991,0.32136233622032134,0.35746979634698767,0.9093209535599016,0.2709344014668987,0.14167249838061707,0.11871638617960593,0.3345148640872151,0.0,0.01880262688878924,0.0,0.0,0.0,0.0,0.15944214440345786,0.5992054361818838,0.5599212776000727,0.30801533956579724,0.09067904644009839,0.5508208272408542,211.0,100.0,14.0,75.0,577.0,1,5.356586274672012,1,4.61512051684126,1,2.70805020110221,1,4.330733340286331,1,6.359573868672378,5,6.885509670034818,78.0,1,Pass,1
681452,0.3235530107621874,0.0,0.0,0.051265434503513785,0.2540038666825986,0.15548312249336838,0.16638268333622572,0.2445549718027899,0.0,0.25841093772871876,0.0,0.0,0.1242049270311208,0.24008428900661255,0.11599820486430563,0.5209638667444443,0.8336173166637744,0.6312401011660893,0.7086502764898737,0.37158699072437695,72.0,39.0,95.0,140.0,315.0,1,4.290459441148391,1,3.6888794541139363,1,4.564348191467836,1,4.948759890378168,1,5.755742213586912,5,6.495265555937008,88.0,1,Pass,1
681490,0.22515448396234103,0.1473516229687273,0.25443471848291255,0.24407866539779616,0.2631391480580916,0.24499845722517413,0.2798202552892221,0.25241871435377355,0.222868015462613,0.26588947464116236,0.2520102285447967,0.19754815244719529,0.15338014307808473,0.2484427708315516,0.22881409500762856,0.2778368302676882,0.3752799692948553,0.33976642408522917,0.2846105483080393,0.24215728229311748,790.0,730.0,763.0,1071.0,1230.0,1,6.673297967767654,1,6.594413459749778,1,6.638567789166521,1,6.977281341630747,1,7.115582126184454,5,8.430545384690566,96.0,1,Distinction,1
681608,0.0,0.02993383125844713,0.060622207308231764,0.0,0.12822951902941102,0.20817687708837104,0.02993383125844713,0.12124441461646353,0.21368668616694583,0.29081485137816665,0.24550120701543388,0.49528306972192143,0.1407604063230693,0.0,0.03465250856561091,0.5463219158961952,0.4448492677611843,0.6773729717522353,0.7863133138330543,0.5463031210268116,364.0,106.0,43.0,160.0,147.0,1,5.8998973535824915,1,4.672828834461906,1,3.784189633918261,1,5.081404364984463,1,4.997212273764115,5,6.710523109452428,82.0,1,Pass,1
681633,0.29586606812513633,0.1885438671237223,0.1107025394690866,0.3132493860855942,0.2006482819567691,0.205585406460695,0.3420629744412052,0.24912239381664192,0.1642316820370601,0.4145727322229705,0.2557365598853424,0.0432775209111708,0.25500237853161667,0.23168096890267384,0.0,0.2428119655288263,0.4261156375239017,0.3851726881826547,0.29083796297467185,0.38477898582026027,650.0,464.0,337.0,1122.0,961.0,1,6.478509642208569,1,6.142037405587356,1,5.823045895483019,1,7.023758954738443,1,6.8690144506657065,5,8.170468578330674,70.0,1,Pass,1
681652,0.26183729537850525,0.49286605675386186,0.10256158242327275,0.14019979816153136,0.10272518270365512,0.16701990446360812,0.35345399688811385,0.6319596493276599,0.33120371236507445,0.23692786530478588,0.3041600057101291,0.07774481991359687,0.26547876824906735,0.27375131698723953,0.3079350004258396,0.2669827944477575,0.07593512644442738,0.0,0.25484517248615457,0.3524119515657193,615.0,373.0,107.0,923.0,489.0,1,6.423246963533519,1,5.924255797414532,1,4.68213122712422,1,6.828712071641684,1,6.194405391104672,5,7.827240901752812,74.0,1,Pass,1
681655,0.290485444767873,0.14147524547453547,0.20467339841804288,0.3176689713843063,0.0,0.22818918844795336,0.19435635602490695,0.09795003241796556,0.19518208699207173,0.0,0.2355951933442664,0.32180607207836276,0.19873163677944952,0.08929448841104554,0.0,0.24573017343990733,0.3423623264221947,0.49864493238454205,0.3978544532125764,0.0,1124.0,376.0,863.0,735.0,,1,7.025538314638521,1,5.932245187448011,1,6.761572768804055,1,6.601230118728877,0,0.0,4,8.038834757787749,88.0,1,Pass,1
681658,0.22713813048860215,0.21225593388522293,0.4909715860365306,0.0,0.13368975533041322,0.47335222895690265,0.27876789063123764,0.19331411493964554,0.14317740336964702,0.31506933658673325,0.09436637292690513,0.3292839951878461,0.08208940493468483,0.2597875690537253,0.0847562867248894,0.20514326762759016,0.17969218029569337,0.23362489408913903,0.5970350275766275,0.4664846213579642,154.0,415.0,257.0,109.0,275.0,1,5.043425116919247,1,6.030685260261263,1,5.552959584921617,1,4.700480365792417,1,5.62040086571715,5,7.099201743553092,86.0,1,Pass,1
681755,0.335246223233508,0.22462832763779186,0.2766164043366738,0.29957874829296355,0.06271364492767965,0.28241753611236614,0.3375960780462617,0.3114470553774857,0.1250709454885366,0.2369159373213345,0.16423476084756425,0.1906652033920113,0.2583992294915977,0.26997598382575405,0.34107267050847934,0.21810147980656172,0.24711039092393522,0.15353731079424277,0.3053743223927458,0.3592977472425065,967.0,201.0,148.0,105.0,759.0,1,6.875232087276577,1,5.308267697401205,1,5.003946305945459,1,4.663439094112067,1,6.633318433280377,5,7.687538766201629,76.0,1,Pass,1
681763,0.23170089424910234,0.12764315119138678,0.3269147235792392,0.4238790572588743,0.5955162542824758,0.28832634827982845,0.15939969400685333,0.25152513379801555,0.18986852161877815,0.17011315958471188,0.19366260120146125,0.34603920331604526,0.21800312505064756,0.17894448691185208,0.03286888936595214,0.2863101562696079,0.36691795148571466,0.20355701757209782,0.20730793421049537,0.2015016967668602,1798.0,836.0,1621.0,954.0,761.0,1,7.4949862339505335,1,6.729824070489475,1,7.3914152346753585,1,6.86171134048073,1,6.635946555686647,5,8.694669696546992,68.0,1,Pass,1
681938,0.22653593536162442,0.10544099561210542,0.08549324991726807,0.0,0.19269439524701545,0.27909544974450573,0.4678146520791464,0.0800032986526478,0.11658620956140621,0.3540828565213605,0.19920400445525815,0.2172991756433969,0.09858601731461925,0.12476476476130069,0.2692735834652692,0.29516461043861164,0.20944517666535134,0.735917434115465,0.7586490256772931,0.18394916476635487,570.0,254.0,273.0,433.0,375.0,1,6.3473892096560105,1,5.541263545158426,1,5.6131281063880705,1,6.073044534100405,1,5.929589143389895,5,7.552762084214147,90.0,1,Distinction,1
681973,0.28566368508383294,0.0,0.22879855904770638,0.1009075247642904,0.42456454742024036,0.1201455024723652,0.18677412630027804,0.12488891799337931,0.031832779866519736,0.07925234618157657,0.30224173504950796,0.2580840728001452,0.0,0.21986552789214134,0.0628059983959852,0.2919490773942938,0.5551418008995768,0.6463125229589143,0.6473941674770486,0.4333771080021979,429.0,194.0,143.0,229.0,135.0,1,6.063785208687608,1,5.272999558563747,1,4.969813299576001,1,5.438079308923196,1,4.912654885736052,5,7.030857476116121,84.0,1,Pass,1
682070,0.3128519702733245,0.2488617255045952,0.2282751601098832,0.2846285388161928,0.1962976134467666,0.23886625263960695,0.2678319632660863,0.221050772525485,0.18530555304622548,0.32444276258225196,0.11052690102760218,0.20919832542254257,0.16112474877305172,0.21682579575254773,0.3441710482409031,0.3377548760594664,0.27410798580677587,0.3895493185915802,0.31324011238503396,0.13508857573007826,519.0,509.0,582.0,778.0,999.0,1,6.253828811575473,1,6.234410725718371,1,6.368187186350492,1,6.658011045870748,1,6.907755278982137,5,8.127995055771946,86.0,1,Pass,1
682298,0.1521758616858596,0.1899603392655485,0.379012152595366,0.08826443564907566,0.13211588168222818,0.14099853224864126,0.3227183766064892,0.21580405239024703,0.4498128786473025,0.2516715117474359,0.4881020600739187,0.1849577501581339,0.04372295156872592,0.034695694730715335,0.25815597434499227,0.2187235459915804,0.3023635339698284,0.36146084344566093,0.4272269909729065,0.3580566322253435,612.0,411.0,336.0,439.0,746.0,1,6.418364935936212,1,6.021023349349527,1,5.820082930352362,1,6.0867747269123065,1,6.616065185132817,5,7.841885928984623,90.0,1,Pass,1
682390,0.49900876999080035,0.3227558316831499,0.21610203252416305,0.3161913922625631,0.12670578584040945,0.2182532111463596,0.09121498992220572,0.1396539126011463,0.0,0.05267747525424556,0.12333427702226975,0.10589732388761855,0.2568852134103166,0.07188846422226723,0.12738066244359547,0.15940374184057018,0.4801318545070258,0.3873588414643741,0.6119201435151698,0.6932360764617496,189.0,80.0,49.0,162.0,259.0,1,5.247024072160486,1,4.394449154672439,1,3.912023005428146,1,5.093750200806762,1,5.560681631015528,5,6.606650186198215,82.0,1,Pass,1
682391,0.04215207292588321,0.20053570791620456,0.0,0.0,0.0,0.24143262122625966,0.1751745032671412,0.0,0.0,0.0,0.23915374493043456,0.33954596643791546,0.0,0.0,0.0,0.47726156091742244,0.2847438223787388,0.0,0.0,0.0,431.0,248.0,,,,1,6.068425588244111,1,5.517452896464707,0,0.0,0,0.0,0,0.0,2,6.522092798170152,96.0,1,Fail,0
682436,0.0,0.0,0.08980548219897512,0.42951564060393826,0.29174806441096357,0.23356212017119515,0.39345779594142904,0.0,0.0,0.28305841873958476,0.2829941469289346,0.3019304208311403,0.28054098015908663,0.11483350444653188,0.24142171822805175,0.4834437328998703,0.3046117832274307,0.6296535376419381,0.45565085494952984,0.1837717986213999,272.0,451.0,368.0,1056.0,978.0,1,5.60947179518496,1,6.113682179832232,1,5.910796644040527,1,6.963189985870238,1,6.88653164253051,5,8.047509510981422,74.0,1,Pass,1
682437,0.18613306382724312,0.25155102104967136,0.29674151908906377,0.23618206944480494,0.3881516834727611,0.23911947357952282,0.2599823208368248,0.21071112061462213,0.30375792561897363,0.2472033892368683,0.2777563710961578,0.23431458427310534,0.10282477906152525,0.1772639300449037,0.08444281966515697,0.2969910914970763,0.2541520738403985,0.3897225812347887,0.28279607489131775,0.2802021076252135,1046.0,918.0,877.0,1019.0,683.0,1,6.953684210870537,1,6.823286122355687,1,6.777646593635117,1,6.927557906278317,1,6.52795791762255,5,8.421562960400987,86.0,1,Pass,1
682511,0.0,0.07752636202982806,0.060247145689548476,0.08182856685957764,0.26567229006545773,0.13828607751160685,0.4649094499178664,0.31649497483492456,0.0,0.057873584304122906,0.12022890563276012,0.07001328127705012,0.24346290950968943,0.1991247199010127,0.5884419934377274,0.741485016855633,0.3875509067752555,0.37979496996583745,0.7190467132394096,0.08801213219269191,254.0,297.0,444.0,396.0,916.0,1,5.541263545158426,1,5.697093486505405,1,6.09807428216624,1,5.983936280687191,1,6.821107472256465,5,7.744136627627991,84.0,1,Pass,1
682539,0.24449139252379848,0.09616636980792503,0.22973654925317644,0.2783935405665947,0.15111850872847576,0.14802378150460233,0.37435228476331844,0.2970056149468852,0.3662162190305199,0.312989479943791,0.19190618618343688,0.164054295488848,0.21819449684142975,0.21534297149066228,0.3625120488486143,0.41557863978816234,0.36542704993990854,0.25506333895850863,0.14004726891222302,0.17337996247911905,468.0,644.0,458.0,1061.0,1099.0,1,6.150602768446279,1,6.4692503167957724,1,6.129050210060545,1,6.967909201801884,1,7.003065458786462,5,8.224431573221159,88.0,1,Distinction,1
682569,0.1634336653597371,0.317480281037647,0.20764067866100722,0.2538589648816341,0.31977397823146314,0.3530616314834674,0.14317190949925285,0.34103662063797935,0.1684403584727382,0.12498723137359165,0.2112192505134721,0.2018830048779345,0.18710492137821275,0.3767733789976542,0.2468532886230587,0.2722854526433233,0.33746480458516565,0.26421777932280066,0.20092729764797349,0.3083855017718864,805.0,819.0,753.0,703.0,914.0,1,6.692083742506628,1,6.709304340258298,1,6.625392368007956,1,6.556778356158042,1,6.818924065275521,5,8.292798858200374,84.0,1,Pass,1
682578,0.22552310981092508,0.0,0.0,0.0,0.0,0.20751337118932278,0.0,0.0,0.0,0.0,0.3354628684762308,0.0,0.0,0.0,0.0,0.23150065052352126,0.0,0.0,0.0,0.0,532.0,,,,,1,6.278521424165844,0,0.0,0,0.0,0,0.0,0,0.0,1,6.278521424165844,82.0,1,Fail,0
682588,0.32017538615867175,0.214320961563859,0.24340059131483222,0.2732205491863818,0.0,0.22149849808191474,0.29417666007199555,0.13905049947214435,0.11608689330315314,0.0,0.18390934431561579,0.28381458272953725,0.07780743426387304,0.20904399589226785,0.0,0.27441677144379767,0.20768779563460826,0.5397414749491505,0.4016485616181972,0.0,1166.0,632.0,532.0,580.0,,1,7.062191632286556,1,6.450470422144176,1,6.278521424165844,1,6.364750756851911,0,0.0,4,7.976251943745623,98.0,1,Fail,0
682613,0.0,0.13597340060996754,0.03715174709099947,0.0,0.2038504843592891,0.3595665898593085,0.4140225250247632,0.5485485509268957,0.0,0.0,0.07580130133117119,0.28204071458961066,0.05888412597551047,0.24216950387605296,0.514596662980889,0.5646321088095203,0.1679633597756584,0.3554155760065944,0.757830496123947,0.2815528526598219,424.0,871.0,595.0,78.0,114.0,1,6.052089168924417,1,6.77078942390898,1,6.39024066706535,1,4.3694478524670215,1,4.74493212836325,5,7.641564441260972,52.0,1,Pass,1
682632,0.18469819786476135,0.28164251659077066,0.32029159578881755,0.22962771878039437,0.24107443204899237,0.22247111141436868,0.19617143167743675,0.21675210991429955,0.2308666202202894,0.2634431246351842,0.27077309942646033,0.1929304009648895,0.1981580591956311,0.23795935749828442,0.18983650763599627,0.3220575912944097,0.3292556507669031,0.2647982351012517,0.30154630350103173,0.3056459356798271,1373.0,865.0,663.0,1052.0,812.0,1,7.2254814727822945,1,6.763884908562435,1,6.498282149476434,1,6.959398512133975,1,6.70073110954781,5,8.469262657658687,96.0,1,Pass,1
682695,0.20010738598458072,0.30175192065537787,0.24565050731158403,0.3561325337537743,0.29946417201574227,0.1974516228759275,0.20459006464799373,0.2754587564663323,0.28435611904246777,0.29810301720454996,0.365952911027711,0.23883866385018615,0.21065491684877605,0.11121372574169454,0.1936680733055591,0.23648808011178082,0.25481935084644225,0.2682358193733076,0.24829762146206352,0.20876473747414867,309.0,348.0,388.0,392.0,1045.0,1,5.736572297479192,1,5.855071922202427,1,5.963579343618446,1,5.973809611869261,1,6.952728644624869,5,7.817222785508166,72.0,1,Pass,1
682753,0.2881370439578338,0.29051421173512776,0.3046547732277839,0.05993340742119112,0.2826915003667613,0.3138524917599018,0.2093557478845626,0.2593792438139787,0.38200397157672233,0.20358878564054905,0.26367771172603394,0.30310586470611756,0.221928136611131,0.1875078831365054,0.22525570632648753,0.1343327525562304,0.19702417567419214,0.21403784634710635,0.3705547378655812,0.2884640076662021,431.0,521.0,474.0,458.0,861.0,1,6.068425588244111,1,6.257667587882639,1,6.163314804034641,1,6.129050210060545,1,6.759255270663693,5,7.917900586327916,66.0,1,Pass,1
682839,0.21748697998351776,0.19543812842889652,0.41541197615103026,0.2401941818710365,0.2564174277596495,0.2267468356987133,0.3240918626687665,0.03907190481394224,0.13545861690614713,0.23345309514506177,0.25263990112587814,0.12411121860000578,0.055670773234907024,0.186717913142432,0.216743416920162,0.3031262831918909,0.35635879030233114,0.48984534580012057,0.4376292880803845,0.2933860601751268,927.0,846.0,830.0,703.0,952.0,1,6.833031732786201,1,6.741700694652055,1,6.7226297948554485,1,6.556778356158042,1,6.859614903654202,5,8.356789669923213,74.0,1,Pass,1
682963,0.31969790373852675,0.23585819858732365,0.16009427638614968,0.24018604047626324,0.3529858296777172,0.32066981625930335,0.11086128408898156,0.3132775860962885,0.18979708290392472,0.208607369440855,0.018928365672314415,0.5391782964626287,0.22568924380470967,0.2710453355846571,0.24031550799245535,0.3407039143298555,0.11410222086106608,0.3009388937128522,0.2989715410351551,0.19809129288897254,301.0,324.0,905.0,749.0,799.0,1,5.71042701737487,1,5.783825182329737,1,6.80903930604298,1,6.620073206530356,1,6.684611727667927,5,8.0323601479245,88.0,1,Pass,1
682981,0.2477330264407681,0.16774786526840396,0.3461389349637944,0.3794185712960452,0.20441111052013503,0.17524045479801664,0.21121587844529785,0.22327837663295128,0.12512957386739834,0.2803507868354097,0.23993398898249413,0.1759230491346402,0.14961063352151427,0.25598316461392046,0.2412582581889956,0.3370925297787213,0.445113207151658,0.28097205488174015,0.23946869022263603,0.27397984445545964,603.0,548.0,915.0,662.0,846.0,1,6.403574197934815,1,6.3080984415095305,1,6.82001636467413,1,6.4967749901858625,1,6.741700694652055,5,8.181720455128108,90.0,1,Distinction,1
682983,0.1846663269953433,0.3376313115042153,0.4432999096382382,0.31804519795612957,0.24166900335564795,0.2860436227458898,0.26853954482514736,0.13382690857723842,0.1455028022870259,0.22939628838667028,0.16418233012526226,0.08602292028244812,0.22620555293417963,0.16281302055586072,0.11160417512819147,0.36510772013350457,0.30780622338818925,0.1966676288503439,0.37363897920098393,0.41733053312949037,455.0,293.0,392.0,404.0,635.0,1,6.1224928095143865,1,5.683579767338681,1,5.973809611869261,1,6.003887067106539,1,6.455198563340122,5,7.687080155783135,76.0,1,Pass,1
682985,0.11331645000036997,0.43840936004735515,0.21135640514971457,0.0,0.0,0.0,0.0,0.11516805983813434,0.14765034985411227,0.0,0.6109944056895491,0.07938043209636533,0.0,0.0,0.0,0.27568914431008085,0.48221020785627955,0.6734755350121511,0.8523496501458877,0.0,189.0,240.0,189.0,184.0,,1,5.247024072160486,1,5.484796933490655,1,5.247024072160486,1,5.220355825078324,0,0.0,4,6.688354713946762,90.0,1,Fail,0
682990,0.15501452239395042,0.2334796104312011,0.3814176513322904,0.26216622893906516,0.2940119929840731,0.0,0.17642124343041268,0.24479701709678134,0.1718109007874926,0.2892899572740913,0.11064775225345565,0.2559153732574188,0.19654104460794292,0.3317605214104372,0.2497651476042358,0.734337725352594,0.33418377288096746,0.17724428696298541,0.23426234886300495,0.16693290213759993,465.0,758.0,909.0,1672.0,1483.0,1,6.144185634125646,1,6.63200177739563,1,6.813444599510896,1,7.422373700986824,1,7.302496423727326,5,8.573195381531523,86.0,1,Distinction,1
683033,0.2842410069983743,0.20497039971068332,0.2950058951214071,0.42189188526009175,0.2845852448076832,0.15450094079141274,0.2457219814369307,0.35472811021609957,0.2270619031037795,0.3684540396689744,0.2634199653383616,0.1824016974058422,0.15898105766905632,0.24763387225490066,0.2093110213813876,0.2978380868718515,0.36690592144654394,0.19128493699343696,0.10341233938122808,0.13764969414195463,908.0,707.0,249.0,548.0,2266.0,1,6.812345094177479,1,6.56244409369372,1,5.521460917862246,1,6.3080984415095305,1,7.726212650507529,5,8.450839690866216,70.0,1,Pass,1
683094,0.4184046967771537,0.2619042155438311,0.4885744693940402,0.3671217285213468,0.26611331485646506,0.09001440620894008,0.3052166324432801,0.3084946120185755,0.3453623169566721,0.242369862365723,0.2003985671598626,0.1720480096404956,0.0,0.13822120410783248,0.1550005138489726,0.2911823298540437,0.2608311423723933,0.20293091858738443,0.14929475041414872,0.3365163089288393,136.0,98.0,66.0,248.0,434.0,1,4.919980925828125,1,4.59511985013459,1,4.204692619390966,1,5.517452896464707,1,6.075346031088684,5,6.890609120147166,78.0,1,Fail,0
683178,0.18488141985261985,0.11853531545789613,0.2446798116653415,0.293741329767487,0.3755257777625918,0.21911620873903528,0.06974866135289716,0.20377374927235622,0.18239145444143104,0.22434053187614325,0.3414306917747917,0.45306331668260436,0.1866264987404333,0.229980035326964,0.19317970815325483,0.2545716796335532,0.35865270650660225,0.364919940321869,0.2938871804641179,0.20695398220801012,581.0,487.0,555.0,336.0,856.0,1,6.366470447731438,1,6.1903154058531475,1,6.320768294250582,1,5.820082930352362,1,6.75343791859778,5,7.943072717277933,96.0,1,Pass,1
683243,0.28366546936664655,0.22394035409745092,0.25977640270726,0.2412162816991285,0.13682198789242506,0.22284568769571864,0.02662979469001867,0.15451465080214793,0.20369249087211996,0.12645744401970987,0.07674601972381678,0.39573478150751284,0.17212056809506496,0.07726310763927746,0.21098180214640894,0.416742823213818,0.35369506970501763,0.4135883783955272,0.477828119789474,0.5257387659414562,79.0,179.0,52.0,338.0,139.0,1,4.382026634673881,1,5.19295685089021,1,3.970291913552122,1,5.82600010738045,1,4.941642422609304,5,6.669498089857879,74.0,1,Fail,0
683305,0.3315493206730825,0.2668143006938428,0.07747799461012268,0.24563221637771931,0.747792175604455,0.1784361530345175,0.20186643226499593,0.1798983324207755,0.06225200642125294,0.18185623094238873,0.30197825169488757,0.1477007557359176,0.0,0.17632933346294943,0.0,0.18803627459751238,0.3836185113052436,0.7426236729691019,0.5157864437380784,0.07035159345315618,284.0,95.0,25.0,165.0,53.0,1,5.652489180268651,1,4.564348191467836,1,3.258096538021482,1,5.111987788356544,1,3.9889840465642745,5,6.434546518787453,88.0,1,Pass,1
683323,0.2410427319229671,0.0,0.0,0.0,0.0,0.10715507594523908,0.0,0.0,0.0,0.0,0.19672627275113758,0.0,0.0,0.0,0.0,0.4550759193806563,0.0,0.0,0.0,0.0,609.0,,,,,1,6.413458957167357,0,0.0,0,0.0,0,0.0,0,0.0,1,6.413458957167357,62.0,1,Fail,0
683346,0.23610839992774982,0.19136222953649243,0.32126441555843793,0.3604149999759885,0.2717075211172136,0.2191833338570193,0.33965580234411785,0.21680984944750323,0.22652920354585868,0.324081157374256,0.17312230419697447,0.17407544331176114,0.10834009361416776,0.1180918228906395,0.06065502533545535,0.3715859620182564,0.2949065248076285,0.35358564137989107,0.29496397358751325,0.34355629617307504,735.0,583.0,891.0,715.0,806.0,1,6.601230118728877,1,6.369900982828227,1,6.79346613258001,1,6.573680166960646,1,6.693323668269949,5,8.224431573221159,90.0,1,Distinction,1
683352,0.2664463837082949,0.014695120831579337,0.05071141929971624,0.03352273405298296,0.3900958390880164,0.2284647769767021,0.36003863073070425,0.2781288290606418,0.2866444104408014,0.1017862658223735,0.48234333826617576,0.23755333846813498,0.33670716116676414,0.2303134093415913,0.01312543422376882,0.022745501048827263,0.3877129099695815,0.33445259047287795,0.44951944616462436,0.49499246086584137,265.0,446.0,405.0,132.0,579.0,1,5.583496308781699,1,6.102558594613569,1,6.0063531596017325,1,4.890349128221754,1,6.363028103540465,5,7.510977752014095,78.0,1,Pass,1
683353,0.26803696664048826,0.11216312964776741,0.09252733934496259,0.15899854276058087,0.11893215468359296,0.1703797674612055,0.27121609671104113,0.3511549313655737,0.21913719149001978,0.32532502969637817,0.24047100493898615,0.1145936228302497,0.15693612105492916,0.3592786353210096,0.31379324396449454,0.32111226095932005,0.5020271508109418,0.39938160823453456,0.26258563042838984,0.2419495716555343,522.0,455.0,811.0,919.0,1168.0,1,6.259581464064923,1,6.1224928095143865,1,6.699500340161678,1,6.824373670043086,1,7.063903961472068,5,8.262558973010657,94.0,1,Pass,1
683375,0.2590029168871965,0.22462792301000256,0.4884077890406336,0.14951555478077072,0.17937074181956802,0.1321545302790472,0.3711078766126359,0.3545144056758186,0.12111207340839962,0.40080019982018306,0.22534470629155068,0.11636227227752233,0.021672099368018956,0.4074210461932694,0.0371175227369871,0.38349784654220576,0.28790192809983933,0.13540570591552897,0.32195132561756024,0.38271153562326177,753.0,326.0,314.0,271.0,446.0,1,6.625392368007956,1,5.7899601708972535,1,5.752572638825633,1,5.605802066295998,1,6.102558594613569,5,7.65491704784832,94.0,1,Pass,1
683403,0.2375310226009504,0.22928958210875242,0.32018292539593335,0.2951599006631891,0.32809166614032104,0.2288873407710583,0.19132101697081857,0.2725484868089567,0.24234822101708342,0.2653779310617342,0.26069446064397933,0.28039889665285095,0.08376276736163471,0.14315863843829318,0.22228600017502703,0.27288717598401196,0.29899050426757806,0.3235058204334751,0.31933323988143425,0.18424440262291775,661.0,775.0,510.0,755.0,885.0,1,6.495265555937008,1,6.654152520183219,1,6.236369590203704,1,6.628041376179533,1,6.786716950605081,5,8.185071477532283,80.0,1,Distinction,1
683446,0.2266172540167468,0.24848950367977773,0.0,0.0,0.0,0.13056523918925922,0.12630015208397666,0.0,0.0,0.0,0.13134061624047522,0.29498490844965286,0.0,0.0,0.0,0.5114768905535187,0.3302254357865928,0.0,0.0,0.0,273.0,214.0,,,,1,5.6131281063880705,1,5.3706380281276624,0,0.0,0,0.0,0,0.0,2,6.1903154058531475,64.0,1,Fail,0
683467,0.253950812461803,0.0,0.0,0.0,0.04155493055975613,0.04412784999990596,0.20115635727018327,0.0,0.10457798031422097,0.15789589732365286,0.22634423157881256,0.15941264152745402,0.0,0.0,0.16574984131629872,0.4755771059594784,0.6394310012023626,1.0,0.8954220196857791,0.6347993308002923,120.0,86.0,34.0,68.0,298.0,1,4.795790545596741,1,4.465908118654584,1,3.5553480614894135,1,4.23410650459726,1,5.700443573390687,5,6.408528791059498,74.0,1,Pass,1
683508,0.22931827924515835,0.0,0.0,0.0,0.0,0.3077388614891696,0.0,0.0,0.0,0.0,0.25661479494188827,0.0,0.0,0.42333593568502476,0.0,0.20632806432378367,0.0,0.0,0.5766640643149753,0.0,216.0,,,53.0,,1,5.37989735354046,0,0.0,0,0.0,1,3.9889840465642745,0,0.0,2,5.598421958998375,90.0,1,Fail,0
683530,0.15309516797131878,0.24482521564557122,0.2829373368757634,0.2762936829462565,0.39664448434740884,0.1387687893792662,0.2857043567678108,0.1642404078106319,0.19532130785712562,0.19316407320609497,0.19503632141281407,0.17978210815352666,0.2182497072234505,0.3403607031830784,0.1693567067415598,0.513099721236601,0.28968831943309137,0.33457254809015424,0.18802430601353948,0.24083473570493633,1318.0,1446.0,1139.0,1375.0,1218.0,1,7.1846291527173145,1,7.277247726631484,1,7.038783541388542,1,7.226936018493289,1,7.105786129481271,5,8.77909581088053,80.0,1,Distinction,1
683550,0.16392880492820897,0.12519428596101478,0.0,0.13204549532844997,0.2881835099315741,0.2316375325222352,0.256391842895021,0.537156695253124,0.2769987338324642,0.0,0.0637807022643911,0.0,0.0,0.0,0.4169449079916245,0.5406529602851647,0.6184138711439642,0.4628433047468759,0.5909557708390858,0.2948715820768014,188.0,74.0,9.0,477.0,151.0,1,5.241747015059643,1,4.31748811353631,1,2.302585092994046,1,6.169610732491456,1,5.0238805208462765,5,6.802394763324311,78.0,1,Pass,1
683604,0.15716775915452666,0.2369998910111418,0.3471472320788221,0.2260973921795297,0.3631023447342085,0.27242521878154763,0.31878387967016597,0.30378658263321673,0.23562195834813998,0.19898157483436263,0.18732670200450396,0.20046051117255345,0.2014941768279004,0.30193251638053925,0.09967104210945629,0.3830803200594217,0.2437557181461387,0.1475720084600609,0.23634813309179098,0.33824503832197256,481.0,682.0,895.0,957.0,954.0,1,6.1779441140506,1,6.52649485957079,1,6.79794041297493,1,6.86484777797086,1,6.86171134048073,5,8.286521373681236,78.0,1,Pass,1
683624,0.2512890684445752,0.21470477328359813,0.1806970047260099,0.21484018084042267,0.31107560996281297,0.2140703086229516,0.24922876360919924,0.21883625704803872,0.2328267963542312,0.2752426855012622,0.23697375019824327,0.21044037628822507,0.2965260349902343,0.19394327967654473,0.23533048113010294,0.29766687273423,0.32562608681897753,0.30394070323571715,0.3583897431288014,0.17835122340582182,1208.0,1374.0,791.0,1912.0,1831.0,1,7.097548850614793,1,7.226209010100671,1,6.674561391814426,1,7.556427969440253,1,7.513163545234075,5,8.87024156729927,92.0,1,Distinction,1
683745,0.2687068323119078,0.13229784565824548,0.0,0.0,0.0,0.12922957165229074,0.30350496054844484,0.0,0.0,0.0,0.15388645765974268,0.272382811293921,0.0,0.0,0.0,0.4481771383760588,0.2918143824993887,0.0,0.0,0.0,761.0,386.0,,,,1,6.635946555686647,1,5.958424693029782,0,0.0,0,0.0,0,0.0,2,7.045776576879511,68.0,1,Fail,0
683764,0.4263451469092337,0.12798548505266646,0.2486890451185653,0.0,0.0,0.25543722689673254,0.13446131256237015,0.42582487157920434,0.0,0.0,0.17872405001754635,0.3252011475889003,0.0,0.0,0.0,0.13949357617648733,0.4123520547960631,0.3254860833022302,0.0,0.0,116.0,197.0,204.0,,,1,4.762173934797756,1,5.288267030694535,1,5.3230099791384085,0,0.0,0,0.0,3,6.249975242259483,88.0,1,Fail,0
683820,0.25274782928407263,0.23044714213688242,0.2626775975173617,0.2674453481611996,0.47584763043830314,0.2642088441942858,0.24718730297278285,0.31874563933539574,0.23099748192853323,0.2101152196397091,0.25890075359641446,0.2556629311896264,0.17497889808633463,0.20103834840059617,0.1533714540882056,0.22414257292522702,0.26670262370070824,0.24359786506090805,0.300518821509671,0.16066569583378223,1548.0,327.0,316.0,507.0,511.0,1,7.3453648404168685,1,5.793013608384144,1,5.75890177387728,1,6.230481447578482,1,6.238324625039508,5,8.07402621612406,76.0,1,Pass,1
683902,0.1923316635667627,0.29943410973880097,0.3312948986311565,0.0,0.2712937736669336,0.07311801452261185,0.18547516241965134,0.0,0.07760715961063254,0.41314513208959525,0.32249493946906976,0.336987726866972,0.0,0.10762970716750488,0.0,0.41205538244155576,0.17810300097457568,0.6687051013688434,0.8147631332218626,0.31556109424347106,318.0,105.0,48.0,384.0,55.0,1,5.765191102784844,1,4.663439094112067,1,3.8918202981106265,1,5.953243334287785,1,4.02535169073515,5,6.814542897259958,78.0,1,Pass,1
683934,0.24304017453803575,0.18336892012949138,0.3441406735182041,0.23927064314204094,0.058820668559102715,0.23987671147321074,0.2782336945314342,0.1899970415213888,0.09160184393692898,0.49335008528050905,0.15208916459912,0.13832629281247122,0.16087062517231754,0.1803753026531908,0.22237006441889942,0.3649939493896334,0.4000710925266031,0.30499165978808956,0.4887522102678394,0.22545918174148874,523.0,600.0,356.0,435.0,573.0,1,6.261491684321042,1,6.398594934535208,1,5.877735781779639,1,6.077642243349034,1,6.352629396319567,5,7.81923445385907,76.0,1,Pass,1
684013,0.33645112710511643,0.18497572017167752,0.21433286336561613,0.23343443378918613,0.28351870243830884,0.0,0.3688602821390661,0.409943659393209,0.3083281304999287,0.24571514973616748,0.0,0.2035204789925755,0.21895347566645296,0.19249037656891133,0.21919488653957803,0.6635488728948835,0.24264351869668097,0.15677000157472204,0.2657470591419738,0.25157126128594576,1028.0,509.0,1125.0,749.0,1378.0,1,6.9363427358340495,1,6.234410725718371,1,7.026426808699636,1,6.620073206530356,1,7.229113877793302,5,8.474285690404962,90.0,1,Distinction,1
684183,0.479820037138923,0.24351684285788178,0.17820176015672906,0.2967876149777231,0.23609993038898883,0.520179962861077,0.19137778907374392,0.4129415146873232,0.1896053281612491,0.2653033152395528,0.0,0.25055360821629086,0.0,0.10942518989373393,0.24764011391091076,0.0,0.3145517598520834,0.4088567251559476,0.4041818669672939,0.25095664046054766,346.0,524.0,237.0,270.0,1166.0,1,5.849324779946859,1,6.263398262591624,1,5.472270673671475,1,5.602118820879701,1,7.062191632286556,5,7.841492924460013,72.0,1,Pass,1
684311,0.3746078250904518,0.14473407869052968,0.2728142249273722,0.26834174494509444,0.32991359039834867,0.18159406847086465,0.4263166150040285,0.2756247365434801,0.20075108842656034,0.31905482036694033,0.18346149293307584,0.2084701502182908,0.2686650353221541,0.26234801758709686,0.14667069066168945,0.26033661350560766,0.22047915608715093,0.18289600320699373,0.2685591490412484,0.2043608985730217,438.0,228.0,242.0,465.0,794.0,1,6.0844994130751715,1,5.43372200355424,1,5.493061443340548,1,6.144185634125646,1,6.678342114654332,5,7.681560362559537,82.0,1,Pass,1
684383,0.31669440076055366,0.16811418585303942,0.4139784917322851,0.0375448691681357,0.4033941547325626,0.046894525820162264,0.16729119484172394,0.1453847136067528,0.2760299670218469,0.32758107486094024,0.09278478053443563,0.2875613260534239,0.22165100840193944,0.2136220189023375,0.03866886745081328,0.5436262928848483,0.3770332932518128,0.2189857862590226,0.4728031449076799,0.23035590295568384,503.0,518.0,390.0,1008.0,831.0,1,6.222576268071369,1,6.251903883165888,1,5.968707559985366,1,6.9167150203536085,1,6.723832440821209,5,8.086717920303906,76.0,1,Pass,1
684386,0.06190696761174718,0.403995596444736,0.8373535632160305,0.245158863979445,0.07995383749196404,0.340366861919731,0.20617148209539793,0.16264643678396945,0.141325844230471,0.3311798770315163,0.31578013595274457,0.18961939830212496,0.0,0.253177386146889,0.2466895031044792,0.28194603451577743,0.20021352315774124,0.0,0.3603379056431951,0.3421767823720404,520.0,624.0,37.0,1049.0,919.0,1,6.255750041753367,1,6.437751649736401,1,3.6375861597263857,1,6.956545443151569,1,6.824373670043086,5,8.055157731819678,74.0,1,Pass,1
684592,0.33899499619062157,0.2000266011699562,0.2733867208847331,0.25646902914335995,0.26121870586093277,0.07359894797159867,0.30578884002052387,0.119293176071166,0.13030302298457383,0.07484479555987802,0.15055831140755668,0.18602014086101476,0.12377357676777516,0.1174572429286276,0.0,0.4368477444302231,0.30816441794850524,0.4835465262763257,0.4957707049434385,0.6639364985791892,327.0,290.0,293.0,329.0,366.0,1,5.793013608384144,1,5.673323267171493,1,5.683579767338681,1,5.799092654460526,1,5.905361848054571,5,7.381501894506707,66.0,1,Pass,1
684671,0.24031851451761893,0.22144861830675652,0.5518402732749333,0.0,0.21503809061256488,0.03802566873598508,0.2733916511502307,0.44815972672506665,0.2986399557128936,0.1406266977097837,0.219638054903267,0.22089670304098216,0.0,0.2578328778813409,0.17226819274574756,0.5020177618431291,0.2842630275020306,0.0,0.44352716640576545,0.4720670189319039,319.0,556.0,70.0,167.0,511.0,1,5.768320995793772,1,6.322565239927284,1,4.2626798770413155,1,5.123963979403259,1,6.238324625039508,5,7.392647520721623,74.0,1,Pass,1
684675,0.2256428278325413,0.32897573633392585,0.0,0.0,0.031103273166640747,0.20278945768084683,0.0,0.0,0.04080422158568408,0.031103273166640747,0.32677047883409954,0.3601111341391046,0.0,0.0,0.18661963899984446,0.2447972356525123,0.3109131295269695,1.0,0.959195778414316,0.7511738146668739,352.0,127.0,87.0,132.0,150.0,1,5.8664680569332965,1,4.852030263919617,1,4.477336814478207,1,4.890349128221754,1,5.017279836814924,5,6.744059186311348,66.0,1,Pass,1
684882,0.27368026371101367,0.14994401978071373,0.3807370423198708,0.30477484479493805,0.24431426892982294,0.24012798490312814,0.2852909696348212,0.18529456286712803,0.22207311828151802,0.2552855646110021,0.17685464024544123,0.2838962426522807,0.11256923722248045,0.18314082721890854,0.2635360637839752,0.309337111140417,0.28086876793218446,0.32139915759052057,0.2900112097046354,0.23686410267519983,1471.0,1889.0,394.0,560.0,2299.0,1,7.294377299288821,1,7.5443321080536885,1,5.978885764901122,1,6.329720905522696,1,7.7406644019172415,5,8.796943893541737,82.0,1,Pass,1
685004,0.3226867221823388,0.07469653000633332,0.0,0.0,0.0,0.21573988010371303,0.1764061601137003,0.0,0.0,0.0,0.31259345171343805,0.30443153464343775,0.0,0.0,0.0,0.1489799460005101,0.4444657752365286,0.0,0.0,0.0,414.0,222.0,,,,1,6.028278520230698,1,5.407171771460119,0,0.0,0,0.0,0,0.0,2,6.456769655572163,78.0,1,Fail,0
685105,0.0,0.0,0.0,0.1480409554829326,0.0,0.2683243366483709,0.0,0.0,0.0,0.0,0.0,0.3060438760015624,0.0,0.0,0.9432499701737924,0.7316756633516291,0.6939561239984375,0.0,0.8519590445170674,0.05675002982620761,9.0,56.0,,54.0,164.0,1,2.302585092994046,1,4.04305126783455,0,0.0,1,4.007333185232471,1,5.10594547390058,4,5.648974238161206,82.0,1,Fail,0
685128,0.6565339224075489,0.20633450572103024,0.12888396137025476,0.0,0.0573078228577034,0.16042859404476784,0.2862542672818078,0.13893944319677884,0.03822700246123418,0.38659512083042724,0.0,0.21044209404291103,0.08670429713392856,0.0,0.1318593385018095,0.18303748354768326,0.2969691329542509,0.6454722982990377,0.9617729975387659,0.4242377178100597,323.0,310.0,263.0,204.0,311.0,1,5.780743515792329,1,5.739792912179234,1,5.575949103146316,1,5.3230099791384085,1,5.7430031878094825,5,7.252762418053187,70.0,1,Pass,1
685140,0.0,0.13215902824551204,0.11014978711384484,0.18927559809899133,0.2742101386302602,0.0,0.20659334503643836,0.14966401749506172,0.36020849552410167,0.0,0.6798938534903572,0.25594387665167745,0.3292252607251897,0.0,0.07320221982585275,0.3201061465096427,0.4053037500663722,0.41096093466590383,0.45051590637690697,0.6525876415438872,21.0,224.0,111.0,58.0,74.0,1,3.091042453358316,1,5.41610040220442,1,4.718498871295094,1,4.07753744390572,1,4.31748811353631,5,6.192362489474872,54.0,1,Pass,1
685155,0.18932175633226567,0.1403003490313717,0.3406408089221567,0.13712777230658946,0.28170139371157393,0.2568040801875152,0.28578078588571404,0.1548718586647635,0.33553740390686515,0.3194952744527389,0.18614616203037745,0.19122018573122643,0.18513121490834264,0.24269834422205577,0.1526051736695385,0.3677280014498417,0.38269867935168783,0.31935611750473714,0.28463647956448945,0.24619815816614873,646.0,414.0,580.0,863.0,982.0,1,6.472346294500901,1,6.028278520230698,1,6.364750756851911,1,6.761572768804055,1,6.890609120147166,5,8.156510226079966,72.0,1,Pass,1
685212,0.3185263956037602,0.28447379660606453,0.06356484763394761,0.06727639646910083,0.06127251379961249,0.256925604420746,0.11443332315168613,0.1289993647793531,0.2530632354602123,0.007942774657520876,0.28940542348015635,0.3407614792783197,0.40233064871264074,0.2702970874407874,0.5839018978619022,0.1351425764953373,0.2603314009639296,0.40510513887405847,0.4093632806298994,0.3468828136809644,485.0,678.0,867.0,720.0,1224.0,1,6.186208623900494,1,6.520621127558696,1,6.7661917146603505,1,6.580639137284949,1,7.110696122978827,5,8.287780027088433,100.0,1,Distinction,1
685276,0.21509463480294846,0.10500512819181079,0.33092722927130835,0.1679043818960072,0.23031351378178436,0.24946174453735492,0.3089961030463973,0.14807463020736125,0.2474594195249864,0.19437471734092923,0.23874569605942084,0.14752964788733386,0.1804941039620989,0.3115955504602308,0.233544166593502,0.29669792460027583,0.438469120874458,0.3405040365592315,0.2730406481187756,0.34176760228378456,894.0,482.0,1411.0,1602.0,669.0,1,6.796823718274855,1,6.180016653652572,1,7.252762418053187,1,7.3796321526095525,1,6.507277712385012,5,8.528924114291936,94.0,1,Distinction,1
685283,0.0,0.037998451995014976,0.17764837120461383,0.4447548277894893,0.0,0.0,0.1519938079800599,0.2637215473061793,0.049448226702642595,0.0,0.4507552548329414,0.08822967324945401,0.23012053488871667,0.049448226702642595,0.0,0.5492447451670587,0.7217780667754711,0.32850954660049025,0.4563487188052255,0.0,279.0,97.0,61.0,65.0,,1,5.634789603169249,1,4.584967478670572,1,4.127134385045092,1,4.189654742026425,0,0.0,4,6.220590170099739,78.0,1,Fail,0
685339,0.39154450593934503,0.16128463080361172,0.5011148711473828,0.04496366980734601,0.155043462022044,0.07563135983548512,0.27374933672577784,0.1654253374043068,0.39004486121285575,0.3165609788591621,0.1091275705437597,0.22055355364006182,0.0,0.3118345924257174,0.345454051922353,0.42369656368141007,0.34441247883054865,0.33345979144831045,0.25315687655408076,0.18294150719644095,509.0,258.0,195.0,549.0,1045.0,1,6.234410725718371,1,5.556828061699537,1,5.278114659230517,1,6.309918278226516,1,6.952728644624869,5,7.846589975291186,94.0,1,Pass,1
685367,0.0,0.10033271678413926,0.34713629651311717,0.0,0.0,0.0,0.1829636000295388,0.0,0.0,0.0,0.0,0.15066879336740205,0.0,0.0,0.0,0.0,0.5660348898189199,0.6528637034868828,0.0,0.0,,416.0,110.0,,,0,0.0,1,6.0330862217988015,1,4.709530201312334,0,0.0,0,0.0,2,6.267200548541362,80.0,0,Fail,0
685373,0.26064451261501925,0.232948458693511,0.3401665150006532,0.29303111470269827,0.2503245077341684,0.23334567542328233,0.17764538641296357,0.2053521931918629,0.1523069394040197,0.33997768696855035,0.26365098644229507,0.3248707806262207,0.19495394664230759,0.3013575455428822,0.18568007932328964,0.2423588255194034,0.2645353742673048,0.2595273451651763,0.25330440035039975,0.22401772597399158,365.0,537.0,601.0,430.0,810.0,1,5.902633333401366,1,6.2878585601617845,1,6.400257445308821,1,6.066108090103747,1,6.698268054115413,5,7.917171988845776,82.0,1,Distinction,1
685378,0.1717115782341327,0.12272490105986499,0.0,0.09884119841502989,0.1659510031787763,0.18648446319642445,0.24544980211972997,0.0,0.297012948348564,0.0,0.2769960503937175,0.26786652865759114,0.0,0.11003820143775214,0.0,0.3648079081757253,0.363958768162814,0.0,0.49410765179865385,0.8340489968212237,62.0,45.0,,89.0,118.0,1,4.143134726391533,1,3.828641396489095,0,0.0,1,4.499809670330265,1,4.77912349311153,4,5.752572638825633,84.0,1,Pass,1
685410,0.2941787359867156,0.07364235136974191,0.3652976383556229,0.24563167508921965,0.38902640793007776,0.1961419199940339,0.3205209821850385,0.178623921272092,0.16333554966855882,0.3013190715042108,0.40862997469795254,0.283514107792473,0.12980113492159703,0.2343481117497578,0.18438321393481213,0.10104936932129789,0.32232255865274667,0.32627730545068806,0.3566846634924638,0.12527130663089944,589.0,811.0,906.0,730.0,770.0,1,6.380122536899765,1,6.699500340161678,1,6.810142450115136,1,6.594413459749778,1,6.647688373563329,5,8.244596756382498,58.0,1,Pass,1
685619,0.0,0.15089020117492602,0.1613066653922706,0.0,0.026451502110735076,0.09622705861862972,0.20501931324785147,0.33631834845925923,0.10075199254049311,0.3736885809820966,0.0,0.0,0.0,0.5936627210260231,0.04685205776956967,0.9037729413813702,0.6440904855772226,0.50237498614847,0.30558528643348365,0.5530078591375986,94.0,127.0,38.0,104.0,777.0,1,4.553876891600541,1,4.852030263919617,1,3.6635616461296463,1,4.653960350157523,1,6.656726524178391,5,7.039660349862076,82.0,1,Pass,1
685705,0.17241120935349605,0.07301890934082457,0.09138564833476914,0.062439842909408426,0.19523859479799968,0.30496148598683687,0.34144841140875865,0.1752745456829899,0.062439842909408426,0.3542802567501562,0.3008590085338733,0.19349728215174286,0.3502202841734058,0.36882532087285796,0.27168139470438585,0.22176829612579377,0.39203539709867385,0.3831195218088351,0.5062949933083252,0.17879975374745832,576.0,452.0,489.0,66.0,925.0,1,6.3578422665081,1,6.115892125483034,1,6.194405391104672,1,4.204692619390966,1,6.8308742346461795,5,7.827639546366422,96.0,1,Pass,1
685708,0.14250144426469322,0.26662698894276077,0.35693742834903536,0.30890455021609453,0.4441311795658574,0.39132133978940314,0.1448700234030281,0.19736485366320122,0.33628149200130414,0.22027526357671545,0.27267758312272306,0.18447448601559338,0.21563264427741854,0.20285449428196634,0.04570810979897237,0.19349963282318058,0.4040285016386178,0.2300650737103449,0.15195946350063508,0.28988544705845487,113.0,197.0,355.0,437.0,640.0,1,4.736198448394496,1,5.288267030694535,1,5.87493073085203,1,6.082218910376446,1,6.46302945692067,5,7.463363045520021,80.0,1,Pass,1
685772,0.27777996370347724,0.17310045134085217,0.2364187203647847,0.2613632936623873,0.3096718751568834,0.30297375232675144,0.24398584099879173,0.3027257037745885,0.2521720924915507,0.3178614018024536,0.13605103285678122,0.2642243002558763,0.1512056514803585,0.22820328701168033,0.14521001890404572,0.28319525111299,0.3186894074044798,0.3096499243802682,0.2582613268343818,0.22725670413661733,656.0,535.0,893.0,686.0,1023.0,1,6.48768401848461,1,6.284134161070802,1,6.795705775173514,1,6.532334292222349,1,6.931471805599453,5,8.24117615049496,52.0,1,Pass,1
685831,0.2503401498294784,0.2657763948815365,0.364050243162794,0.1758902489122925,0.33397793990890756,0.2805251919147531,0.10184522508534198,0.09218725170712491,0.2927343837275976,0.21443276581324386,0.2354437554432693,0.19623789960553134,0.08389156586845431,0.3495370003653504,0.211208860524844,0.23369090281249918,0.43614048042759007,0.45987093926162675,0.18183836699475966,0.24038043375300447,574.0,310.0,286.0,427.0,304.0,1,6.354370040797351,1,5.739792912179234,1,5.659482215759621,1,6.059123195581797,1,5.720311776607412,5,7.550661243105336,94.0,1,Pass,1
685928,0.2031352725880511,0.0,0.0,0.0,0.0,0.0,0.0,0.0,0.0,0.0,0.0,0.0,0.0,0.0,0.0,0.7968647274119488,0.0,0.0,0.0,0.0,49.0,,,,,1,3.912023005428146,0,0.0,0,0.0,0,0.0,0,0.0,1,3.912023005428146,66.0,1,Fail,0
686065,0.28677983405887214,0.1847520662893748,0.31556779877776625,0.28634839312155946,0.23322018718119683,0.17544427800762677,0.3038989439733653,0.1823659830050358,0.25791481694399565,0.2518594865430116,0.29308417395412495,0.22156336817704067,0.12949893982551036,0.2479637320239673,0.23289672139499554,0.2446917139793762,0.2897856215602192,0.3725672783916876,0.20777305791047754,0.28202360488079614,552.0,576.0,469.0,748.0,1324.0,1,6.315358001522335,1,6.3578422665081,1,6.152732694704104,1,6.618738983517219,1,7.1891677384203225,5,8.207946941048617,84.0,1,Distinction,1
686164,0.2788249414296643,0.0,0.0,0.0,0.0,0.5142093852710404,0.0,0.0,0.0,0.0,0.0,0.0,0.0,0.0,0.0,0.20696567329929524,0.0,0.0,0.0,0.0,68.0,,,,,1,4.23410650459726,0,0.0,0,0.0,0,0.0,0,0.0,1,4.23410650459726,62.0,1,Fail,0
686314,0.42578812813653916,0.32258711585782385,0.6867238292049638,0.15772293228004947,0.0,0.26021645646935043,0.29429123451821426,0.151549682661016,0.0,0.0,0.08050196368755909,0.0,0.16172648813402027,0.0,0.0,0.2334934517065513,0.3831216496239617,0.0,0.8422770677199506,0.0,215.0,123.0,207.0,198.0,,1,5.375278407684165,1,4.820281565605037,1,5.337538079701318,1,5.293304824724492,0,0.0,4,6.612041034833092,74.0,1,Pass,1
686317,0.266167870550661,0.28279930200697506,0.22856528224802408,0.0,0.6951349056222612,0.1974523192326938,0.10077732170737774,0.056597870658699305,0.4126330706124849,0.0,0.2226262777189188,0.07841999889691069,0.2194550599101059,0.15614065061686433,0.0,0.31375353249772653,0.5380033773887365,0.4953817871831708,0.4312262787706509,0.3048650943777388,275.0,168.0,161.0,64.0,338.0,1,5.62040086571715,1,5.1298987149230735,1,5.087596335232384,1,4.174387269895637,1,5.82600010738045,5,6.914730892718563,92.0,1,Pass,1
686344,0.4084981922546358,0.180147269271949,0.18290252062806167,0.07172204705121667,0.19182889552031634,0.18958873928535072,0.27654830848146067,0.2968370818141174,0.25022718316794496,0.3265166545540519,0.15715708825707553,0.2649009819854999,0.3166549675335699,0.5166105029116097,0.2715853452608344,0.244755980202938,0.27840344026109043,0.20360543002425108,0.16144026686922863,0.21006910466479747,999.0,542.0,546.0,907.0,1003.0,1,6.907755278982137,1,6.297109319933935,1,6.304448802421981,1,6.811244378601294,1,6.911747300251674,5,8.293549515060345,78.0,1,Pass,1
686348,0.25654103801809125,0.15582683195067615,0.1808182011588137,0.2600319905845943,0.39499289543173915,0.2816255985662348,0.2858835819626192,0.4257891817070475,0.14080422513595175,0.26693159156848534,0.22832840878713276,0.2447190178165406,0.20568066509381858,0.21148855084510326,0.11677202936795723,0.2335049546285412,0.31357056827016405,0.18771195204032026,0.3876752334343507,0.22130348363181832,1557.0,940.0,862.0,1349.0,677.0,1,7.351158226430694,1,6.846943139585379,1,6.760414691083428,1,7.2078598714324755,1,6.519147287940395,5,8.591558273371545,78.0,1,Pass,1
686498,0.28493722667629895,0.24102930658731028,0.423863031683868,0.2191414429402539,0.22697267905970395,0.2603442781132554,0.23554028309465702,0.31667997292720873,0.29514151833329727,0.24407394904943022,0.15378253679264214,0.22441796609040382,0.216922788726086,0.24666273157507368,0.23640361044067842,0.3009359584178036,0.29901244422762885,0.0425342066628372,0.23905430715137518,0.29254976145018746,452.0,404.0,488.0,869.0,1365.0,1,6.115892125483034,1,6.003887067106539,1,6.192362489474872,1,6.76849321164863,1,7.2196420401307355,5,8.182838710766026,66.0,1,Pass,1
686522,0.3273717259784924,0.21940584995326762,0.3776267793388794,0.26771084879088164,0.3244681451651467,0.25389412598838873,0.3671505091038406,0.17378505074393422,0.3458686616278084,0.20573394650796556,0.1298531410999968,0.24629274564725714,0.2072611682463501,0.15948945122581668,0.2248319508098606,0.2888810069331221,0.16715089529563462,0.24132700167083646,0.2269310383554934,0.24496595751702718,565.0,345.0,162.0,353.0,758.0,1,6.338594078203183,1,5.846438775057725,1,5.093750200806762,1,5.869296913133774,1,6.63200177739563,5,7.688913336864796,86.0,1,Pass,1
686558,0.06813047424362695,0.2224921790496448,0.30662401692961694,0.03526009084910673,0.16043124161897246,0.42035991639587544,0.3059561620572583,0.0,0.07052018169821346,0.049981200815554884,0.0,0.0,0.0,0.20827749903689055,0.0,0.5115096093604977,0.47155165889309697,0.693375983070383,0.6859422284157892,0.7895875575654727,103.0,137.0,62.0,98.0,172.0,1,4.6443908991413725,1,4.927253685157205,1,4.143134726391533,1,4.59511985013459,1,5.153291594497779,5,6.35088571671474,78.0,1,Pass,1
686700,0.2533580866799565,0.0,0.34813884666913675,0.3779431553151466,0.20581671205102448,0.1973504528037709,0.0,0.0,0.0,0.13508429700446256,0.21602737194211152,0.0,0.0,0.1072568935783168,0.1303333547005362,0.333264088574161,1.0,0.6518611533308633,0.5147999511065366,0.5287656362439768,229.0,72.0,31.0,36.0,87.0,1,5.438079308923196,1,4.290459441148391,1,3.4657359027997265,1,3.6109179126442243,1,4.477336814478207,5,6.1224928095143865,70.0,1,Pass,1
686705,0.3340175440246506,0.16820763982293993,0.296660099128228,0.25089894393678874,0.0,0.1738260193713346,0.2323381239477349,0.28930467231830836,0.2525469971184086,0.0,0.20403705194092145,0.3247235750396971,0.05727028325585481,0.14011214106523862,0.0,0.28811938466309334,0.2747306611896282,0.3567649452976088,0.356441917879564,0.0,318.0,227.0,385.0,213.0,,1,5.765191102784844,1,5.429345628954441,1,5.955837369464831,1,5.365976015021851,0,0.0,4,7.042286171939743,72.0,1,Pass,1
686786,0.3897281007684341,0.18291648735368693,0.4624679509912767,0.0,0.0,0.1757077171061197,0.2986021854814229,0.3918746543726971,0.0,0.0,0.1676148414105769,0.29253962828646757,0.10197831423851944,0.0,0.0,0.26694934071486925,0.22594169887842264,0.04367908039750667,0.0,0.0,409.0,189.0,158.0,,,1,6.016157159698354,1,5.247024072160486,1,5.0689042022202315,0,0.0,0,0.0,3,6.6293632534374485,76.0,1,Fail,0
686946,0.5305018177476122,0.03679192383510098,0.16628605061637816,0.0,0.10815994198007707,0.1301721832895125,0.15341956305114893,0.16628605061637816,0.1361078299066708,0.06034090563475599,0.16256800327880508,0.11662763921604793,0.19972397233238098,0.1617821571710664,0.14345710903596323,0.1767579956840703,0.6931608738977022,0.46770392643486275,0.7021100129222627,0.6880420433492037,160.0,131.0,71.0,113.0,110.0,1,5.081404364984463,1,4.882801922586371,1,4.276666119016055,1,4.736198448394496,1,4.709530201312334,5,6.373319789577012,52.0,1,Fail,0
687007,0.17903177061498607,0.0,0.0,0.0,0.0,0.21655100495823607,0.0,0.0,0.0,0.0,0.13607501749458656,0.0,0.0,0.0,0.0,0.4683422069321913,0.0,0.0,0.0,0.0,343.0,,,,,1,5.840641657373398,0,0.0,0,0.0,0,0.0,0,0.0,1,5.840641657373398,84.0,1,Fail,0
687033,0.1719871043303934,0.3093342114456749,0.0,0.0,0.0,0.0,0.11688128176520218,0.18666736698373312,0.0,0.0,0.0,0.0,0.0,0.0,0.0,0.8280128956696066,0.5737845067891229,0.8133326330162668,0.0,0.0,81.0,150.0,22.0,,,1,4.406719247264253,1,5.017279836814924,1,3.1354942159291497,0,0.0,0,0.0,3,5.537334267018537,86.0,1,Fail,0
687112,0.3649982557745684,0.20342851728937186,0.39312214728222866,0.1748027028833736,0.26536032510588564,0.250604766114864,0.21254048702403838,0.045489796561929516,0.07507504868746588,0.13590097352625355,0.12524470366810345,0.10494240904942678,0.0,0.20355507867171407,0.0,0.2591522744424642,0.4790885866371629,0.5613880561558418,0.5465671697574463,0.5987387013678607,405.0,548.0,416.0,726.0,96.0,1,6.0063531596017325,1,6.3080984415095305,1,6.0330862217988015,1,6.588926477533519,1,4.574710978503383,5,7.692569648067906,74.0,1,Pass,1
687115,0.48723648964685307,0.0,0.1256097388543776,0.3686486452678898,0.0,0.0,0.0,0.0,0.0,0.20099098308060853,0.0,0.4138025495708053,0.0,0.07100585158913626,0.0,0.5127635103531469,0.5861974504291947,0.8743902611456225,0.5603455031429739,0.7990090169193914,75.0,119.0,112.0,82.0,55.0,1,4.330733340286331,1,4.787491742782046,1,4.727387818712341,1,4.418840607796598,1,4.02535169073515,5,6.095824562432225,70.0,1,Pass,1
687304,0.0,0.4160428098715717,0.0,0.0,0.0,0.0,0.0,0.0,0.0,0.0,0.0,0.4749113287249981,0.0,0.0,0.0,0.0,0.10904586140343024,0.0,0.0,0.0,,281.0,,,,0,0.0,1,5.641907070938114,0,0.0,0,0.0,0,0.0,1,5.641907070938114,48.0,1,Fail,0
687331,0.10918124350721849,0.0,0.0,0.0,0.0,0.2718245994079055,0.0,0.0,0.0,0.0,0.09480817174891591,0.0,0.0,0.0,0.0,0.5241859853359601,0.0,0.0,0.0,0.0,485.0,,,,,1,6.186208623900494,0,0.0,0,0.0,0,0.0,0,0.0,1,6.186208623900494,88.0,1,Fail,0
687345,0.08450985073945674,0.1600940072986966,0.10573312998459339,0.0,0.0,0.22785898470042507,0.2565963818462899,0.5056721174170117,0.0,0.0,0.21390606322353592,0.19750694023878496,0.10153050956808739,0.0,0.0,0.47372510133658235,0.3858026706162285,0.2870642430303077,0.0,0.0,189.0,126.0,121.0,,,1,5.247024072160486,1,4.844187086458591,1,4.804021044733257,0,0.0,0,0.0,3,6.07993319509559,66.0,1,Fail,0
687351,0.19536909476353362,0.13661278143456568,0.10769020077003937,0.14756718659401183,0.20107866508189537,0.17049433272314904,0.2585344269383653,0.2605786635243862,0.060298613614796874,0.21264269481871367,0.3289706855573603,0.06456876992016362,0.0,0.14270205528764363,0.12355701843870383,0.30516588695595714,0.5402840217069055,0.6317311357055744,0.6494321445035477,0.4627216216606871,613.0,471.0,336.0,483.0,641.0,1,6.419994928147142,1,6.156978985585555,1,5.820082930352362,1,6.182084906716632,1,6.464588303689961,5,7.841885928984623,98.0,1,Pass,1
687410,0.39426940228824153,0.22365377460384395,0.1296565338473272,0.21875840772701774,0.34152106782999286,0.0,0.14416966576947363,0.19677302965511137,0.20678534199502388,0.2634536379751114,0.27811987466349886,0.3396891071319782,0.0,0.29209116094085996,0.1510119877925084,0.32761072304825967,0.2924874524947043,0.6735704364975613,0.28236508933709836,0.2440133064023874,191.0,288.0,333.0,648.0,414.0,1,5.2574953720277815,1,5.666426688112432,1,5.811140992976701,1,6.47543271670409,1,6.028278520230698,5,7.536363938404511,76.0,1,Pass,1
687434,0.28259704372362343,0.2272556935469544,0.2946061696814982,0.23835892942676892,0.33154570705928377,0.2741294453443063,0.06582804867342497,0.1584649181738499,0.23054043694172127,0.2645141267036121,0.16377632696849598,0.3666903686076239,0.20594563790333584,0.23385159488360843,0.20274739500165992,0.27949718396357437,0.3402258891719968,0.34098327424131597,0.2972490387479014,0.20119277123544418,2276.0,1210.0,1073.0,1305.0,1843.0,1,7.7306140660637395,1,7.099201743553092,1,6.97914527506881,1,7.174724309836376,1,7.519692404116539,5,8.950014029534257,100.0,1,Distinction,1
687468,0.24251783137840557,0.18341510928950214,0.2420410651694705,0.2971254880857725,0.3547544496636191,0.22839217273844467,0.26263812182998536,0.3287802427876271,0.2583170383496018,0.31327307885470596,0.29667843527931004,0.27006217192328125,0.03156097018952805,0.1936091476718517,0.21373438227852734,0.23241156060383977,0.28388459695723134,0.39761772185337446,0.250948325892774,0.11823808920314759,471.0,411.0,502.0,753.0,906.0,1,6.156978985585555,1,6.021023349349527,1,6.220590170099739,1,6.625392368007956,1,6.810142450115136,5,8.020927718981577,78.0,1,Distinction,1
687485,0.4423573488223193,0.13408803043872608,0.07400695171230352,0.11453726529767266,0.3188399385208688,0.04043547084496368,0.3026444723484088,0.2935487500345717,0.6376990253161826,0.3015346183743232,0.24697041423345356,0.23394447741876834,0.15320019068911908,0.031949362168957746,0.15969630145976355,0.27023676609926356,0.3293230197940967,0.4792441075640056,0.215814347217187,0.2199291416450445,359.0,598.0,465.0,305.0,619.0,1,5.886104031450156,1,6.395261598115449,1,6.144185634125646,1,5.723585101952381,1,6.429719478039138,5,7.760893195851024,66.0,1,Pass,1
687503,0.3444523865693123,0.20132609102091506,0.22155949381171466,0.17513701800006462,0.31310257245733114,0.32575220991831033,0.2536066634659761,0.45263927260964687,0.2492463914282209,0.2774858344041363,0.09183238343350834,0.14238444647407694,0.10809752528940442,0.2614907387806271,0.2775531123664093,0.23796302007886902,0.40268279903903187,0.21770370828923408,0.3141258517910873,0.13185848077212317,824.0,655.0,809.0,1331.0,1786.0,1,6.715383386334681,1,6.486160788944089,1,6.697034247666484,1,7.194436851100335,1,7.488293515159428,5,8.595264726836392,62.0,1,Pass,1
687525,0.4341180114893692,0.08444761238918817,0.0,0.0,0.0,0.25900422846726995,0.3716797689221423,0.0,0.0,0.0,0.04883495107747124,0.3594946326399546,0.0,0.0,0.0,0.2580428089658896,0.18437798604871486,0.0,0.0,0.0,208.0,227.0,,,,1,5.342334251964811,1,5.429345628954441,0,0.0,0,0.0,0,0.0,2,6.077642243349034,68.0,1,Fail,0
687686,0.14370294078476642,0.24301364105238069,0.056353008829215824,0.2524508945019405,0.0,0.1756190599574735,0.2702314639928114,0.0436006393233901,0.15356532440193585,0.0,0.3422314710985447,0.0995878325598547,0.05061877470001509,0.16620644746029084,0.0,0.3384465281592154,0.38716706239495313,0.849427577147379,0.42777733363583265,0.0,299.0,251.0,398.0,168.0,,1,5.703782474656201,1,5.529429087511423,1,5.988961416889864,1,5.1298987149230735,0,0.0,4,7.018401799069201,92.0,1,Fail,0
687846,0.4500615299778086,0.21975905977011162,0.0,0.0,0.0,0.0,0.19964885549565412,0.0,0.25241593245996696,0.0,0.2884650038625589,0.0,0.0,0.0,0.0,0.2614734661596325,0.5805920847342342,1.0,0.747584067540033,0.0,343.0,154.0,46.0,391.0,,1,5.840641657373398,1,5.043425116919247,1,3.8501476017100584,1,5.971261839790462,0,0.0,4,6.840546529288687,78.0,1,Pass,1
687910,0.20473729809147992,0.07177269915023321,0.5223160859739134,0.14906619624577286,0.35790653552668494,0.20922778999554492,0.34314640631041754,0.38837348644288444,0.3171334059784999,0.24071134591287538,0.28517446142015046,0.1513766294897235,0.029303065500005356,0.40025021341187383,0.19257906087747656,0.3008604504928246,0.4337042650496258,0.06000736208319667,0.13355018436385332,0.20880305768296314,537.0,460.0,502.0,996.0,841.0,1,6.2878585601617845,1,6.133398042996649,1,6.220590170099739,1,6.904750769961838,1,6.7357800142423265,5,8.112827478751374,58.0,1,Pass,1
687930,0.2728704445818449,0.19932311510699977,0.31844989219245007,0.23375020927551254,0.4020989838161174,0.16662796030263083,0.2967429352105699,0.12062519727973353,0.23732857149430422,0.2282493858620248,0.27155067089516344,0.2523952929961737,0.01682377392447876,0.21870958853866618,0.28525406657236285,0.28895092422036084,0.25153865668625663,0.5441011366033377,0.31021163069151714,0.08439756374949506,1069.0,857.0,284.0,1557.0,1104.0,1,6.975413927455952,1,6.754604099487962,1,5.652489180268651,1,7.351158226430694,1,7.007600613951853,5,8.491259809389733,76.0,1,Pass,1
687931,0.2656703284641163,0.3414924622075364,0.25610919314391717,0.26858113553371604,0.15843843011393235,0.19208846359020756,0.2589523578711977,0.3470738807688893,0.1585334875837431,0.4314584050815503,0.3109037657163341,0.19584592056801617,0.07211668759143845,0.25049486575301966,0.27403100948136927,0.23133744222934205,0.2037092593532498,0.3247002384957551,0.3223905111295211,0.13607215532314793,679.0,484.0,510.0,387.0,600.0,1,6.522092798170152,1,6.184148890937483,1,6.236369590203704,1,5.961005339623274,1,6.398594934535208,5,7.886457270977689,76.0,1,Pass,1
687988,0.39759076685323064,0.16305865575016582,0.21549354578543706,0.2484494669255982,0.2627939631636354,0.18740463188809883,0.28954178553345206,0.31599188389515337,0.16915546755012825,0.3325076037759179,0.0979348777324419,0.257804276357202,0.14853123274065247,0.2686582348016628,0.20230451266064742,0.3170697235262287,0.2895952823591802,0.3199833375787571,0.3137368307226109,0.20239392039979934,318.0,380.0,685.0,824.0,1196.0,1,5.765191102784844,1,5.942799375126701,1,6.530877627725885,1,6.715383386334681,1,7.087573705557973,5,8.132706489693264,80.0,1,Pass,1
688008,0.0,0.2467266816807736,0.6218217787322964,0.19222122745225484,0.32598794212355514,0.23365606851417398,0.3106130810070705,0.20780515957212353,0.13766388288024128,0.5263310515070541,0.35266143008828504,0.035478820365231784,0.17037306169558003,0.4451390982302141,0.07256311888770166,0.41368250139754104,0.40718141694692406,0.0,0.22497579143728966,0.0751178874816892,487.0,371.0,280.0,351.0,822.0,1,6.1903154058531475,1,5.918893854273146,1,5.638354669333745,1,5.863631175598097,1,6.71295620067707,5,7.7458682297922685,94.0,1,Pass,1
688071,0.4582766806894618,0.0,0.0,0.0,0.0,0.0,0.0,0.0,0.0,0.0,0.13225979302563587,0.0,0.0,0.0,0.0,0.40946352628490235,0.0,0.0,0.0,0.0,75.0,,,,,1,4.330733340286331,0,0.0,0,0.0,0,0.0,0,0.0,1,4.330733340286331,90.0,1,Fail,0
688127,0.3328560158935197,0.3611217352011898,0.07295744596636877,0.17564229500180303,0.49885002094744846,0.24371014303365152,0.09875019336162742,0.09075373627813385,0.017264386578088542,0.0,0.15384928564436026,0.1583051436868392,0.08938789763492894,0.23586221842399868,0.10613690692374222,0.26958455542846854,0.38182292775034354,0.7469009201205685,0.5712310999961098,0.39501307212880926,327.0,567.0,353.0,351.0,695.0,1,5.793013608384144,1,6.342121418721152,1,5.869296913133774,1,5.863631175598097,1,6.54534966033442,5,7.738052297689316,88.0,1,Distinction,1
688136,0.3324265252068225,0.262121883548073,0.38768448862407995,0.31182333839929577,0.4430601311566178,0.23299613818168208,0.2700512938962135,0.16847659520149202,0.2640320127000512,0.20751010807118161,0.18822357934881315,0.27612841486190387,0.12291526657084788,0.18968994589749363,0.20052582486409,0.24635375726268227,0.19169840769380952,0.32092364960358016,0.23445470300315943,0.14890393590811069,2012.0,979.0,338.0,1553.0,1346.0,1,7.607381425639791,1,6.887552571664617,1,5.82600010738045,1,7.348587530927593,1,7.205635176410364,5,8.736971085254146,80.0,1,Fail,0
688192,0.24215916919931565,0.22720679259019536,0.22103911768029938,0.21639470884107906,0.32330996237923976,0.15576312472433568,0.3516287056304424,0.30798063767548284,0.28926164977624064,0.13472868977658606,0.2129679562520981,0.23649074056705688,0.21025571328815917,0.21700554429821703,0.25870000605629256,0.38910974982425056,0.1846737612123055,0.26072453135605866,0.2773380970844634,0.28326134178788154,430.0,391.0,509.0,511.0,886.0,1,6.066108090103747,1,5.971261839790462,1,6.234410725718371,1,6.238324625039508,1,6.787844982309579,5,7.911324018963353,88.0,1,Fail,0
688225,0.2908602050416648,0.22299695513423126,0.23456148334990468,0.0,0.0,0.07846399455238387,0.1713559965531226,0.2291654541899489,0.0,0.0,0.12788998096938303,0.2878499735718892,0.20280878692640092,0.0,0.0,0.5027858194365684,0.3177970747407569,0.33346427553374547,0.0,0.0,377.0,543.0,663.0,,,1,5.934894195619588,1,6.298949246855942,1,6.498282149476434,0,0.0,0,0.0,3,7.367708572374371,66.0,1,Fail,0
688250,0.7340078193864896,0.0,0.0,0.0,0.0,0.07676600673080988,0.20644026401933252,0.0,0.0,0.0,0.18922617388270052,0.1854338114416461,0.0,0.0,0.0,0.0,0.6081259245390214,0.0,0.0,0.0,73.0,42.0,,,,1,4.30406509320417,1,3.7612001156935624,0,0.0,0,0.0,0,0.0,2,4.7535901911063645,60.0,1,Fail,0
688265,0.0,0.13113899636916604,0.1000410147395857,0.1810425967800402,0.8615976201144517,0.22404620433133052,0.2542265236314557,0.1830233158041514,0.0,0.0,0.2697057110934832,0.3471551624334847,0.44939938482993375,0.0,0.0,0.5062480845751863,0.2674793175658935,0.2675362846263292,0.8189574032199598,0.13840237988554818,78.0,315.0,96.0,23.0,111.0,1,4.3694478524670215,1,5.755742213586912,1,4.574710978503383,1,3.1780538303479458,1,4.718498871295094,5,6.436150368369428,70.0,1,Fail,0
688337,0.26652892792652777,0.05802290877652025,0.19943136569699602,0.050961256081146704,0.2498211597857164,0.2717421252836636,0.354661086544898,0.13388069740852865,0.2096936083015831,0.2559486859537228,0.2649983002601048,0.2596943262602107,0.13516775898385308,0.4673232334858164,0.20060603682011294,0.19673064652970396,0.327621678418371,0.5315201779106221,0.27202190213145383,0.29362411744044786,470.0,318.0,217.0,404.0,164.0,1,6.154858094016418,1,5.765191102784844,1,5.384495062789089,1,6.003887067106539,1,5.10594547390058,5,7.3613754289773485,66.0,1,Pass,1
688453,0.14171579460124561,0.0,0.0,0.0,0.0,0.24769476773890803,0.0,0.0,0.0,0.0,0.19677662012421,0.0,0.0,0.0,0.0,0.4138128175356365,0.0,0.0,0.0,0.0,181.0,,,,,1,5.204006687076795,0,0.0,0,0.0,0,0.0,0,0.0,1,5.204006687076795,78.0,1,Fail,0
688470,0.36396468665522713,0.260713849524214,0.16235697343639668,0.4034536400616678,0.0,0.20714605237544773,0.0,0.0,0.0,0.0,0.4288892609693252,0.22252876011467526,0.0,0.0,0.0,0.0,0.5167573903611107,0.8376430265636032,0.5965463599383323,0.0,196.0,105.0,93.0,96.0,,1,5.2832037287379885,1,4.663439094112067,1,4.543294782270004,1,4.574710978503383,0,0.0,4,6.19644412779452,78.0,1,Fail,0
688543,0.1680509544742206,0.1987244053978868,0.44859402670808957,0.22470624863549984,0.2387176825046913,0.1626304590084158,0.2859386239961482,0.09728597125525042,0.15980203861040634,0.19058003171992757,0.38118295043273975,0.22032074280290792,0.1118754741183725,0.3700471313049984,0.16854381132843316,0.28813563608462384,0.29501622780305714,0.3422445279182875,0.24544458144909528,0.4021584744469481,386.0,638.0,229.0,566.0,667.0,1,5.958424693029782,1,6.459904454377535,1,5.438079308923196,1,6.340359303727752,1,6.504288173536645,5,7.818832443803404,68.0,1,Pass,1
688667,0.24071407225184185,0.20002357833477155,0.23114844459712922,0.29916371419585086,0.24277127875508533,0.2716097225817866,0.23655292707125378,0.2741509415089821,0.28186218695070114,0.3548252235875849,0.20432761402485594,0.21418956246655252,0.28578439306863207,0.20639064042937325,0.16302840845802818,0.2833485911415156,0.34923393212742215,0.2089162208252566,0.21258345842407478,0.2393750891993015,1600.0,782.0,907.0,1001.0,2096.0,1,7.3783837129967145,1,6.663132695990803,1,6.811244378601294,1,6.90975328164481,1,7.64826303090192,5,8.76201995356159,74.0,1,Pass,1
688685,0.22429814690956204,0.25219505840331796,0.5365074507603463,0.22430492698300772,0.03369314191325161,0.2173240348110449,0.31119834116711254,0.334341794067467,0.16208897557040838,0.23844015220534606,0.2219694683183859,0.15934243940943082,0.04222264808436095,0.31673696282753516,0.5733849136776674,0.3364083499610071,0.2772641610201386,0.08692810708782578,0.29686913461904874,0.1544817922037349,716.0,351.0,312.0,710.0,164.0,1,6.57507584059962,1,5.863631175598097,1,5.746203190540153,1,6.566672429803241,1,5.10594547390058,5,7.720461694599722,86.0,1,Pass,1
688727,0.23166307717280465,0.2502226087464034,0.2607550853176947,0.36504976395667144,0.2820888050985292,0.22721067230839745,0.28550449096993286,0.30623702734611197,0.21050277208427493,0.41884646804973363,0.2264550438556337,0.19157022729101,0.20378276568277734,0.17861038275809712,0.11841964705680788,0.31467120666316417,0.27270267299265366,0.22922512165341585,0.2458370812009566,0.18064507979492941,806.0,1174.0,1039.0,1066.0,1299.0,1,6.693323668269949,1,7.069023426578259,1,6.946975992135418,1,6.9726062513017535,1,7.170119543449628,5,8.591372589590488,76.0,1,Distinction,1
688891,0.2533023332230707,0.26343530046503066,0.35483835025910476,0.605807286109943,0.2782617913689515,0.0,0.4548397984989461,0.35429781676315214,0.1726191261202744,0.0,0.16773787276598606,0.0,0.11441771685652516,0.0,0.17148340000607962,0.5789597940109432,0.2817249010360232,0.17644611612121794,0.22157358776978245,0.5502548086249689,370.0,70.0,644.0,301.0,454.0,1,5.916202062607435,1,4.2626798770413155,1,6.4692503167957724,1,5.71042701737487,1,6.12029741895095,5,7.517520850603031,78.0,1,Fail,0
688895,0.20431905748081303,0.17967961552492906,0.290805187464789,0.22371271385272443,0.33873573343053764,0.2829399158145152,0.14587858997941325,0.22489931424924853,0.2938948022016429,0.24870490662523442,0.20930500236916705,0.27461624125914513,0.24872647031107933,0.16930958188245054,0.160261729118042,0.30343602433550465,0.3998255532365127,0.2355690279748831,0.3130829020631822,0.2522976308261859,411.0,776.0,1101.0,844.0,1786.0,1,6.021023349349527,1,6.655440350367647,1,7.004881989712859,1,6.739336627357174,1,7.488293515159428,5,8.50086053679534,96.0,1,Distinction,1
688976,0.39453074799653554,0.0,0.0,0.349940633855747,0.0,0.27208288408917786,0.4359324164361229,0.0,0.06025817924897201,0.0,0.3092770912742018,0.09829424642899741,0.0,0.0,0.0,0.024109276640084894,0.46577333713487973,0.0,0.5898011868952809,0.0,431.0,245.0,,59.0,,1,6.068425588244111,1,5.5053315359323625,0,0.0,1,4.0943445622221,0,0.0,3,6.601230118728877,80.0,1,Fail,0
689005,0.4392032364941933,0.2558177384600102,0.17037764556684173,0.0,0.42225442393359164,0.21505487934803652,0.11469173258351457,0.1413478213586679,0.17995954744687742,0.17468519353875794,0.10847955423000118,0.21993285730730464,0.448925142047092,0.23423344433133306,0.24919984070271756,0.23726232992776894,0.4095576716491706,0.23934939102739825,0.5858070082217894,0.1538605418249329,283.0,115.0,87.0,106.0,107.0,1,5.648974238161206,1,4.7535901911063645,1,4.477336814478207,1,4.672828834461906,1,4.68213122712422,5,6.54965074223381,66.0,1,Pass,1
689052,0.3352459311329724,0.13611527720683492,0.0,0.0,0.0,0.2349262227474954,0.0,0.0,0.0,0.0,0.0,0.16457180318169162,0.0,0.0,0.0,0.42982784611953223,0.6993129196114735,0.0,0.0,0.0,416.0,40.0,,,,1,6.0330862217988015,1,3.713572066704308,0,0.0,0,0.0,0,0.0,2,6.124683390894205,94.0,1,Fail,0
689056,0.3253901717309389,0.18728385600697103,0.1447284535078345,0.0,0.0,0.25043276116293556,0.2998272670530774,0.0,0.0,0.0,0.3131140790846625,0.2046438866071797,0.0,0.0,0.21488791494821674,0.11106298802146303,0.30824499033277186,0.8552715464921654,0.0,0.7851120850517833,578.0,239.0,26.0,,68.0,1,6.361302477572996,1,5.480638923341991,1,3.295836866004329,0,0.0,1,4.23410650459726,4,6.815639990074331,70.0,1,Pass,1
689260,0.1584491086119899,0.2822277736735721,0.43741184394917176,0.06916539666393641,0.3261253810017998,0.2738900025729296,0.17270691698947044,0.24353472727096542,0.16672837105976776,0.27149016649839897,0.20193648403697953,0.27675636828799277,0.0,0.3128861560154274,0.042300546586104305,0.36572440477810086,0.2683089410489648,0.31905342877986276,0.4512200762608683,0.3600839059136969,402.0,235.0,361.0,223.0,496.0,1,5.998936561946683,1,5.4638318050256105,1,5.8916442118257715,1,5.4116460518550396,1,6.208590026096629,5,7.4489161025442,94.0,1,Pass,1
689280,0.285525009835881,0.2710711434270236,0.24914804392017356,0.23851466930692095,0.2623003069977933,0.3457470025151126,0.1987344744124891,0.3855715951179253,0.14273121372290212,0.3253698186962951,0.21881054518520607,0.16911473802907237,0.04683784222191467,0.2650812287679613,0.15309692433276742,0.14991744246380032,0.3610796441314149,0.3184425187399864,0.3536728882022156,0.2592329499731443,752.0,649.0,1131.0,1036.0,913.0,1,6.6240652277998935,1,6.476972362889683,1,7.0317412587631285,1,6.9440872082295275,1,6.81783057145415,5,8.407824654360873,100.0,1,Distinction,1
689347,0.17601128773883146,0.20233632490139336,0.18360831794319302,0.32393792299698465,0.16532889142864124,0.26748617745225295,0.27472818542446026,0.14977231714664438,0.3588781290888587,0.25043520697828,0.22051569425515546,0.11554131554866255,0.37725049102628466,0.12366520333819248,0.3201928640529519,0.3359868405537601,0.40739417412548384,0.289368873883878,0.19351874457596416,0.2640430375401268,592.0,221.0,192.0,255.0,431.0,1,6.385194398997726,1,5.402677381872279,1,5.262690188904886,1,5.545177444479562,1,6.068425588244111,5,7.433666540166168,94.0,1,Pass,1
689444,0.27088759945161367,0.2702856926580283,0.2796736431759464,0.49049782401312925,0.0,0.1284094034096171,0.3000648775222056,0.0,0.10384687957199434,0.0,0.22346529704398252,0.23251967494003012,0.03375498687791541,0.0,0.0,0.37723770009478674,0.19712975487973583,0.6865713699461382,0.4056552964148765,0.0,678.0,557.0,172.0,396.0,,1,6.520621127558696,1,6.324358962381311,1,5.153291594497779,1,5.983936280687191,0,0.0,4,7.4977617006225685,92.0,1,Fail,0
689626,0.1406449060645417,0.0,0.0,0.0,0.0,0.0,0.0,0.0,0.0,0.0,0.4008426598085974,0.0,0.0,0.0,0.0,0.45851243412686105,0.0,0.0,0.0,0.0,109.0,,,,,1,4.700480365792417,0,0.0,0,0.0,0,0.0,0,0.0,1,4.700480365792417,50.0,1,Fail,0
689796,0.22428963906216293,0.11993146277314025,0.21953858650189143,0.19192482869501823,0.3458878177822757,0.15418588655853688,0.18964522046114496,0.07525030222349659,0.2305668322452843,0.21883972684592815,0.26593981327220445,0.347815116299001,0.2782822614390331,0.22919912234637901,0.1856853189591929,0.3555846611070957,0.34260820046671386,0.426928849835579,0.3483092167133184,0.24958713641260327,885.0,878.0,771.0,1525.0,2911.0,1,6.786716950605081,1,6.778784897685177,1,6.648984550024776,1,7.330405211844402,1,7.976595409316577,5,8.849513965486398,78.0,1,Pass,1
689832,0.2406074410603487,0.2804704583414535,0.22906243346815372,0.17873613309299824,0.31669947241620505,0.10200966956288582,0.2620007697221586,0.24699351428372981,0.26799947504351296,0.07408899753313139,0.40227650321959735,0.09423099438017458,0.17384730192932307,0.11050960543330528,0.21859838596730558,0.2551063861571681,0.36329777755621334,0.35009675031879345,0.44275478643018357,0.3906131440833579,294.0,234.0,368.0,346.0,470.0,1,5.68697535633982,1,5.459585514144159,1,5.910796644040527,1,5.849324779946859,1,6.154858094016418,5,7.44600149832412,76.0,1,Pass,1
689855,0.2501913394289105,0.17080502944517412,0.17432812923110025,0.25590539381093164,0.17761329965934478,0.1884209157674931,0.28112831770601926,0.45243773384432207,0.1283796613611453,0.4429509898224247,0.12159275719815571,0.2998139924767712,0.27002496758594896,0.2768495363243511,0.17327984064701693,0.43979498760544083,0.24825266037203536,0.10320916933862881,0.33886540850357194,0.20615586987121362,387.0,316.0,487.0,493.0,546.0,1,5.961005339623274,1,5.75890177387728,1,6.1903154058531475,1,6.202535517187923,1,6.304448802421981,5,7.709756864454165,82.0,1,Distinction,1
689924,0.43433815589903974,0.08536680954057654,0.19673420018980353,0.3028386280378072,0.2879223790255759,0.30888177479194734,0.023812469314087394,0.27271106213099794,0.1353942175361002,0.3409062561028957,0.14967168514545723,0.31011537325505756,0.07840315517301157,0.11317247256449695,0.23661664819315292,0.10710838416355563,0.5807053478902785,0.452151582506187,0.44859468186159573,0.13455471667837549,169.0,485.0,177.0,340.0,148.0,1,5.135798437050262,1,6.186208623900494,1,5.181783550292085,1,5.831882477283517,1,5.003946305945459,5,7.1853870155804165,94.0,1,Pass,1
690075,0.41452615378351887,0.05455829672545288,0.04561042425496404,0.03799522518566706,0.14415561799714158,0.5239704469526689,0.47248899455280685,0.0,0.0,0.0,0.06150339926381221,0.24378387220202094,0.04561042425496404,0.09821623231140537,0.0,0.0,0.22916883651971937,0.9087791514900719,0.8637885425029276,0.8558443820028585,110.0,250.0,88.0,80.0,77.0,1,4.709530201312334,1,5.5254529391317835,1,4.48863636973214,1,4.394449154672439,1,4.356708826689592,5,6.406879986069314,74.0,1,Pass,1
690198,0.22388478828509606,0.23842185728400137,0.5679182287462273,0.15282211199472862,0.3049725225308417,0.20987183855263639,0.1959691713132334,0.0,0.15604385042867203,0.09418257876483545,0.27897173957870636,0.16895879983953993,0.0,0.12844758553246127,0.1820711092536081,0.2872716335835612,0.39665017156322524,0.4320817712537727,0.5626864520441381,0.4187737894507148,508.0,516.0,297.0,478.0,261.0,1,6.2324480165505225,1,6.248042874508429,1,5.697093486505405,1,6.171700597410915,1,5.568344503761097,5,7.630946580890459,96.0,1,Distinction,1
690382,0.07120278678463061,0.44258539781374673,0.08883055411909928,0.36130743936508,0.0,0.21360836035389183,0.045690948611598135,0.28158619439410726,0.16384107685904625,0.0,0.25525932056974465,0.11810938878335855,0.0,0.16384107685904625,0.0,0.4599295322917329,0.39361426479129663,0.6295832514867935,0.3110104069168274,0.0,42.0,310.0,40.0,47.0,,1,3.7612001156935624,1,5.739792912179234,1,3.713572066704308,1,3.871201010907891,0,0.0,4,6.0867747269123065,68.0,1,Pass,1
690585,0.0,0.0,0.0,0.0,0.0,0.3576807307532282,0.0,0.0,0.0,0.0,0.09997821402509585,0.0,0.0,0.0,0.0,0.542341055221676,0.0,0.0,0.0,0.0,117.0,,,,,1,4.770684624465665,0,0.0,0,0.0,0,0.0,0,0.0,1,4.770684624465665,60.0,1,Fail,0
690628,0.2644653363112717,0.1308282934796837,0.19783387214770656,0.31409744047208427,0.17114916511025396,0.2510651112704656,0.32235187059612364,0.1995602173403846,0.06524346597564201,0.3291905436106658,0.12509905228334692,0.23895827791930982,0.3222309728180369,0.15307003990859547,0.15913913750451808,0.3593705001349158,0.30786155800488263,0.2803749376938719,0.4675890536436782,0.3405211537745624,468.0,416.0,706.0,593.0,686.0,1,6.150602768446279,1,6.0330862217988015,1,6.561030665896573,1,6.386879319362645,1,6.532334292222349,5,7.962067308753666,68.0,1,Pass,1
690635,0.5651834122877927,0.04245009580677154,0.04149428966982045,0.2772254597571087,0.280436818508267,0.0,0.1410161658911746,0.15066285096546383,0.33656373580831433,0.4774828667230087,0.06099022674211837,0.34398534381693413,0.0,0.03638309738433857,0.0,0.37382636097008887,0.47254839448511987,0.8078428593647158,0.34982770705023825,0.2420803147687243,66.0,126.0,212.0,125.0,180.0,1,4.204692619390966,1,4.844187086458591,1,5.3612921657094255,1,4.836281906951478,1,5.198497031265826,5,6.565264970035361,94.0,1,Distinction,1
690746,0.2116648141564437,0.1760365088320586,0.2928853936346868,0.2657285179470757,0.4068860574938148,0.1453112995624407,0.28579348252922954,0.2754181018825556,0.34072509192176886,0.2979499520761386,0.31506294818994873,0.21118770857716412,0.15604655372894477,0.20239734721441627,0.1733827587464403,0.3279609380911668,0.3269823000615477,0.2756499507538129,0.19114904291673918,0.1217812316836064,999.0,957.0,1052.0,1162.0,1368.0,1,6.907755278982137,1,6.86484777797086,1,6.959398512133975,1,7.0587581525186645,1,7.221835825288449,5,8.619569258033104,94.0,1,Distinction,1
690832,0.0,0.27615988517884577,0.435195600620321,0.09885435612408593,0.0,0.13061263608543966,0.3768368330714128,0.0,0.21585624154877944,0.0,0.7111312565746121,0.22490872447893145,0.48303035191774457,0.5902999339471532,0.0,0.15825610733994824,0.12209455727080996,0.08177404746193434,0.0949894683799814,0.0,336.0,1191.0,67.0,1543.0,,1,5.820082930352362,1,7.083387847625295,1,4.219507705176107,1,7.342131730584722,0,0.0,4,8.051340933292979,72.0,1,Fail,0
690872,0.3887594882883266,0.0385105339280822,0.18073635823523831,0.4316493371373072,0.6677479283178684,0.03692807764524471,0.17184964736094133,0.0,0.059085028409152154,0.13540702516342118,0.07385615529048942,0.3007196104915007,0.2143589087468736,0.15790828328183232,0.05812034290307402,0.5004562787759391,0.48892020821947574,0.604904733017888,0.3513573511717083,0.13872470361563638,138.0,351.0,926.0,674.0,300.0,1,4.9344739331306915,1,5.863631175598097,1,6.831953565565855,1,6.51471269087253,1,5.707110264748875,5,7.779048644925556,92.0,1,Pass,1
691269,0.15104372755247505,0.1571563898159206,0.36115900216364194,0.1592203289775555,0.387047294619797,0.2432879587005999,0.2960437531876149,0.018198151579123023,0.2772291685237581,0.21095449213077236,0.2253945781264009,0.17941731381611564,0.27495927488890554,0.01848237861270748,0.11907719852789346,0.38027373562052397,0.3673825431803488,0.34568357136832956,0.5450681238859788,0.2829210147215372,416.0,382.0,695.0,427.0,323.0,1,6.0330862217988015,1,5.948034989180646,1,6.54534966033442,1,6.059123195581797,1,5.780743515792329,5,7.716015266642587,74.0,1,Pass,1
691280,0.5150329416534495,0.4560853016212594,0.3475860237962113,0.1578516523130641,0.36720043323168594,0.07874380211588164,0.0,0.0425445795077493,0.08339631653102687,0.12240014441056199,0.12782082090783758,0.1995912033138983,0.0,0.2194098504997418,0.0,0.27840243532283127,0.3443234950648423,0.6098693966960395,0.5393421806561672,0.510399422357752,338.0,26.0,116.0,51.0,9.0,1,5.82600010738045,1,3.295836866004329,1,4.762173934797756,1,3.9512437185814275,1,2.302585092994046,5,6.293419278846481,66.0,1,Pass,1
691326,0.2756768670273339,0.23809818561965407,0.327741342938725,0.45481554044352007,0.44005099887431093,0.2192221447405309,0.2566524913910503,0.3302857077851799,0.1882125498242786,0.33850395262640315,0.15261762283666827,0.24271871425415142,0.06908617428563861,0.07906596675707599,0.05172209169476075,0.35248336539546693,0.2625306087351443,0.2728867749904563,0.27790594297512533,0.16972295680452518,994.0,1493.0,444.0,501.0,1023.0,1,6.902742737158593,1,7.309212365692763,1,6.09807428216624,1,6.218600119691729,1,6.931471805599453,5,8.40200678160712,84.0,1,Fail,0
691375,0.2913562301364264,0.3119616071110471,0.12747437809211204,0.0,0.0,0.16863800752753152,0.3066592373518348,0.47545378650255543,0.0,0.0,0.19173426142691938,0.14877756193696257,0.02485228006935687,0.0,0.0,0.3482715009091227,0.23260159360015562,0.3722195553359757,0.0,0.0,517.0,269.0,159.0,,,1,6.249975242259483,1,5.598421958998375,1,5.075173815233827,0,0.0,0,0.0,3,6.852242569051878,72.0,1,Fail,0
691465,0.10688263561355975,0.31524018738939635,0.30217611694699636,0.02884739264542681,0.2878521522877849,0.07125509040903984,0.21384402364535687,0.08657143371687533,0.1823711420293708,0.18696164353423766,0.4991482644126306,0.21444574667793198,0.34742970229764253,0.16677715368049814,0.23588780054839759,0.32271400956476987,0.25647004228731485,0.26382274703848585,0.6220043116447043,0.28929840362957987,111.0,334.0,272.0,159.0,667.0,1,4.718498871295094,1,5.814130531825066,1,5.60947179518496,1,5.075173815233827,1,6.504288173536645,5,7.342131730584722,62.0,1,Fail,0
691699,0.36200584148248394,0.24462206449933677,0.09286754210052614,0.33528986229875507,0.16268992857116182,0.123033962807115,0.2212697802282407,0.12990309388557872,0.16883170472237957,0.4177184939322806,0.22744202986490478,0.25096439489097205,0.20632649578034726,0.2877157811109184,0.20138060885050807,0.2875181658454964,0.28314376038145045,0.570902868233548,0.20816265186794697,0.21821096864604944,349.0,306.0,198.0,317.0,411.0,1,5.857933154483459,1,5.726847747587197,1,5.293304824724492,1,5.762051382780177,1,6.021023349349527,5,7.366445148327599,96.0,1,Pass,1
691722,0.2221017351251813,0.25856453167283266,0.21281358057476324,0.281972703712151,0.3714607541588738,0.2135199914696217,0.26668849329099636,0.2993373877736648,0.2080017411189829,0.2661173393255366,0.26212939585270895,0.20786492570464424,0.20790473462253137,0.18807812900785734,0.16455480439385303,0.3022488775524879,0.26688204933152676,0.27994429702904067,0.3219474261610088,0.19786710212173664,807.0,773.0,686.0,738.0,926.0,1,6.694562058521095,1,6.651571873589727,1,6.532334292222349,1,6.6052979209482015,1,6.831953565565855,5,8.27664912542186,88.0,1,Distinction,1
691873,0.031009500821180053,0.2200655392923657,0.2941384171002104,0.09204156352420129,0.32809193125242214,0.34867730468324776,0.3205464358803155,0.22911704504519856,0.17528790525851534,0.4307574179634886,0.2753579980902084,0.27262513977908825,0.2514472054032265,0.2767063086950734,0.14855643635785523,0.3449551964053638,0.1867628850482305,0.22529733245136463,0.4559642225222099,0.0925942144262339,224.0,279.0,56.0,554.0,476.0,1,5.41610040220442,1,5.634789603169249,1,4.04305126783455,1,6.318968113746434,1,6.1675164908883415,5,7.371489295214277,74.0,1,Pass,1
691932,0.12106118306278789,0.31971995750019605,0.22773650902874543,0.17183629099088693,0.2969121634546337,0.29397638550353283,0.20867918923612064,0.2844438357433029,0.2876563208068242,0.22332710825413665,0.20986753010118886,0.21103931967758527,0.3373220482326955,0.25774155137468224,0.1552888818382872,0.37509490133249046,0.260561533586098,0.15049760699525616,0.2827658368276067,0.3244718464529424,991.0,555.0,959.0,728.0,1337.0,1,6.899723107284872,1,6.320768294250582,1,6.866933284461882,1,6.591673732008658,1,7.198931240688173,5,8.427487278331744,84.0,1,Pass,1
692010,0.2891241312086503,0.2526189469064103,0.2606161377543108,0.21952698213900473,0.2965921108312928,0.36510725694298163,0.3443671058773263,0.28853154752988425,0.21309664135467513,0.5090589016322558,0.06912712482759169,0.20814645933189607,0.32316987189079827,0.13890356231309114,0.05000401733089925,0.2766414870207764,0.19486748788436745,0.12768244282500682,0.42847281419322897,0.14434497020555243,1060.0,735.0,794.0,712.0,1034.0,1,6.966967138613983,1,6.601230118728877,1,6.678342114654332,1,6.569481420414296,1,6.942156705699469,5,8.374707543119483,76.0,1,Pass,1
692097,0.2639635676641806,0.31943596013560954,0.22403129050236997,0.3340300527070076,0.2552861324086664,0.22409130175808759,0.1941845135056663,0.15487385254657174,0.1334750113444696,0.2712572399869661,0.2038439250818917,0.23356016112155564,0.3392931786319325,0.2705994604373952,0.191894095171091,0.3081012054958401,0.2528193652371684,0.28180167831912567,0.2618954755111277,0.28156253243327656,694.0,415.0,748.0,1334.0,1198.0,1,6.543911845564792,1,6.030685260261263,1,6.618738983517219,1,7.19668657083435,1,7.089243155027514,5,8.387084506069217,72.0,1,Pass,1
692220,0.26551394834224895,0.20354624989114542,0.2519876596609855,0.38351856579656207,0.3565783902148881,0.17384391994114265,0.32680357411523303,0.1270256451167175,0.2040378833672257,0.3489344510530594,0.3143418206478656,0.21604294294362328,0.16114804181159667,0.16832464966740285,0.051762706152984776,0.24630031106874284,0.25360723304999827,0.45983865341070024,0.24411890116880944,0.2427244525790677,449.0,217.0,441.0,517.0,430.0,1,6.1092475827643655,1,5.384495062789089,1,6.091309882077698,1,6.249975242259483,1,6.066108090103747,5,7.628031126930335,66.0,1,Pass,1
692297,0.09749070770609483,0.0,0.0,0.0,0.0,0.4065289394719496,0.0,0.0,0.0,0.0,0.0,0.326556391810684,0.0,0.0,0.0,0.49598035282195563,0.6734436081893159,0.0,0.0,0.0,43.0,45.0,,,,1,3.784189633918261,1,3.828641396489095,0,0.0,0,0.0,0,0.0,2,4.48863636973214,60.0,1,Fail,0
692301,0.09306730391297606,0.20233018090533728,0.0,0.0,0.35090678179033274,0.16383330186548942,0.1838408657867537,0.06558778865161721,0.0,0.0,0.27074876670214365,0.0,0.06558778865161721,0.09225272501117676,0.0,0.4723506275193909,0.613828953307909,0.8688244226967655,0.9077472749888232,0.6490932182096671,195.0,62.0,50.0,125.0,61.0,1,5.278114659230517,1,4.143134726391533,1,3.9318256327243257,1,4.836281906951478,1,4.127134385045092,5,6.202535517187923,74.0,1,Pass,1
692334,0.1860154797124299,0.40113604839387934,0.18821173780272105,0.4441271707629139,0.16073167758845275,0.27884760832183986,0.19405919408484384,0.39754144730964275,0.24410236761204937,0.2951424099044047,0.0,0.1829234413192431,0.15635157450763018,0.10098690442109945,0.17475646256286043,0.5351369119657302,0.2218813162020336,0.25789524038000605,0.21078355720393713,0.36936944994428217,388.0,474.0,447.0,881.0,1782.0,1,5.963579343618446,1,6.163314804034641,1,6.104793232414985,1,6.782192056006791,1,7.48605261786314,5,8.287276755814599,88.0,1,Pass,1
692454,0.3074486504696669,0.32228148496737113,0.2928858540878411,0.36090178127787126,0.34361983362826354,0.25428794446005915,0.30668072244342137,0.3228002051941123,0.33738651016417043,0.272822407494263,0.14023976675520733,0.02855932826427563,0.18947673692007164,0.23520377217395727,0.04626296365117472,0.2980236383150666,0.3424784643249319,0.19483720379797498,0.0665079363840009,0.3372947952262989,694.0,327.0,704.0,826.0,425.0,1,6.543911845564792,1,5.793013608384144,1,6.558197802812269,1,6.717804695023691,1,6.054439346269371,5,7.998671361015776,64.0,1,Pass,1
692612,0.19959045042437942,0.3106150979580284,0.1392576202453423,0.293319207650002,0.3458958042309234,0.147808629005498,0.23153682946580928,0.17564857360974573,0.32678277555306046,0.33667580312030004,0.23662922722340254,0.22285784998785763,0.3144994750701759,0.19226280955925837,0.22574972765469029,0.41597169334672013,0.23499022258830482,0.3705943310747361,0.18763520723767904,0.09167866499408649,534.0,780.0,1301.0,600.0,1077.0,1,6.282266746896006,1,6.660575149839686,1,7.171656822768514,1,6.398594934535208,1,6.982862751468942,5,8.36474106822456,94.0,1,Pass,1
692632,0.10662224169925826,0.13569475927379376,0.0,0.0,0.0,0.20777054794723532,0.18239018627056555,0.0,0.0,0.0,0.2152069541872947,0.12802325817126875,0.0,0.0,0.0,0.4704002561662116,0.553891796284372,0.0,0.0,0.0,315.0,291.0,,,,1,5.755742213586912,1,5.676753802268282,0,0.0,0,0.0,0,0.0,2,6.408528791059498,94.0,1,Fail,0
692893,0.3159483955229315,0.0,0.10853618536726482,0.4119460941410123,0.2927923791264738,0.08147263620678101,0.0,0.0,0.07949873653673346,0.039223384490125,0.3153345669013937,0.5839591695969334,0.1925112413589748,0.0,0.3394786145461153,0.2872444013688938,0.4160408304030668,0.6989525732737604,0.5085551693222542,0.32850562183728593,224.0,102.0,164.0,210.0,331.0,1,5.41610040220442,1,4.634728988229636,1,5.10594547390058,1,5.351858133476067,1,5.805134968916488,5,6.939253946041508,70.0,1,Pass,1
692946,0.295873525663805,0.0,0.4909768677282434,0.0,0.0,0.0,0.19831825364783995,0.3054138793630539,0.0,0.0,0.30367134970178755,0.3966365072956799,0.0,0.0,0.0,0.4004551246344075,0.4050452390564801,0.20360925290870263,0.0,0.0,118.0,40.0,53.0,,,1,4.77912349311153,1,3.713572066704308,1,3.9889840465642745,0,0.0,0,0.0,3,5.356586274672012,80.0,1,Fail,0
692962,0.10108391679406686,0.24318300641995447,0.3248832678840175,0.32660348704238945,0.29948545986336694,0.25379921070346756,0.23796664055106923,0.33940248428727315,0.2498912148680638,0.15833823517359,0.21634612067105188,0.20530447232641322,0.13450902316451044,0.21460800149633022,0.23088080515947806,0.4287707518314137,0.3135458807025631,0.20120522466419893,0.20889729659321654,0.311295499803565,711.0,901.0,557.0,610.0,1354.0,1,6.568077911411976,1,6.804614520062624,1,6.324358962381311,1,6.415096959171596,1,7.2115567333138015,5,8.327000740241713,86.0,1,Pass,1
692968,0.30688660283981367,0.06875389762433025,0.257652084745478,0.0,0.4620394265355104,0.10438944728633158,0.49997613847499156,0.0,0.0,0.22151995325861598,0.17200097471936276,0.17550588919945945,0.0,0.8634239524015178,0.029782044635199297,0.4167229751544919,0.25576407470121876,0.742347915254522,0.13657604759848213,0.28665857557067426,146.0,236.0,65.0,20.0,453.0,1,4.990432586778736,1,5.4680601411351315,1,4.189654742026425,1,3.044522437723423,1,6.118097198041348,5,6.825460036255307,82.0,1,Pass,1
693160,0.19410586821077372,0.15184815602928167,0.22426838444707412,0.21288652843954736,0.0,0.24978350897952917,0.40919814070948274,0.24810533959147926,0.38534075500983117,0.0,0.2639791989975656,0.2399129824887594,0.20900646651625537,0.0,0.0,0.29213142381213153,0.1990407207724762,0.31861980944519125,0.4017727165506213,0.0,548.0,302.0,454.0,242.0,,1,6.3080984415095305,1,5.713732805509369,1,6.12029741895095,1,5.493061443340548,0,0.0,4,7.344072850573066,80.0,1,Pass,1
693162,0.30116086583275115,0.19001430787930249,0.308161502320162,0.3309864310132504,0.36010126841095164,0.2153234858654574,0.2561228677208051,0.1553725742986806,0.1566203388093857,0.3434213854482724,0.2740478744482134,0.28362583031572414,0.2540193083950441,0.14843248536670364,0.13358269854770766,0.20946777385357818,0.2702369940841684,0.2824466149861133,0.3639607448106602,0.16289464759306832,1091.0,794.0,774.0,1145.0,1171.0,1,6.9957661563048505,1,6.678342114654332,1,6.652863029353347,1,7.044032897274685,1,7.066466970136958,5,8.512381634419015,86.0,1,Distinction,1
693197,0.6396862271230339,0.45767159704529825,0.08059597081654378,0.09220422454888745,0.0,0.0,0.04790071076317829,0.307359834586527,0.0,0.8187145279713437,0.03252864234490809,0.23950355381589142,0.10170079201226868,0.0,0.0,0.327785130532058,0.25492413837563205,0.5103434025846606,0.9077957754511126,0.1812854720286562,224.0,123.0,77.0,101.0,496.0,1,5.41610040220442,1,4.820281565605037,1,4.356708826689592,1,4.624972813284271,1,6.208590026096629,5,6.92951677076365,74.0,1,Pass,1
693236,0.17747273076167885,0.22858588224329454,0.4155559994300895,0.2844640167643833,0.5705412071491727,0.17722624805967335,0.15539648446859866,0.2647695767258905,0.2330764673890701,0.08394880294993759,0.2022537140871908,0.18467704853786962,0.06176638057832996,0.29248750999673784,0.1002507002424625,0.44304730709145684,0.4313405847502372,0.25790804326568995,0.1899720058498088,0.24525928965842714,435.0,448.0,306.0,221.0,458.0,1,6.077642243349034,1,6.1070228877422545,1,5.726847747587197,1,5.402677381872279,1,6.129050210060545,5,7.533158807455563,62.0,1,Pass,1
693345,0.26793839182948403,0.0,0.5082725929883202,0.4563916775181332,0.5275425849341518,0.30190196790101614,0.0,0.08732818720638208,0.036433353556901235,0.0,0.17443151649297572,0.0,0.0,0.0,0.09055496871736297,0.2557281237765241,1.0,0.40439921980529775,0.5071749689249655,0.3819024463484852,354.0,75.0,195.0,498.0,469.0,1,5.872117789475416,1,4.330733340286331,1,5.278114659230517,1,6.212606095751519,1,6.152732694704104,5,7.3727463664043285,94.0,1,Pass,1
693373,0.2749641064297263,0.17060176282629394,0.46576899209697575,0.1558137840034087,0.22203418244462347,0.23139206782761795,0.2316654983796934,0.049283235565077806,0.08348895880981447,0.1626911085839744,0.1882795608912149,0.26479877846190863,0.1232080889126945,0.3671560947528148,0.30915491403753553,0.3053642648514408,0.33293396033210393,0.36173968342525187,0.3935411624339619,0.30611979493386665,420.0,522.0,103.0,1046.0,514.0,1,6.042632833682381,1,6.259581464064923,1,4.6443908991413725,1,6.953684210870537,1,6.244166900663736,5,7.8655717576847906,88.0,1,Distinction,1
693497,0.18988312269014795,0.3366556706854406,0.22454914679129578,0.4433044122179562,0.42039501525631867,0.36686358489860493,0.21064933793756138,0.1480483354260471,0.07451483966536068,0.2459292053763112,0.1876060252598403,0.20703565024912288,0.4613487114643781,0.1730004020835743,0.21434092626590137,0.25564726715140684,0.24565934112787516,0.16605380631827898,0.3091803460331088,0.1193348531014687,819.0,764.0,575.0,463.0,703.0,1,6.709304340258298,1,6.639875833826536,1,6.3561076606958915,1,6.139884552226255,1,6.556778356158042,5,8.109224953089955,78.0,1,Pass,1
693519,0.2282048504687125,0.060785798273585004,0.0,0.0,0.0,0.33324893608419165,0.0,0.18505915780724833,0.0,0.0,0.22875242425125114,0.182357394820755,0.09252957890362416,0.0,0.43509725342578504,0.20979378919584468,0.7568568069056599,0.7224112632891275,1.0,0.564902746574215,296.0,74.0,25.0,68.0,175.0,1,5.6937321388027,1,4.31748811353631,1,3.258096538021482,1,4.23410650459726,1,5.170483995038151,5,6.459904454377535,58.0,1,Pass,1
693628,0.3065698285955806,0.20054147589695706,0.36916722129102153,0.18713584546132733,0.35415273474139086,0.22644834315321022,0.2978991273651483,0.23993584422731176,0.14441257794330292,0.0323175270148928,0.20839548707209185,0.17618953776731933,0.0,0.23811564088847334,0.2268737211780852,0.25858634117911733,0.3253698589705753,0.3908969344816666,0.4303359357068964,0.3866560170656312,523.0,519.0,506.0,651.0,405.0,1,6.261491684321042,1,6.253828811575473,1,6.2285110035911835,1,6.480044561926653,1,6.0063531596017325,5,7.865187954187467,80.0,1,Pass,1
693764,0.11845862103477689,0.07693141847993376,0.3951668112203459,0.5604120918775244,0.0,0.11845862103477689,0.19886483189791535,0.0,0.09978586432377742,0.0,0.17903736412439614,0.4580647680660503,0.0,0.0,0.0,0.5840453938060501,0.26613898155610055,0.6048331887796541,0.3398020437986982,0.0,60.0,45.0,57.0,85.0,,1,4.110873864173311,1,3.828641396489095,1,4.060443010546419,1,4.454347296253507,0,0.0,4,5.5134287461649825,66.0,1,Pass,1
693806,0.3670069401005698,0.27491359366483653,0.6615423317550616,0.703354611369737,0.35461401323257774,0.21123741793800113,0.16258185442812292,0.022936668295677642,0.15011776929275447,0.3216399398614155,0.178828720941381,0.21274348189032707,0.06254446465774244,0.0900337938888711,0.047333737298158776,0.24292692102004812,0.34976107001671347,0.25297653529151826,0.056493825448637416,0.2764123096078479,627.0,596.0,412.0,195.0,1080.0,1,6.4425401664681985,1,6.391917113392602,1,6.023447592961033,1,5.278114659230517,1,6.985641817639208,5,7.976251943745623,96.0,1,Distinction,1
693873,0.2663992778373386,0.09459643243968417,0.13491895397134523,0.0,0.33979554581255733,0.3255420342891481,0.32610057303260015,0.12476855045437192,0.1867732754665691,0.09739197033194336,0.265078763103144,0.2715835682490413,0.0,0.0,0.0,0.14297992477036947,0.30771942627867455,0.7403124955742829,0.8132267245334309,0.5628124838554993,417.0,272.0,190.0,230.0,178.0,1,6.035481432524756,1,5.60947179518496,1,5.25227342804663,1,5.442417710521793,1,5.187385805840755,5,7.160845906664299,84.0,1,Fail,0
693903,0.38154728117863324,0.04071901312326886,0.28142585406044424,0.167927104698997,0.29944099595964474,0.16568218247531016,0.3240166370082663,0.24065362830296283,0.41473098567112976,0.21790899223446206,0.06286245413614167,0.3646041267227419,0.2244239421958201,0.3059708978476836,0.14992595726573837,0.3899080822099149,0.2706602231457231,0.25349657544077286,0.11137101178218953,0.33272405454015475,243.0,206.0,301.0,722.0,507.0,1,5.497168225293202,1,5.332718793265369,1,5.71042701737487,1,6.583409222158765,1,6.230481447578482,5,7.590852123688581,70.0,1,Distinction,1
693907,0.13648610729283683,0.1805353451784125,0.2760648924592675,0.19480134461739923,0.29011773132831103,0.26015180040907254,0.18263883852478857,0.11653410620716514,0.22446633484343845,0.24365163964478073,0.3319067380311541,0.24376254709332323,0.0,0.22239527012808571,0.23273608204426352,0.27145535426693645,0.3930632692034756,0.6074010013335674,0.35833705041107655,0.2334945469826446,449.0,451.0,298.0,447.0,1032.0,1,6.1092475827643655,1,6.113682179832232,1,5.700443573390687,1,6.104793232414985,1,6.940222469119639,5,7.8928255262511176,84.0,1,Pass,1
694128,0.10625488385068776,0.26492180740333315,0.10577491739528888,0.2745260056679176,0.0,0.14298582906459809,0.25216665417844364,0.43079274669798256,0.0936605129326774,0.0,0.3363619346209489,0.20064676194403896,0.09905246775384095,0.29520242360200055,0.0,0.4143973524637652,0.28226477647418424,0.36437986815288753,0.33661105779740436,0.0,257.0,534.0,276.0,80.0,,1,5.552959584921617,1,6.282266746896006,1,5.6240175061873385,1,4.394449154672439,0,0.0,4,7.045776576879511,82.0,1,Pass,1
694144,0.46681115359344516,0.2574513701487707,0.11513379314353066,0.03227297723286391,0.283026283689496,0.16890984110944923,0.35403695628050513,0.2776173379038123,0.25525637123501327,0.26197460314635046,0.1744152009420327,0.2624141842396066,0.0,0.29614637447831305,0.28290390632215373,0.18986380435507288,0.12609748933111758,0.6072488689526568,0.41632427705380987,0.17209520684199975,637.0,261.0,278.0,499.0,638.0,1,6.45833828334479,1,5.568344503761097,1,5.631211781821365,1,6.214608098422191,1,6.459904454377535,5,7.746732907753622,76.0,1,Distinction,1
694221,0.46910967142114945,0.10725129350760687,0.1736196105828541,0.11723911657689479,0.0,0.24521929929011935,0.21899092629553638,0.24161990294487162,0.3818859348491338,0.7635774966732134,0.14443275205385284,0.33956807417332247,0.290696593800722,0.34382080807623566,0.23642250332678655,0.14123827723487847,0.3341897060235342,0.29406389267155225,0.15705414049773575,0.0,176.0,139.0,71.0,433.0,20.0,1,5.176149732573829,1,4.941642422609304,1,4.276666119016055,1,6.073044534100405,1,3.044522437723423,5,6.733401891837359,60.0,1,Fail,0
694376,0.0,0.0,0.0,0.0,0.0,0.15006729210253109,0.0,0.0,0.0,0.0,0.4879898400215152,0.0,0.0,0.0,0.0,0.3619428678759538,0.0,0.0,0.0,0.0,396.0,,,,,1,5.983936280687191,0,0.0,0,0.0,0,0.0,0,0.0,1,5.983936280687191,94.0,1,Fail,0
694428,0.48749641949260675,0.1277080723342241,0.0,0.768357591741897,0.0,0.0,0.27826074225327285,0.0,0.0,0.0,0.0,0.21994636710314935,0.0,0.0715369220914305,0.0,0.5125035805073933,0.37408481830935364,0.0,0.16010548616667264,1.0,372.0,116.0,,313.0,258.0,1,5.921578419643816,1,4.762173934797756,0,0.0,1,5.749392985908253,1,5.556828061699537,4,6.966024187106113,64.0,1,Pass,1
694456,0.18800100735432593,0.1581795909397823,1.0,0.0,0.0,0.2848489558030499,0.0,0.0,0.0,0.0,0.14663919489616453,0.3163591818795646,0.0,0.0,0.0,0.38051084194645957,0.5254612271806532,0.0,1.0,0.0,606.0,13.0,33.0,134.0,,1,6.408528791059498,1,2.6390573296152584,1,3.5263605246161616,1,4.90527477843843,0,0.0,4,6.668228248417403,86.0,1,Pass,1
694622,0.35203486393091227,0.23991032576273072,0.11413748178543924,0.20553132408203498,0.4411924890616833,0.3228629892207765,0.2282330273768059,0.2922110681646675,0.23737003781566388,0.34988192576971955,0.11422494510114714,0.24771778279517748,0.19506867223769192,0.12560539821057032,0.018728330728159468,0.210877201747164,0.2841388640652859,0.39858277781220136,0.43149323989173094,0.19019725444043775,419.0,611.0,379.0,738.0,560.0,1,6.040254711277414,1,6.416732282512326,1,5.940171252720432,1,6.6052979209482015,1,6.329720905522696,5,7.903965634032166,66.0,1,Pass,1
694716,0.2168785749368108,0.1608433499178774,0.4725243853719443,0.07948522564233672,0.05810139623311501,0.16095275785143343,0.21746487858251365,0.2295479440204219,0.03514153968950048,0.2599367025345399,0.0969268866110151,0.40311063836564,0.11525537307040566,0.0736532680987944,0.11502289483419313,0.5252417806007407,0.21858113313396896,0.1826722975372282,0.8117199665693684,0.566939006398152,327.0,214.0,593.0,300.0,385.0,1,5.793013608384144,1,5.3706380281276624,1,6.386879319362645,1,5.707110264748875,1,5.955837369464831,5,7.506591780070841,86.0,1,Pass,1
694827,0.4369800654572582,0.15878627829458808,0.14118805904894424,0.0,0.4071438234527717,0.22366342010783472,0.037958442007938346,0.09062798491032169,0.14272512947458724,0.16845218581864807,0.09204474109608976,0.34797883955857806,0.24809275230407646,0.15707933675544972,0.2286938151995066,0.24731177333881724,0.4552764401388955,0.5200912037366576,0.7001955337699631,0.19571017552907358,421.0,297.0,185.0,94.0,756.0,1,6.045005314036012,1,5.697093486505405,1,5.225746673713202,1,4.553876891600541,1,6.6293632534374485,5,7.469654172932128,82.0,1,Pass,1
694836,0.20391742958893733,0.2098943481809011,0.07951013193800759,0.08292747488998475,0.14527387323757535,0.28694730854308037,0.2395212110014412,0.10974077793081108,0.3931011089839609,0.2676995244730016,0.1998788129427604,0.1694675934870769,0.6982443725452572,0.29314210155994896,0.19596445081072036,0.30925644892522197,0.38111684733058065,0.11250471758592406,0.2308293145661055,0.3910621514787028,479.0,438.0,247.0,364.0,749.0,1,6.173786103901937,1,6.0844994130751715,1,5.5134287461649825,1,5.8998973535824915,1,6.620073206530356,5,7.731053144007127,82.0,1,Pass,1
694848,0.3002196105829663,0.362062577047988,0.3816474377122027,0.06212198815320944,0.22135458808724143,0.0254356629433452,0.28988028357352863,0.20435628803547326,0.3192427463742619,0.2539647625288355,0.2769260984692861,0.21282016653974167,0.2157848823364379,0.1390605998196166,0.3626144347527569,0.3974186280044023,0.13523697283874178,0.19821139191588602,0.47957466565291207,0.16206621463116616,721.0,603.0,299.0,594.0,1299.0,1,6.582025138892826,1,6.403574197934815,1,5.703782474656201,1,6.38856140554563,1,7.170119543449628,5,8.165363632473982,96.0,1,Distinction,1
695090,0.0,0.0,0.2514479869820165,0.29363602357934715,0.21889801567168904,0.19546827771967662,0.22088071187910685,0.23774396282545535,0.4517244379507353,0.043779603134337805,0.4577381468800826,0.22371865038231992,0.0,0.0,0.0,0.3467935754002408,0.5554006377385733,0.5108080501925283,0.2546395384699176,0.7373223811939732,116.0,138.0,116.0,29.0,121.0,1,4.762173934797756,1,4.9344739331306915,1,4.762173934797756,1,3.4011973816621555,1,4.804021044733257,5,6.255750041753367,78.0,1,Pass,1
695169,0.43660595394262514,0.2478582435286614,0.23034666351729155,0.03892299232590837,0.09075151032621229,0.16720781349205457,0.06169912729163179,0.04194334034011894,0.0,0.2059259135011009,0.12601067158980503,0.3143795402086329,0.0,0.03892299232590837,0.13286981331643627,0.2701755609755153,0.3760630889710739,0.7277099961425896,0.9221540153481832,0.5704527628562507,356.0,366.0,186.0,205.0,188.0,1,5.877735781779639,1,5.905361848054571,1,5.231108616854587,1,5.327876168789581,1,5.241747015059643,5,7.171656822768514,86.0,1,Pass,1
695471,0.40243173858204495,0.347766074417455,0.4428169642507489,0.17317465788652917,0.1298904357635702,0.09279191036517741,0.3495212067095054,0.18440406364020837,0.0,0.09078951844887002,0.0809532556487277,0.0,0.11889843814509815,0.0521307665126933,0.0,0.42382309540404994,0.30271271887303963,0.25388053396394455,0.7746945756007776,0.7793200457875598,279.0,258.0,630.0,65.0,106.0,1,5.634789603169249,1,5.556828061699537,1,6.447305862541213,1,4.189654742026425,1,4.672828834461906,5,7.199678345691172,76.0,1,Pass,1
695485,0.313886232383791,0.14276494741990647,0.04506209750832819,0.1036892452983207,0.26759944895438625,0.2945097574937434,0.21309415779823315,0.09012419501665637,0.0,0.0,0.0,0.33605108317070137,0.4703001131780814,0.040112475623686354,0.1654409140462986,0.3916040101224655,0.30808981161115895,0.39451359429693406,0.8561982790779928,0.5669596369993151,315.0,387.0,77.0,142.0,234.0,1,5.755742213586912,1,5.961005339623274,1,4.356708826689592,1,4.962844630259907,1,5.459585514144159,5,7.052721049232323,90.0,1,Pass,1
695550,0.152637620362993,0.28498112488938976,0.0,0.0,0.0,0.3902782865503376,0.10172282134449158,0.0,0.0,0.0,0.0,0.28258557465768747,0.0,0.0,0.0,0.4570840930866694,0.33071047910843115,0.0,0.0,0.0,192.0,423.0,,,,1,5.262690188904886,1,6.049733455231958,0,0.0,0,0.0,0,0.0,2,6.423246963533519,94.0,1,Fail,0
695637,0.28171763713060843,0.2718347117185016,0.33369307220052796,0.3570562548731778,0.34813948230936476,0.18398181268466104,0.24022127863509551,0.3406000216471803,0.2018597344933923,0.2360306607069616,0.2853151063878584,0.22083594062273912,0.13154213786414906,0.2737344725827562,0.26541691116619254,0.24898544379687207,0.2671080690236638,0.19416476828814264,0.16734953805067376,0.15041294581748121,464.0,650.0,337.0,413.0,493.0,1,6.142037405587356,1,6.478509642208569,1,5.823045895483019,1,6.025865973825314,1,6.202535517187923,5,7.765569081097317,68.0,1,Distinction,1
695700,0.27222058340979666,0.14315048251348492,0.0,0.0,0.0,0.22476656343678025,0.25377290002951125,0.0,0.0,0.0,0.06167718526397898,0.10732047939217748,0.0,0.0,0.0,0.44133566788944417,0.4957561380648263,0.0,0.0,0.0,277.0,212.0,,,,1,5.627621113690637,1,5.3612921657094255,0,0.0,0,0.0,0,0.0,2,6.194405391104672,80.0,1,Fail,0
695729,0.24290826537434823,0.25565984178637774,0.3678533119272562,0.251740903635496,0.2543500899654324,0.22783588602557078,0.2711926404575879,0.16673649928974643,0.1700430469685686,0.40821369975778415,0.24804468949919783,0.20074366700773102,0.13333799057037307,0.29940546273004737,0.1510530025835848,0.28121115910088307,0.2724038507483033,0.33207219821262435,0.27881058666588804,0.1863832076931986,765.0,1038.0,1615.0,1141.0,1673.0,1,6.641182169740591,1,6.946013991099227,1,7.38770923908104,1,7.040536390215956,1,7.422971251049421,5,8.73761303680885,64.0,1,Pass,1
695803,0.28416059666816595,0.21800653582106197,0.1669770030605942,0.27183161084285523,0.33560441891145787,0.09698555443185505,0.2319930981901899,0.21998395016586617,0.2922119437487035,0.3191969717910933,0.2626945256919903,0.24383923040367095,0.21807840639325698,0.05547417955955449,0.11749309226554547,0.35615932320798865,0.3061611355850773,0.3949606403802826,0.3804822658488867,0.2277055170319033,860.0,547.0,381.0,347.0,503.0,1,6.7580945044277305,1,6.306275286948016,1,5.945420608606575,1,5.8522024797744745,1,6.222576268071369,5,7.878155336503324,96.0,1,Pass,1
695869,0.14748539218591225,0.23225857260957655,0.26601013942689267,0.2909249185363418,0.2869067635626163,0.2242538536579923,0.26921737080699654,0.23492108416297214,0.29972209946247647,0.21069495093949145,0.26607376096542573,0.17608529184603386,0.2684794423521324,0.08173841538923715,0.28432161094646713,0.3621869931906697,0.32243876473739314,0.23058933405800267,0.3276145666119446,0.21807667455142518,478.0,540.0,824.0,743.0,1020.0,1,6.171700597410915,1,6.293419278846481,1,6.715383386334681,1,6.612041034833092,1,6.928537818164665,5,8.190354403763262,72.0,1,Pass,1
695926,0.36768908707919523,0.04732390206954234,0.0,0.0,0.0,0.2957133318502498,0.4068503276191605,0.0,0.0,0.0,0.16730760718477014,0.23910430602601607,0.0,0.0,0.0,0.16928997388578484,0.30672146428528113,0.0,0.0,0.0,440.0,347.0,,,,1,6.089044875446846,1,5.8522024797744745,0,0.0,0,0.0,0,0.0,2,6.669498089857879,52.0,1,Fail,0
696039,0.2722036279588987,0.10707958134449559,0.28746511682878334,0.16939270704668422,0.0,0.2323724177030387,0.29544774981523425,0.25835052631949673,0.18119378274223613,0.0,0.0904309229315487,0.18004104728579592,0.0,0.13746346287818592,0.0,0.404993031406514,0.4174316215544743,0.45418435685172,0.5119500473328937,1.0,277.0,244.0,167.0,101.0,90.0,1,5.627621113690637,1,5.501258210544727,1,5.123963979403259,1,4.624972813284271,1,4.51085950651685,5,6.779921907472252,70.0,1,Fail,0
696043,0.19728803248312812,0.23219820797041693,0.24100465629389223,0.07117439245487263,0.326177592878305,0.10429622202203796,0.3916646176574321,0.15694590412892317,0.2779542266503875,0.25356032061210115,0.20859244404407593,0.0,0.1256273216514622,0.22438396815331707,0.12414135290416584,0.4898233014507581,0.3761371743721509,0.47642211792572237,0.42648741274142293,0.296120733605428,126.0,101.0,128.0,527.0,586.0,1,4.844187086458591,1,4.624972813284271,1,4.859812404361672,1,6.269096283706261,1,6.375024819828097,5,7.292337176173877,88.0,1,Distinction,1
696082,0.27509918381117066,0.1435290017640655,0.3318780868046552,0.2089643948468517,0.25062138207932805,0.17394932599655707,0.2520420455791075,0.16419289487034386,0.22118605084691606,0.2542244370118747,0.06562385169982157,0.20229504003020593,0.02394028056717489,0.304282521821939,0.24555889266451994,0.4853276384924507,0.4021339126266211,0.47998873775782613,0.2655670324842931,0.24959528824427718,243.0,267.0,316.0,591.0,552.0,1,5.497168225293202,1,5.5909869805108565,1,5.75890177387728,1,6.3835066348840055,1,6.315358001522335,5,7.585788821732034,92.0,1,Pass,1
696188,0.0,0.19863224736597426,0.0,0.06599388724854874,0.2279846423024651,0.37361570926880494,0.06621074912199142,0.07411880287015873,0.0,0.1153186142490556,0.213845363675047,0.0,0.28957405389118485,0.06599388724854874,0.050983986354979756,0.41253892705614803,0.7351570035120344,0.6363071432386563,0.8680122255029025,0.6057127570934996,204.0,49.0,53.0,244.0,290.0,1,5.3230099791384085,1,3.912023005428146,1,3.9889840465642745,1,5.501258210544727,1,5.673323267171493,5,6.734591659972948,72.0,1,Pass,1
696275,0.2735596857691194,0.2721391098497268,0.30736325333701464,0.24066503025131747,0.2970628274517672,0.0,0.18657760853862876,0.2944083711777207,0.224536096434791,0.14118031597655784,0.4357090441492741,0.2254232433512592,0.2224120064001927,0.2770666614442478,0.32571148730398636,0.29073127008160643,0.3158600382603852,0.17581636908507203,0.25773221186964373,0.23604536926768863,503.0,1319.0,1440.0,1576.0,1802.0,1,6.222576268071369,1,7.1853870155804165,1,7.273092595999522,1,7.3632795869630385,1,7.497207223203318,5,8.801017833540714,80.0,1,Distinction,1
696318,0.43326341102377564,0.28605251888964073,0.24773259661804997,0.15124149511230545,0.2747237591141392,0.24498063627434297,0.32680472940937527,0.2282881332564145,0.35956140532941744,0.34850188373060337,0.3217559527018814,0.17747416190879206,0.15124781734631648,0.25055236021077376,0.2652980662426483,0.0,0.20966858979219188,0.37273145277921893,0.23864473934750344,0.1114762909126091,250.0,316.0,377.0,674.0,674.0,1,5.5254529391317835,1,5.75890177387728,1,5.934894195619588,1,6.51471269087253,1,6.51471269087253,5,7.73718007783463,86.0,1,Distinction,1
696329,0.24183892653186922,0.2687898705138866,0.31697767563873774,0.23579595453277707,0.1978383063355652,0.20757607365826766,0.2745121970866093,0.2519079172726784,0.16352537482787596,0.3752253627996988,0.22611457981519353,0.16517586099351053,0.07260977657495976,0.21538133066423523,0.18144288099567246,0.3244704199946696,0.29152207140599357,0.35850463051362413,0.38529733997511173,0.24549344986906355,959.0,701.0,818.0,1023.0,970.0,1,6.866933284461882,1,6.553933404025811,1,6.70808408385307,1,6.931471805599453,1,6.878326468291325,5,8.405591014834934,90.0,1,Distinction,1
696347,0.3137191347006822,0.12900673219368294,0.40001860629366637,0.2869089164896289,0.471910136373362,0.2665619011484353,0.32468766401742905,0.28277202343529445,0.1955777393202162,0.23932727125675946,0.13095625870302746,0.16782784132138537,0.08420646007594265,0.23296306464527786,0.09280194787518987,0.28876270544785504,0.37847776246750264,0.2330029101950965,0.2845502795448769,0.19596064449468878,532.0,695.0,407.0,633.0,1699.0,1,6.278521424165844,1,6.54534966033442,1,6.0112671744041615,1,6.452048954437226,1,7.438383530044307,5,8.28576542051433,68.0,1,Pass,1
696364,0.19966701887253258,0.3145555408977824,0.14024558130736717,0.0,0.3695049729849135,0.23033488906059077,0.19954514114291053,0.2036552595766468,0.08160625432298282,0.041139815341700484,0.19629230123653976,0.2650199205633364,0.21285829758180846,0.2146895941591085,0.16037305484291725,0.37370579083033684,0.22087939739597062,0.4432408615341775,0.7037041515179087,0.4289821568304687,440.0,265.0,159.0,109.0,322.0,1,6.089044875446846,1,5.583496308781699,1,5.075173815233827,1,4.700480365792417,1,5.777652323222656,5,7.16703787691222,90.0,1,Pass,1
696456,0.4320344446929583,0.4817555560142041,0.0,0.0,0.0,0.0,0.0,0.0,0.0,0.0,0.0,0.0,0.0,0.0,0.0,0.5679655553070417,0.5182444439857959,0.0,0.0,0.0,125.0,80.0,,,,1,4.836281906951478,1,4.394449154672439,0,0.0,0,0.0,0,0.0,2,5.327876168789581,54.0,1,Fail,0
696583,0.0,0.26187465493752693,0.43430495568098804,0.4040694069560363,0.0,0.14452158581872582,0.0538045499089645,0.11715101728498253,0.0,0.0,0.256216968874237,0.23020608184166136,0.15220666174718744,0.028387185562477334,0.0,0.5992614453070372,0.45411471331184716,0.29633736528684196,0.5675434074814862,0.0,283.0,122.0,429.0,351.0,,1,5.648974238161206,1,4.812184355372417,1,6.063785208687608,1,5.863631175598097,0,0.0,4,7.078341579557671,86.0,1,Fail,0
696615,0.0,0.22537628733614362,0.0,0.0,0.0,0.49524641352607074,0.0,0.0,0.0,0.0,0.12729045610506623,0.13744648035187335,0.0,0.0,0.0,0.377463130368863,0.6371772323119831,0.0,0.0,0.0,282.0,99.0,,,,1,5.645446897643238,1,4.605170185988092,0,0.0,0,0.0,0,0.0,2,5.945420608606575,66.0,1,Fail,0
696653,0.45678357141596454,0.18363563703913396,0.25196598408268145,0.0,0.0,0.1277026240398699,0.3105056906951741,0.02914971958704558,0.0,0.0,0.09598222430893082,0.4038481539390514,0.14013304793338252,0.0,0.0,0.31953158023523465,0.10201051832664057,0.5787512483968904,0.0,0.0,362.0,183.0,204.0,,,1,5.8944028342648505,1,5.214935757608986,1,5.3230099791384085,0,0.0,0,0.0,3,6.620073206530356,82.0,1,Fail,0
696659,0.15362355538328046,0.07632003480633778,0.43013409854231427,0.15570701366777137,0.13244886042211132,0.13090410743740663,0.12651431196928492,0.17025580231207943,0.16608808788164084,0.3594349306883318,0.28119262484470453,0.33397216201195656,0.08715667774442053,0.4163038073217981,0.15944939400372019,0.4342797123346084,0.4631934912124207,0.31245342140118576,0.2619010911287898,0.34866681488583673,117.0,525.0,78.0,753.0,195.0,1,4.770684624465665,1,6.26530121273771,1,4.3694478524670215,1,6.625392368007956,1,5.278114659230517,5,7.419979923661835,76.0,1,Pass,1
696662,0.22527772905458288,0.0944406283984147,0.31473388036326905,0.27654305586661887,0.26273096862648404,0.1819706833401661,0.28605695104244705,0.26044977492127286,0.1717458106293364,0.30052241974235,0.2810473918404541,0.2504247840871772,0.16636181762453145,0.27723125587083436,0.24166565922496633,0.31170419576479697,0.369077636471961,0.2584545270909267,0.2744798776332105,0.1950809524061997,991.0,1178.0,1309.0,1527.0,2145.0,1,6.899723107284872,1,7.072421900537371,1,7.177782416195197,1,7.331714969726466,1,7.671360923190644,5,8.875007486048396,92.0,1,Distinction,1
696666,0.1076097143714763,0.3634241009796788,0.2155149516252807,0.1575613678212514,0.0,0.05685245399736815,0.2337723195927304,0.0,0.25028333254807905,0.0,0.298506768436931,0.10979607454375298,0.0,0.0,0.0,0.5370310631942247,0.2930075048838378,0.7844850483747193,0.5921552996306695,1.0,103.0,95.0,32.0,55.0,56.0,1,4.6443908991413725,1,4.564348191467836,1,3.4965075614664802,1,4.02535169073515,1,4.04305126783455,5,5.834810737062605,64.0,1,Fail,0
696671,0.23815802018627477,0.3223595470372768,0.0,0.1555021968884214,0.30876152158299647,0.38020582148665977,0.10168268957855453,0.08418525052554642,0.11212595603314317,0.13676453149854298,0.1362021713107368,0.3388356218828371,0.648621976667022,0.26762815292156455,0.21738779172426445,0.24543398701632868,0.23712214150133154,0.26719277280743164,0.46474369415687083,0.3370861551941961,257.0,260.0,258.0,47.0,694.0,1,5.552959584921617,1,5.564520407322694,1,5.556828061699537,1,3.871201010907891,1,6.543911845564792,5,7.324489979348532,78.0,1,Pass,1
696672,0.2091324935802188,0.0,0.12603329535613156,0.0,0.5566544166422394,0.0,0.0,0.06301664767806578,0.0,0.0,0.42531757855564534,0.0,0.0,0.0,0.06811893876890698,0.3655499278641359,0.0,0.8109500569658026,0.0,0.37522664458885363,89.0,,41.0,,93.0,1,4.499809670330265,0,0.0,1,3.7376696182833684,0,0.0,1,4.543294782270004,3,5.4116460518550396,62.0,1,Pass,1
696674,0.35848529216307756,0.12066110084370518,0.2135176029606929,0.4492240937679468,0.0,0.18047212351977734,0.12066110084370518,0.24558579850426135,0.04672137399144214,0.0,0.10189005528190012,0.5640336822105767,0.15599544863360182,0.10094425805077502,0.0,0.3591525290352449,0.1946441161020129,0.3849011499014439,0.4031102741898361,0.0,187.0,88.0,116.0,345.0,,1,5.236441962829949,1,4.48863636973214,1,4.762173934797756,1,5.846438775057725,0,0.0,4,6.602587892189336,74.0,1,Pass,1
696678,0.10606079002324402,0.16980459991151572,0.3183501966789147,0.1756621698833436,0.1399674116407118,0.2582410442822026,0.23163910765723444,0.02903122917748739,0.12893891884015324,0.2934929207175118,0.22565311600794902,0.31683109671319315,0.1331070971286216,0.34119520742058534,0.22883213879162903,0.4100450496866044,0.2817251957180566,0.5195114770149764,0.35420370385591765,0.3377075288501474,246.0,277.0,168.0,963.0,461.0,1,5.5093883366279774,1,5.627621113690637,1,5.1298987149230735,1,6.871091294610546,1,6.135564891081739,5,7.65728279297819,92.0,1,Pass,1
696729,0.23358087499616859,0.27738467774906794,0.27116640088884963,0.30500426209571835,0.3703504586882659,0.21303633558862073,0.2839513102305658,0.3092160702866953,0.14930952759527125,0.18721880144250208,0.25137211058095366,0.16913658132462353,0.12974457898125108,0.2667044599554641,0.2261450187090457,0.30201067883425714,0.2695274306957427,0.28987294984320405,0.27898175035354633,0.21628572116018624,811.0,439.0,427.0,942.0,1065.0,1,6.699500340161678,1,6.0867747269123065,1,6.059123195581797,1,6.849066282633458,1,6.97166860472579,5,8.212025804623437,70.0,1,Pass,1
697027,0.23303587496110978,0.3011686682929301,0.20688230701055185,0.0,0.0,0.22615528083213657,0.17963265628024577,0.3399301694829266,0.0,0.0,0.23318653369483444,0.2252447314645552,0.13174489315277804,0.0,0.0,0.30762231051191924,0.293953943962269,0.32144263035374343,0.0,0.0,1104.0,568.0,577.0,,,1,7.007600613951853,1,6.343880434126331,1,6.359573868672378,0,0.0,0,0.0,3,7.718685495198466,82.0,1,Fail,0
697114,0.0,0.17564681740599097,0.1285473382725704,0.0,0.0,0.0,0.0,0.0,0.0,0.0,0.40500603472502195,0.0,0.0,0.0,0.3602768044599889,0.5949939652749779,0.824353182594009,0.8714526617274296,0.0,0.6397231955400111,119.0,64.0,59.0,,472.0,1,4.787491742782046,1,4.174387269895637,1,4.0943445622221,0,0.0,1,6.159095388491933,4,6.5722825426940075,82.0,1,Pass,1
697160,0.457872107664031,0.0,0.0,0.0,0.0,0.0,0.0,0.0,0.0,0.0,0.4154470177822049,0.0,0.0,0.0,0.0,0.1266808745537641,0.0,0.0,0.0,0.0,82.0,,,,,1,4.418840607796598,0,0.0,0,0.0,0,0.0,0,0.0,1,4.418840607796598,56.0,1,Fail,0
697255,0.422608044389889,0.1786789813266213,0.25097535774853397,0.24630362758041094,0.26762314331191145,0.08364317789026812,0.2784885426638855,0.015179433895861438,0.2191245272870086,0.36582868757620834,0.3344808181772311,0.21073777788359416,0.09780023489000618,0.14406835081377986,0.013225971703822465,0.15926795954261183,0.33209469812589903,0.6360449734655985,0.3905034943188007,0.35332219740805765,610.0,418.0,562.0,511.0,939.0,1,6.415096959171596,1,6.037870919922137,1,6.333279628139691,1,6.238324625039508,1,6.84587987526405,5,8.019941687677365,88.0,1,Pass,1
697478,0.2748986654413382,0.15704010660065681,0.30313136886708614,0.05653742263506258,0.0,0.3255090885233835,0.3414242992848849,0.22409109822663478,0.22613758702506845,0.0,0.18414979632540812,0.2861340989950846,0.07751848740932221,0.23420403492174216,0.0,0.21544244970987037,0.21540149511937376,0.3952590454969568,0.48312095541812683,0.0,486.0,242.0,127.0,364.0,,1,6.18826412308259,1,5.493061443340548,1,4.852030263919617,1,5.8998973535824915,0,0.0,4,7.106606137727303,80.0,1,Pass,1
697878,0.1616609091662967,0.19256260247286494,0.15860910648214327,0.09249040823666438,0.6116907535674724,0.264605743855558,0.2194953247807274,0.26086853090680173,0.13906584155529028,0.22803410215816391,0.1602089061442024,0.3141546075966567,0.06032743227211416,0.2446998323137262,0.11376000711177468,0.41352444083394296,0.2737874651497509,0.5201949303389408,0.5237439178943191,0.04651513716258884,436.0,470.0,627.0,733.0,343.0,1,6.07993319509559,1,6.154858094016418,1,6.4425401664681985,1,6.598509028614515,1,5.840641657373398,5,7.867105500316739,86.0,1,Pass,1
697998,0.2709465542798758,0.0,0.17753856107375496,0.019020247443720596,0.3046017096069766,0.28352458802425934,0.2748694224262756,0.3858228280939407,0.11883712731612693,0.23808142993782508,0.2779605725187228,0.23589885538145555,0.16431422011280075,0.3198370336196212,0.3488201746450562,0.16756828517714212,0.48923172219226885,0.27232439071950354,0.5423055916205314,0.10849668581014199,294.0,215.0,73.0,351.0,695.0,1,5.68697535633982,1,5.375278407684165,1,4.30406509320417,1,5.863631175598097,1,6.54534966033442,5,7.395721608602045,72.0,1,Pass,1
698015,0.21006693177184885,0.17518642791863748,0.0,0.08259271461940858,0.09288884591672472,0.0,0.1175829828911244,0.0,0.14228298421689958,0.27098618613237174,0.4049687516230569,0.10128046871910423,0.0,0.354899290470732,0.26167893203637327,0.38496431660509434,0.6059501204711338,0.0,0.42022501069295976,0.37444603591453035,87.0,42.0,,110.0,498.0,1,4.477336814478207,1,3.7612001156935624,0,0.0,1,4.709530201312334,1,6.212606095751519,4,6.6039438246004725,74.0,1,Pass,1
698193,0.47692067391685894,0.0,0.0,0.0,0.0,0.2953632848681995,0.0,0.0,0.0,0.0,0.0,0.0,0.0,0.0,0.0,0.22771604121494163,0.0,0.0,0.0,0.0,140.0,,,,,1,4.948759890378168,0,0.0,0,0.0,0,0.0,0,0.0,1,4.948759890378168,60.0,1,Fail,0
698384,0.3055075664714871,0.2537848881762506,0.46411068744123823,0.2188425005691657,0.3255647561910979,0.21997615796682624,0.22363973925474895,0.09328421532036536,0.17814524247604108,0.2804456276602626,0.20164904949038592,0.2036306698747549,0.05573673563878464,0.2834035868342544,0.09912168923271023,0.2728672260713009,0.3189447026942457,0.38686836159961174,0.31960867012053873,0.2948679269159292,725.0,972.0,407.0,511.0,780.0,1,6.587550014824796,1,6.880384082186005,1,6.0112671744041615,1,6.238324625039508,1,6.660575149839686,5,8.130353547431238,76.0,1,Pass,1
698407,0.10359768288765515,0.0,0.0,0.0,0.0,0.3478564438427943,0.0,0.0,0.0,0.0,0.0,0.0,0.0,0.0,0.0,0.5485458732695505,0.0,0.0,0.0,0.0,74.0,,,,,1,4.31748811353631,0,0.0,0,0.0,0,0.0,0,0.0,1,4.31748811353631,56.0,1,Fail,0
698485,0.03927539585501083,0.18407390651259964,0.0,0.1836696813214855,0.47746863585821364,0.10152542548618214,0.057346903218268845,0.79552041247574,0.36370283208530924,0.11670423634544869,0.5235165154157211,0.2645937622451044,0.0,0.1784898308366729,0.15192198485146602,0.33568266324308593,0.4939854280240272,0.20447958752425993,0.27413765575653226,0.2539051429448716,259.0,310.0,282.0,554.0,898.0,1,5.560681631015528,1,5.739792912179234,1,5.645446897643238,1,6.318968113746434,1,6.80128303447162,5,7.742402021815782,98.0,1,Pass,1
698656,0.41532459889252266,0.3383325955862602,0.48781556200478693,0.0843947405119063,0.16077499537581816,0.21997981933575353,0.27083562925157184,0.11889462926303411,0.30099280309247844,0.2675002087659794,0.17229155536856197,0.13007130693624708,0.20003128649342417,0.4034525131252987,0.24340251235078228,0.19240402640316195,0.2607604682259209,0.1932585222387548,0.2111599432703165,0.32832228350742015,290.0,372.0,602.0,635.0,314.0,1,5.673323267171493,1,5.921578419643816,1,6.401917196727186,1,6.455198563340122,1,5.752572638825633,5,7.7025561132685825,92.0,1,Pass,1
699126,0.15620009779797353,0.0,0.20272135343059092,0.17706360332122248,0.0,0.0,0.0,0.12205041628841436,0.3241357660489817,0.0,0.05563959746261412,0.0,0.0,0.22471466054077052,0.0,0.7881603047394123,1.0,0.6752282302809948,0.2740859700890252,0.0,89.0,41.0,53.0,51.0,,1,4.499809670330265,1,3.7376696182833684,1,3.9889840465642745,1,3.9512437185814275,0,0.0,4,5.459585514144159,84.0,1,Pass,1
699127,0.19309266272026335,0.0,0.0,0.0,0.0,0.2552457971204885,0.0,0.0,0.0,0.0,0.1287284418135089,0.14735671765065267,0.0,0.0,0.0,0.4229330983457393,0.8526432823493473,1.0,1.0,1.0,183.0,116.0,96.0,156.0,43.0,1,5.214935757608986,1,4.762173934797756,1,4.574710978503383,1,5.056245805348308,1,3.784189633918261,5,6.38856140554563,88.0,1,Fail,0
699128,0.3643067345169682,0.28897841180340705,0.10243985976485372,0.16095233978971668,0.5628258290864274,0.2390410152967681,0.20882915085586395,0.14664527074915562,0.23565125543179327,0.09754444889880509,0.21233124170294349,0.21311402075757954,0.0,0.20960772755521032,0.1003627584618044,0.18432100848332011,0.2890784165831495,0.7509148694859907,0.3937886772232797,0.23926696355296312,559.0,430.0,88.0,51.0,361.0,1,6.327936783729195,1,6.066108090103747,1,4.48863636973214,1,3.9512437185814275,1,5.8916442118257715,5,7.306531398939505,96.0,1,Pass,1
836614,0.40907202960886885,0.5494465288391328,0.0,0.0,0.0,0.25993711410349246,0.19911408226345323,0.0,0.0,0.0,0.11294071293052643,0.0,0.0,0.0,0.0,0.2180501433571123,0.2514393888974139,0.0,0.0,0.0,357.0,553.0,,,,1,5.8805329864007,1,6.317164686747284,0,0.0,0,0.0,0,0.0,2,6.814542897259958,82.0,1,Fail,0
895524,0.17424199691686132,0.22180871852503856,0.2577387531145085,0.2731265518194676,0.24239611385475776,0.25964259702210407,0.22529541387907373,0.25182642186755294,0.2131145720271431,0.31865550178020047,0.2595520764924596,0.22519280662233893,0.23988604777670813,0.22836767735350424,0.26161540594754323,0.3065633295685751,0.32770306097354873,0.25054877724123037,0.28539119879988506,0.17733297841749854,1746.0,876.0,1572.0,1411.0,2627.0,1,7.465655310134056,1,6.776506992372183,1,7.360739903058278,1,7.252762418053187,1,7.873978379604501,5,9.015905747298426,88.0,1,Distinction,1
1021350,0.26006001869337914,0.0,0.0,0.0,0.0,0.04288672501202241,0.28553111410110604,0.0,0.0,0.0,0.46415171566794905,0.6079331441266617,0.0,0.0,0.0,0.23290154062664936,0.10653574177223234,0.0,1.0,0.0,284.0,47.0,,100.0,,1,5.652489180268651,1,3.871201010907891,0,0.0,1,4.61512051684126,0,0.0,3,6.068425588244111,92.0,1,Fail,0
1042726,0.43942910651709716,0.16176535895308464,0.33399926909174654,0.559313242822499,0.0,0.0,0.11791567184518101,0.15895188099062496,0.10583379914393548,0.1831692509136336,0.2837715011120952,0.31005870582896483,0.0,0.0,0.0,0.27679939237080775,0.4102602633727694,0.5070488499176286,0.33485295803356563,0.8168307490863663,636.0,485.0,183.0,141.0,12.0,1,6.456769655572163,1,6.186208623900494,1,5.214935757608986,1,4.955827057601261,1,2.5649493574615367,5,7.284820912568604,74.0,1,Fail,0
1318759,0.057099261309735375,0.2404731666733081,0.3141103137068753,0.2588599012083236,0.14677071532488603,0.1793187670089133,0.2449024153714894,0.24097063564633875,0.25991146651678504,0.330784056913732,0.3251869281211915,0.21830574857439772,0.12722785557881705,0.25844139343184963,0.22242296269467007,0.4383950435601599,0.29631866938080476,0.31769119506796883,0.22278723884304172,0.30002226506671187,624.0,1055.0,380.0,741.0,1155.0,1,6.437751649736401,1,6.962243464266207,1,5.942799375126701,1,6.60934924316738,1,7.052721049232323,5,8.282988692742602,56.0,1,Pass,1
1348205,0.24997302966461815,0.18320819148781953,0.32932989492979514,0.22041784353897836,0.2552396908098832,0.24776491185339847,0.3253188806474452,0.23270733112174305,0.23574122702175715,0.25106495326829864,0.24824740160270664,0.23158808110615764,0.26742289936224256,0.25258084517426865,0.20402512608139248,0.25401465687927666,0.25988484675857765,0.17053987458621933,0.29126008426499567,0.28967022984042584,1806.0,974.0,1260.0,1459.0,2177.0,1,7.499423290592229,1,6.882437470997847,1,7.13966033596492,1,7.286191714702382,1,7.686162303492906,5,8.945984124827898,90.0,1,Distinction,1
1391717,0.36082604080909886,0.28778934253275723,0.045217768520278964,0.25258779434267853,0.529695868257294,0.5517735621947798,0.22545774737253935,0.43692950933821,0.1420804274382008,0.0,0.08740039699612141,0.3038812941768609,0.0,0.1195244744069428,0.2200953990552378,0.0,0.18287161591784254,0.5178527221415111,0.485807303812178,0.2502087326874682,224.0,320.0,180.0,266.0,583.0,1,5.41610040220442,1,5.771441123130016,1,5.198497031265826,1,5.58724865840025,1,6.369900982828227,5,7.3613754289773485,80.0,1,Pass,1
1409532,0.27284848405969375,0.07748737822023934,0.29582356820223465,0.4396539368395469,0.0,0.2965812252242644,0.2783915659529515,0.2809904153206595,0.2821181877339765,0.0,0.28593402677004653,0.2530653836858473,0.2557877613187268,0.23541082290266202,0.0,0.14463626394599535,0.39105567214096193,0.1673982551583791,0.04281705252381453,0.0,531.0,433.0,359.0,308.0,,1,6.2766434893416445,1,6.073044534100405,1,5.886104031450156,1,5.733341276897746,0,0.0,4,7.397561535524052,66.0,1,Fail,0
1413902,0.2594838148777932,0.08939282966392585,0.41918477504554974,0.21222770780027905,0.306865546506592,0.15604987772267617,0.23737361768621393,0.08365268743343694,0.017477736950194424,0.3359653461373225,0.26827409720917555,0.20747264190061437,0.12974343605998945,0.2608624834625347,0.09302613674124882,0.31619221019035504,0.46576091074924586,0.36741910146102386,0.5094320717869919,0.2641429706148367,617.0,653.0,343.0,473.0,501.0,1,6.42648845745769,1,6.483107351457199,1,5.840641657373398,1,6.161207321695077,1,6.218600119691729,5,7.858640655620791,70.0,1,Fail,0
1448966,0.18240120071298208,0.0,0.0,0.0,0.4569838321378202,0.08070280532490717,0.08674925133004084,0.0,0.05464717374627291,0.02962299648876824,0.589251599673327,0.0,0.0,0.3052024161433279,0.0,0.14764439428878395,0.9132507486699591,1.0,0.6401504101103992,0.5133931713734116,281.0,99.0,33.0,204.0,304.0,1,5.641907070938114,1,4.605170185988092,1,3.5263605246161616,1,5.3230099791384085,1,5.720311776607412,5,6.826545223556594,90.0,1,Pass,1
1450604,0.5074303612568949,0.0,0.2850390000040436,0.22583473877826657,0.4037522735316889,0.0,0.24592054171962896,0.3333690877796785,0.21096077085525458,0.24970209861238374,0.3112967975311902,0.22705310635586284,0.09683950168184143,0.37686971513577516,0.03810747872141582,0.18127284121191498,0.5270263519245081,0.28475241053443656,0.1863347752307038,0.30843814913451145,416.0,412.0,565.0,1757.0,737.0,1,6.0330862217988015,1,6.023447592961033,1,6.338594078203183,1,7.471932078245122,1,6.6039438246004725,5,8.265650165580329,74.0,1,Pass,1
1473878,0.17697164627643835,0.4452784117795476,0.3950786331260238,0.09169520665453428,0.33176326152187097,0.1896600569348058,0.18489773160615505,0.28385227615495795,0.48079058921956475,0.09590298681848951,0.30698981794684904,0.20110859278177887,0.14046032291515922,0.21330128059829856,0.30828322818807463,0.32637847884190685,0.16871526383251859,0.1806087678038591,0.2142129235276024,0.26405052347156477,507.0,438.0,125.0,681.0,591.0,1,6.230481447578482,1,6.0844994130751715,1,4.836281906951478,1,6.525029657843462,1,6.3835066348840055,5,7.759187438507795,72.0,1,Pass,1
1501577,0.24740138039084164,0.07584543568124412,0.46789820532095294,0.16268932687941443,0.4303733372673409,0.20439447401984706,0.2962682937400586,0.2139834003655677,0.3630125245790536,0.29514907247932004,0.22951923688297182,0.28925956933274877,0.3181183943134794,0.10041823976041124,0.04300224330992399,0.31868490870633953,0.3386267012459485,0.0,0.37387990878112076,0.2314753469434152,639.0,269.0,193.0,556.0,611.0,1,6.461468176353717,1,5.598421958998375,1,5.267858159063328,1,6.322565239927284,1,6.416732282512326,5,7.727094484779841,100.0,1,Distinction,1
1585671,0.14852944423619852,0.11285329417618731,0.27080897065704973,0.3400762782774741,0.4480442905536156,0.2494770033321953,0.3523365956756401,0.1501465606560677,0.20055734776843526,0.23821879945777144,0.25878498221398305,0.17431208299469322,0.27650259180051845,0.18034112117738077,0.23673477851424266,0.34320857021762313,0.36049802715347923,0.3025418768863642,0.27902525277670986,0.07700213147437034,478.0,458.0,517.0,1234.0,1128.0,1,6.171700597410915,1,6.129050210060545,1,6.249975242259483,1,7.118826249062078,1,7.029087564149662,5,8.246958032568177,98.0,1,Pass,1
1603549,0.1520341839714861,0.09058209664542058,0.17869182500795475,0.2811728152047888,0.373039662592162,0.14285939734508185,0.26562249979928293,0.22707863041802068,0.15338619018447458,0.12422935924595634,0.4435750969947299,0.08470150050203619,0.11481818278892195,0.20340355797007162,0.0,0.26153132168870225,0.5590939030532601,0.4794113617851026,0.36203743664066507,0.5027309781618817,151.0,258.0,113.0,313.0,668.0,1,5.0238805208462765,1,5.556828061699537,1,4.736198448394496,1,5.749392985908253,1,6.505784060128229,5,7.315883504509785,82.0,1,Pass,1
1631797,0.3502680503467242,0.3507239358756427,0.3264742726404712,0.4004967841052691,0.0,0.16915668487282423,0.08693072300062847,0.19800668538852423,0.04561995943234901,0.0,0.17407385098332412,0.1105741110787436,0.0,0.0,0.0,0.3065014137971275,0.45177123004498526,0.47551904197100464,0.5538832564623818,0.0,431.0,417.0,177.0,334.0,,1,6.068425588244111,1,6.035481432524756,1,5.181783550292085,1,5.814130531825066,0,0.0,4,7.215239978730097,74.0,1,Pass,1
1639699,0.2600821539014897,0.2704074045168276,0.2326122306996098,0.0,0.34958862575504174,0.1500177895309553,0.19604409787517313,0.29561975785256817,0.047026593964441976,0.24722703275634922,0.1803375487646875,0.23729910740926682,0.18842990284837283,0.4320644360841427,0.12081002396159408,0.40956250780286746,0.2962493901987325,0.2833381085994492,0.5209089699514152,0.28237431752701486,399.0,481.0,259.0,302.0,620.0,1,5.991464547107982,1,6.1779441140506,1,5.560681631015528,1,5.713732805509369,1,6.431331081933479,5,7.631431664576906,64.0,1,Pass,1
1640680,0.3477543875223914,0.1239264099998302,0.20057373623598862,0.23179856667211565,0.0,0.16218329170753176,0.16742179161916781,0.30681280698683117,0.28669232983526777,0.0,0.07252088018036758,0.34963514052919664,0.187460985552812,0.16398746415838744,0.0,0.4175414405897092,0.35901665785180525,0.3051524712243683,0.3175216393342291,0.0,324.0,147.0,386.0,705.0,,1,5.783825182329737,1,4.997212273764115,1,5.958424693029782,1,6.559615237493242,0,0.0,4,7.354362330421477,90.0,1,Pass,1
1658963,0.34986151781948865,0.0,0.13527557635966633,0.1588466475994107,0.16963869032964965,0.377749096011167,0.16257777649858457,0.3496822921531788,0.3130596633618684,0.5332772909739626,0.2723893861693444,0.24107416976531246,0.0,0.27985928980954966,0.04735695219944841,0.0,0.596348053736103,0.5150421314871548,0.24823439922917118,0.24972706649693943,374.0,172.0,17.0,296.0,640.0,1,5.926926025970411,1,5.153291594497779,1,2.8903717578961645,1,5.6937321388027,1,6.46302945692067,5,7.313220387090301,86.0,1,Pass,1
1677677,0.044630503857760066,0.2115481650085145,0.0,0.48176768080480353,0.40550902065192995,0.22488795537844286,0.06955154050663828,0.0,0.07916972959513495,0.17291495783728894,0.31497453128731734,0.32947831901510927,0.0,0.01843315855236687,0.22932627551163143,0.4155070094764798,0.38942197546973795,0.0,0.4206294310476947,0.19224974599914982,717.0,423.0,,1070.0,1354.0,1,6.576469569048224,1,6.049733455231958,0,0.0,1,6.976348070447749,1,7.2115567333138015,4,8.178919332848396,70.0,1,Pass,1
1722493,0.23796651888355494,0.2483137163931951,0.30647987418030714,0.16177350156363085,0.3880804905549228,0.23516617155319103,0.2624094449373106,0.28998310667785715,0.33712921927581774,0.29233739395221664,0.24475692423436815,0.16401503639643944,0.17224631039526098,0.1477566246970186,0.14071912027803746,0.2821103853288859,0.3252618022730548,0.23129070874657476,0.3533406544635328,0.17886299521482305,1590.0,1116.0,911.0,1433.0,1435.0,1,7.372118028337787,1,7.018401799069201,1,6.815639990074331,1,7.2682230211595655,1,7.269616749608169,5,8.777401286867264,98.0,1,Fail,0
1733664,0.231941289893232,0.4512801810781228,0.2776263512834633,0.0,0.0,0.2335151451915308,0.36757989085302256,0.11360521162697128,0.0,0.0,0.23584068596871627,0.04457298370913912,0.0,0.0,0.0,0.29870287894652087,0.13656694435971564,0.6087684370895654,0.0,0.0,3191.0,967.0,1491.0,,,1,8.068402958569699,1,6.875232087276577,1,7.307872780763706,0,0.0,0,0.0,3,8.639410824140487,80.0,1,Fail,0
1752994,0.09184334356612663,0.12161162452469722,0.2808684339522309,0.35343719573883464,0.0,0.21063690711839012,0.24265436087960077,0.1736865490437336,0.19006377213825734,0.0,0.3366804215169884,0.3561383439245561,0.19275516003518184,0.2942577373960301,0.0,0.36083932779849487,0.2795956706711458,0.35268985696885374,0.1622412947268779,0.0,648.0,477.0,785.0,445.0,,1,6.47543271670409,1,6.169610732491456,1,6.666956792429207,1,6.100318952020064,0,0.0,4,7.764720544771477,94.0,1,Pass,1
1755594,0.2759062328280552,0.2211720637507422,0.32409434977879553,0.1538250367016151,0.27692287916851577,0.2501295478120394,0.2110653364843058,0.2573580734577661,0.19038087965204228,0.27513556011373425,0.22537660545422913,0.2351533664866284,0.21503776393941465,0.30333606654192247,0.16120245866005914,0.24858761390567619,0.3326092332783235,0.20350981282402372,0.3524580171044202,0.28673910205769065,945.0,424.0,314.0,653.0,799.0,1,6.852242569051878,1,6.052089168924417,1,5.752572638825633,1,6.483107351457199,1,6.684611727667927,5,8.0507033814703,100.0,1,Distinction,1
1771775,0.27452651813179524,0.08429370084354723,0.07209653847049054,0.1041729125427324,0.0,0.1204733948514228,0.23990588337963845,0.14779182659505258,0.11940722439983315,0.0,0.1629536003440649,0.338004540354961,0.07209653847049054,0.14987584811403468,0.0,0.4420464866727169,0.3377958754218533,0.7080150964639663,0.6265440149433997,0.0,381.0,332.0,295.0,229.0,,1,5.945420608606575,1,5.808142489980444,1,5.69035945432406,1,5.438079308923196,0,0.0,4,7.121252453244542,80.0,1,Pass,1
1796402,0.23222008350676257,0.20883673277941994,0.09466780022902638,0.26345979208107884,0.0,0.30901179350866875,0.21832056802488617,0.21291151687098323,0.23135413446668612,0.0,0.12732783254803784,0.419295821625812,0.11051128586232915,0.2053737693397479,0.0,0.3314402904365309,0.1535468775698819,0.5819093970376612,0.29981230411248727,0.0,631.0,569.0,102.0,748.0,,1,6.448889394146858,1,6.345636360828596,1,4.634728988229636,1,6.618738983517219,0,0.0,4,7.62608275807238,80.0,1,Pass,1
1810759,0.271248996672907,0.3655380300047659,0.5593260451778956,0.25958298572399247,0.08148371262645679,0.0,0.38567380558484293,0.0,0.44133239612578923,0.07767633138139049,0.42662441030102033,0.0,0.0,0.09783640546883403,0.48074495523019734,0.3021265930260727,0.2487881644103911,0.4406739548221043,0.20124821268138435,0.36009500076195544,359.0,321.0,149.0,603.0,705.0,1,5.886104031450156,1,5.7745515455444085,1,5.0106352940962555,1,6.403574197934815,1,6.559615237493242,5,7.6676260915849905,86.0,1,Pass,1
1816458,0.2072648567951519,0.1293989584388654,0.33106259536133986,0.5163351303416029,0.375987303856339,0.26135610316130176,0.3255324035093479,0.20178867815074353,0.24910471790865127,0.3338413085443006,0.2707464261437884,0.2887262426389334,0.17153238092084977,0.18049395183511993,0.13140428117249278,0.26063261389975784,0.2563423954128533,0.295616345567067,0.05406619991462582,0.15876710642686762,1087.0,659.0,817.0,932.0,1871.0,1,6.992096427415888,1,6.492239835020471,1,6.706862336602747,1,6.838405200847344,1,7.534762657037537,5,8.588024372176829,72.0,1,Pass,1
1817710,0.17917930794182513,0.37846885693885013,0.07727653145651386,0.0,0.2885597710533164,0.18621348783027214,0.26485436676176705,0.08257936769876818,0.32992440365135745,0.3185104117088745,0.23329371543996158,0.2265411765598464,0.027526455899589394,0.20863018359088134,0.23467911487711743,0.40131348878794115,0.1301355997395365,0.8126176449451286,0.4614454127577612,0.15825070236069178,145.0,372.0,209.0,461.0,967.0,1,4.983606621708336,1,5.921578419643816,1,5.3471075307174685,1,6.135564891081739,1,6.875232087276577,5,7.675546002537848,92.0,1,Distinction,1
1818385,0.0818780690309723,0.32076955444092653,0.306118798768266,0.22574900299402348,0.0,0.2790987547183144,0.29480169550638247,0.4464556112770958,0.18064169987873152,0.0,0.31709755817562174,0.19453527077963237,0.23331620914405699,0.34728202164897437,0.0,0.3219256180750915,0.1898934792730586,0.014109380810581206,0.24632727547827057,0.0,598.0,295.0,433.0,675.0,,1,6.395261598115449,1,5.69035945432406,1,6.073044534100405,1,6.516193076042964,0,0.0,4,7.601901959875166,88.0,1,Pass,1
1836241,0.21487103072673092,0.24333046124796734,0.3586644977007813,0.3408166271482743,0.2746261282254554,0.1776721246991955,0.32584203053535793,0.3424814001658124,0.28801717718019454,0.3032302017875027,0.23101502962770568,0.17067167631007532,0.0917991143837682,0.19703220033266472,0.22646144151383893,0.37644181494636797,0.2601558319065993,0.20705498774963815,0.17413399533886645,0.19568222847320282,547.0,583.0,569.0,1012.0,1216.0,1,6.306275286948016,1,6.369900982828227,1,6.345636360828596,1,6.920671504248683,1,7.104144092987527,5,8.275885669474356,80.0,1,Pass,1
1837138,0.25761547148357256,0.2129453876131896,0.3068258531939702,0.26765043347969014,0.29319091700064204,0.25732107000022036,0.20662148273543499,0.23238037263697497,0.21177930404293496,0.26653857196846825,0.22386057949286134,0.25493360061825765,0.18297523464873985,0.25893587426124154,0.21704440950515747,0.2612028790233458,0.32549952903311785,0.27781853952031504,0.2616343882161334,0.22322610152573222,2382.0,1848.0,1998.0,1907.0,2710.0,1,7.776115477098742,1,7.522400231387125,1,7.6004023345004,1,7.553810852008231,1,7.905072849498666,5,9.291551627401006,100.0,1,Distinction,1
1856869,0.0,0.08510972948912261,0.24739321900693412,0.2566599030749982,0.0,0.0,0.22970526353450915,0.1840149103438156,0.3319277888598075,0.0,0.2706815853791961,0.28297251567003207,0.11495008446026739,0.15411576439629707,0.0,0.7293184146208039,0.4022124913063362,0.4536417861889829,0.25729654366889726,0.0,260.0,203.0,199.0,604.0,,1,5.564520407322694,1,5.318119993844216,1,5.298317366548036,1,6.405228458030842,0,0.0,4,7.144407180321139,96.0,1,Fail,0
1866233,0.0,0.0,0.0,0.16363623146831974,0.0,0.0,0.0,0.0,0.0534256981696581,0.0,0.0,0.0,0.0,0.36920634322988205,0.0,0.0,0.0,0.0,0.4137317271321401,0.0,,,,273.0,,0,0.0,0,0.0,0,0.0,1,5.6131281063880705,0,0.0,1,5.6131281063880705,92.0,1,Fail,0
1871598,0.2096419532598705,0.20905085245283764,0.30493514216224055,0.2152140318283169,0.25472484022408814,0.24662186733655816,0.23692200974231734,0.2696329015327672,0.23065879912857598,0.27709746837390975,0.25124347163038585,0.26397226107190863,0.22772215355003456,0.24120067102409973,0.2368241381648215,0.2924927077731855,0.2900548767329364,0.19770980275495764,0.3129264980190073,0.23135355323718054,3429.0,3264.0,1781.0,1554.0,3789.0,1,8.140315540159985,1,8.09101504171053,1,7.485491608030754,1,7.349230824613334,1,8.240121298076472,5,9.53372736904874,92.0,1,Distinction,1
1871684,0.35887250715240404,0.19561429581219647,0.3802766368779335,0.02511435478111544,0.23322860820740418,0.23520565099945287,0.29558252769061116,0.430582295356743,0.24633137720638376,0.5520089162890208,0.20571134929607174,0.2968580644837571,0.08754267686785522,0.4463953007482827,0.06239260777581435,0.2002104925520712,0.2119451120134351,0.10159839089746846,0.28215896726421813,0.15236986772776057,431.0,252.0,125.0,496.0,435.0,1,6.068425588244111,1,5.53338948872752,1,4.836281906951478,1,6.208590026096629,1,6.077642243349034,5,7.461640392208575,56.0,1,Pass,1
1877902,0.18740558131527404,0.2774357881314102,0.23743344009514097,0.3009089108520983,0.31398936047824866,0.09447430847565766,0.15567175140548448,0.44055076851695985,0.2409258282915655,0.18187535182453624,0.22883065681140186,0.2667132714261896,0.12422561942898827,0.2471021408264099,0.19777567577566532,0.48928945339766644,0.3001791890369157,0.197790171958911,0.2110631200299261,0.30635961192154987,725.0,464.0,742.0,826.0,941.0,1,6.587550014824796,1,6.142037405587356,1,6.610696044717759,1,6.717804695023691,1,6.848005274576363,5,8.215817791832453,92.0,1,Pass,1
1879321,0.2708553095006824,0.33374789007304306,0.28903219029981275,0.30719108062883405,0.31390484538371743,0.21771782921840532,0.23186949466865367,0.2825166489691434,0.2532149255692353,0.3447134817669536,0.1911998482998619,0.21993887429283096,0.2822202968627338,0.21440735876237302,0.13172819457937326,0.3202270129810505,0.2144437409654724,0.1462308638683102,0.22518663503955771,0.20965347826995573,1095.0,1164.0,836.0,1120.0,1636.0,1,6.999422467507961,1,7.060476365999801,1,6.729824070489475,1,7.02197642307216,1,7.400620577371135,5,8.674538762140015,88.0,1,Distinction,1
1881231,0.37725374959451474,0.1739899170973465,0.31753802133649284,0.416774692956643,0.6057446369214418,0.0,0.30828676804491767,0.32074966524527376,0.2702336091341898,0.07274587020789544,0.0,0.2194184286583799,0.0,0.11099742111027994,0.08555578208390491,0.6227462504054854,0.298304886199356,0.36171231341823346,0.20199427679888712,0.23595371078675784,449.0,146.0,329.0,185.0,598.0,1,6.1092475827643655,1,4.990432586778736,1,5.799092654460526,1,5.225746673713202,1,6.395261598115449,5,7.443078374348516,96.0,1,Pass,1
1887108,0.2317630715895213,0.2571496464171721,0.21841375912102318,0.2879939733313569,0.28986118178269143,0.27332176690083415,0.27886581322585974,0.12469373765957298,0.2619227394437815,0.31665091634657266,0.2624275928684382,0.18482279069879365,0.24528079599358882,0.20660853267928533,0.20600767012133378,0.23248756864120645,0.2791617496581746,0.411611707225815,0.24347475454557627,0.18748023174940215,273.0,715.0,835.0,1150.0,1100.0,1,5.6131281063880705,1,6.573680166960646,1,6.728628613084702,1,7.048386408721883,1,7.00397413672268,5,8.31238059678675,94.0,1,Pass,1
1889752,0.4963669966805266,0.03426623827583109,0.36892661926606074,0.2496904945007673,0.3655118881937645,0.1750257218083763,0.359483564123972,0.2959799256345996,0.0797716827330221,0.26489157469197194,0.14898650738258282,0.2993854856979492,0.10266577968434788,0.08345864338298756,0.22177235269003753,0.17962077412851418,0.3068647119022478,0.23242767541499174,0.5870791793832231,0.1478241844242261,792.0,1092.0,300.0,340.0,1293.0,1,6.675823221634848,1,6.996681488176539,1,5.707110264748875,1,5.831882477283517,1,7.165493475060845,5,8.247482004285693,46.0,1,Pass,1
1944167,0.43261137563363294,0.47950051499536606,0.9131772739421623,0.0,0.0,0.0,0.0,0.04341136302891881,0.0,0.0,0.0,0.10853034562555948,0.0,0.0,0.0,0.5673886243663671,0.4119691393790744,0.04341136302891881,0.0,0.0,357.0,125.0,226.0,,,1,5.8805329864007,1,4.836281906951478,1,5.424950017481403,0,0.0,0,0.0,3,6.5638555265321274,76.0,1,Fail,0
1948159,0.3254105094740357,0.0913612995837322,0.20838557954720638,0.5229610367367128,0.2987609893029077,0.2819648718962797,0.1050623083176454,0.2340619173822021,0.13748924724445646,0.22471332471881925,0.2334426319489982,0.3201808059440485,0.21513928978482452,0.13040335645073972,0.06002938824450574,0.15918198668068645,0.4833955861545739,0.34241321328576696,0.20914635956809108,0.4164962977337672,1226.0,351.0,213.0,509.0,855.0,1,7.112327444710911,1,5.863631175598097,1,5.365976015021851,1,6.234410725718371,1,6.752270376141742,5,8.056743774975313,100.0,1,Distinction,1
1962049,0.3663111521558011,0.21664828103896092,0.21751513144090587,0.23835279088629666,0.22127278161700287,0.2840006471107222,0.3762310000992557,0.3153340252329305,0.297250579308097,0.23650877540214763,0.09906052032991473,0.19364046016976888,0.21381765010072729,0.29703764737555055,0.3064861572141987,0.250627680403562,0.21348025869201456,0.25333319322543635,0.16735898243005573,0.23573228576665084,750.0,1126.0,1734.0,1319.0,1803.0,1,6.621405651764134,1,7.027314514039777,1,7.45876269238096,1,7.1853870155804165,1,7.4977617006225685,5,8.814776088545281,70.0,1,Pass,1
1962062,0.23573997729639656,0.19264088306247668,0.3392556289156599,0.0,0.0,0.20803009799766833,0.5057254869045528,0.2187396669611983,0.33135387535784744,0.0,0.26831137099029795,0.0,0.07799477305382865,0.0,0.0,0.2879185537156371,0.3016336300329705,0.3640099310693132,0.6686461246421525,0.0,419.0,302.0,298.0,115.0,,1,6.040254711277414,1,5.713732805509369,1,5.700443573390687,1,4.7535901911063645,0,0.0,4,7.034387929915503,66.0,1,Fail,0
1972092,0.24898462511407912,0.22311764375384202,0.3008673252823188,0.19894836594618115,0.42024517468306133,0.18578144050328663,0.2619372766436469,0.2298573753279978,0.27787518169427966,0.271601269730865,0.2708790188478374,0.22639867847071868,0.23523839954293163,0.2311073195735745,0.13622182471659788,0.29435491553479676,0.2885464011317924,0.23403689984675177,0.29206913278596464,0.17193173086947586,2078.0,1420.0,1069.0,1537.0,1671.0,1,7.639642287858013,1,7.259116128097101,1,6.975413927455952,1,7.338238150065589,1,7.421775793644647,5,8.958797346140274,78.0,1,Pass,1
1995177,0.3822439863525344,0.1694569102804921,0.47002573169885786,0.2830744703988826,0.31688491920557194,0.3118021226090285,0.19464073846057664,0.21947941163173612,0.3115791347763912,0.27883967969270745,0.156675385611807,0.2754833872533865,0.2978631741824765,0.2543459525783426,0.18894170611945632,0.14927850542663,0.36041896400554485,0.012631682486929615,0.15100044224638356,0.2153336949822644,830.0,909.0,406.0,821.0,1352.0,1,6.7226297948554485,1,6.813444599510896,1,6.008813185442595,1,6.71174039505618,1,7.210079628170788,5,8.3707791729607,86.0,1,Distinction,1
1998834,0.0,0.3947796298342848,0.3371439133135902,0.0,0.2977491276201676,0.16471651161656234,0.18232941493530067,0.03223348319547739,0.0,0.06494036266890633,0.07055093827957282,0.0,0.25248132864360184,0.0,0.318655254855463,0.7647325501038648,0.4228909552304145,0.37814127484733057,0.0,0.318655254855463,200.0,101.0,110.0,,30.0,1,5.303304908059076,1,4.624972813284271,1,4.709530201312334,0,0.0,1,3.4339872044851463,4,6.091309882077698,72.0,1,Pass,1
2017487,0.22277908239489433,0.2224040450877506,0.33156907561513826,0.1923936301163959,0.2717636394728997,0.1953590840710706,0.2169390267342832,0.3404799183989,0.25160369398737076,0.291966068254228,0.2855392248614357,0.2850017698503414,0.1325073041204544,0.22473925406872372,0.21932867306644754,0.29632260867259935,0.27565515832762477,0.1954437018655073,0.33126342182750956,0.21694161920642466,973.0,671.0,743.0,807.0,1464.0,1,6.881411303642535,1,6.51025834052315,1,6.612041034833092,1,6.694562058521095,1,7.289610521451167,5,8.446556111816797,82.0,1,Distinction,1
2020628,0.3101970398093033,0.19561066358579834,0.21107874820314718,0.25896331910397996,0.32914460406356316,0.2675567177297418,0.1794848627255777,0.3059052764727828,0.33759674381122046,0.35923689281876786,0.18140456411305433,0.29941542828298146,0.30933162993794344,0.22910792628457627,0.22254431846157585,0.24084167834790055,0.3254890454056424,0.17368434538612657,0.17433201080022326,0.0890741846560933,2605.0,3904.0,1236.0,1664.0,6384.0,1,7.8655717576847906,1,8.270013062273787,1,7.1204443723924875,1,7.417580402414544,1,8.76170676846664,5,9.667385400057526,70.0,1,Pass,1
2035700,0.28274610180042037,0.23153348082685282,0.321633413139303,0.23255978264679647,0.3911847334259133,0.20940330710067473,0.23952935244737164,0.24716347246255435,0.15651598670149036,0.3301998915213879,0.2618155092438327,0.2276024522082402,0.23985990824811132,0.32403661538942363,0.1191506626009089,0.2460350818550723,0.3013347145175353,0.1913432061500313,0.2868876152622896,0.1594647124517899,741.0,956.0,1368.0,1628.0,1309.0,1,6.60934924316738,1,6.863803391452954,1,7.221835825288449,1,7.395721608602045,1,7.177782416195197,5,8.700014623251842,76.0,1,Pass,1
2047575,0.24912779876538488,0.20396073048279975,0.21346860989678734,0.37753300301328,0.3371856450857536,0.07637201732690467,0.24400868830677014,0.3143634751296216,0.1714878343463051,0.21314188746924767,0.38698137685664,0.2548323817529349,0.11793665708666322,0.05307496320720794,0.23567656770939457,0.28751880705107036,0.29719819945749526,0.3542312578869277,0.39790419943320704,0.2139958997356042,706.0,875.0,792.0,753.0,899.0,1,6.561030665896573,1,6.775366090936392,1,6.675823221634848,1,6.625392368007956,1,6.802394763324311,5,8.300528606199737,82.0,1,Distinction,1
2065972,0.5162444243029908,0.25887929049870684,0.1489589721602157,0.03810138246042377,0.2869903066828576,0.0,0.37178300570036343,0.30068405542426524,0.21144618856653988,0.33193155443660766,0.34165398317508155,0.13146620774278375,0.2577375218730857,0.41866096438777206,0.16624530124483353,0.1421015925219276,0.23787149605814606,0.2926194505424333,0.33179146458526426,0.21483283763570127,454.0,302.0,465.0,386.0,631.0,1,6.12029741895095,1,5.713732805509369,1,6.144185634125646,1,5.958424693029782,1,6.448889394146858,5,7.713784616598755,80.0,1,Pass,1
2067799,0.0,0.1706006301072485,0.0,0.0,0.0,0.464502143401146,0.06076917056935915,0.0,0.05463597099196664,0.0,0.090168122898082,0.06076917056935915,0.0,0.23613273802163157,0.0,0.44532973370077195,0.7078610287540332,1.0,0.7092312909864018,0.0,424.0,129.0,53.0,220.0,,1,6.052089168924417,1,4.867534450455582,1,3.9889840465642745,1,5.3981627015177525,0,0.0,4,6.717804695023691,90.0,1,Fail,0
2081123,0.08832967715934902,0.16976014695958438,0.0,0.18057990646446087,0.32739891648574004,0.36342444916715916,0.16791747819631017,0.2763779172536402,0.6388401870710783,0.05970831892012932,0.2852797547535619,0.2985584614117893,0.3350314313739883,0.18057990646446087,0.3041099324927657,0.2629661189199299,0.3637639134323161,0.38859065137237153,0.0,0.3087828321013649,81.0,138.0,194.0,44.0,877.0,1,4.406719247264253,1,4.9344739331306915,1,5.272999558563747,1,3.8066624897703196,1,6.777646593635117,5,7.19668657083435,68.0,1,Pass,1
2096251,0.04150293490342704,0.10127601974304351,0.25106146856109546,0.2986790723685397,0.305942313894984,0.3115973735934635,0.35668656486176775,0.4143025859635794,0.31769434520991663,0.3436677525054183,0.20478643908959707,0.2370875495474191,0.12619191150599923,0.0899430756017911,0.1426521561499322,0.4421132524135125,0.3049498658477697,0.20844403396932587,0.2936835068197525,0.20773777744966554,629.0,544.0,371.0,580.0,922.0,1,6.4457198193855785,1,6.300785794663244,1,5.918893854273146,1,6.364750756851911,1,6.827629234502852,5,8.021912778985708,86.0,1,Pass,1
2106955,0.19419106927540444,0.14477163783635152,0.2750135624657012,0.13608912928988343,0.3322955604270744,0.19817330578150918,0.3153391054384105,0.25687770659228465,0.14281079175672284,0.31178297656212506,0.2603790074932744,0.3069623534110721,0.2424330201585815,0.3545652257493798,0.16843734614169706,0.34725661744981196,0.232926903314166,0.22567571078343263,0.36653485320401397,0.18748411686910335,995.0,770.0,1179.0,648.0,1156.0,1,6.903747257584598,1,6.647688373563329,1,7.07326971745971,1,6.47543271670409,1,7.053585727193677,5,8.465689348549121,96.0,1,Distinction,1
2128283,0.24974666574203752,0.19270889898788057,0.37333792916681835,0.23018456609017995,0.0,0.17002644836620406,0.24114474004595,0.290371956694659,0.286170534719625,0.0,0.22964547462544094,0.26471114070163354,0.15991987139690897,0.35854834642251937,0.0,0.3505814112663174,0.30143522026453584,0.1763702427416137,0.12509655276767573,0.0,702.0,575.0,862.0,656.0,,1,6.555356891810665,1,6.3561076606958915,1,6.760414691083428,1,6.48768401848461,0,0.0,4,7.935945103353701,58.0,1,Pass,1
2138970,0.1844350444435506,0.0,0.7178772129780564,0.24016984805254651,0.34763412091711215,0.08222555321857816,0.22648580213764039,0.10673036204868767,0.0,0.0,0.3335342278376534,0.43473417652933194,0.0,0.14040499404539278,0.0,0.3998051745002179,0.3387800213330277,0.17539242497325594,0.6194251579020607,0.6523658790828878,300.0,151.0,103.0,330.0,157.0,1,5.707110264748875,1,5.0238805208462765,1,4.6443908991413725,1,5.802118375377063,1,5.062595033026967,5,6.948897222313312,70.0,1,Pass,1
2140300,0.28526862387283214,0.18860371166005538,0.4441036907903495,0.2821592063572437,0.42700631131919536,0.30718601568767606,0.29722420187667675,0.049387849648834796,0.042444500351400155,0.19422519271819177,0.17865499513988312,0.22024343583201753,0.24808339946834584,0.42439022775670976,0.11358721847824788,0.22889036529960874,0.2939286506312503,0.2584250600924698,0.2510060655346463,0.2651812774843649,634.0,740.0,741.0,854.0,1035.0,1,6.453624998892692,1,6.608000625296087,1,6.60934924316738,1,6.75110146893676,1,6.943122422819428,5,8.29529885950246,64.0,1,Pass,1
2143312,0.23181525258015068,0.22942706193026025,0.09630475491179682,0.17236956374191076,0.3222817741179092,0.09556482538158968,0.28175295467317135,0.38251723351600186,0.3085371494979187,0.24429211086787272,0.3993041735400989,0.3790928167998428,0.19325043558020466,0.19178143265258274,0.21963594054738564,0.2733157484981608,0.1097271665967256,0.3279275759919967,0.32731185410758795,0.2137901744668325,635.0,345.0,1448.0,1173.0,1897.0,1,6.455198563340122,1,5.846438775057725,1,7.278628942320682,1,7.068172000388042,1,7.5485559791698735,5,8.612321536507814,78.0,1,Distinction,1
2143440,0.2934881568578112,0.24654311529696687,0.19939206345166258,0.3309653621979639,0.08922283417012093,0.21883433685237585,0.36453418589757475,0.27346629790991756,0.3166961557275629,0.09809953441914232,0.2364320817644366,0.15920353807397622,0.09948842002482323,0.08620669494065804,0.5464097955579816,0.25124542452537624,0.22971916073148202,0.4276532186135967,0.2661317871338152,0.266267835852755,534.0,436.0,519.0,554.0,614.0,1,6.282266746896006,1,6.07993319509559,1,6.253828811575473,1,6.318968113746434,1,6.421622267806518,5,7.885329239273191,92.0,1,Pass,1
2154361,0.14034673813512422,0.35969762590624005,0.2761858172402787,0.0,0.1100612852702937,0.2914689365385356,0.25294156920918404,0.0,0.2803481405208747,0.5730470673659394,0.2481153597798246,0.08475805829383566,0.0,0.0,0.0,0.3200689655465155,0.30260274659074016,0.7238141827597212,0.7196518594791254,0.31689164736376707,457.0,248.0,195.0,173.0,188.0,1,6.126869184114185,1,5.517452896464707,1,5.278114659230517,1,5.159055299214529,1,5.241747015059643,5,7.140453043101158,90.0,1,Pass,1
2160316,0.30718588925681506,0.0,0.19160843759680968,0.28047469472692915,0.3422229789160106,0.2033840921043197,0.3455008007940966,0.35367338727060516,0.2463120853058263,0.1946630044944458,0.2788304122200998,0.31198494642295077,0.0736230449955951,0.22840322297969107,0.3057913544012249,0.2105996064187655,0.3425142527829526,0.3810951301369901,0.2448099969875535,0.15732266218831875,707.0,629.0,1291.0,979.0,1276.0,1,6.56244409369372,1,6.4457198193855785,1,7.163946684342547,1,6.887552571664617,1,7.152268856032539,5,8.49351506406166,96.0,1,Distinction,1
2161710,0.35299691823631046,0.0,0.0,0.3554029125221972,0.0,0.0,0.0,0.0,0.0,0.0,0.30960054290308836,0.0,0.0,0.24469111214611267,0.0,0.33740253886060106,0.0,0.0,0.3999059753316901,0.0,41.0,,,85.0,,1,3.7376696182833684,0,0.0,0,0.0,1,4.454347296253507,0,0.0,2,4.844187086458591,64.0,1,Fail,0
2178837,0.32559850086127484,0.11134883222825816,0.24821146530890506,0.26809994205042065,0.0,0.07195975431309921,0.26463545446928904,0.2803626189719616,0.30340764286691724,0.0,0.278669942594965,0.37311688493452005,0.2077568619427344,0.27860936425879457,0.0,0.323771802230661,0.25089882836793276,0.2636690537763989,0.14988305082386746,0.0,276.0,349.0,1258.0,792.0,,1,5.6240175061873385,1,5.857933154483459,1,7.138073034044347,1,6.675823221634848,0,0.0,4,7.892078421248119,78.0,1,Pass,1
2180090,0.21679995345755787,0.25377472543542845,0.2616093609560254,0.23548019978914556,0.21794048215625178,0.26141317421198135,0.28637158461987067,0.2801803585393353,0.2651288507523494,0.320861755975503,0.26439547950573267,0.23301533664652238,0.20706463297390762,0.22312830349301774,0.2864215220291175,0.25739139282472795,0.22683835329817864,0.2511456475307315,0.27626264596548744,0.17477623983912768,1046.0,1079.0,1841.0,1447.0,2598.0,1,6.953684210870537,1,6.984716320118266,1,7.518607216815252,1,7.277938572945661,1,7.8628820346414905,5,8.988695696785708,90.0,1,Distinction,1
2185729,0.22922243083649443,0.1660150624562007,0.09460571522206339,0.15905795993916005,0.3265161788371511,0.3104816516910138,0.2762408564252439,0.3249853362303106,0.3173195177443072,0.3689263250428112,0.2076470031804355,0.25898374713760225,0.28459814561677077,0.30553650507823404,0.27097009245782705,0.2526489142920563,0.29876033398095314,0.29581080293085515,0.21808601723829862,0.03358740366221059,942.0,484.0,633.0,680.0,762.0,1,6.849066282633458,1,6.184148890937483,1,6.452048954437226,1,6.523562306149512,1,6.637258031284457,5,8.161089512845797,72.0,1,Pass,1
2195853,0.062076572270391275,0.0,0.0,0.0,0.0,0.3131386961106918,0.0,0.0,0.0,0.0,0.09838903922187694,0.0,0.0,0.0,0.0,0.52639569239704,0.0,0.0,0.0,0.0,391.0,,,,,1,5.971261839790462,0,0.0,0,0.0,0,0.0,0,0.0,1,5.971261839790462,44.0,1,Fail,0
2197766,0.13081126813242636,0.23112126800047822,0.2642186775354421,0.26743486528460336,0.253635792916353,0.34134095320447244,0.497148465601957,0.07432125625734416,0.20606580951541975,0.20909693877155577,0.22415840118940425,0.020496516328994623,0.27751162513451844,0.0,0.35113647887225735,0.30368937747369695,0.2512337500685701,0.3839484410726952,0.5264993251999768,0.18613078943983397,318.0,663.0,376.0,378.0,1221.0,1,5.765191102784844,1,6.498282149476434,1,5.932245187448011,1,5.937536205082426,1,7.108244139731541,5,7.9919305198524775,88.0,1,Distinction,1
2254637,0.32495420281014853,0.11995812604104138,0.2909304686682018,0.12894008701718845,0.286995662812545,0.13740496671936078,0.2517992046898536,0.3019429854315795,0.056414011113907064,0.21463316251398024,0.2697176789980433,0.15331668129878973,0.15341819200279924,0.420412101237381,0.2639046328666056,0.2679231514724474,0.4749259879703154,0.2537083538974195,0.3942338006315234,0.23446654180686927,261.0,270.0,493.0,375.0,924.0,1,5.568344503761097,1,5.602118820879701,1,6.202535517187923,1,5.929589143389895,1,6.829793737512425,5,7.751045117971802,52.0,1,Pass,1
2274542,0.33376330955699646,0.29058415915767394,0.1851444186841304,0.27743015725436443,0.3384779705536593,0.20403746599477257,0.1986217221763753,0.27266254311900534,0.2505872009669279,0.34697590108637966,0.24025504743880474,0.23272633085061395,0.22351944491243392,0.2265687863345177,0.1975266580989706,0.22194417700942615,0.27806778781533675,0.31867359328443023,0.24541385544419,0.11701947026099054,619.0,685.0,441.0,1235.0,1410.0,1,6.429719478039138,1,6.530877627725885,1,6.091309882077698,1,7.119635638017636,1,7.252053951852814,5,8.387312270561717,70.0,1,Pass,1
2278101,0.0,0.0,0.025126140272570298,0.2867443584992585,0.2865744527102447,0.1491879143475694,0.09979054266487739,0.1606142642315342,0.17735267000013466,0.13962985864592978,0.14119064105272747,0.37670123034503383,0.2551513842504803,0.19753447600006097,0.07925141481477023,0.7096214445997032,0.5235082269900888,0.5591082112454152,0.33836849550054593,0.49454427382905525,161.0,265.0,183.0,234.0,413.0,1,5.087596335232384,1,5.583496308781699,1,5.214935757608986,1,5.459585514144159,1,6.025865973825314,5,7.136483208590247,76.0,1,Pass,1
2282620,0.0,0.27246614423323,0.0,0.0,0.0,0.0,0.1268514260480324,0.0,0.0,0.0,0.5420574380369827,0.2362753397787254,0.0,0.0,0.0,0.4579425619630173,0.36440708994001236,0.0,0.0,0.0,143.0,1091.0,,,,1,4.969813299576001,1,6.9957661563048505,0,0.0,0,0.0,0,0.0,2,7.118826249062078,86.0,1,Fail,0
2293511,0.2724677315731297,0.1894834513452105,0.31529415899413227,0.39282074069604095,0.3478358794602066,0.14922327444585096,0.2272583648151844,0.4375179026533223,0.14087424678370203,0.3470102809507102,0.34955798601941174,0.26040885634418337,0.050804566297857796,0.2796383433931722,0.0,0.22875100796160766,0.3228493274954218,0.19638337205468756,0.1866666691270848,0.30515383958908315,794.0,719.0,889.0,1334.0,725.0,1,6.678342114654332,1,6.579251212010101,1,6.7912214627261855,1,7.19668657083435,1,6.587550014824796,5,8.403352374992478,100.0,1,Distinction,1
2298106,0.13437418760783257,0.0,0.03528282787362584,0.36471034552417714,0.03674308483161151,0.2987115088924372,0.1771065780033872,0.07744536615574178,0.14226433147875356,0.12385114668542287,0.14783901976426309,0.0885532890016936,0.1343959707125626,0.0,0.12335104631793684,0.41907528373546726,0.7343401329949193,0.7528758352580698,0.49302532299706936,0.7160547221650287,170.0,156.0,1180.0,527.0,676.0,1,5.14166355650266,1,5.056245805348308,1,7.074116816197362,1,6.269096283706261,1,6.517671272912275,5,7.904703913873747,88.0,1,Distinction,1
2298895,0.20560581133594474,0.16490262851723836,0.36041111938270554,0.25517608863737457,0.24374608677235488,0.2642251267602671,0.24338684099872368,0.3338491399495009,0.2793822841899821,0.29323613670314536,0.2557918502836355,0.30464798095892476,0.13788032837609987,0.2813471350206093,0.25885222633731664,0.2743772116201527,0.2870625495251131,0.16785941229169382,0.18409449215203402,0.20416555018718305,674.0,417.0,782.0,684.0,882.0,1,6.51471269087253,1,6.035481432524756,1,6.663132695990803,1,6.529418838262226,1,6.78332520060396,5,8.143226750367445,86.0,1,Distinction,1
2301830,0.2897238290587888,0.24934549064056183,0.2933138747085919,0.2532733701476073,0.346953410169687,0.3663547215606862,0.24493972852206405,0.16731643188072876,0.15824922980745307,0.2322436741114925,0.07216112778496996,0.22769450208285122,0.11872141452457526,0.1899574067894351,0.13157257055952146,0.2717603215955551,0.27802027875452284,0.42064827888610407,0.39851999325550447,0.289230345159299,982.0,1163.0,828.0,978.0,1748.0,1,6.890609120147166,1,7.059617628291383,1,6.720220155135295,1,6.88653164253051,1,7.466799475018602,5,8.648221453822641,72.0,1,Pass,1
2306410,0.35119055200121824,0.24461873569293963,0.3365674132526229,0.20141813188880128,0.2469639406065353,0.18030016502284318,0.16484313095448533,0.1602868044016481,0.08514419809834887,0.336778008917444,0.17653338819850262,0.2951839960129548,0.17983594339968648,0.32992067873676073,0.28331923337167675,0.29197589477743596,0.29535413733962035,0.3233098389460426,0.3835169912760892,0.13293881710434416,455.0,391.0,197.0,404.0,446.0,1,6.1224928095143865,1,5.971261839790462,1,5.288267030694535,1,6.003887067106539,1,6.102558594613569,5,7.546446273746024,86.0,1,Pass,1
2332934,0.1123812566388256,0.128594694389143,0.0,0.1079801172670708,0.25726959682752887,0.5504749734446976,0.0854933270859284,0.0,0.023550927025049146,0.0,0.13071863698922237,0.46649682313205654,0.0,0.34385242629140844,0.04606469547365968,0.2064251329272544,0.3194151553928722,0.0,0.5246165294164716,0.6966657076988114,172.0,171.0,,183.0,90.0,1,5.153291594497779,1,5.147494476813453,0,0.0,1,5.214935757608986,1,4.51085950651685,4,6.424869023905388,80.0,1,Fail,0
2339267,0.0,0.24302624255873156,0.22835430971370266,0.18475460967020652,0.0,0.0,0.17490436202524515,0.0,0.0,0.0,0.39846054855846513,0.0,0.2540291817328872,0.21221557771385816,0.0,0.6015394514415349,0.5820693954160233,0.5176165085534102,0.6030298126159354,0.0,499.0,178.0,345.0,292.0,,1,6.214608098422191,1,5.187385805840755,1,5.846438775057725,1,5.680172609017068,0,0.0,4,7.181591944611865,80.0,1,Pass,1
2341420,0.3011753192274999,0.45833087631229125,0.23335872955455608,0.12751546696978386,0.3794033999660467,0.26790702488268053,0.23315682962208442,0.3783905619350046,0.10337863336455672,0.14395968118739907,0.21238154984611912,0.09789849463399494,0.3882507085104393,0.26085377585209285,0.0,0.2185361060437005,0.21061379943162933,0.0,0.5082521238135665,0.4766369188465542,885.0,334.0,333.0,264.0,162.0,1,6.786716950605081,1,5.814130531825066,1,5.811140992976701,1,5.579729825986222,1,5.093750200806762,5,7.590346945602565,82.0,1,Pass,1
2343785,0.20956137499417843,0.058535525281963076,0.37556143024537075,0.4968691285412466,0.3891171610442109,0.2839812045493667,0.31253325746234273,0.31250141051166364,0.1944404136583713,0.2931448767163632,0.21675724665154983,0.2790084234432088,0.06455854315635422,0.1675430849617356,0.2112681903705906,0.2897001738049051,0.3499227938124853,0.24737861608661135,0.14114737283864653,0.10646977186883524,709.0,309.0,517.0,989.0,673.0,1,6.565264970035361,1,5.736572297479192,1,6.249975242259483,1,6.897704943128636,1,6.513230110912307,5,8.0702808933939,92.0,1,Pass,1
2351969,0.23116980443491816,0.13056696505899723,0.0,0.0,0.0,0.19040556866291672,0.3626621981715205,0.4027167185552096,0.0,0.0,0.20553685663325771,0.12791843019615007,0.0,0.4013728453173559,0.0,0.37288777026890757,0.37885240657333213,0.5972832814447905,0.5986271546826442,1.0,235.0,189.0,111.0,50.0,104.0,1,5.4638318050256105,1,5.247024072160486,1,4.718498871295094,1,3.9318256327243257,1,4.653960350157523,5,6.536691597591305,82.0,1,Pass,1
2360559,0.12114409466710611,0.24499803547087,0.23669652900880989,0.32669809151407103,0.4005272272663046,0.40093397957005783,0.2447582777041326,0.36553154858158116,0.3361068959177635,0.258132956021931,0.23016007359672075,0.1762040690035392,0.10914713345787093,0.17562031131017403,0.21837327214487473,0.24776185216611527,0.3340396178214582,0.2886247889517381,0.16157470125799145,0.12296654456688974,280.0,1090.0,938.0,731.0,848.0,1,5.638354669333745,1,6.994849985833071,1,6.844815479208263,1,6.595780513961311,1,6.744059186311348,5,8.265650165580329,74.0,1,Pass,1
2366656,0.17043922373407241,0.2534363191638684,0.20759980427311536,0.2041758528566306,0.30007554409586346,0.09780291566094211,0.09931226081056531,0.0,0.3022648250731381,0.3309159381150764,0.4060608356151167,0.30385717939868795,0.0,0.212595505211035,0.2138533495329004,0.3256970249898689,0.3433942406268784,0.7924001957268846,0.2809638168591963,0.15515516825615966,268.0,415.0,199.0,678.0,448.0,1,5.594711379601839,1,6.030685260261263,1,5.298317366548036,1,6.520621127558696,1,6.1070228877422545,5,7.605392364814935,80.0,1,Distinction,1
2378208,0.2316869640766804,0.17659590283891133,0.06718164887880948,0.12386708312319207,0.05055128611926906,0.09445423175980772,0.3705536441069867,0.08855369155074527,0.11065045876120223,0.4499923397526305,0.3020764980523658,0.0780782509687751,0.075858163407059,0.4444291650234482,0.06345563956312886,0.3717823061111461,0.37477220208532686,0.7684064961633862,0.32105329309215763,0.43600073456497146,347.0,157.0,390.0,342.0,443.0,1,5.8522024797744745,1,5.062595033026967,1,5.968707559985366,1,5.8377304471659395,1,6.095824562432225,5,7.426549072397305,84.0,1,Pass,1
2386732,0.17438985164954254,0.34133442069633824,0.2935778293138759,0.2131632716764998,0.35468294742022866,0.3471809438869797,0.23690340403920832,0.2926276706554572,0.3437721268878809,0.30390072748228003,0.26789939666329815,0.22148076664324393,0.19742959303930194,0.27631598835346327,0.1686311851734752,0.21052980780017957,0.20028140862120963,0.21636490699136504,0.16674861308215602,0.17278513992401617,421.0,854.0,605.0,1293.0,2138.0,1,6.045005314036012,1,6.75110146893676,1,6.406879986069314,1,7.165493475060845,1,7.668093709082406,5,8.57772369115627,72.0,1,Distinction,1
2399758,0.0,0.3094940802591821,0.3240323604656797,0.1338293822280329,0.39035896349451377,0.08338140669302972,0.25052866635903687,0.4458117525340334,0.3098371919038294,0.42881513304006136,0.20468947043316402,0.19318686402825155,0.12690235615045245,0.3200677399149464,0.08109218676399275,0.7119291228738063,0.24679038935352932,0.10325353084983438,0.23626568595319125,0.09973371670143222,315.0,615.0,217.0,684.0,716.0,1,5.755742213586912,1,6.423246963533519,1,5.384495062789089,1,6.529418838262226,1,6.57507584059962,5,7.843064016692054,92.0,1,Pass,1
2403701,0.2212726623884351,0.202307506446974,0.2530809641584457,0.27401093320810227,0.25370162567411564,0.23562100019702056,0.2515427614906825,0.2658144859389173,0.24832810475898373,0.274157382929815,0.2444505994876157,0.25931896182080155,0.24571473568737245,0.1982557314950564,0.220975955433191,0.2986557379269287,0.28683077024154185,0.23538981421526448,0.2794052305378576,0.2511650359628785,2492.0,1714.0,1836.0,2044.0,3816.0,1,7.821242083523558,1,7.44716835960004,1,7.515889085215125,1,7.623153068476902,1,8.247220052745229,5,9.384545748167879,74.0,1,Pass,1
2417433,0.26392710713834616,0.0,0.0,0.10997524021322266,0.0,0.18758291693571957,0.0,0.0,0.3016884165364253,0.0,0.0,0.0,0.0,0.30002236739235166,0.0,0.5484899759259341,0.0,0.0,0.28831397585800034,0.0,158.0,,,835.0,,1,5.0689042022202315,0,0.0,0,0.0,1,6.728628613084702,0,0.0,2,6.901737206656574,76.0,1,Fail,0
2417975,0.42049709307139216,0.2697221241460722,0.15920197539883604,0.0,0.0,0.32358814937619196,0.4067576351997314,0.4378904855552924,0.0,0.08402827039612844,0.12432493058671674,0.07203500916688298,0.3308715218704788,0.0,0.5506134099564262,0.1315898269656991,0.25148523148731333,0.0720360171753928,0.0,0.3653583196474454,381.0,705.0,731.0,,1123.0,1,5.945420608606575,1,6.559615237493242,1,6.595780513961311,0,0.0,1,7.024649030453636,4,7.9865049385539955,94.0,1,Pass,1
2424257,0.33311429109230717,0.10960227834928359,0.07260872435410272,0.2925029960504215,0.21705040631814695,0.2706209009773029,0.3259869006658891,0.39199683217753484,0.30192363167276925,0.10916475181407724,0.30181965960425483,0.3947716563838744,0.16750393321931964,0.17229071527668202,0.42869403707476444,0.09444514832613506,0.16963916460095282,0.36789051024904273,0.23328265700012726,0.24509080479301126,261.0,440.0,433.0,1335.0,798.0,1,5.568344503761097,1,6.089044875446846,1,6.073044534100405,1,7.197435354096591,1,6.683360945766275,5,8.091933455979893,10.0,1,Fail,0
2427845,0.2353961286005876,0.1708357229468019,0.26674578709004004,0.1718816741484219,0.2578250548167788,0.16158168342922777,0.26321714698910653,0.17741776211513122,0.3136600897157503,0.2721006842659033,0.3191874940052005,0.2992859310909129,0.21557697411310406,0.24062698121217665,0.25752989540793814,0.28383469396498406,0.2666611989731787,0.3402594766817246,0.273831254923651,0.21254436550937977,462.0,498.0,803.0,475.0,953.0,1,6.137727054086234,1,6.212606095751519,1,6.6895992691789665,1,6.16541785423142,1,6.860663671448287,5,8.068402958569699,44.0,1,Pass,1
2438784,0.3587269467737149,0.033077934514605056,0.1897800664991313,0.36955940472760634,0.4274779138787309,0.3193455492531175,0.4493624999822197,0.0,0.18657996969696322,0.29782416912364634,0.17642360003101756,0.377046897390699,0.07462492944673138,0.22655145552742617,0.09952841692140794,0.14550390394215007,0.14051266811247598,0.7355950040541372,0.21730917004800424,0.1751695000762149,712.0,152.0,379.0,747.0,640.0,1,6.569481420414296,1,5.030437921392435,1,5.940171252720432,1,6.617402977974478,1,6.46302945692067,5,7.875119281040293,72.0,1,Pass,1
2457440,0.41131601773323423,0.25908161443072114,0.652326481485773,0.8352705221332285,0.3513647020660216,0.12920888426116195,0.21229237847380955,0.0,0.0,0.19035109729631053,0.1160611569379994,0.22441531853743668,0.039277380875521066,0.06589179114670861,0.15192563014289512,0.3434139410676045,0.3042106885580327,0.30839613763870594,0.0988376867200629,0.30635857049477266,154.0,504.0,99.0,165.0,448.0,1,5.043425116919247,1,6.22455842927536,1,4.605170185988092,1,5.111987788356544,1,6.1070228877422545,5,7.223295679562314,78.0,1,Pass,1
2459292,0.3897815722767289,0.6899422820255674,0.35254295030369215,0.0,0.15495068870404616,0.12452829644559092,0.0,0.03661126742035414,0.0,0.0,0.1718748160768319,0.0,0.0,0.0,0.09776299983977145,0.3138153152008483,0.3100577179744325,0.6108457822759537,0.0,0.7472863114561823,111.0,18.0,106.0,,34.0,1,4.718498871295094,1,2.9444389791664403,1,4.672828834461906,0,0.0,1,3.5553480614894135,4,5.598421958998375,90.0,1,Pass,1
2470326,0.2523394830195911,0.3513988940122073,0.0,0.0,0.0,0.3814168355913293,0.16261209640572027,0.0,0.0,0.0,0.19306790181600894,0.12886703748336006,0.0,0.0,0.0,0.17317577957307065,0.35712197209871227,0.0,0.0,0.0,280.0,20.0,,,,1,5.638354669333745,1,3.044522437723423,0,0.0,0,0.0,0,0.0,2,5.707110264748875,66.0,1,Fail,0
2480886,0.18839033777781414,0.19132765049719283,0.49948164037458437,0.19665802384310535,0.0,0.23802454491645622,0.15533190955528325,0.17955380882222907,0.3056810263407715,0.0,0.25544972294500773,0.3698797674340587,0.0,0.16209270725310396,0.0,0.31813539436072186,0.28346067251346535,0.3209645508031866,0.3355682425630192,0.0,718.0,398.0,419.0,408.0,,1,6.577861357721047,1,5.988961416889864,1,6.040254711277414,1,6.013715156042802,0,0.0,4,7.572502985020384,98.0,1,Fail,0
2482710,0.04636999991930961,0.3880002347227623,0.22716451726897635,0.21274531918576658,0.08934706715506627,0.16131677112225346,0.06338652778095336,0.15669488987106978,0.015262363537949969,0.3130206771230461,0.2223699755335101,0.15738573787816504,0.1286178736702438,0.061049454151799874,0.44602368019977345,0.5699432534249269,0.39122749961811926,0.48752271918971013,0.7109428631244835,0.15160857552211426,623.0,623.0,468.0,472.0,2176.0,1,6.436150368369428,1,6.436150368369428,1,6.150602768446279,1,6.159095388491933,1,7.685703061234547,5,8.38091517312361,82.0,1,Pass,1
2486930,0.05970233122730104,0.0,0.24455310424059987,0.0,0.5093630995222689,0.27724904041388276,0.5300882340178286,0.0,0.0708299711848578,0.0,0.0,0.34049263703318633,0.0,0.0,0.0,0.6630486283588162,0.1294191289489852,0.7554468957594002,0.9291700288151422,0.49063690047773123,158.0,28.0,127.0,227.0,154.0,1,5.0689042022202315,1,3.367295829986474,1,4.852030263919617,1,5.429345628954441,1,5.043425116919247,5,6.543911845564792,66.0,1,Pass,1
2499307,0.1979169938395206,0.26578948321993884,0.2384005573889859,0.2481468590258335,0.43590738080853647,0.1400363298519426,0.41795165864692724,0.11620037349574101,0.1357523647736819,0.30716771247122554,0.2601217361493869,0.07608108771349419,0.28171776060024484,0.13512004245214548,0.12080067806252155,0.40192494015915,0.24017777041963978,0.3636813085150283,0.48098073374833905,0.13612422865771642,338.0,194.0,329.0,557.0,1066.0,1,5.82600010738045,1,5.272999558563747,1,5.799092654460526,1,6.324358962381311,1,6.9726062513017535,5,7.818027938530729,92.0,1,Pass,1
2504129,0.2520717099411552,0.2186765581789105,0.0,0.0,0.0,0.2544990827988504,0.10347718870750883,0.0,0.0,0.0,0.10561853617941232,0.18583353947114242,0.0,0.0,0.0,0.38781067108058215,0.4920127136424383,0.0,0.0,0.0,167.0,93.0,,,,1,5.123963979403259,1,4.543294782270004,0,0.0,0,0.0,0,0.0,2,5.564520407322694,92.0,1,Fail,0
2505058,0.11288898331076273,0.0,0.0,0.0,0.0,0.13843512642228173,0.0,0.0,0.0,0.0,0.2183571004981094,0.0,0.0,0.0,0.0,0.530318789768846,0.0,0.0,0.0,0.0,128.0,,,,,1,4.859812404361672,0,0.0,0,0.0,0,0.0,0,0.0,1,4.859812404361672,72.0,1,Fail,0
2519138,0.3222544929807059,0.32555316012357455,0.25899445113606934,0.24082199337365934,0.18941236133486158,0.1841420877305642,0.16053796347385882,0.26487236245067997,0.2163277199381914,0.38528742383693215,0.33753530802807336,0.24333213656437147,0.09978157049853685,0.1737339752852851,0.1522761617505281,0.15606811126065653,0.2705767398381953,0.3763516159147139,0.36911631140286416,0.2730240530776782,798.0,931.0,435.0,481.0,761.0,1,6.683360945766275,1,6.837332814685591,1,6.077642243349034,1,6.1779441140506,1,6.635946555686647,5,8.133587417660966,76.0,1,Pass,1
2529052,0.5826876902453939,0.21813432560993964,0.0,0.0,0.0,0.19433667968298765,0.0,0.0,0.0,0.0,0.09055223008704219,0.0,0.0,0.0,0.0,0.1324233999845761,0.7818656743900605,0.0,0.0,0.0,234.0,58.0,,,,1,5.459585514144159,1,4.07753744390572,0,0.0,0,0.0,0,0.0,2,5.680172609017068,78.0,1,Fail,0
2529419,0.23702151310393751,0.08412707780679003,0.16907663044873256,0.2412012548191139,0.1943437869271568,0.3772013328581054,0.3271814412638106,0.4530996168186114,0.30825573856366795,0.2853373612333015,0.16138517625698162,0.05064954773480282,0.11619644258946517,0.13887298073730564,0.19203067080866248,0.22439197778097544,0.5380419331945965,0.2616273101431909,0.31167002587991244,0.32828818103087914,725.0,351.0,316.0,630.0,1278.0,1,6.587550014824796,1,5.863631175598097,1,5.75890177387728,1,6.447305862541213,1,7.153833801578843,5,8.101980731853192,90.0,1,Pass,1
2530976,0.28070787812769465,0.23445364349548167,0.32373927609311653,0.3065740809602863,0.0,0.19148031824168912,0.1811087722917908,0.3794710976405102,0.347322942871718,0.0,0.2289844341726446,0.2805598528789136,0.1294129820637553,0.02559630257607784,0.0,0.2988273694579716,0.30387773133381396,0.16737664420261805,0.3205066735919178,0.0,411.0,274.0,187.0,175.0,,1,6.021023349349527,1,5.616771097666572,1,5.236441962829949,1,5.170483995038151,0,0.0,4,6.954638864880987,76.0,1,Pass,1
2537777,0.09395928836341576,0.19097216039621678,0.25942385947987967,0.3544431635512086,0.3347834648640169,0.35330877845760467,0.18553403446802896,0.34257455183698043,0.2119155738133957,0.44905195719088986,0.3155181080969655,0.1495404987639168,0.0,0.2149736176232869,0.01085494976114805,0.23721382508201405,0.47395330637183747,0.3980015886831399,0.21866764501210872,0.20530962818394521,433.0,292.0,288.0,538.0,765.0,1,6.073044534100405,1,5.680172609017068,1,5.666426688112432,1,6.289715570908998,1,6.641182169740591,5,7.748028524432376,72.0,1,Fail,0
2540871,0.17975198810769222,0.23330608854613355,0.2521106837762603,0.4496429161452778,0.0,0.18689336568132742,0.2582373297559666,0.2649939337720446,0.2613590514611791,0.0,0.2575270066091286,0.21844115616930293,0.17332931778666708,0.15678072432818954,0.0,0.37582763960185184,0.29001542552859694,0.3095660646650281,0.13221730806535348,0.0,569.0,585.0,439.0,337.0,,1,6.345636360828596,1,6.373319789577012,1,6.0867747269123065,1,5.823045895483019,0,0.0,4,7.565793282428515,56.0,1,Fail,0
2542209,0.4056861529672054,0.21142938112690327,0.32445357758496285,0.2619960797563542,0.11203918006045722,0.17324713353191926,0.26071794973385737,0.15254282450574627,0.25734970419364983,0.4280040494884548,0.05442304179756508,0.17161375409217774,0.22591235470954352,0.18548859279736915,0.20060217722801615,0.3666436717033103,0.3562389150470616,0.29709124319974733,0.29516562325262685,0.25935459322307186,274.0,683.0,677.0,639.0,771.0,1,5.616771097666572,1,6.52795791762255,1,6.519147287940395,1,6.461468176353717,1,6.648984550024776,5,8.021256180143997,76.0,1,Fail,0
2544643,0.09924191092085799,0.13792240743848244,0.18809557171299127,0.2681076250719083,0.3109543728469076,0.24115287108709818,0.26741141332235285,0.24467879192954137,0.21002072776770703,0.2530964661161863,0.28486296031378516,0.2837506612975637,0.23099169147147208,0.19298399671035088,0.148522804583441,0.3747422576782587,0.31091551794160105,0.3362339448859953,0.3288876504500338,0.2874263564534652,510.0,887.0,743.0,1435.0,1590.0,1,6.236369590203704,1,6.78897174299217,1,6.612041034833092,1,7.269616749608169,1,7.372118028337787,5,8.549853973655786,94.0,1,Distinction,1
2544766,0.0788414417599328,0.3696745337369917,0.7107175313293262,0.28625800877200236,0.08077956781848494,0.41276092090368427,0.15389168738911835,0.0,0.0,0.0,0.25777835428246265,0.0,0.0,0.1971692879901187,0.0,0.25061928305392034,0.4764337788738899,0.28928246867067375,0.516572703237879,0.9192204321815152,210.0,44.0,70.0,73.0,315.0,1,5.351858133476067,1,3.8066624897703196,1,4.2626798770413155,1,4.30406509320417,1,5.755742213586912,5,6.569481420414296,56.0,1,Pass,1
2546315,0.15430544634933552,0.08598245880154191,0.20279600570391354,0.11705753015867709,0.2367188755417246,0.20274761298849334,0.3326983703466079,0.12082241143160087,0.23933915186010393,0.27685673296846025,0.22581388807139996,0.1427440196670497,0.1927668394044313,0.2872199834949781,0.24403594453547037,0.4171330525907712,0.43857515118480056,0.48361474346005423,0.3563833344862408,0.24238844695434486,770.0,419.0,177.0,457.0,1338.0,1,6.647688373563329,1,6.040254711277414,1,5.181783550292085,1,6.126869184114185,1,7.199678345691172,5,8.058960017769417,82.0,1,Distinction,1
2557008,0.3782765871588024,0.1514461953645317,0.5590014542020555,0.1674893448953317,0.298358738803553,0.3608516433946057,0.10605132623650217,0.26373703001081245,0.034175763815408794,0.2658058228112956,0.11568954833709988,0.28688331506844916,0.058023936201452866,0.2669890230722468,0.26507038230715024,0.14518222110949205,0.455619163330517,0.11923757958567904,0.5313458682170127,0.17076505607800105,854.0,1027.0,781.0,704.0,4003.0,1,6.75110146893676,1,6.93537044601511,1,6.661854740545311,1,6.558197802812269,1,8.295049140435111,5,8.905172985183382,92.0,1,Distinction,1
2558365,0.0,0.2140353275433565,0.13515289991053128,0.408752945466678,0.0,0.0,0.20108814298804098,0.19256973722648962,0.1706896193704127,0.0,0.0,0.1643880624559305,0.12444638737605064,0.0,0.0,0.0,0.42048846701267206,0.5478309754869285,0.4205574351629093,0.0,,127.0,78.0,58.0,,0,0.0,1,4.852030263919617,1,4.3694478524670215,1,4.07753744390572,0,0.0,3,5.575949103146316,66.0,1,Fail,0
2559144,0.3575037932864295,0.037890319798613015,0.0,0.0,0.0561576878885282,0.22494251367946322,0.14426189558358596,0.17751129430599524,0.0,0.26424507862319335,0.22773811887910045,0.6062317694022149,0.0,0.0,0.15136405845151743,0.18981557415500688,0.2116160152155861,0.8224887056940048,0.0,0.528233175036761,102.0,73.0,35.0,,320.0,1,4.634728988229636,1,4.30406509320417,1,3.58351893845611,0,0.0,1,5.771441123130016,4,6.274762021241939,70.0,1,Pass,1
2563095,0.4521315850871417,0.2875563464623463,0.08459468696783548,0.0,0.2041561833249641,0.25136875460604574,0.16310511023061564,0.15638774882353595,0.0,0.23144745217201135,0.2964996603068127,0.2770912336071869,0.2075962083009703,0.0,0.24360458772012408,0.0,0.2722473096998512,0.5514213559076584,0.0,0.3207917767829004,125.0,344.0,335.0,,1724.0,1,4.836281906951478,1,5.84354441703136,1,5.817111159963204,0,0.0,1,7.45298232946546,4,7.835579246669965,88.0,1,Pass,1
2579891,0.20589861178338703,0.1424623758195705,0.24004494550775302,0.1595390886937416,0.29984539101437746,0.07236976056356752,0.3451468344730044,0.3243799496047274,0.34956006687716334,0.298693505394146,0.11202492018187926,0.24728704967843043,0.167716818465874,0.23073021200778615,0.12257037457786983,0.6097067074711662,0.2651037400289947,0.26785828642164555,0.26017063242130894,0.2788907290136066,304.0,320.0,313.0,517.0,922.0,1,5.720311776607412,1,5.771441123130016,1,5.749392985908253,1,6.249975242259483,1,6.827629234502852,5,7.773594467360194,76.0,1,Pass,1
2584244,0.05201749000257236,0.22726627362560559,0.5366717889459702,0.2087945185093183,0.34283278376217285,0.41129660250849953,0.0,0.24625703470026972,0.3323588613680303,0.02326101338149345,0.0,0.05174176903677139,0.048420091632475265,0.29824387364494703,0.02326101338149345,0.5366859074889281,0.720991957337623,0.1686510847212849,0.1606027464777043,0.6106451894748403,141.0,301.0,236.0,951.0,321.0,1,4.955827057601261,1,5.71042701737487,1,5.4680601411351315,1,6.858565034791365,1,5.7745515455444085,5,7.576097340623111,72.0,1,Pass,1
2597117,0.22255709212879152,0.1269967916359811,0.23358169373237322,0.2035513514756916,0.3581472918097193,0.2770506051773129,0.29634479071846537,0.33595593200253604,0.25923415312004605,0.23089422693029202,0.21538007847645763,0.2586587230801751,0.0,0.28333306111799644,0.238812232918979,0.2850122242174381,0.3179996945653784,0.43046237426509076,0.25388143428626586,0.1721462483410096,608.0,529.0,920.0,779.0,1178.0,1,6.411818267709897,1,6.272877006546167,1,6.825460036255307,1,6.659293919683638,1,7.072421900537371,5,8.297792626380861,88.0,1,Distinction,1
2599883,0.18804988163555514,0.15785693710366294,0.13234447179475178,0.17118807016819648,0.5011754426777092,0.19965691039803873,0.44986289551043507,0.4610539851482735,0.11413967908842047,0.12805229744418598,0.24773455265762231,0.1433860098529514,0.08140617481873816,0.10486592918656436,0.12805229744418598,0.3645586553087838,0.24889415753295058,0.3251953682382366,0.6098063215568188,0.24271996243391875,765.0,457.0,522.0,400.0,479.0,1,6.641182169740591,1,6.126869184114185,1,6.259581464064923,1,5.993961427306569,1,6.173786103901937,5,7.8724551500639794,80.0,1,Pass,1
2602542,0.0,0.15795737518318925,0.014489813248466406,0.2174412158620254,0.4358768169658884,0.23837548356988647,0.2011138794682916,0.20784616888644109,0.3112105573791117,0.2671349797493257,0.2880038364034051,0.2865860364087564,0.2899399470005085,0.11269011628459834,0.17115730261763556,0.4736206800267084,0.3543427089397627,0.48772407086458414,0.35865811047426466,0.12583090066715027,514.0,606.0,813.0,671.0,950.0,1,6.244166900663736,1,6.408528791059498,1,6.70196036600254,1,6.51025834052315,1,6.85751406254539,5,8.176110342237342,94.0,1,Distinction,1
2603027,0.205206431580062,0.174216155155055,0.26753990732402344,0.38167178346539354,0.22066684456509494,0.27913459074031755,0.34469716309241455,0.3891412330998994,0.09880973985504263,0.3454398379431593,0.12169982336255433,0.12300452571230122,0.0929633746513134,0.0660937723412868,0.21331064414632142,0.3939591543170662,0.35808215604022925,0.2503554849247637,0.45342470433827703,0.22058267334542422,1067.0,937.0,1220.0,529.0,967.0,1,6.97354301952014,1,6.843749949006225,1,7.107425474110705,1,6.272877006546167,1,6.875232087276577,5,8.459775920546287,84.0,1,Pass,1
2612102,0.10504176100046451,0.3058431946529911,0.07379780214654326,0.24091949051967268,0.23132803782606057,0.2571745249477223,0.2944278383710092,0.2712966388521881,0.2746441465050201,0.2204738310636056,0.3269312502165684,0.25318922118830645,0.16655722091365438,0.2163869788149157,0.2510284061358041,0.31085246383524484,0.14653974578769322,0.48834833808761446,0.26804938416039165,0.29716972497452976,753.0,355.0,757.0,757.0,947.0,1,6.625392368007956,1,5.87493073085203,1,6.630683385642372,1,6.630683385642372,1,6.854354502255021,5,8.180320874773685,88.0,1,Distinction,1
2624028,0.303176718750548,0.321491100664964,0.4214523323592008,0.0495355628670263,0.3932157940558387,0.15012679037809287,0.21501622453899866,0.3031263505425412,0.3392603358034181,0.3378105777229788,0.22109032188491895,0.22686752376025046,0.13703597747752996,0.23150895964318516,0.08353912223804652,0.3256061689864401,0.2366251510357869,0.13838533962072797,0.3796951416863704,0.1854345059831359,639.0,727.0,254.0,467.0,1217.0,1,6.461468176353717,1,6.590301048196686,1,5.541263545158426,1,6.148468295917647,1,7.1049654482698426,5,8.103191752285786,74.0,1,Pass,1
2641156,0.37536423381112316,0.3446479465374039,0.18479938333750967,0.13836350029306596,0.19219759439447393,0.3942148497411211,0.07359301519932926,0.36419073723167134,0.06035534653611808,0.0886357546159793,0.03585611941667306,0.07359301519932926,0.2030900214427551,0.12819256856709899,0.17339259087216158,0.1945647970310826,0.5081660230639377,0.24791985798806387,0.673088584603717,0.5457740601173853,259.0,130.0,209.0,177.0,162.0,1,5.560681631015528,1,4.875197323201151,1,5.3471075307174685,1,5.181783550292085,1,5.093750200806762,5,6.843749949006225,76.0,1,Pass,1
2642532,0.10078775634669102,0.03167707778428454,0.0,0.05657104135715264,0.15810855293906131,0.33115386514761197,0.08188405820480274,0.40644351696037984,0.15425978399316545,0.14863594440251546,0.37446704800420544,0.3134389119496261,0.2975448357186708,0.13589345657015794,0.5297736305021196,0.19359133050149147,0.5729999520612867,0.29601164732094937,0.6532757180795239,0.1634818721563037,142.0,105.0,187.0,120.0,165.0,1,4.962844630259907,1,4.663439094112067,1,5.236441962829949,1,4.795790545596741,1,5.111987788356544,5,6.579251212010101,78.0,1,Pass,1
2643472,0.07841724509981916,0.0,0.14351344515918238,0.0,0.0,0.6845903873313622,0.0,0.0,0.04032782526922497,0.0,0.0,0.0,0.0,0.04032782526922497,0.0,0.23699236756881872,1.0,0.8564865548408176,0.9193443494615501,0.0,294.0,134.0,162.0,239.0,,1,5.68697535633982,1,4.90527477843843,1,5.093750200806762,1,5.480638923341991,0,0.0,4,6.721425700790643,94.0,1,Pass,1
2643829,0.3988853553459173,0.13286710214462813,0.857539991048212,0.16164405595604575,0.0,0.14718746816436662,0.11725923966094182,0.0,0.24065386621542467,0.0,0.1922608994032317,0.26484498758335856,0.0,0.5977020778285296,0.0,0.26166627708648427,0.4850286706110715,0.14246000895178793,0.0,0.0,801.0,474.0,73.0,685.0,,1,6.687108607866515,1,6.163314804034641,1,4.30406509320417,1,6.530877627725885,0,0.0,4,7.617759576608505,82.0,1,Fail,0
2649948,0.3308833523196448,0.26956996313013615,0.1296794995244762,0.20666504703406136,0.12962087711488554,0.03328135126891778,0.22252681045242761,0.19700598473561662,0.1737273701381614,0.17988161052340354,0.2056745833564697,0.0,0.3236371178251346,0.4284369221851704,0.35176729653216066,0.43016071305496767,0.5079032264174362,0.34967739791477276,0.19117066064260685,0.33873021582955026,385.0,284.0,236.0,234.0,339.0,1,5.955837369464831,1,5.652489180268651,1,5.4680601411351315,1,5.459585514144159,1,5.8289456176102075,5,7.2991214627108,66.0,1,Fail,0
2657913,0.5557094458351328,0.25964999948895406,0.13215643211429934,0.0,0.45561824022883196,0.20197184374498492,0.2695871430614369,0.1442679784238449,0.16288914549978747,0.0,0.1496322105540234,0.19284626953310144,0.12435483093155993,0.17431586460271864,0.3322739337021426,0.09268649986585889,0.2779165879165077,0.5992207585302958,0.6627949898974939,0.21210782606902545,425.0,396.0,334.0,242.0,469.0,1,6.054439346269371,1,5.983936280687191,1,5.814130531825066,1,5.493061443340548,1,6.152732694704104,5,7.532088143541722,60.0,1,Pass,1
2658856,0.30615267908554966,0.42657429197865204,0.287138612382105,0.2586568807351823,0.5693211393993541,0.39072036974956303,0.31503468338544377,0.3190934395887196,0.31365859936379675,0.17462374933881444,0.08292017698405979,0.10715182242373236,0.1694837819038982,0.17662620540902582,0.06483453530655978,0.22020677418082754,0.15123920221217196,0.22428416612527732,0.25105831449199517,0.19122057595527156,312.0,276.0,524.0,577.0,574.0,1,5.746203190540153,1,5.6240175061873385,1,6.263398262591624,1,6.359573868672378,1,6.354370040797351,5,7.724888439323074,78.0,1,Pass,1
2667478,0.17348485167896438,0.2869386173063069,0.7717807453749851,0.2825643288858489,0.0,0.4630903219791441,0.19487424448389248,0.1369315527750089,0.11621410789962257,0.0,0.17291554928883607,0.3556366333499045,0.04564385092500298,0.35024389787172266,0.0,0.19050927705305543,0.1625505048598963,0.04564385092500298,0.25097766534280586,0.0,704.0,483.0,123.0,853.0,,1,6.558197802812269,1,6.182084906716632,1,4.820281565605037,1,6.74993119378857,0,0.0,4,7.679713639966372,100.0,1,Fail,0
2681198,0.1919528924693713,0.2577225436503853,0.2532123218413868,0.499642842788998,0.4155094783112009,0.2672877333639308,0.36393786635079217,0.183455880563769,0.38897144589183547,0.33804346723087814,0.17959781976080175,0.17447898851349658,0.21406723468826824,0.0,0.24644705445792106,0.3611615544058962,0.20386060148532592,0.3492645629065759,0.11138571131916647,0.0,886.0,536.0,421.0,290.0,951.0,1,6.787844982309579,1,6.285998094508865,1,6.045005314036012,1,5.673323267171493,1,6.858565034791365,5,8.034306936339489,66.0,1,Pass,1
2682682,0.46283114299603423,0.13899060773618765,0.17437006261754018,0.33694486754702596,0.1369280419963521,0.13173207750545407,0.2186021725487209,0.07583063928603617,0.12999588574433343,0.3866647074037423,0.2010379261137847,0.3543912092673852,0.019916882150050542,0.11186516809830738,0.07975396170504144,0.20439885338472694,0.28801601044770614,0.729882415946373,0.4211940786103332,0.3966532888948641,538.0,339.0,367.0,637.0,852.0,1,6.289715570908998,1,5.8289456176102075,1,5.908082938168931,1,6.45833828334479,1,6.748759547491679,5,7.913521017283895,96.0,1,Distinction,1
2683857,0.191442337168398,0.3249114900697507,0.3225425623907409,0.24153894740077195,0.3405716733872744,0.4791090574785685,0.09441490001503072,0.07937658486299755,0.26415123803360124,0.30007214376508307,0.1498121557788216,0.41826259256423637,0.10844042972411874,0.275314740270338,0.18310717392559947,0.1796364495742117,0.16241101735098226,0.4896404230221428,0.21899507429528897,0.17624900892204304,944.0,418.0,972.0,2208.0,2307.0,1,6.851184927493743,1,6.037870919922137,1,6.880384082186005,1,7.700295203420117,1,7.744136627627991,5,8.83200393125627,72.0,1,Pass,1
2693932,0.3277434371448362,0.17407991221043684,0.20308972384625593,0.2743753910060787,0.0,0.20095055858277744,0.3495707511797874,0.3028771857623531,0.10559040970727579,0.0,0.06781486691186267,0.4763493366097758,0.10701885062579472,0.1511727574172945,0.0,0.4034911373605236,0.0,0.38701423976559624,0.468861441869351,0.0,731.0,405.0,499.0,372.0,,1,6.595780513961311,1,6.0063531596017325,1,6.214608098422191,1,5.921578419643816,0,0.0,4,7.60489448081162,90.0,1,Pass,1
2697921,0.14313726496625598,0.0,0.13788948908774995,0.209870351820625,0.25244968732954476,0.3200327540055854,0.07807775822850033,0.0,0.10791976277645092,0.2986284725264267,0.1919551314185251,0.0,0.12635004448145243,0.2542813206848665,0.10239552387964061,0.3448748496096335,0.9219222417714996,0.7357604664307976,0.4279285647180576,0.34652631626438796,251.0,108.0,122.0,167.0,395.0,1,5.529429087511423,1,4.6913478822291435,1,4.812184355372417,1,5.123963979403259,1,5.981414211254481,5,6.950814768442584,94.0,1,Pass,1
