id_student,ciclo,id_assessment,total_clicks,cluster,perfil,silhueta
31296,1,34899,45,1,Tardio,0.5084993812002794
35747,1,34899,491,1,Tardio,-0.02751587574958139
35796,1,34899,277,0,Adiantado,0.14762051049259142
40857,1,34899,207,0,Adiantado,0.22665558023966703
40878,1,34899,345,2,Equilibrado,0.36235206738586445
42552,1,34899,500,0,Adiantado,0.3087310843246527
43958,1,34899,297,2,Equilibrado,0.3085700588564438
45423,1,34899,807,0,Adiantado,0.03194724511036923
47861,1,34899,2276,2,Equilibrado,0.23168377715507643
56637,1,34899,1140,2,Equilibrado,0.12873737896060378
56667,1,34899,54,1,Tardio,0.5352604069184645
58884,1,34899,667,2,Equilibrado,0.4255261873206924
63112,1,34899,126,1,Tardio,0.2216890924326121
64427,1,34899,415,2,Equilibrado,0.32702843682355903
66892,1,34899,81,2,Equilibrado,0.330867700686216
69439,1,34899,229,2,Equilibrado,0.09415768614906905
71159,1,34899,459,2,Equilibrado,0.09513085211837223
74165,1,34899,461,2,Equilibrado,0.42638442487355316
75107,1,34899,938,2,Equilibrado,0.3303869092003035
77692,1,34899,600,1,Tardio,0.5065454773981112
77995,1,34899,103,2,Equilibrado,0.3711832631870363
79610,1,34899,304,0,Adiantado,0.3404096097281421
80438,1,34899,903,2,Equilibrado,0.2785242114562234
84604,1,34899,710,2,Equilibrado,0.29793492671265215
85241,1,34899,142,2,Equilibrado,0.4109815263527033
87264,1,34899,500,2,Equilibrado,0.28734860601586876
87322,1,34899,88,2,Equilibrado,0.4545656660954914
91801,1,34899,795,2,Equilibrado,0.40651060529866867
94749,1,34899,584,2,Equilibrado,0.15865349634292714
98256,1,34899,164,2,Equilibrado,0.1957905273064795
101217,1,34899,62,0,Adiantado,0.3394864048931797
102854,1,34899,610,0,Adiantado,0.055990414522073824
105125,1,34899,388,2,Equilibrado,0.29838582913780676
105939,1,34899,265,1,Tardio,0.332879714674571
107455,1,34899,252,0,Adiantado,0.3472988451807066
109577,1,34899,143,0,Adiantado,0.12974978551613262
110820,1,34899,471,2,Equilibrado,0.06525005035349579
113702,1,34899,973,2,Equilibrado,0.25664787573651365
116529,1,34899,11,1,Tardio,0.39867569540594644
119310,1,34899,232,0,Adiantado,0.25035981035247246
119865,1,34899,410,2,Equilibrado,0.4192497405407561
125063,1,34899,490,2,Equilibrado,0.44490100112047504
129907,1,34899,639,1,Tardio,0.017343366189641374
131597,1,34899,60,2,Equilibrado,0.24834303945519962
132423,1,34899,278,0,Adiantado,0.09011947616832316
132475,1,34899,590,2,Equilibrado,0.23374355149909537
135280,1,34899,863,2,Equilibrado,0.12391891935336853
136944,1,34899,6,2,Equilibrado,0.0741530302047707
139206,1,34899,627,2,Equilibrado,0.13331470334944884
142310,1,34899,244,0,Adiantado,0.08480443250504058
143755,1,34899,1129,0,Adiantado,-0.033861575860504894
144959,1,34899,66,0,Adiantado,0.1456233546479191
149178,1,34899,532,0,Adiantado,0.2634241093406673
150282,1,34899,168,0,Adiantado,0.24621954236521346
152524,1,34899,964,2,Equilibrado,0.1814699110562118
152917,1,34899,694,2,Equilibrado,0.22862042735148116
155938,1,34899,557,2,Equilibrado,0.24467946931088938
157225,1,34899,201,1,Tardio,0.1843076613032547
159906,1,34899,266,2,Equilibrado,0.125347051469754
159947,1,34899,129,1,Tardio,0.5053970990219108
164148,1,34899,306,1,Tardio,0.3246920865554311
166123,1,34899,339,2,Equilibrado,0.15994948029219302
169596,1,34899,336,2,Equilibrado,0.3537797947187187
170874,1,34899,336,2,Equilibrado,0.3058994167368104
172493,1,34899,458,2,Equilibrado,0.05495944415444204
177492,1,34899,908,2,Equilibrado,0.13866292706100225
184627,1,34899,315,1,Tardio,0.4279777269455068
184720,1,34899,323,2,Equilibrado,0.19598397536866183
185994,1,34899,330,2,Equilibrado,0.12928704139241243
191504,1,34899,178,2,Equilibrado,0.1406890020261958
194163,1,34899,369,2,Equilibrado,0.3035816356303462
195246,1,34899,558,2,Equilibrado,0.14690740330588845
195552,1,34899,474,0,Adiantado,0.012474182066236556
199009,1,34899,354,2,Equilibrado,0.46131690203609316
204117,1,34899,386,2,Equilibrado,0.39124804534012253
226955,1,34899,721,2,Equilibrado,0.17493166632522186
228633,1,34899,602,0,Adiantado,0.01928151757348188
229498,1,34899,682,2,Equilibrado,0.18565991102571927
230947,1,34899,101,2,Equilibrado,0.272025622886254
232173,1,34899,1155,2,Equilibrado,0.45777510322631876
234661,1,34899,466,2,Equilibrado,0.08477477082757415
235747,1,34899,136,1,Tardio,0.49869499753987656
235768,1,34899,410,1,Tardio,0.21523605204205667
235971,1,34899,693,2,Equilibrado,0.3635497092175443
236090,1,34899,558,2,Equilibrado,0.43359658230656206
237891,1,34899,217,2,Equilibrado,0.10177682101728328
249357,1,34899,410,1,Tardio,0.4884590383564046
251166,1,34899,560,0,Adiantado,0.0741438410452037
253633,1,34899,370,2,Equilibrado,0.4294493708748977
253763,1,34899,1234,2,Equilibrado,0.2440653298008731
258245,1,34899,377,0,Adiantado,0.2343796090997163
258509,1,34899,311,1,Tardio,-0.039828035208326895
258978,1,34899,343,0,Adiantado,0.2402031459837366
261863,1,34899,228,0,Adiantado,0.10584861481821362
262025,1,34899,349,1,Tardio,0.5331128634865158
262394,1,34899,156,2,Equilibrado,0.06063507326435236
263862,1,34899,262,2,Equilibrado,0.16580869506329468
265497,1,34899,400,2,Equilibrado,0.06912917313475549
268823,1,34899,48,1,Tardio,0.4884590383564046
269584,1,34899,140,2,Equilibrado,0.4060849881843481
270421,1,34899,124,2,Equilibrado,0.11254245340467338
275127,1,34899,184,2,Equilibrado,0.30408946936942993
277384,1,34899,602,2,Equilibrado,0.2717387385397144
278380,1,34899,564,2,Equilibrado,0.39883844969078913
279440,1,34899,674,2,Equilibrado,0.41900155540667733
279653,1,34899,534,0,Adiantado,0.27725823765343705
279883,1,34899,136,2,Equilibrado,0.31860362249749435
281134,1,34899,420,2,Equilibrado,0.22826532163670712
282849,1,34899,614,0,Adiantado,0.10269080828333833
283402,1,34899,1046,2,Equilibrado,0.29961706676709543
286778,1,34899,398,2,Equilibrado,0.13411349217114654
287079,1,34899,109,0,Adiantado,0.18408955766801263
287258,1,34899,446,0,Adiantado,0.07880707319914172
289247,1,34899,286,2,Equilibrado,0.2215728344957345
294112,1,34899,910,2,Equilibrado,0.10849657229625789
294219,1,34899,1512,2,Equilibrado,0.25901482541753884
294920,1,34899,1025,2,Equilibrado,0.41807596714121725
294929,1,34899,800,2,Equilibrado,0.43447916067708703
297218,1,34899,321,2,Equilibrado,0.44389774831798756
297341,1,34899,720,0,Adiantado,0.20755423079281193
301074,1,34899,463,2,Equilibrado,0.054236614908442345
301561,1,34899,354,0,Adiantado,0.18265168294977183
305064,1,34899,1013,2,Equilibrado,0.18046772886346252
305659,1,34899,198,0,Adiantado,0.3893946854747966
310205,1,34899,739,2,Equilibrado,0.3968044666641748
312126,1,34899,510,2,Equilibrado,0.37829439155590694
312231,1,34899,139,2,Equilibrado,0.1984688507350257
312960,1,34899,27,2,Equilibrado,0.12392371655319254
315795,1,34899,284,0,Adiantado,-0.0013666908460580295
316082,1,34899,112,1,Tardio,0.24205907608225152
318139,1,34899,515,0,Adiantado,0.23915135741190868
318147,1,34899,558,2,Equilibrado,0.4474685665442267
319073,1,34899,589,2,Equilibrado,0.17044599429807059
320133,1,34899,997,2,Equilibrado,0.229453066722795
320612,1,34899,698,2,Equilibrado,0.22068923751745653
322499,1,34899,124,2,Equilibrado,0.15248629541508327
328797,1,34899,212,1,Tardio,0.4884590383564046
331789,1,34899,206,2,Equilibrado,0.11020806295682932
332237,1,34899,23,2,Equilibrado,0.19410245264148995
333993,1,34899,584,0,Adiantado,0.24106615610059667
334224,1,34899,96,0,Adiantado,0.10848373867803056
335095,1,34899,495,2,Equilibrado,0.4216658512842883
337000,1,34899,414,0,Adiantado,0.24683026279283984
338689,1,34899,40,2,Equilibrado,0.014102646666946616
338806,1,34899,31,1,Tardio,0.31974392415095154
339519,1,34899,452,0,Adiantado,0.2838816164978561
340831,1,34899,55,2,Equilibrado,0.22655208169837002
341093,1,34899,117,0,Adiantado,0.20654021233616643
341457,1,34899,591,0,Adiantado,-0.004979250206279562
341629,1,34899,381,0,Adiantado,0.28925060003388703
343709,1,34899,132,0,Adiantado,0.043249043093879246
345271,1,34899,2534,2,Equilibrado,0.21187934976561706
347197,1,34899,692,0,Adiantado,0.3735801394256138
348108,1,34899,207,2,Equilibrado,0.238537170499122
348324,1,34899,380,0,Adiantado,0.018895654132443318
349515,1,34899,385,0,Adiantado,0.043687414347018595
351147,1,34899,261,0,Adiantado,0.0545833575080944
354698,1,34899,220,1,Tardio,0.1660504467792319
355293,1,34899,212,1,Tardio,0.5445110290040169
364066,1,34899,954,2,Equilibrado,0.4554547322618642
366140,1,34899,1052,2,Equilibrado,0.2295496341005902
367151,1,34899,533,1,Tardio,-0.028741821556261236
369242,1,34899,230,2,Equilibrado,0.1963843736536615
369450,1,34899,612,2,Equilibrado,0.3118197085917579
369644,1,34899,758,0,Adiantado,0.03263613947708612
370735,1,34899,352,0,Adiantado,-0.034436078380745555
372345,1,34899,518,2,Equilibrado,0.4129796637506066
372509,1,34899,24,0,Adiantado,0.21896521636548721
372511,1,34899,153,1,Tardio,0.19179347580274686
374353,1,34899,696,2,Equilibrado,0.40123987602154043
375527,1,34899,105,1,Tardio,0.053974261099619364
378705,1,34899,341,2,Equilibrado,0.3088393836204211
378946,1,34899,1083,2,Equilibrado,0.3584254465540324
379278,1,34899,1209,2,Equilibrado,0.31787538810398913
379311,1,34899,160,0,Adiantado,0.26295435592937283
379563,1,34899,86,1,Tardio,0.3751016147447968
380952,1,34899,257,2,Equilibrado,0.34563014803193526
381257,1,34899,778,2,Equilibrado,0.28087820216846743
381414,1,34899,174,2,Equilibrado,0.4040910408404688
381428,1,34899,502,2,Equilibrado,0.19062526922924014
381529,1,34899,435,0,Adiantado,0.06421880754494641
383445,1,34899,143,0,Adiantado,0.1891497986734333
383602,1,34899,632,0,Adiantado,0.03616628994208961
383629,1,34899,58,1,Tardio,0.5065737679824206
384107,1,34899,567,2,Equilibrado,0.24887259735926254
386121,1,34899,185,0,Adiantado,0.3507250580042724
386389,1,34899,291,2,Equilibrado,0.423384245005812
386956,1,34899,475,0,Adiantado,0.323456429544989
389853,1,34899,386,0,Adiantado,-0.02442207527332656
390070,1,34899,361,1,Tardio,0.27441207392992795
393141,1,34899,645,0,Adiantado,0.15351430985692455
395758,1,34899,277,1,Tardio,-0.06282302958052116
396683,1,34899,1038,2,Equilibrado,0.1220702543550325
396834,1,34899,70,2,Equilibrado,0.3913743204944373
396907,1,34899,424,0,Adiantado,0.38753832691091905
397219,1,34899,830,2,Equilibrado,0.29501397232712706
397292,1,34899,115,1,Tardio,0.26178086810585516
397671,1,34899,782,2,Equilibrado,0.28830911154280886
398550,1,34899,160,0,Adiantado,0.3759752291546601
398630,1,34899,123,1,Tardio,0.39750723829269
399429,1,34899,732,2,Equilibrado,0.26528289152846013
402695,1,34899,227,1,Tardio,0.39316827573735463
405193,1,34899,729,0,Adiantado,0.047239867608474186
407232,1,34899,1067,2,Equilibrado,0.08359915571571397
408499,1,34899,670,2,Equilibrado,0.11123788498066116
410407,1,34899,889,2,Equilibrado,0.457217140988805
410883,1,34899,244,1,Tardio,0.24422725101211135
411304,1,34899,241,1,Tardio,0.3781412182352954
412353,1,34899,1925,2,Equilibrado,0.15856786413369026
413180,1,34899,80,1,Tardio,0.13117118149672027
413709,1,34899,226,2,Equilibrado,0.33508641106359566
413949,1,34899,505,2,Equilibrado,0.08594177466891435
416199,1,34899,218,0,Adiantado,0.3111777191729892
416407,1,34899,465,0,Adiantado,0.3117664719628355
418201,1,34899,781,2,Equilibrado,0.37343228567805575
419059,1,34899,173,0,Adiantado,0.23418425626118183
419081,1,34899,209,0,Adiantado,0.18534181283448595
420834,1,34899,900,0,Adiantado,0.09895796697628884
421070,1,34899,85,1,Tardio,0.13355294972776835
423210,1,34899,142,1,Tardio,0.41940430375336507
423488,1,34899,553,2,Equilibrado,0.13202233644790165
423781,1,34899,438,1,Tardio,0.2741911121714787
427256,1,34899,677,0,Adiantado,0.26203066021067967
429832,1,34899,48,2,Equilibrado,0.3778433593849108
431139,1,34899,157,2,Equilibrado,0.06306090266960003
434476,1,34899,1363,2,Equilibrado,0.3352562929910439
438063,1,34899,404,0,Adiantado,0.3902772631928517
438644,1,34899,111,0,Adiantado,0.11481797249756974
439950,1,34899,174,1,Tardio,0.45687405444147533
439995,1,34899,292,2,Equilibrado,0.26668338143411596
440818,1,34899,1279,2,Equilibrado,0.2895304551182394
441165,1,34899,372,2,Equilibrado,0.4248714121566511
441421,1,34899,524,2,Equilibrado,0.3184020334312089
442199,1,34899,204,2,Equilibrado,0.29831032159799675
442347,1,34899,438,2,Equilibrado,0.05796707063873484
442563,1,34899,290,2,Equilibrado,0.1879694071330108
442802,1,34899,526,0,Adiantado,-0.035995930686914125
443151,1,34899,167,2,Equilibrado,0.30205245976405454
443514,1,34899,145,1,Tardio,0.3084451006553699
443696,1,34899,539,2,Equilibrado,0.19825931700005706
444011,1,34899,234,2,Equilibrado,0.427592451211546
444619,1,34899,97,1,Tardio,0.4873372616737515
444907,1,34899,448,1,Tardio,0.05011651074070807
445686,1,34899,231,2,Equilibrado,0.311598417198135
464522,1,34899,376,1,Tardio,0.2900061557109933
465009,1,34899,142,2,Equilibrado,0.10467281166426892
465078,1,34899,828,2,Equilibrado,0.42134624367158613
465121,1,34899,246,2,Equilibrado,0.3740645260168561
465294,1,34899,299,2,Equilibrado,0.32134086690656866
466120,1,34899,521,2,Equilibrado,0.36795899541681615
466807,1,34899,27,0,Adiantado,0.18747677842431135
466987,1,34899,331,0,Adiantado,0.17981730138918328
467363,1,34899,419,2,Equilibrado,0.36038105510584234
469499,1,34899,844,0,Adiantado,-0.025609381835551608
471284,1,34899,356,1,Tardio,0.547959324317854
474667,1,34899,340,2,Equilibrado,0.14235388676455318
475015,1,34899,644,2,Equilibrado,0.3931175484438274
476401,1,34899,656,2,Equilibrado,0.12991225074100163
476629,1,34899,838,2,Equilibrado,0.05107961512700219
477833,1,34899,133,2,Equilibrado,0.28598393555408985
479939,1,34899,763,2,Equilibrado,0.1223587023644139
480303,1,34899,782,2,Equilibrado,0.3854083447327902
481240,1,34899,35,1,Tardio,0.4884590383564046
481717,1,34899,901,0,Adiantado,-0.06097916559521911
482644,1,34899,210,0,Adiantado,0.10121243593123595
483037,1,34899,443,2,Equilibrado,0.3704052577612314
483656,1,34899,460,0,Adiantado,0.027951110493626925
484010,1,34899,340,2,Equilibrado,0.2564327791747426
484494,1,34899,209,2,Equilibrado,0.35521150306403
484594,1,34899,1474,2,Equilibrado,0.06128080008831017
485228,1,34899,678,2,Equilibrado,0.10756659011513059
486087,1,34899,433,2,Equilibrado,0.43728848415044563
486964,1,34899,115,0,Adiantado,0.34718934264604046
488525,1,34899,273,2,Equilibrado,0.16541693077448563
489553,1,34899,145,0,Adiantado,0.23696983858179413
490297,1,34899,65,1,Tardio,0.14003371343658252
491077,1,34899,302,2,Equilibrado,0.07848364933943443
491126,1,34899,575,2,Equilibrado,0.3467288994148745
491863,1,34899,439,2,Equilibrado,0.4253491550461523
491959,1,34899,468,2,Equilibrado,0.3772129613688662
492024,1,34899,309,0,Adiantado,0.20606047307892997
492557,1,34899,16,0,Adiantado,0.06546478198855338
493793,1,34899,286,2,Equilibrado,0.36505143185048955
494046,1,34899,255,2,Equilibrado,0.1307364255690578
494184,1,34899,217,2,Equilibrado,0.17817609342369667
496493,1,34899,344,0,Adiantado,0.27901917523634095
497415,1,34899,944,2,Equilibrado,0.07015629482636057
498442,1,34899,515,0,Adiantado,-0.05644568919422773
499244,1,34899,311,2,Equilibrado,0.26757815261734735
499404,1,34899,296,2,Equilibrado,0.4363360856719085
500068,1,34899,325,0,Adiantado,0.3481292112409287
500618,1,34899,398,0,Adiantado,0.05514906427511377
501444,1,34899,412,2,Equilibrado,0.08926525374582531
501897,1,34899,59,0,Adiantado,0.11526422883649029
502011,1,34899,768,2,Equilibrado,0.28512950045959745
503684,1,34899,57,0,Adiantado,0.23253568558031093
505773,1,34899,985,0,Adiantado,0.2360042766978696
506705,1,34899,260,2,Equilibrado,0.38100430914339906
507311,1,34899,254,0,Adiantado,0.39526216319589025
507743,1,34899,688,2,Equilibrado,0.42058834839360476
507935,1,34899,1167,2,Equilibrado,0.35050287377384215
508626,1,34899,1208,2,Equilibrado,0.29209843812010133
509536,1,34899,738,2,Equilibrado,0.3823750211898148
511309,1,34899,511,0,Adiantado,0.3939769846175554
511350,1,34899,22,1,Tardio,0.4884590383564046
511981,1,34899,464,2,Equilibrado,0.298219778723405
513272,1,34899,79,1,Tardio,0.4462065380956316
513422,1,34899,137,2,Equilibrado,0.23724038343423798
513428,1,34899,183,2,Equilibrado,0.2941938331187719
514078,1,34899,1024,2,Equilibrado,0.4054085342510909
514556,1,34899,617,2,Equilibrado,0.14772441364343178
516602,1,34899,237,2,Equilibrado,0.45495609881484356
517551,1,34899,127,2,Equilibrado,0.07972941962690115
519115,1,34899,189,2,Equilibrado,0.3463010554364105
521032,1,34899,295,0,Adiantado,0.24301367210267452
521115,1,34899,317,2,Equilibrado,0.21018211211966106
521153,1,34899,92,0,Adiantado,0.186697196305664
522082,1,34899,484,2,Equilibrado,0.19604776020739068
523017,1,34899,344,0,Adiantado,0.260001403578343
523249,1,34899,347,2,Equilibrado,0.1975944669116558
524827,1,34899,511,2,Equilibrado,0.45253082445082776
526721,1,34899,865,0,Adiantado,-0.017834487428051774
526819,1,34899,19,0,Adiantado,0.21498118015823986
527619,1,34899,83,0,Adiantado,0.2912262248912702
529693,1,34899,486,2,Equilibrado,0.08951726756480309
529991,1,34899,165,2,Equilibrado,0.1912017838764937
530148,1,34899,474,0,Adiantado,0.22380599808650736
531018,1,34899,575,2,Equilibrado,0.3942168541978424
531871,1,34899,430,1,Tardio,0.3575636898201398
532254,1,34899,819,2,Equilibrado,0.19087906777890598
533418,1,34899,842,2,Equilibrado,0.06676811915476963
534018,1,34899,440,2,Equilibrado,0.32808781342415994
534112,1,34899,364,0,Adiantado,0.030794770538878434
534457,1,34899,270,2,Equilibrado,0.2136607115423471
535542,1,34899,474,0,Adiantado,0.2621354753768288
535997,1,34899,203,0,Adiantado,0.268283097885492
536351,1,34899,438,2,Equilibrado,0.4295188149868444
536475,1,34899,473,2,Equilibrado,0.2999892662497711
536963,1,34899,633,2,Equilibrado,0.18433278341123355
537322,1,34899,270,0,Adiantado,0.14935919510508655
537606,1,34899,264,1,Tardio,0.48921438576480103
537811,1,34899,2515,2,Equilibrado,0.1634680948043993
539308,1,34899,358,2,Equilibrado,0.4083543266644815
539945,1,34899,158,2,Equilibrado,0.3669730677229062
540723,1,34899,894,2,Equilibrado,0.40881846785534787
541532,1,34899,461,0,Adiantado,0.16462823177418034
541921,1,34899,869,0,Adiantado,0.028162506497351112
542202,1,34899,991,2,Equilibrado,0.4561108112260089
542550,1,34899,506,2,Equilibrado,0.1981767208409922
543010,1,34899,846,2,Equilibrado,0.28918417885259384
543432,1,34899,588,2,Equilibrado,0.3181768970906334
544141,1,34899,176,1,Tardio,0.1600716325459132
544745,1,34899,447,2,Equilibrado,0.17503218444058305
545164,1,34899,315,2,Equilibrado,0.13685116712305972
545962,1,34899,895,2,Equilibrado,0.4431284732131525
546547,1,34899,311,1,Tardio,0.21804032521466982
546645,1,34899,666,2,Equilibrado,0.14819482764040956
547347,1,34899,76,1,Tardio,0.4884590383564046
549219,1,34899,578,2,Equilibrado,0.046151165626794645
549321,1,34899,179,2,Equilibrado,0.10626987692053448
549523,1,34899,197,0,Adiantado,0.18245381597414814
549847,1,34899,530,2,Equilibrado,0.23155235336744331
550420,1,34899,376,2,Equilibrado,0.10668663720199724
550703,1,34899,834,2,Equilibrado,0.24380412714456298
552173,1,34899,1364,2,Equilibrado,0.11781178557377799
553031,1,34899,503,2,Equilibrado,0.2801404967957596
553284,1,34899,605,0,Adiantado,0.08289090882819973
553813,1,34899,98,1,Tardio,0.07948122111001321
554063,1,34899,572,2,Equilibrado,0.3372566573352726
554525,1,34899,1275,2,Equilibrado,0.3549726374277806
555049,1,34899,684,2,Equilibrado,0.40743226474135114
555827,1,34899,200,0,Adiantado,0.0330728438089736
556126,1,34899,69,0,Adiantado,0.3480124711846295
557085,1,34899,614,2,Equilibrado,0.12197604421580799
557290,1,34899,690,0,Adiantado,-0.008263087890576365
557792,1,34899,173,0,Adiantado,0.019119604618288304
557830,1,34899,348,0,Adiantado,0.21355902754694492
558044,1,34899,293,2,Equilibrado,0.04714094009801184
558342,1,34899,271,2,Equilibrado,0.27845403425357734
558764,1,34899,664,2,Equilibrado,0.4304283276326526
560047,1,34899,207,0,Adiantado,0.306411265954133
560459,1,34899,251,0,Adiantado,0.27803971989262266
560645,1,34899,721,2,Equilibrado,0.08180086904887438
560765,1,34899,486,2,Equilibrado,0.36873441441271765
561231,1,34899,527,2,Equilibrado,0.2080538561737179
562754,1,34899,822,2,Equilibrado,0.43732636649564344
562990,1,34899,351,2,Equilibrado,0.0968142642323757
563108,1,34899,157,2,Equilibrado,0.19241377711804586
563414,1,34899,1032,2,Equilibrado,0.38535925102909646
564243,1,34899,567,2,Equilibrado,0.37477903367009463
564617,1,34899,1364,2,Equilibrado,0.06865116228185612
564770,1,34899,176,0,Adiantado,0.17972202739291532
564821,1,34899,146,2,Equilibrado,0.05642331737521293
564933,1,34899,476,2,Equilibrado,0.12834262050547438
565017,1,34899,1239,2,Equilibrado,0.16111764161230868
566823,1,34899,38,0,Adiantado,0.20929034991264747
568987,1,34899,182,0,Adiantado,0.25694228332949
568998,1,34899,66,0,Adiantado,0.28474238675136676
569034,1,34899,1701,2,Equilibrado,0.16162145980093465
569080,1,34899,818,2,Equilibrado,0.3951707271164731
569108,1,34899,594,2,Equilibrado,0.2960042860384717
569876,1,34899,922,2,Equilibrado,0.3068650649446502
570004,1,34899,33,0,Adiantado,0.27524299166393296
570213,1,34899,100,1,Tardio,0.28677151648032123
570689,1,34899,121,0,Adiantado,0.2266523606406298
571074,1,34899,608,0,Adiantado,-0.024945494574269603
571950,1,34899,68,2,Equilibrado,0.20207570275055164
572071,1,34899,118,2,Equilibrado,0.40291806899811905
572074,1,34899,48,1,Tardio,0.4884590383564046
572213,1,34899,518,2,Equilibrado,0.039064032814259395
572265,1,34899,97,1,Tardio,0.26860470237761563
573007,1,34899,93,1,Tardio,0.2490993037459575
573583,1,34899,303,2,Equilibrado,0.29151327928838844
573697,1,34899,240,0,Adiantado,0.035762551144306945
574527,1,34899,631,2,Equilibrado,0.30688094496325335
574695,1,34899,509,2,Equilibrado,0.06926739017178274
575069,1,34899,495,2,Equilibrado,0.3470032340584101
575112,1,34899,217,1,Tardio,-0.010315008626506549
575302,1,34899,1025,2,Equilibrado,0.0735375140614988
575685,1,34899,10,1,Tardio,0.4884590383564046
577032,1,34899,262,0,Adiantado,0.05773090813931208
577429,1,34899,549,2,Equilibrado,0.4282523414783846
577533,1,34899,8,0,Adiantado,0.2652095014704032
578152,1,34899,132,0,Adiantado,0.2928526811220435
578495,1,34899,152,1,Tardio,0.5278888075019584
578847,1,34899,332,0,Adiantado,0.21227970855495862
579221,1,34899,389,2,Equilibrado,0.4376090142914806
579660,1,34899,346,2,Equilibrado,0.262067842295393
579686,1,34899,96,2,Equilibrado,0.23810022247008894
580459,1,34899,261,2,Equilibrado,0.441851607240062
580834,1,34899,1192,2,Equilibrado,0.43522022992225146
580845,1,34899,272,2,Equilibrado,0.20469296130538597
580926,1,34899,64,2,Equilibrado,0.29928598231940023
581253,1,34899,911,2,Equilibrado,0.37464806779601995
581659,1,34899,964,2,Equilibrado,0.4349580576286062
581779,1,34899,149,2,Equilibrado,0.44288627356226573
582034,1,34899,282,2,Equilibrado,0.38349916370198517
582117,1,34899,411,2,Equilibrado,0.1597912940908765
582266,1,34899,130,0,Adiantado,0.014449939222709325
582332,1,34899,418,2,Equilibrado,0.25542811962125195
582530,1,34899,162,1,Tardio,0.4884590383564046
582653,1,34899,210,2,Equilibrado,0.2529350400294337
582670,1,34899,29,0,Adiantado,0.19637685797750284
583056,1,34899,53,2,Equilibrado,0.11354133165644968
583318,1,34899,19,2,Equilibrado,0.24063864166433468
583487,1,34899,5643,2,Equilibrado,0.26956452389199287
584515,1,34899,1772,0,Adiantado,0.15381982662762136
584673,1,34899,562,0,Adiantado,0.329430610004207
585224,1,34899,727,2,Equilibrado,0.36378952427635763
585261,1,34899,511,2,Equilibrado,0.18061163074504902
585284,1,34899,390,2,Equilibrado,0.43363642513698075
585503,1,34899,1038,2,Equilibrado,0.1630787845834202
585572,1,34899,1143,2,Equilibrado,0.14168390641580123
585825,1,34899,498,0,Adiantado,0.0022918290393772207
585958,1,34899,331,2,Equilibrado,0.3291445032477833
586811,1,34899,224,2,Equilibrado,0.09510762045087248
586906,1,34899,612,1,Tardio,0.07532713659220715
587509,1,34899,447,0,Adiantado,-0.009027227619354828
587571,1,34899,1349,2,Equilibrado,0.19663982807363167
587654,1,34899,274,1,Tardio,0.4884590383564046
587706,1,34899,415,2,Equilibrado,0.44086365992499854
588128,1,34899,239,0,Adiantado,0.09092414071030838
588628,1,34899,919,2,Equilibrado,0.2965943203452505
589080,1,34899,832,2,Equilibrado,0.2992831653991493
589162,1,34899,272,1,Tardio,0.2743895268224615
589332,1,34899,1636,2,Equilibrado,0.14620020590173252
589389,1,34899,138,2,Equilibrado,0.07272606060047519
589441,1,34899,80,1,Tardio,0.4365577655876569
589798,1,34899,38,2,Equilibrado,0.2164850056594342
589828,1,34899,60,1,Tardio,0.48157473008111334
590120,1,34899,631,2,Equilibrado,0.17501356609312366
590462,1,34899,254,0,Adiantado,0.3108898161999296
591525,1,34899,505,0,Adiantado,0.11010909378891554
591581,1,34899,260,2,Equilibrado,0.2279173846730909
591746,1,34899,234,2,Equilibrado,0.37953446272751207
591946,1,34899,520,0,Adiantado,-0.03002508802755718
592218,1,34899,413,2,Equilibrado,0.4579964849783524
592295,1,34899,150,1,Tardio,0.14700883641710913
592558,1,34899,528,2,Equilibrado,0.056027947691700226
592939,1,34899,62,0,Adiantado,0.13722959093231232
593136,1,34899,669,0,Adiantado,0.2073346678624564
593563,1,34899,312,2,Equilibrado,0.3790123887257192
593722,1,34899,504,2,Equilibrado,0.2490011367853103
593796,1,34899,1424,2,Equilibrado,0.38391737619497135
594065,1,34899,601,2,Equilibrado,0.3831444123423527
594122,1,34899,334,2,Equilibrado,0.40239938545785375
594229,1,34899,673,2,Equilibrado,0.33716750532656453
594258,1,34899,39,1,Tardio,0.46536743121676283
594406,1,34899,140,0,Adiantado,0.0035093245458890127
594615,1,34899,124,0,Adiantado,0.27970684709325355
594636,1,34899,589,2,Equilibrado,0.25493205693627563
595262,1,34899,549,2,Equilibrado,0.41386395331966747
595721,1,34899,159,0,Adiantado,0.275303251339004
595943,1,34899,431,2,Equilibrado,0.1958322066987886
596052,1,34899,452,1,Tardio,0.06759096665961493
596203,1,34899,370,0,Adiantado,0.32013693049383996
596243,1,34899,288,2,Equilibrado,0.35365532106154113
596253,1,34899,369,1,Tardio,0.2552512955537046
596464,1,34899,37,0,Adiantado,0.029356496699625992
596758,1,34899,581,2,Equilibrado,0.3704696319912133
596805,1,34899,87,1,Tardio,0.4142927657590323
597740,1,34899,739,0,Adiantado,0.29967452797126864
597937,1,34899,243,2,Equilibrado,0.3587398415793027
598308,1,34899,251,2,Equilibrado,0.16284630701664216
598540,1,34899,585,2,Equilibrado,0.2682673314466357
598559,1,34899,395,2,Equilibrado,0.35761509241556205
598757,1,34899,152,2,Equilibrado,0.03149073373071268
599297,1,34899,131,2,Equilibrado,0.1835231750217513
599865,1,34899,117,2,Equilibrado,0.14001761913484062
600071,1,34899,642,2,Equilibrado,0.2531334756101811
600405,1,34899,444,2,Equilibrado,0.3619373431118738
600615,1,34899,79,0,Adiantado,0.2882361168929594
600773,1,34899,181,2,Equilibrado,0.19518562801322908
600893,1,34899,31,0,Adiantado,0.3439912048626244
601008,1,34899,397,1,Tardio,0.1966809733265686
601235,1,34899,375,2,Equilibrado,0.14003826055565713
601271,1,34899,232,0,Adiantado,0.2627027208169203
601680,1,34899,308,2,Equilibrado,0.42615983746179875
601820,1,34899,56,1,Tardio,0.5163476651824973
602594,1,34899,263,0,Adiantado,0.08644589469630769
603648,1,34899,568,2,Equilibrado,0.4286830505011727
603931,1,34899,100,0,Adiantado,0.321255337024901
604567,1,34899,520,2,Equilibrado,0.10441670434819969
604614,1,34899,140,1,Tardio,0.3663363655161315
604907,1,34899,246,1,Tardio,0.5242019150432701
605180,1,34899,160,2,Equilibrado,0.439643936415258
605228,1,34899,301,2,Equilibrado,0.1748913272005526
605682,1,34899,318,2,Equilibrado,0.28130655292895634
606257,1,34899,649,2,Equilibrado,0.4507171087405732
606428,1,34899,723,0,Adiantado,-0.015523588010079623
606805,1,34899,105,1,Tardio,0.4350281482883377
606904,1,34899,409,2,Equilibrado,0.3790301823345289
607243,1,34899,1153,2,Equilibrado,0.258382072595082
607303,1,34899,686,2,Equilibrado,0.23981973845832807
607501,1,34899,639,0,Adiantado,0.3457729673726734
607679,1,34899,632,2,Equilibrado,0.3040373258087417
607700,1,34899,442,0,Adiantado,0.044041650124300905
607733,1,34899,193,0,Adiantado,-0.0013912088934702437
609142,1,34899,1235,2,Equilibrado,0.3484801718185561
609240,1,34899,815,2,Equilibrado,0.23897436207696335
611603,1,34899,299,2,Equilibrado,0.17050896647879382
612842,1,34899,570,2,Equilibrado,0.4190496458440047
613165,1,34899,1726,0,Adiantado,0.2953560674511722
613330,1,34899,1747,2,Equilibrado,0.3474285380275605
613634,1,34899,176,0,Adiantado,-0.04534241129565691
613899,1,34899,1416,0,Adiantado,0.02902903333518994
613966,1,34899,955,2,Equilibrado,0.13925898895392008
614059,1,34899,101,2,Equilibrado,0.09670885561647312
614984,1,34899,256,2,Equilibrado,0.07090076519614769
615266,1,34899,448,2,Equilibrado,0.21150832008342835
615299,1,34899,886,2,Equilibrado,0.4335505958383332
615301,1,34899,281,1,Tardio,0.18292142708006906
615302,1,34899,474,2,Equilibrado,0.3798210695412127
615306,1,34899,681,2,Equilibrado,0.2291102289373248
615328,1,34899,511,2,Equilibrado,0.12292738003387021
615340,1,34899,245,0,Adiantado,0.13656948278465594
615342,1,34899,134,1,Tardio,0.4786523096720658
615356,1,34899,371,2,Equilibrado,0.07754335462141523
616517,1,34899,379,1,Tardio,0.3171746331577037
616912,1,34899,527,0,Adiantado,0.24016572396860897
617010,1,34899,430,2,Equilibrado,0.12297861614240135
617119,1,34899,370,2,Equilibrado,0.20558115549940084
617150,1,34899,622,2,Equilibrado,0.15122845587442216
617332,1,34899,197,0,Adiantado,0.08560747476949578
617436,1,34899,372,0,Adiantado,-0.0641457641314986
617580,1,34899,1219,2,Equilibrado,0.3685256024571431
617783,1,34899,328,2,Equilibrado,0.3786171001735234
617922,1,34899,401,0,Adiantado,0.3108598364774493
618252,1,34899,282,2,Equilibrado,0.27976663995681167
618663,1,34899,163,0,Adiantado,0.11375676487782431
619204,1,34899,144,2,Equilibrado,0.3569185403276752
619292,1,34899,705,2,Equilibrado,0.42260333065154754
619321,1,34899,731,2,Equilibrado,0.2894471400495794
619502,1,34899,231,1,Tardio,0.4125773486297557
620094,1,34899,1233,2,Equilibrado,0.12014725797789656
620112,1,34899,178,2,Equilibrado,0.2991172405311122
620269,1,34899,459,2,Equilibrado,0.1425814470957127
620349,1,34899,606,0,Adiantado,0.14561628109902428
620431,1,34899,561,2,Equilibrado,0.3783167605627923
620740,1,34899,182,2,Equilibrado,0.056208445929183816
620750,1,34899,409,0,Adiantado,0.18525568521177396
620810,1,34899,301,0,Adiantado,0.23232979517353108
622275,1,34899,489,2,Equilibrado,0.35651220583932824
622362,1,34899,152,0,Adiantado,0.08981634757148699
622481,1,34899,441,2,Equilibrado,0.3651481942373453
622760,1,34899,250,2,Equilibrado,0.13348250504341233
622899,1,34899,517,2,Equilibrado,0.3907901398447396
622934,1,34899,550,0,Adiantado,0.3876639567284209
622967,1,34899,178,2,Equilibrado,0.17187743878704445
623166,1,34899,500,2,Equilibrado,0.15962411502435947
623230,1,34899,797,2,Equilibrado,0.32326916823595364
623471,1,34899,766,2,Equilibrado,0.18326692603191394
623589,1,34899,388,2,Equilibrado,0.14987011911349138
623765,1,34899,363,2,Equilibrado,0.4210966681426545
623917,1,34899,268,0,Adiantado,0.21807326211892508
623955,1,34899,100,0,Adiantado,0.31932958351285745
624282,1,34899,524,0,Adiantado,0.10379986095005697
624864,1,34899,769,2,Equilibrado,0.4124598739467455
624970,1,34899,545,0,Adiantado,0.08338674653753801
625245,1,34899,693,2,Equilibrado,0.3299633911268252
625330,1,34899,774,0,Adiantado,0.3305088670531055
625515,1,34899,82,2,Equilibrado,0.28098228999736485
625609,1,34899,289,0,Adiantado,0.2030655042088285
625743,1,34899,335,1,Tardio,0.21746836722892146
625802,1,34899,288,0,Adiantado,0.2764612516627308
625838,1,34899,356,2,Equilibrado,0.3245443617767492
626033,1,34899,1240,2,Equilibrado,0.303262288686552
626349,1,34899,86,2,Equilibrado,0.14134092238725376
626416,1,34899,442,2,Equilibrado,0.13299665539439084
626454,1,34899,197,0,Adiantado,0.28625415716609387
626477,1,34899,367,2,Equilibrado,0.23015696905155927
626514,1,34899,1244,2,Equilibrado,0.3367794056537344
626552,1,34899,307,2,Equilibrado,0.4027068085665618
626579,1,34899,57,2,Equilibrado,0.1972457733236433
627365,1,34899,867,2,Equilibrado,0.4157349353608357
627379,1,34899,150,2,Equilibrado,0.3132787654258331
627829,1,34899,553,2,Equilibrado,0.2399040705532146
628149,1,34899,894,2,Equilibrado,0.251884763605181
628157,1,34899,114,2,Equilibrado,0.4153098095453569
628308,1,34899,150,0,Adiantado,0.2155693146518361
628383,1,34899,280,2,Equilibrado,0.1381066691402859
628521,1,34899,79,1,Tardio,0.02722809947200303
628888,1,34899,348,1,Tardio,-0.039539878137464034
628964,1,34899,635,2,Equilibrado,0.3895354634552767
629029,1,34899,395,2,Equilibrado,0.36718010296947595
629491,1,34899,740,2,Equilibrado,0.20343037864471986
629522,1,34899,181,1,Tardio,0.4884590383564046
629594,1,34899,208,2,Equilibrado,0.318156316343013
629686,1,34899,73,0,Adiantado,0.1579958850677815
629818,1,34899,641,0,Adiantado,0.30065981483535276
629922,1,34899,310,2,Equilibrado,0.31977377313819144
629944,1,34899,332,0,Adiantado,0.04217654735240922
630109,1,34899,362,0,Adiantado,0.031144335193483835
630158,1,34899,760,2,Equilibrado,0.36606699572315765
630168,1,34899,387,0,Adiantado,0.20846319301198704
630186,1,34899,444,2,Equilibrado,0.16595724006282372
630745,1,34899,511,0,Adiantado,0.1909457589315554
630835,1,34899,1511,2,Equilibrado,0.39772850271723525
630905,1,34899,2066,0,Adiantado,0.08122189260085458
630910,1,34899,536,2,Equilibrado,0.2191123680542429
630992,1,34899,175,0,Adiantado,0.02849545662575643
631193,1,34899,168,2,Equilibrado,0.34228003706922516
631438,1,34899,237,2,Equilibrado,0.22506288787440706
631524,1,34899,509,0,Adiantado,0.16404726733290673
631658,1,34899,1723,2,Equilibrado,0.1880791538446703
631681,1,34899,33,2,Equilibrado,0.21508776223077658
631715,1,34899,276,0,Adiantado,0.18548171988824763
631740,1,34899,394,1,Tardio,0.5082969113227803
631837,1,34899,759,2,Equilibrado,0.12448432402962765
631924,1,34899,452,2,Equilibrado,0.06064301480156888
632074,1,34899,257,1,Tardio,0.19434227878180133
632179,1,34899,281,0,Adiantado,0.3393634444995561
632276,1,34899,96,0,Adiantado,0.07980541201626926
632290,1,34899,355,2,Equilibrado,0.1191533756077999
632458,1,34899,761,2,Equilibrado,0.3153322610240325
632556,1,34899,173,2,Equilibrado,0.18386422347847364
632597,1,34899,64,1,Tardio,0.4815745913184271
632826,1,34899,1073,0,Adiantado,0.07026203551598006
632836,1,34899,194,1,Tardio,0.5076380471625558
633079,1,34899,779,0,Adiantado,0.2315062524271579
633516,1,34899,390,2,Equilibrado,0.11823007869394694
633555,1,34899,607,2,Equilibrado,0.2790578073840476
633568,1,34899,217,1,Tardio,0.5069361804826232
633628,1,34899,378,0,Adiantado,0.016782280013277015
633867,1,34899,389,0,Adiantado,0.3527184922256053
633931,1,34899,1146,2,Equilibrado,0.21913339230361925
634088,1,34899,296,2,Equilibrado,0.3299244072503799
634114,1,34899,11,2,Equilibrado,0.3248559393438803
634512,1,34899,146,2,Equilibrado,0.2868600182296744
634526,1,34899,478,2,Equilibrado,0.2613962088225107
634601,1,34899,383,0,Adiantado,0.25396132617918526
634749,1,34899,1381,2,Equilibrado,0.13944319564134114
634943,1,34899,222,2,Equilibrado,0.41281871986800556
635184,1,34899,505,2,Equilibrado,0.2696799769432887
635410,1,34899,143,2,Equilibrado,0.37489597677045305
635746,1,34899,191,2,Equilibrado,0.24895921208995145
635751,1,34899,188,1,Tardio,0.5167292138641365
635795,1,34899,551,0,Adiantado,-0.07015267122509493
635903,1,34899,278,2,Equilibrado,0.07245227218586872
636314,1,34899,779,2,Equilibrado,0.16779863153407992
636375,1,34899,282,0,Adiantado,-0.01957974735439606
636400,1,34899,766,0,Adiantado,0.17642625039050225
636408,1,34899,246,0,Adiantado,0.09081274824124941
636469,1,34899,757,0,Adiantado,-0.0430978305750941
636492,1,34899,276,2,Equilibrado,0.21561659472423436
636547,1,34899,285,0,Adiantado,0.4029394246334144
636565,1,34899,212,1,Tardio,0.46167149111317435
636634,1,34899,406,0,Adiantado,0.1785758476856
636656,1,34899,551,0,Adiantado,0.10001165659044778
636704,1,34899,318,0,Adiantado,0.15081887073137035
636783,1,34899,414,2,Equilibrado,0.046176484541256356
636830,1,34899,843,2,Equilibrado,0.14587391661058563
636832,1,34899,1290,2,Equilibrado,0.3422978661660443
637004,1,34899,420,2,Equilibrado,0.3783541177788625
637089,1,34899,182,0,Adiantado,0.20351994966216685
637358,1,34899,240,2,Equilibrado,0.23929934235824332
637509,1,34899,247,1,Tardio,0.43649340966016664
637514,1,34899,148,1,Tardio,0.4858310224541133
637563,1,34899,422,0,Adiantado,0.29855416772658183
637582,1,34899,386,2,Equilibrado,0.3898763054417856
637708,1,34899,702,0,Adiantado,0.029753933683494185
637788,1,34899,155,2,Equilibrado,0.10283147766852592
637800,1,34899,371,2,Equilibrado,0.2296948495234205
637906,1,34899,342,0,Adiantado,0.10234643665763786
637939,1,34899,394,2,Equilibrado,0.21952857751915622
637980,1,34899,497,2,Equilibrado,0.24411866914161656
638034,1,34899,660,2,Equilibrado,0.24161037924576742
638388,1,34899,373,2,Equilibrado,0.14820170836862306
638411,1,34899,1198,0,Adiantado,-0.03516671841107748
638498,1,34899,477,2,Equilibrado,0.1702034027746291
638515,1,34899,210,2,Equilibrado,0.2133421513228528
638625,1,34899,617,2,Equilibrado,0.31802416392849703
638655,1,34899,711,2,Equilibrado,0.41485933275980164
638677,1,34899,326,0,Adiantado,0.13011371880405287
638831,1,34899,106,1,Tardio,0.20734490921623774
639028,1,34899,459,2,Equilibrado,0.21460436756511267
639231,1,34899,504,0,Adiantado,-0.06203292128682847
639234,1,34899,312,2,Equilibrado,0.35644508257125235
639238,1,34899,348,2,Equilibrado,0.31876388184072657
639522,1,34899,254,2,Equilibrado,0.3237619055586184
639919,1,34899,151,0,Adiantado,0.22855322787337398
640098,1,34899,276,0,Adiantado,-0.004597811047233766
640278,1,34899,1991,2,Equilibrado,0.3410606050084194
640329,1,34899,688,0,Adiantado,0.15704562344722803
640429,1,34899,515,2,Equilibrado,0.2987288387263031
640552,1,34899,62,2,Equilibrado,0.3850488145541583
640584,1,34899,101,0,Adiantado,0.1974174124542445
640711,1,34899,797,2,Equilibrado,0.1930392683105131
640848,1,34899,428,0,Adiantado,0.04782927065207832
640892,1,34899,257,2,Equilibrado,0.21014249893437706
640913,1,34899,74,1,Tardio,0.4224596064742583
640927,1,34899,536,0,Adiantado,0.003936956511034548
641085,1,34899,198,0,Adiantado,0.39019300788298
641137,1,34899,457,2,Equilibrado,0.44016713929019763
641275,1,34899,77,0,Adiantado,0.31009810818519173
641309,1,34899,365,2,Equilibrado,0.11848071232530133
641311,1,34899,786,0,Adiantado,0.06251430427437504
641363,1,34899,153,0,Adiantado,0.3031936512970399
641401,1,34899,454,2,Equilibrado,0.4071567660188849
641404,1,34899,833,0,Adiantado,0.05573447437773275
641433,1,34899,307,2,Equilibrado,0.09844952638218915
641461,1,34899,352,2,Equilibrado,0.26744175562474254
641470,1,34899,308,2,Equilibrado,0.09586575147696508
641547,1,34899,157,1,Tardio,-0.029499794677984113
641804,1,34899,117,1,Tardio,0.10270286157443158
641864,1,34899,760,2,Equilibrado,0.060348439882993626
641914,1,34899,638,0,Adiantado,0.3212750858339144
642029,1,34899,299,0,Adiantado,0.2335878291670739
642056,1,34899,389,2,Equilibrado,0.37897945441899294
642375,1,34899,523,2,Equilibrado,0.31935591932182084
642448,1,34899,719,0,Adiantado,0.0378862771220013
642449,1,34899,360,2,Equilibrado,0.33165600614514895
642493,1,34899,910,2,Equilibrado,0.25721494433274655
642496,1,34899,378,0,Adiantado,-0.025245121473984836
642498,1,34899,432,2,Equilibrado,0.38610924209426584
642551,1,34899,773,2,Equilibrado,0.08332451917471276
642626,1,34899,556,2,Equilibrado,0.12474419122534947
642730,1,34899,351,0,Adiantado,0.1239783753954086
642740,1,34899,809,0,Adiantado,0.23816537112507394
642750,1,34899,386,0,Adiantado,0.248618789528003
642790,1,34899,1041,2,Equilibrado,0.3328459433248172
642840,1,34899,751,2,Equilibrado,0.39541252184154174
642843,1,34899,1160,0,Adiantado,0.032036987943374694
642872,1,34899,1094,2,Equilibrado,0.35622050764552254
642909,1,34899,375,0,Adiantado,0.16860266418559294
642939,1,34899,689,0,Adiantado,0.15082132582414898
643069,1,34899,277,2,Equilibrado,0.28201092078851436
643202,1,34899,599,2,Equilibrado,0.31611262587776534
643220,1,34899,354,0,Adiantado,0.34817185962349273
643273,1,34899,1084,0,Adiantado,0.008705751502427576
643326,1,34899,778,2,Equilibrado,0.32072011390053645
643372,1,34899,265,0,Adiantado,0.2561263612394831
643466,1,34899,681,2,Equilibrado,0.2943222481546887
643477,1,34899,911,2,Equilibrado,0.3005748692722377
643496,1,34899,627,0,Adiantado,0.09085141872928712
643502,1,34899,402,0,Adiantado,0.2965383158094947
643591,1,34899,865,2,Equilibrado,0.33969646161099826
643653,1,34899,357,2,Equilibrado,0.20494672659870194
643690,1,34899,341,2,Equilibrado,0.14432619362128882
643696,1,34899,682,0,Adiantado,0.008388505274379938
643751,1,34899,775,2,Equilibrado,0.2779196995265528
643754,1,34899,1173,2,Equilibrado,0.23900221503239802
643757,1,34899,248,2,Equilibrado,0.33651598179588443
644025,1,34899,475,0,Adiantado,0.09672908936734138
644210,1,34899,462,2,Equilibrado,0.1430492044602812
644303,1,34899,550,0,Adiantado,0.1150253510072273
644343,1,34899,280,0,Adiantado,0.1467639652609272
644361,1,34899,2146,2,Equilibrado,0.16144047435678335
644369,1,34899,59,0,Adiantado,0.1902037099663373
644430,1,34899,140,0,Adiantado,0.37008400932215685
644450,1,34899,961,2,Equilibrado,0.3242885461460795
644508,1,34899,822,2,Equilibrado,0.3506609284945733
644761,1,34899,1032,2,Equilibrado,0.3630553769388885
644784,1,34899,1059,0,Adiantado,0.0411079227369391
644791,1,34899,1251,2,Equilibrado,0.1076900979998144
644818,1,34899,1067,0,Adiantado,0.02188145239166572
644847,1,34899,580,2,Equilibrado,0.07541498830583489
644871,1,34899,258,2,Equilibrado,0.23225762400878577
644936,1,34899,256,2,Equilibrado,0.12210885312362778
644974,1,34899,883,0,Adiantado,-0.0439290054580726
645003,1,34899,576,1,Tardio,0.004905387890816503
645020,1,34899,517,2,Equilibrado,0.22367571903017258
645078,1,34899,706,2,Equilibrado,0.37691154049435005
645145,1,34899,142,0,Adiantado,0.06688831920142138
645366,1,34899,599,2,Equilibrado,0.40592385033411604
645405,1,34899,2059,2,Equilibrado,0.3967758016757308
645433,1,34899,242,2,Equilibrado,0.18610707494952985
645496,1,34899,355,2,Equilibrado,0.13980969063566812
645518,1,34899,875,2,Equilibrado,0.1485550356516345
645586,1,34899,357,2,Equilibrado,0.20246465440375877
645705,1,34899,519,2,Equilibrado,0.2102126071078518
645732,1,34899,474,0,Adiantado,0.15259339973197128
645784,1,34899,506,2,Equilibrado,0.3324556956145791
645790,1,34899,34,1,Tardio,-0.026467452332548838
645840,1,34899,1472,2,Equilibrado,0.13890789317805796
645880,1,34899,524,2,Equilibrado,0.07602466742096341
645948,1,34899,875,2,Equilibrado,0.45885286266143027
645960,1,34899,395,0,Adiantado,0.046567096771454534
645997,1,34899,798,2,Equilibrado,0.4086714009082145
646015,1,34899,489,2,Equilibrado,0.33780303244281257
646017,1,34899,839,2,Equilibrado,0.17230636113999218
646053,1,34899,333,1,Tardio,0.4399299098234271
646074,1,34899,1053,2,Equilibrado,0.38284955814064064
646085,1,34899,663,2,Equilibrado,0.308576856280498
646091,1,34899,246,0,Adiantado,0.19825572622748192
646138,1,34899,284,2,Equilibrado,0.13914774720788345
646313,1,34899,399,1,Tardio,0.08480821730257412
646357,1,34899,990,2,Equilibrado,0.304511544828785
646402,1,34899,472,2,Equilibrado,0.4211679459579236
646460,1,34899,423,0,Adiantado,0.14661188595687033
646539,1,34899,258,0,Adiantado,0.2133469083399959
646540,1,34899,854,0,Adiantado,0.2026807699152322
646551,1,34899,288,2,Equilibrado,0.3955568785964283
646638,1,34899,85,1,Tardio,0.05639405904843671
646670,1,34899,356,1,Tardio,0.024194191523105577
646734,1,34899,161,0,Adiantado,0.30706019977498605
646742,1,34899,158,0,Adiantado,0.262296226272558
646750,1,34899,257,0,Adiantado,0.26608823016839517
646778,1,34899,1030,2,Equilibrado,0.26286156095846575
646807,1,34899,427,2,Equilibrado,0.32094752266249277
646990,1,34899,552,2,Equilibrado,0.32934217496286416
647005,1,34899,459,0,Adiantado,0.29044503313316344
647033,1,34899,120,2,Equilibrado,0.06959384072935511
647040,1,34899,497,0,Adiantado,0.15986735410835826
647045,1,34899,913,0,Adiantado,0.21692827303894993
647154,1,34899,650,2,Equilibrado,0.3489811746305759
647169,1,34899,384,2,Equilibrado,0.30799321374868266
647171,1,34899,195,2,Equilibrado,0.33048703207679697
647210,1,34899,532,2,Equilibrado,0.3177589363189785
647320,1,34899,1025,2,Equilibrado,0.22870416657978
647324,1,34899,682,0,Adiantado,0.12729779146159104
647339,1,34899,196,2,Equilibrado,0.14064577563069683
647348,1,34899,247,0,Adiantado,0.03604665091189577
647391,1,34899,284,0,Adiantado,0.29225373696965834
647398,1,34899,430,2,Equilibrado,0.29407597016297155
647399,1,34899,1594,2,Equilibrado,0.23688209872159469
647425,1,34899,1300,0,Adiantado,0.24680756244127647
647485,1,34899,200,0,Adiantado,0.3250736767560037
647496,1,34899,329,2,Equilibrado,0.2588765482907243
647525,1,34899,456,2,Equilibrado,0.3226528918702384
647765,1,34899,167,2,Equilibrado,0.16916244833580318
647784,1,34899,402,2,Equilibrado,0.40355373971852704
647841,1,34899,585,2,Equilibrado,0.39715237082724286
647898,1,34899,606,0,Adiantado,-0.025437323716300607
647910,1,34899,254,1,Tardio,0.16347760828241384
647915,1,34899,330,0,Adiantado,0.20786009688718612
647945,1,34899,431,2,Equilibrado,0.24047054279498065
647987,1,34899,1197,2,Equilibrado,0.3733607175067715
648027,1,34899,335,0,Adiantado,-0.04981147738348992
648037,1,34899,1018,2,Equilibrado,0.34524894180156385
648038,1,34899,605,0,Adiantado,0.03853516266962769
648040,1,34899,1784,2,Equilibrado,0.35603565144868726
648086,1,34899,647,2,Equilibrado,0.3223268948146102
648105,1,34899,58,1,Tardio,-0.012345532152109689
648114,1,34899,611,0,Adiantado,0.07673884017406288
648116,1,34899,433,1,Tardio,0.06796621880793143
648140,1,34899,265,2,Equilibrado,0.271327671067814
648190,1,34899,176,0,Adiantado,0.2848491695916835
648244,1,34899,120,0,Adiantado,0.3825879403111555
648254,1,34899,200,0,Adiantado,0.24822239419777273
648287,1,34899,320,1,Tardio,0.07892409287896335
648353,1,34899,290,0,Adiantado,0.12231558696541063
648365,1,34899,1273,2,Equilibrado,0.07666231779102865
648366,1,34899,921,0,Adiantado,-0.01097724176478274
648455,1,34899,16,0,Adiantado,0.09624946020083713
648457,1,34899,207,2,Equilibrado,0.4322495936171655
648470,1,34899,477,2,Equilibrado,0.36220115746724624
648508,1,34899,93,0,Adiantado,0.18733543132521732
648515,1,34899,112,0,Adiantado,0.2506243249111595
648531,1,34899,482,2,Equilibrado,0.4159433247744487
648536,1,34899,795,2,Equilibrado,0.14320033007067634
648564,1,34899,667,2,Equilibrado,0.3516238071727605
648571,1,34899,772,2,Equilibrado,0.23700791753236358
648590,1,34899,408,0,Adiantado,-0.042976896626150174
648613,1,34899,778,0,Adiantado,0.11485032236808514
648661,1,34899,297,0,Adiantado,0.3452546599117287
648685,1,34899,456,2,Equilibrado,0.2630750509913571
648725,1,34899,399,2,Equilibrado,0.17054288536888848
648804,1,34899,589,2,Equilibrado,0.13777420912540128
648815,1,34899,951,2,Equilibrado,0.10335606851082117
648903,1,34899,41,2,Equilibrado,0.14666118243019788
648927,1,34899,937,0,Adiantado,0.23053464556926084
648972,1,34899,143,2,Equilibrado,0.44957990069247467
648995,1,34899,159,1,Tardio,0.4001337300701717
649004,1,34899,730,2,Equilibrado,0.22608383575591498
649009,1,34899,57,1,Tardio,0.2165994581782005
649020,1,34899,110,2,Equilibrado,0.2935140445397019
649036,1,34899,65,2,Equilibrado,0.07647842063371332
649079,1,34899,1110,2,Equilibrado,0.3793573420657057
649084,1,34899,607,2,Equilibrado,0.33875114357070185
649093,1,34899,307,2,Equilibrado,0.30966216439386746
649118,1,34899,200,1,Tardio,0.4715230844118834
649141,1,34899,413,2,Equilibrado,0.20484294509755027
649159,1,34899,384,2,Equilibrado,0.16660336186269867
649165,1,34899,228,2,Equilibrado,0.11136684550530594
649207,1,34899,544,2,Equilibrado,0.1026538344835871
649212,1,34899,638,2,Equilibrado,0.23269490411784408
649230,1,34899,337,2,Equilibrado,0.19756437058020204
649258,1,34899,230,2,Equilibrado,0.43139416207596376
649284,1,34899,362,0,Adiantado,0.3935748948526364
649325,1,34899,380,2,Equilibrado,0.05958933874385513
649336,1,34899,108,1,Tardio,0.523432723343367
649379,1,34899,862,2,Equilibrado,0.26844164024242345
649385,1,34899,150,0,Adiantado,0.20668680067037268
649400,1,34899,454,0,Adiantado,0.0825259960016025
649434,1,34899,562,0,Adiantado,0.08606582011627033
649435,1,34899,200,2,Equilibrado,0.1356489259627381
649457,1,34899,755,2,Equilibrado,0.25189454621800866
649469,1,34899,1233,2,Equilibrado,0.4192442653611429
649566,1,34899,214,1,Tardio,0.11284866981423683
649580,1,34899,442,2,Equilibrado,0.19613297291872184
649619,1,34899,537,2,Equilibrado,0.43556172340213983
649735,1,34899,312,0,Adiantado,0.26123834218189834
649806,1,34899,105,1,Tardio,-0.021370934300892208
649891,1,34899,188,2,Equilibrado,0.089098748642782
649952,1,34899,1203,2,Equilibrado,0.1796113730557816
649954,1,34899,693,2,Equilibrado,0.2419458793034656
649979,1,34899,289,2,Equilibrado,0.2854549654359699
650031,1,34899,437,2,Equilibrado,0.4149797138729455
650048,1,34899,61,2,Equilibrado,0.3769657993228337
650054,1,34899,355,2,Equilibrado,0.37849646583730445
650085,1,34899,456,0,Adiantado,0.23840669594636588
650108,1,34899,562,0,Adiantado,0.3748401180607305
650123,1,34899,279,1,Tardio,0.4026199313276881
650148,1,34899,152,0,Adiantado,0.2960157642387351
650160,1,34899,433,0,Adiantado,0.1621265561980849
650170,1,34899,1348,2,Equilibrado,0.16514115493725942
650251,1,34899,612,0,Adiantado,-0.002798776700846784
650287,1,34899,1186,0,Adiantado,0.019368887034650062
650363,1,34899,115,1,Tardio,0.3060773260906764
650370,1,34899,237,0,Adiantado,0.2725453172283433
650424,1,34899,383,2,Equilibrado,0.39075902413031327
650461,1,34899,331,0,Adiantado,0.32915768769775744
650469,1,34899,440,2,Equilibrado,0.25113377626504463
650473,1,34899,691,0,Adiantado,0.02399268565562179
650543,1,34899,316,0,Adiantado,0.20327327616723703
650570,1,34899,464,2,Equilibrado,0.0913196068738286
650682,1,34899,374,2,Equilibrado,0.4063553694324985
650716,1,34899,22,2,Equilibrado,0.11259720138113058
650717,1,34899,386,1,Tardio,0.039980385376662604
650758,1,34899,112,2,Equilibrado,0.4082051825622374
650861,1,34899,143,2,Equilibrado,0.17867180148788037
650866,1,34899,989,2,Equilibrado,0.17262914405848265
650923,1,34899,38,2,Equilibrado,0.1302121858861878
650960,1,34899,76,2,Equilibrado,0.37671031607307914
651040,1,34899,166,0,Adiantado,0.3751834951171528
651121,1,34899,794,2,Equilibrado,0.4273358021952838
651126,1,34899,500,0,Adiantado,-0.0251893362012589
651182,1,34899,327,0,Adiantado,0.007317050149387138
651200,1,34899,28,1,Tardio,0.4884590383564046
651238,1,34899,935,2,Equilibrado,0.07138800448491754
651253,1,34899,227,0,Adiantado,0.12066496427504302
651330,1,34899,44,1,Tardio,0.4884590383564046
651334,1,34899,174,2,Equilibrado,0.23021337528625643
651354,1,34899,1046,0,Adiantado,0.028624783206744338
651381,1,34899,863,2,Equilibrado,0.11850047512539381
651398,1,34899,303,0,Adiantado,0.3084141555948218
651419,1,34899,742,2,Equilibrado,0.31419589198099307
651478,1,34899,1121,2,Equilibrado,0.1165237274828539
651498,1,34899,500,2,Equilibrado,0.4368398765389095
651555,1,34899,312,1,Tardio,0.32673200722761625
651598,1,34899,319,0,Adiantado,0.0531900848528561
651693,1,34899,181,1,Tardio,0.13317133676480894
651881,1,34899,713,2,Equilibrado,0.20194040071380734
651886,1,34899,263,2,Equilibrado,0.10562081498729528
651927,1,34899,185,0,Adiantado,0.10842078208357367
651972,1,34899,125,1,Tardio,0.45103186108123705
651990,1,34899,169,2,Equilibrado,0.4350650575797814
652008,1,34899,434,2,Equilibrado,0.4520638849677151
652064,1,34899,978,2,Equilibrado,0.2820883262240531
652087,1,34899,142,0,Adiantado,0.34493749480755026
652333,1,34899,203,0,Adiantado,0.25524166965148165
652335,1,34899,1447,2,Equilibrado,0.2672862608099026
652336,1,34899,429,2,Equilibrado,0.3486866176597172
652438,1,34899,157,2,Equilibrado,0.4128397514704071
652576,1,34899,221,1,Tardio,0.02891008704209079
652593,1,34899,130,0,Adiantado,0.12324437605531059
652625,1,34899,454,2,Equilibrado,0.08691450116864884
652647,1,34899,345,2,Equilibrado,0.27349104539820945
652659,1,34899,498,1,Tardio,0.04692010038455844
652664,1,34899,93,2,Equilibrado,0.3766749801870843
652672,1,34899,196,1,Tardio,0.25237523342525925
652684,1,34899,1062,2,Equilibrado,0.3999830070177738
652711,1,34899,962,0,Adiantado,0.04337163351196075
652752,1,34899,228,2,Equilibrado,0.13322272863787266
652753,1,34899,771,2,Equilibrado,0.44487832599618726
652769,1,34899,136,0,Adiantado,0.170970134940137
652788,1,34899,508,2,Equilibrado,0.3876059373700345
652801,1,34899,447,2,Equilibrado,0.4251435163289193
652824,1,34899,20,0,Adiantado,0.19745847361631208
652887,1,34899,282,0,Adiantado,0.2803851537914477
652890,1,34899,495,2,Equilibrado,0.25778857884565504
652898,1,34899,776,2,Equilibrado,0.23600672877001957
652994,1,34899,55,1,Tardio,0.43838278288212906
652998,1,34899,15,2,Equilibrado,0.09894819617821174
653045,1,34899,710,2,Equilibrado,0.4221826740125833
653115,1,34899,184,1,Tardio,0.061888985310116044
653144,1,34899,176,2,Equilibrado,0.436043563290293
653183,1,34899,244,0,Adiantado,0.05432090265863942
653297,1,34899,763,2,Equilibrado,0.2657168075309762
653301,1,34899,630,2,Equilibrado,0.13592373422698004
653356,1,34899,478,2,Equilibrado,0.27796151388546203
653372,1,34899,398,0,Adiantado,0.3620263749218334
653381,1,34899,411,2,Equilibrado,0.3681525440827441
653417,1,34899,160,2,Equilibrado,0.4578471395754878
653536,1,34899,314,0,Adiantado,-0.014345214971399558
653558,1,34899,362,0,Adiantado,0.021204749766691924
653567,1,34899,428,0,Adiantado,0.24602969733512484
653595,1,34899,343,2,Equilibrado,0.09193249484416123
653653,1,34899,331,0,Adiantado,0.34975594707352664
653659,1,34899,103,1,Tardio,0.1363019676914638
653773,1,34899,832,2,Equilibrado,0.4508080065833621
653797,1,34899,242,2,Equilibrado,0.23485606716729462
653841,1,34899,171,0,Adiantado,0.029348648201164413
653846,1,34899,384,0,Adiantado,0.0026195076938674636
653857,1,34899,398,0,Adiantado,0.25131971573122347
653988,1,34899,268,2,Equilibrado,0.32777101831450084
654045,1,34899,264,1,Tardio,0.4884590383564046
654048,1,34899,409,2,Equilibrado,0.4148689908383027
654112,1,34899,518,0,Adiantado,0.24606420312126773
654114,1,34899,414,0,Adiantado,-0.06528227411089478
654169,1,34899,385,0,Adiantado,-0.0013291392263750149
654217,1,34899,280,0,Adiantado,0.3556795016646866
654228,1,34899,440,2,Equilibrado,0.42706436871176845
654236,1,34899,105,0,Adiantado,0.31854678541908454
654260,1,34899,543,2,Equilibrado,0.18163050174295045
654339,1,34899,357,2,Equilibrado,0.16523407577060883
654351,1,34899,138,0,Adiantado,0.032059219498929245
654441,1,34899,578,2,Equilibrado,0.3585069884371711
654563,1,34899,915,2,Equilibrado,0.17129440693341694
654565,1,34899,139,0,Adiantado,0.2171738146645071
654578,1,34899,258,2,Equilibrado,0.2428302067855646
654597,1,34899,781,0,Adiantado,0.01041800216213279
654684,1,34899,69,0,Adiantado,0.3193884072693204
654692,1,34899,277,0,Adiantado,0.25813435330136314
654738,1,34899,152,0,Adiantado,0.3523498336254333
654819,1,34899,1479,2,Equilibrado,0.45383215868986193
654824,1,34899,1309,2,Equilibrado,0.2238429151718275
654834,1,34899,871,2,Equilibrado,0.2214233318948788
654852,1,34899,1123,2,Equilibrado,0.17405041194722418
654867,1,34899,866,2,Equilibrado,0.0974675600155655
654947,1,34899,173,0,Adiantado,0.036596338301932534
655028,1,34899,46,1,Tardio,0.5343534959475733
655088,1,34899,219,2,Equilibrado,0.3108139325058899
655113,1,34899,110,2,Equilibrado,0.3293130043874633
655115,1,34899,572,2,Equilibrado,0.2450287272618634
655124,1,34899,279,2,Equilibrado,0.19994224694900656
655127,1,34899,460,2,Equilibrado,0.414780370227156
655353,1,34899,1472,2,Equilibrado,0.3121501992355915
655386,1,34899,658,0,Adiantado,0.2062884562232811
655412,1,34899,599,2,Equilibrado,0.2547205352497827
655416,1,34899,58,0,Adiantado,0.3239001008324361
655445,1,34899,316,2,Equilibrado,0.3614348429371539
655569,1,34899,421,2,Equilibrado,0.19807359450618325
655629,1,34899,195,0,Adiantado,0.14206064658538262
655796,1,34899,621,2,Equilibrado,0.2547278596456156
655852,1,34899,183,1,Tardio,0.4176549329388679
655927,1,34899,138,2,Equilibrado,0.2349457110550915
655981,1,34899,750,0,Adiantado,0.07090309433695832
656029,1,34899,386,0,Adiantado,0.2794770147353288
656065,1,34899,365,2,Equilibrado,0.42304698124239287
656086,1,34899,506,2,Equilibrado,0.3679946655093055
656092,1,34899,582,0,Adiantado,0.05686715808353944
656107,1,34899,23,1,Tardio,0.4884590383564046
656131,1,34899,573,2,Equilibrado,0.17756965768563732
656145,1,34899,167,2,Equilibrado,0.048019246996936396
656158,1,34899,565,2,Equilibrado,0.4350301658787057
656159,1,34899,673,0,Adiantado,0.2200096009588974
656165,1,34899,458,1,Tardio,0.15601234037723768
656234,1,34899,419,2,Equilibrado,0.10714701905436853
656323,1,34899,376,0,Adiantado,0.17542023277894314
656353,1,34899,1725,0,Adiantado,-0.024760330214788268
656360,1,34899,685,2,Equilibrado,0.31279021109168265
656414,1,34899,360,2,Equilibrado,0.1583397528357535
656436,1,34899,172,0,Adiantado,0.18767027032372227
656510,1,34899,186,2,Equilibrado,0.15515600353631812
656529,1,34899,808,0,Adiantado,0.29087137099389165
656579,1,34899,1232,0,Adiantado,0.24425348947557468
656607,1,34899,341,2,Equilibrado,0.4483383789218844
656651,1,34899,299,2,Equilibrado,0.37498815019618703
656693,1,34899,162,0,Adiantado,0.022108083762582394
656734,1,34899,686,0,Adiantado,-0.05272948097848146
656791,1,34899,1035,2,Equilibrado,0.4243348115146636
656800,1,34899,227,2,Equilibrado,0.2419002611239721
656882,1,34899,1107,2,Equilibrado,0.4038523710071346
656988,1,34899,788,2,Equilibrado,0.3815774277220168
656996,1,34899,387,2,Equilibrado,0.31891596940998174
657048,1,34899,194,2,Equilibrado,0.3522273892328207
657181,1,34899,29,1,Tardio,0.5128589353254216
657220,1,34899,1046,0,Adiantado,0.01765087317619253
657330,1,34899,936,0,Adiantado,0.2951107267163276
657344,1,34899,788,2,Equilibrado,0.3651460202007825
674222,1,34899,657,2,Equilibrado,0.17136242313097746
674226,1,34899,311,2,Equilibrado,0.40734682958949076
674236,1,34899,121,0,Adiantado,0.261386592941017
674260,1,34899,752,0,Adiantado,0.2922043493632483
674262,1,34899,862,0,Adiantado,-0.03930668798781915
674320,1,34899,347,2,Equilibrado,0.05299046473991653
674387,1,34899,722,0,Adiantado,0.0873388744682646
674406,1,34899,307,0,Adiantado,0.357722705723279
674451,1,34899,345,0,Adiantado,-0.034554442741235106
674478,1,34899,270,2,Equilibrado,0.3263507256170013
674484,1,34899,631,2,Equilibrado,0.4144194669542604
674497,1,34899,471,0,Adiantado,0.32558423019180743
674509,1,34899,741,0,Adiantado,0.3476773184851301
674584,1,34899,118,1,Tardio,0.18162872629081855
674594,1,34899,645,2,Equilibrado,0.07758270184774214
674644,1,34899,531,2,Equilibrado,0.2097644552808144
674657,1,34899,444,0,Adiantado,0.23961127221637674
674671,1,34899,423,2,Equilibrado,0.08159607557625954
674691,1,34899,987,2,Equilibrado,0.39173224332142875
674694,1,34899,754,0,Adiantado,0.22436205428353784
674699,1,34899,416,2,Equilibrado,0.41653131692057777
674751,1,34899,580,2,Equilibrado,0.24536534230010648
674831,1,34899,544,2,Equilibrado,0.3827645502163633
674870,1,34899,1222,2,Equilibrado,0.10898029768624982
674921,1,34899,399,1,Tardio,0.5186890443069174
675021,1,34899,488,1,Tardio,0.4052981393221632
675054,1,34899,361,2,Equilibrado,0.2422407522272429
675193,1,34899,234,0,Adiantado,0.017354284936781598
675225,1,34899,234,0,Adiantado,0.18201526641184435
675233,1,34899,484,2,Equilibrado,0.24918424601716732
675261,1,34899,258,0,Adiantado,0.2901720530585258
675273,1,34899,207,0,Adiantado,0.26047018571390496
675279,1,34899,1736,2,Equilibrado,0.31022548807829176
675315,1,34899,240,2,Equilibrado,0.408066285088525
675328,1,34899,471,0,Adiantado,0.1401057022527645
675337,1,34899,178,1,Tardio,0.5144629586315708
675474,1,34899,175,0,Adiantado,0.1943735251355377
675486,1,34899,226,0,Adiantado,0.0817123915148874
675514,1,34899,115,0,Adiantado,0.2871247361881866
675566,1,34899,176,1,Tardio,0.1898898700610499
675577,1,34899,548,2,Equilibrado,0.10919594319868732
675636,1,34899,553,0,Adiantado,0.007360784309641538
675710,1,34899,415,0,Adiantado,0.23693410411861213
675843,1,34899,453,0,Adiantado,0.4058557167250094
675947,1,34899,284,0,Adiantado,0.20696475608319723
675989,1,34899,593,0,Adiantado,-0.030306029265433083
676007,1,34899,289,2,Equilibrado,0.1776861605834676
676040,1,34899,448,2,Equilibrado,0.4146109411017471
676064,1,34899,436,0,Adiantado,0.20358412249465124
676103,1,34899,295,0,Adiantado,0.2071348463187635
676139,1,34899,310,2,Equilibrado,0.014296428611928575
676190,1,34899,606,2,Equilibrado,0.38880934445321125
676265,1,34899,360,2,Equilibrado,0.0914740811123726
676272,1,34899,166,0,Adiantado,0.34443245940599804
676303,1,34899,181,2,Equilibrado,0.09560337719529252
676378,1,34899,573,2,Equilibrado,0.20770545158935355
676444,1,34899,1029,2,Equilibrado,0.1630431541413463
676458,1,34899,345,0,Adiantado,0.054152103500759795
676459,1,34899,992,2,Equilibrado,0.2676257567059452
676478,1,34899,582,0,Adiantado,0.10949605004155415
676492,1,34899,1001,2,Equilibrado,0.05803259856538135
676600,1,34899,514,2,Equilibrado,0.18465239267113928
676610,1,34899,1024,2,Equilibrado,0.3993841562765606
676626,1,34899,697,2,Equilibrado,0.23573136961170044
676627,1,34899,50,2,Equilibrado,0.04963030052154145
676866,1,34899,423,2,Equilibrado,0.38208432686618815
676882,1,34899,753,0,Adiantado,-0.016230878122028353
677081,1,34899,307,2,Equilibrado,0.21994883270665486
677085,1,34899,122,2,Equilibrado,0.259151640108878
677111,1,34899,793,2,Equilibrado,0.45070570506482877
677138,1,34899,1043,0,Adiantado,0.0907974785288375
677155,1,34899,541,0,Adiantado,0.32794119578306374
677167,1,34899,1279,0,Adiantado,0.025732299431055376
677206,1,34899,153,0,Adiantado,0.3592860965350072
677221,1,34899,724,0,Adiantado,0.013493757134967631
677235,1,34899,266,0,Adiantado,0.2736098381167017
677327,1,34899,532,2,Equilibrado,0.33295675245576445
677382,1,34899,233,2,Equilibrado,0.22817689426473947
677400,1,34899,991,2,Equilibrado,0.4311061769706322
677436,1,34899,627,0,Adiantado,0.2587918091409502
677456,1,34899,893,2,Equilibrado,0.4135936381550494
677486,1,34899,166,0,Adiantado,0.19771309555021596
677546,1,34899,459,0,Adiantado,0.28380783937650805
677582,1,34899,270,1,Tardio,-0.05443354833792144
677608,1,34899,1623,0,Adiantado,0.3223671030504279
677655,1,34899,925,0,Adiantado,0.05223553379402092
677687,1,34899,153,2,Equilibrado,0.15816566240099653
677701,1,34899,528,2,Equilibrado,0.35348493689639787
677748,1,34899,277,2,Equilibrado,0.10842689870888919
677767,1,34899,302,2,Equilibrado,0.3644831117672588
677833,1,34899,870,0,Adiantado,0.2095831967588827
677867,1,34899,334,1,Tardio,0.2249177657119936
677869,1,34899,122,1,Tardio,0.5410436032944747
678088,1,34899,1387,2,Equilibrado,0.28535546227452063
678203,1,34899,67,1,Tardio,0.13681641138043796
678235,1,34899,734,2,Equilibrado,0.4194522803665427
678270,1,34899,117,0,Adiantado,0.14800757282291288
678381,1,34899,232,1,Tardio,0.06584943920733133
678407,1,34899,588,2,Equilibrado,0.22587337175447558
678452,1,34899,83,2,Equilibrado,0.2057741806939026
678528,1,34899,510,2,Equilibrado,0.32265362387921775
678619,1,34899,162,2,Equilibrado,0.41959828951122513
678628,1,34899,395,2,Equilibrado,0.28268536472353717
678639,1,34899,497,2,Equilibrado,0.2466061685579293
678659,1,34899,345,1,Tardio,-0.04079386247985064
678819,1,34899,624,2,Equilibrado,0.3606051344208578
678831,1,34899,162,0,Adiantado,0.1256434131267381
678859,1,34899,775,2,Equilibrado,0.06775434919160392
678877,1,34899,319,2,Equilibrado,0.18213610128371222
678946,1,34899,1046,2,Equilibrado,0.2646241665868115
678954,1,34899,840,2,Equilibrado,0.193992548780218
679019,1,34899,779,0,Adiantado,0.30748186683995316
679036,1,34899,1752,2,Equilibrado,0.3767110239180572
679111,1,34899,498,0,Adiantado,0.06236905001195379
679189,1,34899,1171,2,Equilibrado,0.300413719884911
679227,1,34899,903,0,Adiantado,0.2441762744746676
679237,1,34899,494,1,Tardio,0.029279530450377806
679251,1,34899,278,2,Equilibrado,0.14290218707283805
679262,1,34899,282,0,Adiantado,0.216213031615763
679269,1,34899,342,2,Equilibrado,0.12444345826129498
679278,1,34899,563,0,Adiantado,0.001745334488868467
679342,1,34899,563,2,Equilibrado,0.2014734340509281
679384,1,34899,705,2,Equilibrado,0.2657508351017619
679386,1,34899,296,2,Equilibrado,0.2688204390248371
679402,1,34899,381,2,Equilibrado,0.10767856600855852
679445,1,34899,367,2,Equilibrado,0.35746461966484655
679448,1,34899,938,2,Equilibrado,0.42063886959651164
679498,1,34899,307,0,Adiantado,0.224641529800949
679502,1,34899,286,0,Adiantado,-0.039985773100999364
679509,1,34899,833,0,Adiantado,-0.013604068846617225
679594,1,34899,902,2,Equilibrado,0.12297238930550758
679676,1,34899,842,2,Equilibrado,0.29602702440036943
679749,1,34899,82,2,Equilibrado,0.33728184686257207
679788,1,34899,319,0,Adiantado,0.3270234800515228
679790,1,34899,70,0,Adiantado,0.14210863043763283
679939,1,34899,340,2,Equilibrado,0.29577956986364756
680014,1,34899,341,2,Equilibrado,0.25339859414246374
680018,1,34899,424,2,Equilibrado,0.2567308121565149
680027,1,34899,1172,2,Equilibrado,0.37768952064443406
680080,1,34899,887,0,Adiantado,0.21286995358534236
680145,1,34899,162,1,Tardio,0.4884590383564046
680212,1,34899,74,2,Equilibrado,0.28506207009812295
680222,1,34899,88,2,Equilibrado,0.08993249568493145
680231,1,34899,204,0,Adiantado,0.3691283481141737
680255,1,34899,42,2,Equilibrado,0.36715970002373366
680266,1,34899,727,2,Equilibrado,0.062809094545758
680270,1,34899,183,1,Tardio,0.4884590383564046
680273,1,34899,1202,2,Equilibrado,0.27294319306791576
680322,1,34899,620,2,Equilibrado,0.1584837107240627
680343,1,34899,371,2,Equilibrado,0.1584820984753771
680348,1,34899,658,2,Equilibrado,0.28103435296386237
680410,1,34899,224,0,Adiantado,0.23369315070204688
680443,1,34899,671,2,Equilibrado,0.3011399860049542
680464,1,34899,516,2,Equilibrado,0.23673124284542169
680506,1,34899,214,1,Tardio,0.16798635506123985
680517,1,34899,125,1,Tardio,0.027813084050593705
680572,1,34899,3178,2,Equilibrado,0.46369203277963783
680708,1,34899,239,2,Equilibrado,0.07898802643690314
680713,1,34899,663,0,Adiantado,-0.04801309501401747
680747,1,34899,639,0,Adiantado,0.16515787156580164
680775,1,34899,608,2,Equilibrado,0.07751128377728664
680810,1,34899,808,2,Equilibrado,0.3531616123356326
680855,1,34899,138,0,Adiantado,-0.010759812691130168
680872,1,34899,391,0,Adiantado,0.22060259549040018
680912,1,34899,478,2,Equilibrado,0.22508775566667105
680955,1,34899,538,2,Equilibrado,0.3060886058275048
680974,1,34899,134,0,Adiantado,0.19811592465521669
681004,1,34899,599,2,Equilibrado,0.228972279126529
681073,1,34899,418,2,Equilibrado,0.26706409795538644
681152,1,34899,1143,2,Equilibrado,0.3871378066743155
681235,1,34899,303,0,Adiantado,0.17176859525037447
681277,1,34899,173,2,Equilibrado,0.2650878670412877
681328,1,34899,663,0,Adiantado,-0.05606775865735917
681335,1,34899,447,1,Tardio,0.2218135147164341
681341,1,34899,368,0,Adiantado,0.35740370426145873
681352,1,34899,283,1,Tardio,0.07149866016755665
681354,1,34899,211,1,Tardio,0.36970603842698707
681452,1,34899,72,1,Tardio,0.08903182793748524
681490,1,34899,790,2,Equilibrado,0.34633707553660537
681608,1,34899,364,1,Tardio,0.07855837222301557
681633,1,34899,650,2,Equilibrado,0.10286003916119557
681652,1,34899,615,2,Equilibrado,0.27050846877857665
681655,1,34899,1124,2,Equilibrado,0.08610390253749639
681658,1,34899,154,0,Adiantado,0.01838317543618538
681691,1,34899,57,2,Equilibrado,0.3709510783715279
681735,1,34899,109,2,Equilibrado,0.053910916616825275
681755,1,34899,967,0,Adiantado,0.23782578862149265
681763,1,34899,1798,2,Equilibrado,0.2282607249622912
681938,1,34899,570,2,Equilibrado,0.2630101702272302
681973,1,34899,429,2,Equilibrado,0.19593635832616163
682015,1,34899,273,0,Adiantado,-0.005368161518731438
682025,1,34899,131,0,Adiantado,0.19025671241149783
682070,1,34899,519,0,Adiantado,0.1784240069315109
682276,1,34899,327,2,Equilibrado,0.37533812251634724
682298,1,34899,612,2,Equilibrado,0.323861960050433
682390,1,34899,189,0,Adiantado,0.38604887210649846
682391,1,34899,431,2,Equilibrado,0.18433994779496465
682436,1,34899,272,2,Equilibrado,0.16655427807618714
682437,1,34899,1046,2,Equilibrado,0.43072954656694656
682504,1,34899,231,0,Adiantado,0.13118051285732896
682511,1,34899,254,1,Tardio,0.4940952366145736
682539,1,34899,468,2,Equilibrado,0.1913353625744028
682546,1,34899,192,1,Tardio,-0.007440255366949767
682569,1,34899,805,2,Equilibrado,0.3228834212326911
682578,1,34899,532,2,Equilibrado,0.340094337045498
682588,1,34899,1166,0,Adiantado,0.12980845155932025
682613,1,34899,424,1,Tardio,0.13042690230994497
682632,1,34899,1373,2,Equilibrado,0.43159753103268167
682671,1,34899,327,2,Equilibrado,0.30513568016836173
682695,1,34899,309,2,Equilibrado,0.36954561613466874
682753,1,34899,431,2,Equilibrado,0.0267377029946605
682839,1,34899,927,2,Equilibrado,0.37338196608515045
682863,1,34899,120,2,Equilibrado,0.13880050381864018
682894,1,34899,448,2,Equilibrado,0.14735633455839914
682946,1,34899,158,1,Tardio,0.5081232073825726
682963,1,34899,301,0,Adiantado,0.22815167275067305
682981,1,34899,603,2,Equilibrado,0.276511913188454
682982,1,34899,214,1,Tardio,0.3495407238296195
682983,1,34899,455,2,Equilibrado,0.2913502816423292
682985,1,34899,189,2,Equilibrado,0.2525139821346189
682990,1,34899,465,1,Tardio,0.5278884730160036
683033,1,34899,908,2,Equilibrado,0.1808769105518171
683094,1,34899,136,0,Adiantado,0.24083582195672124
683177,1,34899,390,2,Equilibrado,0.30273531830880834
683178,1,34899,581,2,Equilibrado,0.40845022679695603
683243,1,34899,79,0,Adiantado,0.07998246209159489
683305,1,34899,284,0,Adiantado,-0.016362301174069317
683323,1,34899,609,2,Equilibrado,0.14434288502205386
683346,1,34899,735,2,Equilibrado,0.20950137143201253
683347,1,34899,91,0,Adiantado,0.20122793529423577
683352,1,34899,265,2,Equilibrado,0.13543244108506008
683353,1,34899,522,2,Equilibrado,0.21565873443701195
683375,1,34899,753,2,Equilibrado,0.20146400208469586
683403,1,34899,661,2,Equilibrado,0.32383320944017396
683446,1,34899,273,1,Tardio,0.14441661656352767
683467,1,34899,120,1,Tardio,-0.03167902550929294
683508,1,34899,216,2,Equilibrado,0.24489036735063566
683530,1,34899,1318,1,Tardio,0.07490840291429433
683550,1,34899,188,1,Tardio,0.21162401776675388
683555,1,34899,124,2,Equilibrado,0.10537069164639926
683576,1,34899,401,2,Equilibrado,0.2263442685341688
683604,1,34899,481,2,Equilibrado,0.35788167125966736
683624,1,34899,1208,2,Equilibrado,0.26960827474618276
683699,1,34899,316,2,Equilibrado,0.049436714919658016
683745,1,34899,761,2,Equilibrado,0.07473627921520123
683764,1,34899,116,0,Adiantado,0.3322790437823971
683772,1,34899,419,1,Tardio,0.029004878694855848
683820,1,34899,1548,2,Equilibrado,0.22938356531341803
683832,1,34899,329,2,Equilibrado,0.335160954347441
683902,1,34899,318,2,Equilibrado,0.3127512617340003
683934,1,34899,523,2,Equilibrado,0.14717729860395548
684013,1,34899,1028,1,Tardio,0.3777765393709897
684040,1,34899,430,2,Equilibrado,0.07554402320601651
684183,1,34899,346,0,Adiantado,0.22576298232445868
684311,1,34899,438,0,Adiantado,0.26574734115667387
684383,1,34899,503,1,Tardio,0.22970616929754628
684386,1,34899,520,2,Equilibrado,0.4150441200711762
684526,1,34899,521,2,Equilibrado,0.19570365245709945
684592,1,34899,327,0,Adiantado,0.0824175618526904
684594,1,34899,214,2,Equilibrado,0.2578615216197319
684671,1,34899,319,1,Tardio,0.07681236020882937
684675,1,34899,352,2,Equilibrado,0.34940513755233055
684882,1,34899,1471,2,Equilibrado,0.07059792175285244
684981,1,34899,1136,0,Adiantado,0.12121709922149189
685004,1,34899,414,0,Adiantado,-0.0279540808213795
685100,1,34899,417,0,Adiantado,0.022887872155709248
685105,1,34899,9,1,Tardio,0.42260558939330245
685128,1,34899,323,0,Adiantado,0.34627113379855845
685140,1,34899,21,2,Equilibrado,0.2464341201584937
685155,1,34899,646,2,Equilibrado,0.3282547002118991
685192,1,34899,295,2,Equilibrado,0.19364115812104504
685212,1,34899,485,0,Adiantado,0.008216685249195197
685276,1,34899,894,2,Equilibrado,0.3611527004962787
685283,1,34899,279,1,Tardio,0.03490211702268008
685330,1,34899,1101,0,Adiantado,0.2536714280843417
685339,1,34899,509,0,Adiantado,0.20078528490947428
685373,1,34899,365,2,Equilibrado,0.23735776950683263
685378,1,34899,62,2,Equilibrado,0.4227132607283468
685410,1,34899,589,2,Equilibrado,0.1299033005839958
685619,1,34899,94,1,Tardio,0.5131525288143199
685657,1,34899,163,2,Equilibrado,0.4578280779444022
685705,1,34899,576,2,Equilibrado,0.3747462366519678
685708,1,34899,113,2,Equilibrado,0.2995024487223462
685772,1,34899,656,0,Adiantado,0.06943581754283878
685831,1,34899,574,2,Equilibrado,0.206657996097659
685860,1,34899,591,0,Adiantado,-0.02989168517208251
685928,1,34899,49,1,Tardio,0.5267937514429301
685998,1,34899,424,2,Equilibrado,0.09077435784969921
686065,1,34899,552,2,Equilibrado,0.18263035789727664
686164,1,34899,68,0,Adiantado,0.1282941478885614
686314,1,34899,215,0,Adiantado,0.396024586203941
686317,1,34899,275,2,Equilibrado,0.20068638661973054
686344,1,34899,999,0,Adiantado,0.3465572354052109
686348,1,34899,1557,2,Equilibrado,0.17365711489654126
686448,1,34899,157,0,Adiantado,0.23528918425388845
686498,1,34899,452,0,Adiantado,0.04361051050362657
686522,1,34899,565,0,Adiantado,0.23246271343784067
686558,1,34899,103,1,Tardio,0.016037704208440876
686700,1,34899,229,2,Equilibrado,0.23509381404605112
686705,1,34899,318,0,Adiantado,0.11268623933528286
686786,1,34899,409,0,Adiantado,0.30322489592207474
686946,1,34899,160,0,Adiantado,0.3493065992253422
687007,1,34899,343,2,Equilibrado,0.13273719403062306
687033,1,34899,81,1,Tardio,0.533972613701712
687073,1,34899,565,2,Equilibrado,0.2354134884469825
687112,1,34899,405,0,Adiantado,0.3268868141387358
687115,1,34899,75,0,Adiantado,0.05935482079052269
687288,1,34899,231,2,Equilibrado,0.15107748575366534
687331,1,34899,485,1,Tardio,0.09780397927520484
687341,1,34899,358,2,Equilibrado,0.42853876550901465
687345,1,34899,189,2,Equilibrado,0.18815203787125398
687351,1,34899,613,2,Equilibrado,0.4035080934914822
687410,1,34899,191,0,Adiantado,0.06887338935286776
687434,1,34899,2276,0,Adiantado,0.030974875286106027
687468,1,34899,471,2,Equilibrado,0.3027545186061319
687485,1,34899,359,0,Adiantado,0.1932830092025766
687503,1,34899,824,0,Adiantado,0.29273387312257254
687510,1,34899,484,2,Equilibrado,0.34813576420960435
687511,1,34899,184,2,Equilibrado,0.38147564273926243
687525,1,34899,208,0,Adiantado,0.39329500574625015
687686,1,34899,299,2,Equilibrado,0.4382632809787206
687752,1,34899,177,0,Adiantado,0.19235689124425417
687846,1,34899,343,0,Adiantado,0.1430666182019699
687910,1,34899,537,2,Equilibrado,0.4076730249740461
687930,1,34899,1069,2,Equilibrado,0.22654632801901908
687931,1,34899,679,2,Equilibrado,0.24853585160475522
687988,1,34899,318,0,Adiantado,0.3413735137034742
688008,1,34899,487,2,Equilibrado,0.3421044865405693
688071,1,34899,75,0,Adiantado,0.21408042197022345
688127,1,34899,327,0,Adiantado,0.2276774665461437
688136,1,34899,2012,0,Adiantado,0.18187188883167607
688159,1,34899,456,0,Adiantado,0.2607590519390822
688192,1,34899,430,2,Equilibrado,0.23639778547218482
688225,1,34899,377,1,Tardio,0.13876154769192456
688250,1,34899,73,0,Adiantado,0.2536668908686917
688265,1,34899,78,2,Equilibrado,0.08426060924499762
688337,1,34899,470,2,Equilibrado,0.16232097263368503
688453,1,34899,181,2,Equilibrado,0.3678566445976345
688470,1,34899,196,0,Adiantado,-0.0053264755389603935
688543,1,34899,386,2,Equilibrado,0.4013034995309686
688664,1,34899,326,0,Adiantado,-0.022864006455911762
688667,1,34899,1600,2,Equilibrado,0.2290446718357459
688685,1,34899,716,2,Equilibrado,0.3253184451190857
688727,1,34899,806,2,Equilibrado,0.3149959363546902
688881,1,34899,352,0,Adiantado,-0.047023677730944104
688891,1,34899,370,1,Tardio,0.32016638018284355
688895,1,34899,411,2,Equilibrado,0.3311058441021383
688904,1,34899,1044,2,Equilibrado,0.05661434867740474
688976,1,34899,431,0,Adiantado,0.12746128080150684
689005,1,34899,283,0,Adiantado,0.3976966683935835
689052,1,34899,416,0,Adiantado,0.20515544924821244
689056,1,34899,578,0,Adiantado,0.003193908251205738
689225,1,34899,436,0,Adiantado,0.008060119914502646
689260,1,34899,402,2,Equilibrado,0.3813650716056977
689280,1,34899,752,0,Adiantado,0.029464299001788687
689347,1,34899,592,2,Equilibrado,0.39613762780486705
689444,1,34899,678,2,Equilibrado,0.16788386953172446
689498,1,34899,146,1,Tardio,0.14687418057002158
689626,1,34899,109,2,Equilibrado,0.1495873655106564
689796,1,34899,885,2,Equilibrado,0.33494347911417927
689827,1,34899,106,1,Tardio,0.5039312997908257
689832,1,34899,294,2,Equilibrado,0.2772717331694399
689855,1,34899,387,2,Equilibrado,0.07775482419079156
689924,1,34899,169,0,Adiantado,0.3264506130509484
690075,1,34899,110,0,Adiantado,0.19444242632597183
690198,1,34899,508,2,Equilibrado,0.37017753905899303
690296,1,34899,386,0,Adiantado,0.18895859891606556
690382,1,34899,42,2,Equilibrado,0.25114646436075455
690585,1,34899,117,1,Tardio,0.06799477865227295
690628,1,34899,468,0,Adiantado,-0.016804413146785584
690635,1,34899,66,0,Adiantado,0.28256977021774726
690746,1,34899,999,2,Equilibrado,0.3691906314995439
690832,1,34899,336,2,Equilibrado,0.24633091416747824
690872,1,34899,138,1,Tardio,-0.003391984247828448
690962,1,34899,209,2,Equilibrado,0.221794092141362
691269,1,34899,416,2,Equilibrado,0.41047442009966695
691280,1,34899,338,0,Adiantado,0.3366916112103596
691326,1,34899,994,0,Adiantado,-0.034585322882976735
691375,1,34899,517,0,Adiantado,-0.05822390508869823
691465,1,34899,111,2,Equilibrado,0.32969014329581686
691699,1,34899,349,0,Adiantado,0.13006267886428804
691722,1,34899,807,2,Equilibrado,0.3694509956690728
691805,1,34899,71,2,Equilibrado,0.21080388393228913
691873,1,34899,224,2,Equilibrado,0.40389559631605887
691932,1,34899,991,2,Equilibrado,0.39868459376652865
692010,1,34899,1060,0,Adiantado,0.1671953183436732
692097,1,34899,694,2,Equilibrado,0.17268011919994153
692220,1,34899,449,2,Equilibrado,0.25644157833751624
692297,1,34899,43,1,Tardio,-0.013541696207137167
692301,1,34899,195,2,Equilibrado,0.19139441712190314
692334,1,34899,388,1,Tardio,0.17884406400918482
692454,1,34899,694,0,Adiantado,0.15408345570129517
692612,1,34899,534,2,Equilibrado,0.31916500167137807
692632,1,34899,315,2,Equilibrado,0.19634428793324143
692893,1,34899,224,2,Equilibrado,0.11426989732257097
692946,1,34899,118,2,Equilibrado,0.12633526092229577
692962,1,34899,711,2,Equilibrado,0.3584906310998139
692968,1,34899,146,0,Adiantado,0.0007841921970639579
693160,1,34899,548,2,Equilibrado,0.41322898436285094
693162,1,34899,1091,2,Equilibrado,0.08411822082942844
693197,1,34899,224,0,Adiantado,0.2943511304591234
693236,1,34899,435,2,Equilibrado,0.2794307079919942
693345,1,34899,354,0,Adiantado,-0.029296296593787984
693373,1,34899,420,2,Equilibrado,0.09180152361448665
693497,1,34899,819,2,Equilibrado,0.23408724128546438
693519,1,34899,296,2,Equilibrado,0.19971541366979792
693573,1,34899,677,2,Equilibrado,0.33487385946036646
693628,1,34899,523,0,Adiantado,0.035500172875854386
693764,1,34899,60,1,Tardio,0.3328467310479338
693806,1,34899,627,0,Adiantado,0.27565408127216423
693812,1,34899,31,1,Tardio,0.37900875480256524
693873,1,34899,417,2,Equilibrado,0.08922614541306007
693903,1,34899,243,0,Adiantado,0.27387743990680297
693906,1,34899,246,2,Equilibrado,0.22017505625494624
693907,1,34899,449,2,Equilibrado,0.4454658641859605
694128,1,34899,257,2,Equilibrado,0.3663347631621367
694144,1,34899,637,0,Adiantado,0.3546773653376754
694221,1,34899,176,0,Adiantado,0.37039893571892607
694284,1,34899,96,1,Tardio,0.31127932818208726
694376,1,34899,396,2,Equilibrado,0.3456307455969869
694428,1,34899,372,0,Adiantado,0.06014012261942846
694456,1,34899,606,2,Equilibrado,0.2536342701518486
694622,1,34899,419,0,Adiantado,0.2985840434235632
694716,1,34899,327,1,Tardio,0.19955015771886667
694827,1,34899,421,0,Adiantado,0.3999884385342518
694836,1,34899,479,2,Equilibrado,0.3164680149380969
694848,1,34899,721,2,Equilibrado,0.11139754326367732
695090,1,34899,116,2,Equilibrado,0.38679800348988996
695169,1,34899,356,0,Adiantado,0.36995467531622933
695220,1,34899,302,0,Adiantado,0.01706197033452417
695250,1,34899,644,2,Equilibrado,0.3995069144763095
695251,1,34899,535,2,Equilibrado,0.1259405447652969
695369,1,34899,176,0,Adiantado,0.36058569695771575
695471,1,34899,279,0,Adiantado,0.2337311779062021
695485,1,34899,315,0,Adiantado,0.19695975638308508
695550,1,34899,192,2,Equilibrado,0.0798600482812773
695637,1,34899,464,2,Equilibrado,0.19563008101781298
695676,1,34899,320,1,Tardio,0.14658607099095655
695700,1,34899,277,0,Adiantado,0.05541237838518924
695729,1,34899,765,2,Equilibrado,0.30178140014258475
695748,1,34899,402,2,Equilibrado,0.028599656077105514
695803,1,34899,860,2,Equilibrado,0.16402994648336827
695825,1,34899,729,2,Equilibrado,0.3114055219121853
695869,1,34899,478,2,Equilibrado,0.44576574508312006
695879,1,34899,192,2,Equilibrado,0.3568775802297123
695926,1,34899,440,0,Adiantado,0.28862428878683066
695964,1,34899,109,0,Adiantado,0.15208863757505275
696039,1,34899,277,0,Adiantado,0.04104445048024297
696043,1,34899,126,1,Tardio,-0.013235870346045883
696071,1,34899,398,2,Equilibrado,0.049583333524028106
696082,1,34899,243,1,Tardio,0.035059643354310804
696188,1,34899,204,2,Equilibrado,0.318352810315425
696275,1,34899,503,2,Equilibrado,0.1902698258836955
696318,1,34899,250,0,Adiantado,0.1474771103563839
696329,1,34899,959,2,Equilibrado,0.2860719757145094
696347,1,34899,532,0,Adiantado,0.19365126562027563
696364,1,34899,440,2,Equilibrado,0.32719303265255517
696410,1,34899,296,0,Adiantado,0.2388710680386893
696456,1,34899,125,1,Tardio,0.12152963356175811
696583,1,34899,283,1,Tardio,0.24569268601940975
696615,1,34899,282,2,Equilibrado,0.23759538788521314
696653,1,34899,362,0,Adiantado,0.350133812818853
696659,1,34899,117,2,Equilibrado,0.3121543122508214
696662,1,34899,991,2,Equilibrado,0.3630883982982605
696666,1,34899,103,1,Tardio,0.10632058318292646
696671,1,34899,257,2,Equilibrado,0.02910984234541535
696672,1,34899,89,2,Equilibrado,0.25567485461466455
696674,1,34899,187,0,Adiantado,0.2553849455161562
696678,1,34899,246,2,Equilibrado,0.40739425058362183
696729,1,34899,811,2,Equilibrado,0.33565960252768184
697027,1,34899,1104,2,Equilibrado,0.319430934223475
697042,1,34899,769,0,Adiantado,-0.003840896029587166
697114,1,34899,119,1,Tardio,0.14687154728661064
697160,1,34899,82,0,Adiantado,0.06505571124712464
697192,1,34899,188,0,Adiantado,0.12293430010041068
697255,1,34899,610,0,Adiantado,0.11147437086276803
697299,1,34899,158,0,Adiantado,0.36411981722360215
697438,1,34899,632,2,Equilibrado,0.2102474264434654
697478,1,34899,486,0,Adiantado,0.015412802855984781
697665,1,34899,89,2,Equilibrado,0.2809775480280158
697878,1,34899,436,2,Equilibrado,0.30390254926671234
697998,1,34899,294,2,Equilibrado,0.13067431793444195
698015,1,34899,87,2,Equilibrado,0.25417333652304797
698020,1,34899,570,0,Adiantado,0.0430128372704355
698112,1,34899,125,2,Equilibrado,0.20195492960699518
698193,1,34899,140,0,Adiantado,0.3796655143037121
698278,1,34899,486,0,Adiantado,0.010592909597925356
698384,1,34899,725,0,Adiantado,0.0336844723207632
698407,1,34899,74,1,Tardio,0.1496497825235274
698485,1,34899,259,2,Equilibrado,0.33974003213510995
698656,1,34899,290,0,Adiantado,0.34695126171778995
698762,1,34899,294,0,Adiantado,0.2881347383214706
699126,1,34899,89,1,Tardio,0.5438292997744251
699127,1,34899,183,2,Equilibrado,0.21050478859883157
699128,1,34899,559,0,Adiantado,0.2347350974238187
836614,1,34899,357,0,Adiantado,0.3824130567441363
884652,1,34899,415,2,Equilibrado,0.414440000927256
895524,1,34899,1746,2,Equilibrado,0.43268131509397373
1021350,1,34899,284,2,Equilibrado,0.21130880669919266
1042726,1,34899,636,0,Adiantado,0.13352249513767175
1318759,1,34899,624,2,Equilibrado,0.3065895236229259
1348205,1,34899,1806,2,Equilibrado,0.25942521778387245
1391717,1,34899,224,0,Adiantado,0.14802073190578693
1409532,1,34899,531,2,Equilibrado,0.10863830958723053
1413902,1,34899,617,2,Equilibrado,0.2634783270454908
1424608,1,34899,209,1,Tardio,0.3932986116758757
1448966,1,34899,281,2,Equilibrado,0.22718223936721968
1450604,1,34899,416,0,Adiantado,0.17488760873535003
1473878,1,34899,507,2,Equilibrado,0.43375782921785394
1477284,1,34899,234,0,Adiantado,-0.012103604276428452
1501577,1,34899,639,2,Equilibrado,0.2740020133166316
1514245,1,34899,107,0,Adiantado,0.2852194894797872
1532711,1,34899,203,2,Equilibrado,0.3172775940932131
1585671,1,34899,478,2,Equilibrado,0.44835342311564946
1588621,1,34899,93,0,Adiantado,0.0751750351451115
1603549,1,34899,151,2,Equilibrado,0.3627241453955246
1631797,1,34899,431,0,Adiantado,0.19632997430754875
1639699,1,34899,399,2,Equilibrado,0.13952778964023826
1640680,1,34899,324,0,Adiantado,0.2010104857529599
1658963,1,34899,374,0,Adiantado,0.09584587534549117
1677677,1,34899,717,2,Equilibrado,0.37294680588018825
1683192,1,34899,113,1,Tardio,0.43964334328254967
1722493,1,34899,1590,2,Equilibrado,0.3114841008954153
1733664,1,34899,3191,2,Equilibrado,0.3232304668385733
1752994,1,34899,648,2,Equilibrado,0.451549896086787
1755594,1,34899,945,2,Equilibrado,0.12290245801489125
1765045,1,34899,38,2,Equilibrado,0.07637223294695976
1771775,1,34899,381,2,Equilibrado,0.07185667213037063
1796402,1,34899,631,2,Equilibrado,0.1013450276230457
1810759,1,34899,359,2,Equilibrado,0.1938373018907184
1816458,1,34899,1087,2,Equilibrado,0.3778190499980954
1817710,1,34899,145,2,Equilibrado,0.370264110255768
1818385,1,34899,598,2,Equilibrado,0.4538629316062337
1836241,1,34899,547,2,Equilibrado,0.32894741154006174
1837138,1,34899,2382,2,Equilibrado,0.19902060762351145
1856869,1,34899,260,1,Tardio,0.40908685164628183
1871598,1,34899,3429,2,Equilibrado,0.3823520139141292
1871684,1,34899,431,0,Adiantado,0.2332548795035776
1877902,1,34899,725,1,Tardio,-0.029963554496231885
1879321,1,34899,1095,2,Equilibrado,0.12459962400698475
1881231,1,34899,449,1,Tardio,0.2821077985478736
1887108,1,34899,273,2,Equilibrado,0.2933848997192571
1889752,1,34899,792,0,Adiantado,0.3737648394153507
1944167,1,34899,357,1,Tardio,0.11967347130686812
1948159,1,34899,1226,0,Adiantado,0.1137357193183334
1962049,1,34899,750,0,Adiantado,0.33750891583651604
1962062,1,34899,419,2,Equilibrado,0.3389531294478541
1972092,1,34899,2078,2,Equilibrado,0.30310554159313347
1995177,1,34899,830,0,Adiantado,0.30296649755291927
1998834,1,34899,200,1,Tardio,0.5007221779737001
2017487,1,34899,973,2,Equilibrado,0.37297676373584937
2020628,1,34899,2605,0,Adiantado,0.12966146737475542
2026075,1,34899,482,1,Tardio,0.10565540372330237
2028523,1,34899,609,1,Tardio,0.30033906390685416
2029571,1,34899,585,1,Tardio,0.19843256215919552
2035700,1,34899,741,2,Equilibrado,0.16441923058379623
2036893,1,34899,790,0,Adiantado,0.0893776889691475
2047575,1,34899,706,2,Equilibrado,0.26147085865158975
2065972,1,34899,454,0,Adiantado,0.1572215855559995
2067799,1,34899,424,2,Equilibrado,0.17341401763745865
2081123,1,34899,81,2,Equilibrado,0.3910399650375265
2096251,1,34899,629,2,Equilibrado,0.28446002817136945
2103552,1,34899,409,2,Equilibrado,0.29098750331405854
2104819,1,34899,659,2,Equilibrado,0.26439588834057337
2106955,1,34899,995,2,Equilibrado,0.4046109399276012
2107747,1,34899,504,0,Adiantado,0.05356751520290907
2128283,1,34899,702,2,Equilibrado,0.2548932954617297
2138970,1,34899,300,2,Equilibrado,0.3328555411464465
2140300,1,34899,634,0,Adiantado,0.05351835069737365
2143312,1,34899,635,2,Equilibrado,0.29113485998738414
2143440,1,34899,534,2,Equilibrado,0.081585200136364
2154361,1,34899,457,2,Equilibrado,0.43365049334212774
2160316,1,34899,707,2,Equilibrado,0.07264735959112824
2161710,1,34899,41,0,Adiantado,-0.030501258287371245
2178837,1,34899,276,2,Equilibrado,0.06311972639107591
2180090,1,34899,1046,2,Equilibrado,0.3547727473711863
2185729,1,34899,942,2,Equilibrado,0.22160345396012995
2195853,1,34899,391,1,Tardio,0.0634022117657396
2197766,1,34899,318,2,Equilibrado,0.38227590846545556
2198970,1,34899,197,0,Adiantado,0.3062199582094758
2223401,1,34899,236,1,Tardio,0.42853676176469313
2254637,1,34899,261,0,Adiantado,-0.03742256675578796
2256134,1,34899,371,2,Equilibrado,0.1194067733955581
2272023,1,34899,214,2,Equilibrado,0.3222348591082642
2274542,1,34899,619,0,Adiantado,0.08846640185735637
2278101,1,34899,161,1,Tardio,0.46580637163016625
2282620,1,34899,143,2,Equilibrado,0.1421643416591943
2283708,1,34899,1873,2,Equilibrado,0.1822883985020468
2293511,1,34899,794,2,Equilibrado,0.23234321705511635
2298106,1,34899,170,2,Equilibrado,0.3005374906187249
2298895,1,34899,674,2,Equilibrado,0.37883102263670954
2301830,1,34899,982,0,Adiantado,0.1679657838296445
2306410,1,34899,455,0,Adiantado,0.20931804987376057
2316717,1,34899,361,2,Equilibrado,0.12420402797081176
2332934,1,34899,172,2,Equilibrado,0.13169546325637382
2339267,1,34899,499,1,Tardio,0.16253789871432886
2341420,1,34899,885,0,Adiantado,0.045742955102608555
2343785,1,34899,709,2,Equilibrado,0.32612412725924195
2351969,1,34899,235,2,Equilibrado,0.27085441153509615
2360559,1,34899,280,2,Equilibrado,0.3162962695309743
2366656,1,34899,268,2,Equilibrado,0.3559997306184871
2378208,1,34899,347,2,Equilibrado,0.29032588930659564
2386732,1,34899,421,2,Equilibrado,0.3185053862770445
2395016,1,34899,381,2,Equilibrado,0.18578795688540786
2399758,1,34899,315,1,Tardio,0.4498815746690124
2403701,1,34899,2492,2,Equilibrado,0.35729737664502736
2417433,1,34899,158,1,Tardio,0.23465551298247264
2417975,1,34899,381,0,Adiantado,0.3372519243496313
2424257,1,34899,261,0,Adiantado,0.04266179049561232
2427845,1,34899,462,2,Equilibrado,0.3360250640521863
2438784,1,34899,712,0,Adiantado,0.25108492095155754
2449490,1,34899,173,0,Adiantado,0.2180344332064619
2457440,1,34899,154,0,Adiantado,0.3019920126817028
2459292,1,34899,111,0,Adiantado,0.24635783856584514
2470326,1,34899,280,2,Equilibrado,0.03203381287326097
2480886,1,34899,718,2,Equilibrado,0.4209020115816019
2482710,1,34899,623,1,Tardio,0.2152889072406762
2486930,1,34899,158,1,Tardio,0.3849169774006074
2499307,1,34899,338,2,Equilibrado,0.34107094160151274
2504129,1,34899,167,0,Adiantado,-0.032880145323443896
2505058,1,34899,128,1,Tardio,0.11799529309492734
2519138,1,34899,798,2,Equilibrado,0.0647365345157308
2529052,1,34899,234,0,Adiantado,0.36559120589343674
2529419,1,34899,725,2,Equilibrado,0.059928905810027466
2530976,1,34899,411,2,Equilibrado,0.15197492395325382
2537777,1,34899,433,2,Equilibrado,0.38945657422892477
2540871,1,34899,569,2,Equilibrado,0.40212449270592343
2542209,1,34899,274,0,Adiantado,0.3184630239263468
2544643,1,34899,510,2,Equilibrado,0.45271874269955203
2544766,1,34899,210,2,Equilibrado,0.3381984073862346
2546315,1,34899,770,2,Equilibrado,0.3801549342146946
2550534,1,34899,404,0,Adiantado,0.007760957045209579
2557008,1,34899,854,0,Adiantado,0.2937527794484544
2559144,1,34899,102,0,Adiantado,0.19319823625369398
2563095,1,34899,125,0,Adiantado,0.18187557727660275
2579891,1,34899,304,1,Tardio,0.42705508087853716
2584244,1,34899,141,1,Tardio,0.07434247280200021
2597117,1,34899,608,2,Equilibrado,0.29703813465237383
2599162,1,34899,60,1,Tardio,0.3529054143059577
2599883,1,34899,765,2,Equilibrado,0.39782372277142686
2602542,1,34899,514,2,Equilibrado,0.19851004370134342
2603027,1,34899,1067,2,Equilibrado,0.17763853549922387
2612102,1,34899,753,2,Equilibrado,0.4601383341792927
2612728,1,34899,324,0,Adiantado,0.05230370613580668
2624028,1,34899,639,0,Adiantado,-0.06033661381288071
2641156,1,34899,259,0,Adiantado,0.29209275512611715
2642532,1,34899,142,2,Equilibrado,0.36795486184308135
2643472,1,34899,294,2,Equilibrado,0.057957917641456656
2643829,1,34899,801,0,Adiantado,0.27310993390432514
2649948,1,34899,385,0,Adiantado,0.006923558470652855
2657913,1,34899,425,0,Adiantado,0.343059962722169
2658856,1,34899,312,0,Adiantado,0.19586828783929927
2667478,1,34899,704,2,Equilibrado,0.13734847927385377
2678580,1,34899,177,0,Adiantado,0.07382243277915301
2681198,1,34899,886,2,Equilibrado,0.3129122020876406
2682682,1,34899,538,0,Adiantado,0.315492421798421
2683857,1,34899,944,2,Equilibrado,0.07956261489923516
2684048,1,34899,281,0,Adiantado,0.261749829355823
2686035,1,34899,356,0,Adiantado,0.17460106492561273
2693932,1,34899,731,0,Adiantado,0.1894635403731176
2694139,1,34899,101,1,Tardio,0.5248043443670448
2697921,1,34899,251,2,Equilibrado,0.361355270963739
31296,2,34900,42,1,Tardio,0.5039771136404759
40878,2,34900,398,2,Equilibrado,0.3649284616148768
42552,2,34900,1187,2,Equilibrado,0.28918722872883434
43958,2,34900,420,2,Equilibrado,0.3905550550530692
45423,2,34900,698,2,Equilibrado,0.3391613627495148
47861,2,34900,1491,2,Equilibrado,0.22208108535380297
56637,2,34900,696,2,Equilibrado,0.10864913240008929
56667,2,34900,7,1,Tardio,0.41958394138515803
58884,2,34900,678,2,Equilibrado,0.42460740234431127
63112,2,34900,51,1,Tardio,0.43456392256948106
64427,2,34900,532,2,Equilibrado,0.4099611363145316
69439,2,34900,49,1,Tardio,0.05336358417018088
71159,2,34900,483,1,Tardio,-0.0014041771050506133
74165,2,34900,204,2,Equilibrado,0.2192227039779787
75107,2,34900,642,2,Equilibrado,0.3515096868988987
77692,2,34900,205,1,Tardio,0.010288160434111814
77995,2,34900,37,1,Tardio,0.006940416499060438
79610,2,34900,456,2,Equilibrado,0.16479913152974912
80438,2,34900,450,0,Adiantado,0.1501596412534513
84604,2,34900,1106,0,Adiantado,0.24452499473115671
87264,2,34900,1281,2,Equilibrado,0.30129873807116253
87322,2,34900,259,2,Equilibrado,0.19528935670167583
94749,2,34900,596,2,Equilibrado,0.3091787438797751
98256,2,34900,118,2,Equilibrado,0.3058771655038809
102854,2,34900,379,2,Equilibrado,0.18886535188334022
105939,2,34900,409,2,Equilibrado,0.30799831776252046
107455,2,34900,138,2,Equilibrado,0.291475961277436
109577,2,34900,176,2,Equilibrado,0.19267610344233263
110820,2,34900,378,0,Adiantado,0.05841178404260066
113702,2,34900,458,2,Equilibrado,0.3591980319959945
119310,2,34900,333,1,Tardio,-0.0027867968585695993
119865,2,34900,552,2,Equilibrado,0.25008123904511065
125063,2,34900,376,2,Equilibrado,0.18561346967843712
127179,2,34900,347,1,Tardio,0.08826939436608519
129907,2,34900,446,0,Adiantado,0.12638432350068707
130409,2,34900,214,0,Adiantado,0.3150347662032476
131597,2,34900,557,2,Equilibrado,0.2655207812461445
132475,2,34900,519,2,Equilibrado,0.4561349318233314
135280,2,34900,166,2,Equilibrado,0.05548967653945967
139206,2,34900,684,2,Equilibrado,0.42769063534507196
142310,2,34900,234,2,Equilibrado,0.4246450949358884
143755,2,34900,530,0,Adiantado,0.027997531507832362
144959,2,34900,53,1,Tardio,0.5311539621821671
149178,2,34900,659,2,Equilibrado,0.1351970543207323
150282,2,34900,123,0,Adiantado,-0.03344789748305404
152524,2,34900,1030,2,Equilibrado,0.4036086751912986
152917,2,34900,894,1,Tardio,0.08827291463200206
155938,2,34900,508,0,Adiantado,0.36630349064601186
159906,2,34900,228,2,Equilibrado,0.05118895062027796
159947,2,34900,659,2,Equilibrado,0.21497879666703285
164148,2,34900,727,2,Equilibrado,0.2338307664090973
166123,2,34900,603,2,Equilibrado,0.25441999707055496
169596,2,34900,216,2,Equilibrado,0.2823967213092503
170874,2,34900,299,0,Adiantado,0.17524797978649231
172493,2,34900,346,2,Equilibrado,0.13765816977155165
173412,2,34900,47,2,Equilibrado,0.11352125354622142
177492,2,34900,578,0,Adiantado,0.03841541751475231
184720,2,34900,167,0,Adiantado,0.258012059665591
185994,2,34900,505,0,Adiantado,0.22507284618579856
194163,2,34900,416,2,Equilibrado,0.44219223021751164
195246,2,34900,208,2,Equilibrado,0.2692301327953177
195552,2,34900,587,0,Adiantado,0.012210015023232448
197536,2,34900,376,1,Tardio,0.4884590383564046
199009,2,34900,196,2,Equilibrado,0.3972324177893525
204117,2,34900,351,1,Tardio,0.13159674185719958
226955,2,34900,81,1,Tardio,0.09553504967171952
228633,2,34900,518,2,Equilibrado,0.2586821759644232
229498,2,34900,722,2,Equilibrado,0.06602618987473761
232173,2,34900,437,2,Equilibrado,0.38212635486097707
234661,2,34900,644,2,Equilibrado,0.31856194329412185
235768,2,34900,508,2,Equilibrado,0.3609275170613347
235971,2,34900,653,2,Equilibrado,0.1355577358110843
236090,2,34900,587,2,Equilibrado,0.17831618317764414
237891,2,34900,283,2,Equilibrado,0.3880555016061328
249357,2,34900,678,0,Adiantado,-0.0073154395035460425
251166,2,34900,746,2,Equilibrado,0.4321150066689257
253633,2,34900,453,2,Equilibrado,0.45020279293511234
253763,2,34900,957,2,Equilibrado,0.3757258946878609
258245,2,34900,380,2,Equilibrado,0.29312806827752536
258509,2,34900,459,1,Tardio,0.18660438496863357
258978,2,34900,277,2,Equilibrado,0.4134273794737952
261863,2,34900,191,1,Tardio,0.32863922287786723
262025,2,34900,230,2,Equilibrado,0.03781875070962317
262394,2,34900,117,1,Tardio,0.43670304715516767
263862,2,34900,247,2,Equilibrado,0.4140201552914131
265497,2,34900,151,0,Adiantado,0.06276211291719773
269584,2,34900,252,1,Tardio,-0.02831647283414272
270421,2,34900,116,1,Tardio,0.5099204688911143
276337,2,34900,33,2,Equilibrado,0.1616575450881404
277384,2,34900,590,2,Equilibrado,0.3112995008186228
278380,2,34900,372,2,Equilibrado,0.09335495330414406
279440,2,34900,232,2,Equilibrado,0.3307990248289106
279653,2,34900,499,2,Equilibrado,0.2750250895558862
281134,2,34900,542,2,Equilibrado,0.3738348413969132
282849,2,34900,734,2,Equilibrado,0.11686414289086025
283402,2,34900,631,1,Tardio,-0.01527994016140141
286778,2,34900,583,2,Equilibrado,0.23315634525209167
287079,2,34900,787,2,Equilibrado,0.44650925940142017
287258,2,34900,392,0,Adiantado,0.254368245029549
289247,2,34900,471,2,Equilibrado,0.42701213359921797
294112,2,34900,550,2,Equilibrado,0.15218072033864286
294219,2,34900,516,0,Adiantado,0.1380806193500769
294920,2,34900,898,2,Equilibrado,0.3481091393134669
294929,2,34900,739,0,Adiantado,0.00996805400337624
295893,2,34900,79,1,Tardio,0.2012424324158851
297218,2,34900,87,2,Equilibrado,0.18521211403494872
297341,2,34900,427,2,Equilibrado,0.44703460897644154
301074,2,34900,235,2,Equilibrado,0.22013363133527222
301561,2,34900,42,1,Tardio,0.503231918565191
305064,2,34900,565,0,Adiantado,-0.02036109825262563
305659,2,34900,193,1,Tardio,0.11381564619358268
310205,2,34900,462,2,Equilibrado,0.11119751729398944
312126,2,34900,216,0,Adiantado,0.2986476737778104
312231,2,34900,102,1,Tardio,0.07726871722235323
312960,2,34900,52,2,Equilibrado,0.38905311257757325
315795,2,34900,55,0,Adiantado,0.23977880254516917
316082,2,34900,413,0,Adiantado,0.10808806049586389
318139,2,34900,86,2,Equilibrado,0.38108057775790666
318147,2,34900,412,2,Equilibrado,0.3532798492391135
319073,2,34900,379,2,Equilibrado,0.3836429478223558
320133,2,34900,791,2,Equilibrado,0.1093953102201519
320612,2,34900,727,2,Equilibrado,0.30776744257242833
322499,2,34900,375,2,Equilibrado,0.2807232981404941
328797,2,34900,407,1,Tardio,0.365993860597039
329895,2,34900,68,1,Tardio,0.5135130256189017
331789,2,34900,457,2,Equilibrado,0.11097421773763494
333993,2,34900,635,2,Equilibrado,0.20624122465185568
334224,2,34900,32,0,Adiantado,0.3603768394076335
335095,2,34900,464,2,Equilibrado,0.28950632472727883
337000,2,34900,300,2,Equilibrado,0.2523490079476883
338689,2,34900,129,1,Tardio,0.49095362427729244
339519,2,34900,520,2,Equilibrado,0.2135626190073096
341457,2,34900,403,1,Tardio,0.018625043548328286
341629,2,34900,137,2,Equilibrado,0.26408578852385234
345271,2,34900,1678,2,Equilibrado,0.33737878104436686
347197,2,34900,354,2,Equilibrado,0.382667580741587
348108,2,34900,102,1,Tardio,0.5468994172614728
348324,2,34900,94,0,Adiantado,0.24468372670296126
349515,2,34900,500,0,Adiantado,0.01870934870556573
351147,2,34900,274,0,Adiantado,0.05452493304230946
354698,2,34900,174,2,Equilibrado,0.23256036563019508
355293,2,34900,5,0,Adiantado,0.2833190902479325
364066,2,34900,1185,2,Equilibrado,0.31595540023492386
366140,2,34900,538,2,Equilibrado,0.17616517884703886
367151,2,34900,519,0,Adiantado,0.13475842228854532
369242,2,34900,216,2,Equilibrado,0.2681640182278208
369450,2,34900,707,2,Equilibrado,0.3159444065165692
369644,2,34900,249,1,Tardio,0.1848099414448736
370735,2,34900,385,0,Adiantado,0.04627857411568721
372345,2,34900,432,0,Adiantado,0.29118897993002035
372509,2,34900,153,2,Equilibrado,0.41932007743783967
372511,2,34900,117,1,Tardio,0.4966762476145015
374353,2,34900,168,0,Adiantado,0.2951125970082479
378705,2,34900,247,2,Equilibrado,0.38707135899849243
378946,2,34900,861,2,Equilibrado,0.3967299194385715
379278,2,34900,1348,2,Equilibrado,0.3077097329574832
379311,2,34900,89,2,Equilibrado,0.08584482311937063
381257,2,34900,546,0,Adiantado,-0.012169821353711103
381414,2,34900,60,0,Adiantado,0.26368227270649836
381428,2,34900,216,2,Equilibrado,0.41687723091982054
383445,2,34900,121,2,Equilibrado,0.1822024384351443
383602,2,34900,735,1,Tardio,0.5323029613559435
383629,2,34900,174,2,Equilibrado,0.39664225362075645
384107,2,34900,377,2,Equilibrado,0.4331550175453012
386389,2,34900,389,2,Equilibrado,0.3582037179172709
386956,2,34900,248,1,Tardio,0.5443061111218221
389853,2,34900,68,2,Equilibrado,0.07209127092550144
390070,2,34900,105,1,Tardio,0.5029187371773659
393141,2,34900,27,1,Tardio,0.11790949936766608
395758,2,34900,108,1,Tardio,0.4372453680732247
396683,2,34900,211,0,Adiantado,0.13387229908332765
396834,2,34900,222,2,Equilibrado,0.352968099426484
396907,2,34900,544,2,Equilibrado,0.17525520122588664
397219,2,34900,925,2,Equilibrado,0.39991306150853856
397292,2,34900,220,1,Tardio,0.35252013387020487
397671,2,34900,381,0,Adiantado,-0.004456448469974731
398550,2,34900,409,2,Equilibrado,0.3566128711958015
398630,2,34900,205,2,Equilibrado,0.11926317754955752
399429,2,34900,721,2,Equilibrado,0.20521340142548058
402695,2,34900,339,0,Adiantado,0.15835788452875052
405193,2,34900,757,2,Equilibrado,0.23953224089111733
407232,2,34900,897,2,Equilibrado,0.4078878349909768
408499,2,34900,580,0,Adiantado,0.04643862920490393
410407,2,34900,1233,2,Equilibrado,0.3203990301353981
410883,2,34900,247,1,Tardio,0.4659848866050842
411304,2,34900,249,2,Equilibrado,0.37760979037439274
412353,2,34900,1483,2,Equilibrado,0.24352806203704178
413180,2,34900,130,2,Equilibrado,0.2162915347697488
413709,2,34900,172,1,Tardio,0.06663100586516417
413949,2,34900,530,0,Adiantado,0.162965500417635
416199,2,34900,736,2,Equilibrado,0.2360063772939171
416407,2,34900,391,0,Adiantado,0.18814827947887264
418201,2,34900,407,0,Adiantado,0.37174711538902017
419059,2,34900,319,2,Equilibrado,0.26724948882017113
419081,2,34900,317,2,Equilibrado,0.3829154438333288
421070,2,34900,226,0,Adiantado,0.25932607167462296
423210,2,34900,74,1,Tardio,0.44255003298696644
423488,2,34900,311,1,Tardio,0.5112829947459315
423781,2,34900,325,2,Equilibrado,0.30340914700549293
427256,2,34900,422,2,Equilibrado,0.22842061292388458
429832,2,34900,42,2,Equilibrado,0.4084712708998434
431139,2,34900,266,2,Equilibrado,0.24243723383469573
434476,2,34900,1947,0,Adiantado,0.05433836564322673
438063,2,34900,44,2,Equilibrado,0.365085574324681
438644,2,34900,13,0,Adiantado,0.22699016347934797
439950,2,34900,178,1,Tardio,0.4370043803077159
439995,2,34900,293,0,Adiantado,-0.02735023928503658
440818,2,34900,1143,2,Equilibrado,0.32414718390486996
441165,2,34900,324,2,Equilibrado,0.27897754310015704
441421,2,34900,116,0,Adiantado,0.07692472952543951
442563,2,34900,338,2,Equilibrado,0.40485758131076466
442802,2,34900,921,2,Equilibrado,0.34282643217797854
443151,2,34900,252,2,Equilibrado,0.3173485839978122
443514,2,34900,416,2,Equilibrado,0.4019369470853636
443696,2,34900,213,1,Tardio,-0.030829857235882857
444011,2,34900,338,2,Equilibrado,0.21197978734742917
444619,2,34900,78,1,Tardio,0.4109026255637056
444907,2,34900,268,1,Tardio,0.3329511019605344
445686,2,34900,104,2,Equilibrado,0.3836489511608412
465078,2,34900,465,0,Adiantado,0.07942185786030562
465121,2,34900,150,1,Tardio,0.2573954566369444
465294,2,34900,619,2,Equilibrado,0.18190381350767235
466120,2,34900,342,2,Equilibrado,0.2353571571795911
466807,2,34900,35,1,Tardio,0.4884590383564046
466987,2,34900,393,2,Equilibrado,0.44576142579599226
467363,2,34900,54,2,Equilibrado,0.41858802961849134
469499,2,34900,673,2,Equilibrado,0.38135581562497917
471284,2,34900,38,2,Equilibrado,0.3754435468808714
474667,2,34900,403,2,Equilibrado,0.38731889505228245
475015,2,34900,500,2,Equilibrado,0.1613664092504507
476401,2,34900,1659,2,Equilibrado,0.25791686708733735
476629,2,34900,392,2,Equilibrado,0.3506692800386438
477833,2,34900,446,2,Equilibrado,0.3539173436206099
479939,2,34900,749,2,Equilibrado,0.4478107103916686
480303,2,34900,316,0,Adiantado,0.357933950163502
481717,2,34900,752,0,Adiantado,-0.033097308941284286
482644,2,34900,320,1,Tardio,-0.022340217601648626
483037,2,34900,664,2,Equilibrado,0.41149665437743826
483656,2,34900,147,2,Equilibrado,0.2158702375830772
484010,2,34900,399,2,Equilibrado,0.23170021523183043
484594,2,34900,1606,2,Equilibrado,0.2929927799135971
485228,2,34900,477,0,Adiantado,0.14103314403295458
486087,2,34900,271,2,Equilibrado,0.44435085037326494
486964,2,34900,119,2,Equilibrado,0.31929408862859293
488525,2,34900,129,2,Equilibrado,0.338111337635658
489553,2,34900,140,2,Equilibrado,0.035198642346252106
491126,2,34900,422,0,Adiantado,0.18261153614598397
491863,2,34900,139,0,Adiantado,0.013209181102435309
492024,2,34900,134,0,Adiantado,0.09858619378220204
492557,2,34900,15,0,Adiantado,0.12217895256963293
493793,2,34900,171,2,Equilibrado,0.4297991446459452
494046,2,34900,418,2,Equilibrado,0.4257297305219265
494184,2,34900,319,2,Equilibrado,0.3448284607131723
496493,2,34900,42,2,Equilibrado,0.03149073373071268
497415,2,34900,806,2,Equilibrado,0.32350923603488596
498442,2,34900,669,0,Adiantado,-0.032807815415870085
499244,2,34900,134,0,Adiantado,0.245613944900076
499404,2,34900,500,2,Equilibrado,0.36331456817431773
500068,2,34900,812,2,Equilibrado,0.45088641194441104
500618,2,34900,126,2,Equilibrado,0.3361377890845873
501444,2,34900,314,1,Tardio,0.2367547147663093
501897,2,34900,383,2,Equilibrado,0.17562358639141162
502011,2,34900,425,2,Equilibrado,0.28081588083403813
504270,2,34900,69,2,Equilibrado,0.13452913025195998
505773,2,34900,377,2,Equilibrado,0.43466756493092407
506705,2,34900,220,2,Equilibrado,0.38415938285624485
507743,2,34900,734,2,Equilibrado,0.35985249073198994
507935,2,34900,969,2,Equilibrado,0.3049998084119568
508626,2,34900,1207,2,Equilibrado,0.33394746845091583
509536,2,34900,682,2,Equilibrado,0.15082923889415342
511309,2,34900,213,2,Equilibrado,0.4347841447733829
511350,2,34900,42,1,Tardio,0.4405950460431745
511981,2,34900,217,1,Tardio,-0.01671815512022072
513272,2,34900,62,1,Tardio,0.5017914409082327
513422,2,34900,164,2,Equilibrado,0.13357125638838707
513428,2,34900,105,2,Equilibrado,0.2787309953708415
514078,2,34900,415,2,Equilibrado,0.3409409058110347
514556,2,34900,208,2,Equilibrado,0.2589272663551527
516602,2,34900,114,2,Equilibrado,0.15955796322210672
517551,2,34900,260,2,Equilibrado,0.41319912873628745
519115,2,34900,88,2,Equilibrado,0.2417247047453024
521115,2,34900,405,2,Equilibrado,0.2313783033140817
521153,2,34900,66,1,Tardio,0.50968937432717
522082,2,34900,319,2,Equilibrado,0.061412802871638715
523017,2,34900,300,2,Equilibrado,0.30287324127174103
523249,2,34900,225,1,Tardio,0.5156464754445197
524827,2,34900,166,2,Equilibrado,0.4439842214413771
526721,2,34900,814,2,Equilibrado,0.3722422381239369
526819,2,34900,178,2,Equilibrado,0.03989613724076966
529693,2,34900,139,1,Tardio,0.5149285652653428
529991,2,34900,252,2,Equilibrado,0.21268169962931324
530148,2,34900,226,2,Equilibrado,0.22448742281786802
531018,2,34900,519,2,Equilibrado,0.42256520290405325
531871,2,34900,410,2,Equilibrado,0.21523747645295885
532254,2,34900,466,2,Equilibrado,0.35969866305882703
533418,2,34900,403,0,Adiantado,0.08985681824230692
534112,2,34900,347,2,Equilibrado,0.2641292021313374
534457,2,34900,271,2,Equilibrado,0.4217447690907965
535671,2,34900,99,2,Equilibrado,0.2773961104225613
536351,2,34900,609,2,Equilibrado,0.18569957317923524
536475,2,34900,126,1,Tardio,0.2261543067037897
536963,2,34900,266,2,Equilibrado,0.2707203133379402
537322,2,34900,342,2,Equilibrado,0.04487021084232663
537606,2,34900,373,2,Equilibrado,0.17106649879593414
537811,2,34900,2087,2,Equilibrado,0.3785259295960363
539308,2,34900,283,2,Equilibrado,0.26508540862150265
539945,2,34900,471,1,Tardio,0.2541653773178604
540723,2,34900,1089,2,Equilibrado,0.3366998039400902
541532,2,34900,419,0,Adiantado,0.055184733364345546
541921,2,34900,1011,2,Equilibrado,0.08857189725376563
542202,2,34900,565,0,Adiantado,0.1573356581665389
542550,2,34900,21,0,Adiantado,0.21896521636548721
543010,2,34900,430,0,Adiantado,0.005559834647520291
543432,2,34900,419,0,Adiantado,0.2156707454934349
544141,2,34900,219,0,Adiantado,0.3517250703371013
544745,2,34900,219,0,Adiantado,0.07436766377746747
545164,2,34900,489,2,Equilibrado,0.4197754045408953
545962,2,34900,758,0,Adiantado,-0.028593514201470188
546547,2,34900,977,2,Equilibrado,0.27946278029822597
546645,2,34900,630,2,Equilibrado,0.29960173228636156
547347,2,34900,43,2,Equilibrado,0.09450374013217686
549219,2,34900,435,1,Tardio,0.11253926433722138
549321,2,34900,526,0,Adiantado,0.13403646085695925
549523,2,34900,900,2,Equilibrado,0.3131821621700067
549847,2,34900,554,2,Equilibrado,0.34568432351937445
550420,2,34900,492,2,Equilibrado,0.28881190661918127
550703,2,34900,385,2,Equilibrado,0.2853733109652239
552173,2,34900,1157,2,Equilibrado,0.13225525430655583
553031,2,34900,591,0,Adiantado,0.06211741547918733
553284,2,34900,764,0,Adiantado,-0.0542356913147492
553813,2,34900,153,1,Tardio,0.22952550185916157
554063,2,34900,724,2,Equilibrado,0.30716533417552716
554525,2,34900,476,0,Adiantado,0.07805668564164232
555049,2,34900,472,0,Adiantado,-0.003241077591819482
555827,2,34900,38,2,Equilibrado,0.30015689058488754
557085,2,34900,972,2,Equilibrado,0.412853930180955
557290,2,34900,321,0,Adiantado,0.08486652884889201
558044,2,34900,408,0,Adiantado,0.22366368537503722
558342,2,34900,102,1,Tardio,0.25716630679219366
558764,2,34900,528,0,Adiantado,0.38057595784423454
560047,2,34900,370,0,Adiantado,0.3789631929682265
560459,2,34900,219,2,Equilibrado,0.15586307839795122
560645,2,34900,519,2,Equilibrado,0.3816073149147439
561231,2,34900,654,0,Adiantado,0.2370721048519865
562754,2,34900,528,2,Equilibrado,0.08683054453837329
562990,2,34900,201,2,Equilibrado,0.027896670178009925
563108,2,34900,135,1,Tardio,0.38524428187011406
563414,2,34900,779,2,Equilibrado,0.07972672571833099
564243,2,34900,691,2,Equilibrado,0.37985105050694273
564617,2,34900,1034,2,Equilibrado,0.10758431479280844
564933,2,34900,195,0,Adiantado,0.3826360016166345
565017,2,34900,607,0,Adiantado,-0.010737441588042181
566823,2,34900,177,1,Tardio,0.4716111852671734
568987,2,34900,85,1,Tardio,0.39704997161627537
568998,2,34900,166,1,Tardio,0.5019760142820576
569034,2,34900,1536,2,Equilibrado,0.2993979005574584
569080,2,34900,507,2,Equilibrado,0.21649643319097447
569108,2,34900,351,2,Equilibrado,0.3383235105919529
569876,2,34900,984,2,Equilibrado,0.4459859212706368
570004,2,34900,42,0,Adiantado,0.3476434195285121
570213,2,34900,703,2,Equilibrado,0.43659176056001886
570689,2,34900,55,1,Tardio,0.5091676100248741
571074,2,34900,528,2,Equilibrado,0.3419321869360209
572074,2,34900,1334,1,Tardio,0.5251397775231155
572213,2,34900,172,0,Adiantado,0.303124853199362
572265,2,34900,70,1,Tardio,0.00452854187117601
573583,2,34900,131,1,Tardio,0.429736049813874
573697,2,34900,50,2,Equilibrado,0.2129988638236356
574527,2,34900,554,2,Equilibrado,0.38460131443375056
575069,2,34900,278,2,Equilibrado,0.39912161655707135
575112,2,34900,174,0,Adiantado,0.14454659799847192
575302,2,34900,663,2,Equilibrado,0.2466762194982619
575685,2,34900,167,2,Equilibrado,0.029763213915619223
577032,2,34900,263,2,Equilibrado,0.13784447261307678
577429,2,34900,445,0,Adiantado,0.2104778964658808
578152,2,34900,167,2,Equilibrado,0.1178947071480272
578847,2,34900,821,0,Adiantado,0.34956426914464095
579221,2,34900,413,2,Equilibrado,0.44969758528993653
579660,2,34900,267,0,Adiantado,0.3925916261819697
579686,2,34900,142,1,Tardio,0.3523330966743577
580459,2,34900,314,2,Equilibrado,0.35824875921244237
580834,2,34900,1175,0,Adiantado,-0.036608642183171336
580845,2,34900,181,2,Equilibrado,0.2044894163541511
580926,2,34900,46,2,Equilibrado,0.08342579386964384
581253,2,34900,476,2,Equilibrado,0.3844177084393553
581659,2,34900,946,2,Equilibrado,0.21696977913483922
581779,2,34900,351,2,Equilibrado,0.394899949298766
582034,2,34900,446,2,Equilibrado,0.09865283267062236
582117,2,34900,280,2,Equilibrado,0.4277400729015862
582266,2,34900,328,1,Tardio,0.019880984592958662
582332,2,34900,311,2,Equilibrado,0.297775909455724
582530,2,34900,119,1,Tardio,0.21001546897049592
582653,2,34900,119,2,Equilibrado,0.15194389518691478
582670,2,34900,222,2,Equilibrado,0.27531155693502124
583056,2,34900,20,0,Adiantado,0.25815915856985105
583318,2,34900,109,1,Tardio,0.5046124438689868
583487,2,34900,3774,2,Equilibrado,0.3359223865803427
584515,2,34900,543,2,Equilibrado,0.425763417831523
584673,2,34900,272,2,Equilibrado,0.41240461495034664
585224,2,34900,440,2,Equilibrado,0.30528728163635604
585261,2,34900,1123,2,Equilibrado,0.25144091683360176
585284,2,34900,143,2,Equilibrado,0.2782524461839748
585503,2,34900,805,2,Equilibrado,0.4278648681512833
585572,2,34900,837,2,Equilibrado,0.21826120803474314
585825,2,34900,401,2,Equilibrado,0.245363037962669
585958,2,34900,99,2,Equilibrado,0.11143522952472845
586906,2,34900,455,2,Equilibrado,0.2767880869356842
587571,2,34900,1232,2,Equilibrado,0.18182544866284042
587654,2,34900,398,0,Adiantado,0.15000775414793854
587706,2,34900,156,1,Tardio,0.3886901749488314
588128,2,34900,153,2,Equilibrado,0.4342031835568232
588628,2,34900,918,2,Equilibrado,0.32739028338005655
589080,2,34900,1182,2,Equilibrado,0.1299359127529365
589162,2,34900,574,2,Equilibrado,0.3966540441989536
589332,2,34900,939,2,Equilibrado,0.1780502817345334
589389,2,34900,42,0,Adiantado,0.15113844047375674
589441,2,34900,99,1,Tardio,0.4276149059262114
589828,2,34900,40,1,Tardio,0.35212308348042953
590120,2,34900,525,2,Equilibrado,0.2813924052576738
591525,2,34900,151,2,Equilibrado,0.39627856413841717
591581,2,34900,227,2,Equilibrado,0.3694716859552494
591746,2,34900,235,2,Equilibrado,0.3424375726701001
591946,2,34900,318,2,Equilibrado,0.38357436770235015
592218,2,34900,338,2,Equilibrado,0.32944918009423857
592295,2,34900,157,0,Adiantado,-0.020045487833941448
592558,2,34900,605,2,Equilibrado,0.2753789728979605
592939,2,34900,144,0,Adiantado,0.05130886227408457
593136,2,34900,693,2,Equilibrado,0.3816413225359074
593563,2,34900,518,2,Equilibrado,0.1856298175300025
593722,2,34900,528,2,Equilibrado,0.38367690096828794
593796,2,34900,1349,2,Equilibrado,0.36491981012240254
594065,2,34900,399,2,Equilibrado,0.26382485932258337
594122,2,34900,470,2,Equilibrado,0.4207318376977095
594229,2,34900,457,2,Equilibrado,0.3271658900245895
594258,2,34900,38,2,Equilibrado,0.11488959888092463
594406,2,34900,476,2,Equilibrado,0.4023692289282239
594615,2,34900,110,1,Tardio,0.46049574740910887
594636,2,34900,562,2,Equilibrado,0.22007492233476902
595262,2,34900,247,2,Equilibrado,0.44194926500981535
595721,2,34900,249,2,Equilibrado,0.3860815319140365
595943,2,34900,513,2,Equilibrado,0.32106732466736015
596243,2,34900,73,2,Equilibrado,0.14417252648526094
596253,2,34900,634,2,Equilibrado,0.42868797917164364
596758,2,34900,199,2,Equilibrado,0.4397523479456295
596805,2,34900,97,0,Adiantado,0.20499366827808582
597740,2,34900,393,2,Equilibrado,0.4515647964971654
597937,2,34900,539,2,Equilibrado,0.33319548613034183
598308,2,34900,275,2,Equilibrado,0.2598425195041565
598540,2,34900,868,2,Equilibrado,0.21417892162638164
598559,2,34900,521,2,Equilibrado,0.4000595593303052
599297,2,34900,14,0,Adiantado,0.2561697569602275
600071,2,34900,539,2,Equilibrado,0.4281644919869535
600405,2,34900,441,2,Equilibrado,0.3311899063109987
600615,2,34900,7,0,Adiantado,0.21896521636548721
600773,2,34900,876,2,Equilibrado,0.11608117992062492
601008,2,34900,183,1,Tardio,0.5241569635598851
601235,2,34900,421,2,Equilibrado,0.07837644476955871
601271,2,34900,332,2,Equilibrado,0.11974542620911414
601680,2,34900,336,2,Equilibrado,0.17596529537884947
601820,2,34900,112,1,Tardio,0.39164271272654233
602594,2,34900,275,2,Equilibrado,0.42528107331449144
603648,2,34900,509,2,Equilibrado,0.11755990147311558
603931,2,34900,9,2,Equilibrado,0.21599069431835535
604567,2,34900,207,0,Adiantado,0.10535412770012748
604614,2,34900,205,1,Tardio,-0.01620071074840568
605180,2,34900,184,2,Equilibrado,0.24096264321236
605394,2,34900,144,1,Tardio,0.417087560931396
605682,2,34900,241,2,Equilibrado,0.3864094108454907
606257,2,34900,529,2,Equilibrado,0.4159542467897224
606428,2,34900,125,2,Equilibrado,0.25435430495526473
606805,2,34900,237,1,Tardio,0.4554538397745974
606904,2,34900,69,1,Tardio,0.535750102370411
607243,2,34900,1074,2,Equilibrado,0.3972519472223768
607303,2,34900,409,0,Adiantado,-0.023385731827856807
607501,2,34900,1068,2,Equilibrado,0.42627565792446603
607679,2,34900,564,2,Equilibrado,0.13542062943763494
607700,2,34900,189,0,Adiantado,-0.03700679440995461
609142,2,34900,907,2,Equilibrado,0.17474238747693316
609240,2,34900,461,2,Equilibrado,0.14854975346439278
611603,2,34900,141,0,Adiantado,0.30484881053654256
612842,2,34900,174,1,Tardio,0.5154508002512042
613165,2,34900,283,2,Equilibrado,0.2642174655399521
613330,2,34900,566,0,Adiantado,0.1612589131497778
613634,2,34900,536,0,Adiantado,0.11742729866559372
613899,2,34900,1327,2,Equilibrado,0.41525818503821876
613966,2,34900,677,2,Equilibrado,0.3370946681532478
614059,2,34900,344,2,Equilibrado,0.17591157569528781
614984,2,34900,309,0,Adiantado,0.08787777036125619
615266,2,34900,801,2,Equilibrado,0.12548600608435873
615299,2,34900,978,2,Equilibrado,0.25577240883396846
615301,2,34900,970,2,Equilibrado,0.10864233490352682
615302,2,34900,626,2,Equilibrado,0.35634318074051785
615306,2,34900,444,2,Equilibrado,0.26248656138790794
615328,2,34900,310,1,Tardio,0.22318778950763374
615340,2,34900,27,1,Tardio,0.43224742151028644
615342,2,34900,49,2,Equilibrado,0.4043950472490383
615356,2,34900,301,2,Equilibrado,0.3908124576253375
616517,2,34900,644,2,Equilibrado,0.2854155674140684
616912,2,34900,336,2,Equilibrado,0.3075732288651454
617010,2,34900,475,2,Equilibrado,0.33328928359861015
617119,2,34900,603,2,Equilibrado,0.4134712824331194
617150,2,34900,549,2,Equilibrado,0.1256557743700582
617436,2,34900,481,2,Equilibrado,0.15840880495650977
617580,2,34900,1604,2,Equilibrado,0.34041274854136666
617783,2,34900,194,2,Equilibrado,0.11868296358321741
617922,2,34900,574,2,Equilibrado,0.17668164266811462
618663,2,34900,118,2,Equilibrado,0.23578014618903764
619204,2,34900,160,2,Equilibrado,0.13321442187181262
619292,2,34900,737,2,Equilibrado,0.34438744800453436
619321,2,34900,676,2,Equilibrado,0.19987549109585437
619502,2,34900,250,1,Tardio,0.31134656452058695
620094,2,34900,1455,2,Equilibrado,0.17044839072592122
620112,2,34900,165,1,Tardio,0.01267172483999986
620269,2,34900,247,2,Equilibrado,0.35955287528478397
620349,2,34900,557,2,Equilibrado,0.4371224327575362
620431,2,34900,961,0,Adiantado,0.09387337105890145
620740,2,34900,156,1,Tardio,0.34344308790564976
620750,2,34900,344,2,Equilibrado,0.2951437017766907
620810,2,34900,207,1,Tardio,0.43194102141771606
622275,2,34900,609,2,Equilibrado,0.3507586229796388
622481,2,34900,498,2,Equilibrado,0.3936136087124891
622760,2,34900,372,1,Tardio,0.18431764789241245
622934,2,34900,531,1,Tardio,0.22999406765156769
622967,2,34900,204,2,Equilibrado,0.15652846687318994
623166,2,34900,583,0,Adiantado,0.10877414930849887
623230,2,34900,433,0,Adiantado,0.04609357377759094
623471,2,34900,534,2,Equilibrado,0.34820878508231706
623589,2,34900,358,2,Equilibrado,0.2404868827204205
623765,2,34900,548,2,Equilibrado,0.4140671287876778
624282,2,34900,490,2,Equilibrado,0.3005901579009387
624864,2,34900,428,2,Equilibrado,0.314447216497212
624970,2,34900,553,2,Equilibrado,0.20525875466376167
625245,2,34900,498,2,Equilibrado,0.27737048498339734
625330,2,34900,284,0,Adiantado,0.193030028409943
625515,2,34900,326,2,Equilibrado,0.38474296991914697
625609,2,34900,161,2,Equilibrado,0.05368703851477845
625743,2,34900,505,0,Adiantado,-0.0020444778635432858
625802,2,34900,575,1,Tardio,-0.027556345444556315
625838,2,34900,687,2,Equilibrado,0.11247543811216619
626033,2,34900,1432,2,Equilibrado,0.15404576189172872
626416,2,34900,433,2,Equilibrado,0.39632755905264433
626454,2,34900,427,2,Equilibrado,0.16047755493203691
626477,2,34900,205,0,Adiantado,0.2784150533396175
626514,2,34900,1159,2,Equilibrado,0.20541258315004754
626539,2,34900,58,2,Equilibrado,0.17555969566609522
626552,2,34900,279,2,Equilibrado,0.1898182707531583
626579,2,34900,101,1,Tardio,0.47225731301753365
627365,2,34900,669,0,Adiantado,0.026579600384853585
627829,2,34900,488,2,Equilibrado,0.4281672510048849
628149,2,34900,929,2,Equilibrado,0.3175382309797939
628157,2,34900,75,1,Tardio,0.5317638588902499
628308,2,34900,158,0,Adiantado,0.04974569575779571
628383,2,34900,354,2,Equilibrado,0.3991993369002235
628521,2,34900,275,2,Equilibrado,0.39945076284555353
628888,2,34900,337,0,Adiantado,0.18073281783427472
628964,2,34900,611,2,Equilibrado,0.29244694834903046
629029,2,34900,351,2,Equilibrado,0.4279121148715388
629182,2,34900,20,0,Adiantado,0.02400053754491602
629491,2,34900,564,2,Equilibrado,0.4299743970258267
629522,2,34900,487,0,Adiantado,0.20635797138942025
629594,2,34900,79,2,Equilibrado,0.060998252942781744
629818,2,34900,397,0,Adiantado,-0.0011876210174880557
629922,2,34900,739,1,Tardio,0.3253282137166013
629944,2,34900,315,1,Tardio,0.5311885786274336
630109,2,34900,485,2,Equilibrado,0.20437247344498433
630158,2,34900,502,2,Equilibrado,0.3113402474090158
630745,2,34900,367,2,Equilibrado,0.21302931050838175
630835,2,34900,1411,2,Equilibrado,0.3589437793434059
630905,2,34900,1960,2,Equilibrado,0.31327079662411694
630910,2,34900,429,2,Equilibrado,0.1736093419550877
630992,2,34900,20,0,Adiantado,0.22625629222250604
631524,2,34900,906,0,Adiantado,0.022624492564150042
631658,2,34900,1999,2,Equilibrado,0.4187571800409169
631681,2,34900,158,1,Tardio,-0.014582567037228846
631715,2,34900,219,2,Equilibrado,0.10759310484376411
631740,2,34900,336,2,Equilibrado,0.43035475845342347
631837,2,34900,552,2,Equilibrado,0.445951810258012
631924,2,34900,560,2,Equilibrado,0.4520548162948968
632074,2,34900,401,2,Equilibrado,0.41076453947741404
632179,2,34900,45,1,Tardio,0.4965086102806707
632290,2,34900,235,2,Equilibrado,0.16241631827459752
632458,2,34900,689,0,Adiantado,0.10551829844259539
632556,2,34900,164,1,Tardio,0.38525098291952964
632597,2,34900,24,1,Tardio,0.4884590383564046
632826,2,34900,378,1,Tardio,0.15308437153689192
632836,2,34900,519,2,Equilibrado,0.3562012282712126
633079,2,34900,317,2,Equilibrado,0.08632587687609605
633516,2,34900,141,2,Equilibrado,0.4445077118581029
633555,2,34900,599,2,Equilibrado,0.3949740112592053
633568,2,34900,500,2,Equilibrado,0.2764681952473557
633628,2,34900,106,2,Equilibrado,0.3434442411739985
633867,2,34900,499,2,Equilibrado,0.08428203535307281
633931,2,34900,918,2,Equilibrado,0.11797455587331826
634088,2,34900,287,2,Equilibrado,0.27826021198645545
634114,2,34900,6,2,Equilibrado,0.40562126877878774
634512,2,34900,340,2,Equilibrado,0.20047921983471945
634526,2,34900,608,2,Equilibrado,0.12261497668871732
634601,2,34900,205,2,Equilibrado,0.1316868334827584
634749,2,34900,1723,2,Equilibrado,0.39279638892958274
635184,2,34900,246,0,Adiantado,0.19475466424216192
635751,2,34900,127,2,Equilibrado,0.21187836629971393
635795,2,34900,827,2,Equilibrado,0.4370060742078162
635903,2,34900,241,2,Equilibrado,0.12386249509673905
635985,2,34900,81,1,Tardio,0.16074607497432203
636314,2,34900,836,2,Equilibrado,0.4466811350617979
636375,2,34900,331,0,Adiantado,0.15857035767970645
636400,2,34900,282,2,Equilibrado,0.3814840173748202
636408,2,34900,139,1,Tardio,0.2549811792709608
636469,2,34900,267,2,Equilibrado,0.06663115186119523
636547,2,34900,11,0,Adiantado,0.22546289026890437
636565,2,34900,65,1,Tardio,0.470543661905908
636656,2,34900,388,2,Equilibrado,0.2156575946798259
636704,2,34900,153,2,Equilibrado,0.07854229026199382
636783,2,34900,752,2,Equilibrado,0.43071829473678297
636830,2,34900,929,2,Equilibrado,0.4244560268862202
636832,2,34900,669,2,Equilibrado,0.0664887426558806
637004,2,34900,596,2,Equilibrado,0.04965956232613885
637358,2,34900,388,2,Equilibrado,0.3200279271159118
637563,2,34900,346,1,Tardio,0.3134471676529456
637582,2,34900,269,2,Equilibrado,0.22737489481003373
637708,2,34900,406,2,Equilibrado,0.43612113417853754
637788,2,34900,40,1,Tardio,0.4851811853610709
637906,2,34900,403,0,Adiantado,0.008766306694671279
637939,2,34900,153,1,Tardio,0.5301854522782592
637980,2,34900,293,0,Adiantado,0.05052553955489476
638034,2,34900,605,2,Equilibrado,0.036177965226068365
638388,2,34900,179,2,Equilibrado,0.28115119171840136
638411,2,34900,1738,2,Equilibrado,0.315611435617853
638498,2,34900,362,2,Equilibrado,0.3357223846938552
638515,2,34900,230,2,Equilibrado,0.11182102681656589
638625,2,34900,684,2,Equilibrado,0.22904024109346563
638655,2,34900,436,2,Equilibrado,0.30894046210001447
638677,2,34900,365,2,Equilibrado,0.37514890830343856
639028,2,34900,393,2,Equilibrado,0.2979698247334022
639231,2,34900,175,2,Equilibrado,0.28569217537532654
639234,2,34900,436,0,Adiantado,0.27504609504983474
639238,2,34900,399,2,Equilibrado,0.0933862190852617
639522,2,34900,239,1,Tardio,0.30077208348651696
640098,2,34900,440,2,Equilibrado,0.26984829360625445
640278,2,34900,1735,2,Equilibrado,0.3568127250033896
640329,2,34900,429,0,Adiantado,-0.03416877040314159
640429,2,34900,911,2,Equilibrado,0.3129608277489639
640584,2,34900,86,1,Tardio,0.3584080038443566
640711,2,34900,248,2,Equilibrado,0.400446527572019
640752,2,34900,768,0,Adiantado,0.3335969400516515
640848,2,34900,74,1,Tardio,-0.0494822594272527
640892,2,34900,279,2,Equilibrado,0.39611732686368833
640913,2,34900,90,1,Tardio,0.4330775153419348
640927,2,34900,358,1,Tardio,0.07080470043724035
641085,2,34900,33,1,Tardio,0.3254907780493442
641137,2,34900,194,2,Equilibrado,0.3125577539865099
641309,2,34900,492,0,Adiantado,0.3574334087323414
641311,2,34900,790,2,Equilibrado,0.1804590546380837
641363,2,34900,53,1,Tardio,0.4964442937620557
641401,2,34900,234,1,Tardio,0.11661293620201167
641433,2,34900,193,2,Equilibrado,0.12123242260515632
641461,2,34900,181,2,Equilibrado,0.2824218086710539
641470,2,34900,96,2,Equilibrado,0.17549420285164946
641547,2,34900,60,1,Tardio,0.0035096534018336065
641804,2,34900,81,2,Equilibrado,0.058082174372511786
641864,2,34900,408,2,Equilibrado,0.271100039069091
641914,2,34900,637,2,Equilibrado,0.3330872443824385
642029,2,34900,469,0,Adiantado,0.2579296139610645
642056,2,34900,284,2,Equilibrado,0.338510858439014
642375,2,34900,288,2,Equilibrado,0.055217748009824465
642448,2,34900,583,0,Adiantado,0.24142640023060694
642449,2,34900,190,0,Adiantado,0.32368691831082924
642493,2,34900,663,0,Adiantado,0.207018167054764
642496,2,34900,177,2,Equilibrado,0.2123938301653972
642498,2,34900,412,2,Equilibrado,0.12749060544448287
642551,2,34900,340,2,Equilibrado,0.34476238189554065
642626,2,34900,307,0,Adiantado,0.09460845298819247
642740,2,34900,622,2,Equilibrado,0.2874859319526291
642750,2,34900,667,2,Equilibrado,0.4357441777572219
642790,2,34900,291,2,Equilibrado,0.26791904600715954
642840,2,34900,483,2,Equilibrado,0.4358082266714659
642843,2,34900,906,2,Equilibrado,0.34689788425489204
642872,2,34900,463,0,Adiantado,-0.059616143798044856
642909,2,34900,109,2,Equilibrado,0.363798675252578
643069,2,34900,134,2,Equilibrado,0.055347241736876315
643202,2,34900,249,0,Adiantado,0.08317649717330947
643220,2,34900,178,1,Tardio,0.309453252487946
643273,2,34900,527,2,Equilibrado,0.19073454780922763
643326,2,34900,1361,2,Equilibrado,0.24191724044533675
643372,2,34900,150,2,Equilibrado,0.16449277201474513
643466,2,34900,248,0,Adiantado,0.2351552035076217
643477,2,34900,783,2,Equilibrado,0.28399182661070205
643496,2,34900,1028,2,Equilibrado,0.13850099058876358
643502,2,34900,203,2,Equilibrado,0.1226570057970458
643591,2,34900,973,2,Equilibrado,0.3512758049704741
643653,2,34900,394,2,Equilibrado,0.38098795788497836
643696,2,34900,370,0,Adiantado,0.13176491867983892
643751,2,34900,590,2,Equilibrado,0.4476105243995786
643754,2,34900,658,2,Equilibrado,0.36465674413789934
643757,2,34900,89,0,Adiantado,0.33984970165155576
644025,2,34900,540,2,Equilibrado,0.26219773292653226
644210,2,34900,226,2,Equilibrado,0.37375698652352024
644343,2,34900,198,1,Tardio,0.23882151681341274
644361,2,34900,2152,2,Equilibrado,0.1787412298764254
644369,2,34900,67,0,Adiantado,0.004222498947941967
644450,2,34900,935,2,Equilibrado,0.05860470703807166
644508,2,34900,1901,2,Equilibrado,0.2737320186775557
644761,2,34900,873,2,Equilibrado,0.14708977069097304
644784,2,34900,1086,2,Equilibrado,0.3628105123647256
644791,2,34900,657,2,Equilibrado,0.4545835196594786
644818,2,34900,374,0,Adiantado,0.019741117910250825
644847,2,34900,216,2,Equilibrado,0.06561019332159866
644936,2,34900,71,0,Adiantado,0.3004567380180592
644974,2,34900,826,2,Equilibrado,0.31967011789050287
645003,2,34900,410,2,Equilibrado,0.36961980229322194
645020,2,34900,475,0,Adiantado,-0.004252767033892303
645078,2,34900,395,2,Equilibrado,0.3593341049232153
645145,2,34900,116,0,Adiantado,0.37741943807063216
645405,2,34900,1361,2,Equilibrado,0.40107038446152166
645433,2,34900,143,2,Equilibrado,0.3010838281167322
645496,2,34900,409,2,Equilibrado,0.056511387924642914
645518,2,34900,843,2,Equilibrado,0.13400552448464995
645586,2,34900,277,1,Tardio,0.1428117954195046
645705,2,34900,292,2,Equilibrado,0.34214394196675757
645732,2,34900,156,2,Equilibrado,0.13566900488857309
645784,2,34900,385,2,Equilibrado,0.24754080963660863
645790,2,34900,12,2,Equilibrado,0.21619060098240497
645840,2,34900,788,2,Equilibrado,0.23877569301959528
645880,2,34900,72,1,Tardio,0.21725828311432224
645948,2,34900,656,0,Adiantado,0.014310511670964943
645960,2,34900,232,2,Equilibrado,0.44583098779465125
645997,2,34900,603,2,Equilibrado,0.40169604675484555
646015,2,34900,350,2,Equilibrado,0.39291898431689953
646017,2,34900,1005,2,Equilibrado,0.4042993888124992
646053,2,34900,635,2,Equilibrado,0.3285096227507951
646074,2,34900,825,2,Equilibrado,0.10761734951180259
646085,2,34900,552,2,Equilibrado,0.4593487252135438
646138,2,34900,202,2,Equilibrado,0.3612133434657972
646313,2,34900,516,2,Equilibrado,0.371768490698495
646357,2,34900,758,2,Equilibrado,0.28772082861166737
646402,2,34900,576,2,Equilibrado,0.2694688909010918
646460,2,34900,436,2,Equilibrado,0.3273631622749654
646539,2,34900,254,2,Equilibrado,0.36350271855802724
646540,2,34900,493,2,Equilibrado,0.19351711235909386
646551,2,34900,825,2,Equilibrado,0.34424520457966074
646638,2,34900,106,1,Tardio,0.08523203144690557
646670,2,34900,275,1,Tardio,0.09437995354753675
646734,2,34900,108,2,Equilibrado,0.19163073561525637
646750,2,34900,379,2,Equilibrado,0.35033544168705444
646778,2,34900,537,0,Adiantado,0.20788205707376872
646807,2,34900,480,2,Equilibrado,0.45329999136178706
646990,2,34900,434,2,Equilibrado,0.4056951642060756
647005,2,34900,425,2,Equilibrado,0.3875200882525509
647040,2,34900,828,2,Equilibrado,0.30533889033941847
647154,2,34900,384,1,Tardio,0.08440304676979529
647169,2,34900,331,2,Equilibrado,0.2918067488290882
647320,2,34900,829,0,Adiantado,0.1272432334792129
647324,2,34900,709,2,Equilibrado,0.3652033677803102
647339,2,34900,45,1,Tardio,0.4307103256568213
647348,2,34900,85,1,Tardio,0.45959198667989676
647391,2,34900,133,1,Tardio,0.060450985260025916
647398,2,34900,496,2,Equilibrado,0.3116843042859936
647399,2,34900,926,2,Equilibrado,0.43098853444743734
647425,2,34900,1275,2,Equilibrado,0.18648434000939837
647485,2,34900,216,1,Tardio,0.10842826462884274
647496,2,34900,169,2,Equilibrado,0.0978058194917966
647765,2,34900,312,2,Equilibrado,0.31358593770223975
647841,2,34900,508,2,Equilibrado,0.1932098553323651
647898,2,34900,187,2,Equilibrado,0.17716508790594038
647910,2,34900,651,1,Tardio,0.13643051926436428
647945,2,34900,304,0,Adiantado,0.04046517161866572
647987,2,34900,693,0,Adiantado,0.13819940317474244
648027,2,34900,302,2,Equilibrado,0.41689821058984655
648037,2,34900,1234,2,Equilibrado,0.24482138530675254
648038,2,34900,495,2,Equilibrado,0.17941508908032736
648040,2,34900,653,2,Equilibrado,0.30029573963112655
648086,2,34900,178,2,Equilibrado,0.435226195944535
648105,2,34900,550,2,Equilibrado,0.3112863926123162
648114,2,34900,574,2,Equilibrado,0.17775990567666963
648116,2,34900,505,2,Equilibrado,0.3194625733126076
648140,2,34900,261,2,Equilibrado,0.40840657124030355
648244,2,34900,87,1,Tardio,0.26235164105769654
648254,2,34900,358,2,Equilibrado,0.30568972524775545
648287,2,34900,522,2,Equilibrado,0.31680741899308434
648353,2,34900,118,2,Equilibrado,0.0769794879255265
648365,2,34900,1236,0,Adiantado,-0.015412189313350087
648366,2,34900,722,2,Equilibrado,0.4559360481083047
648457,2,34900,362,0,Adiantado,0.2142803899250506
648470,2,34900,795,2,Equilibrado,0.34560542241391906
648508,2,34900,18,2,Equilibrado,0.1992356318319163
648515,2,34900,219,0,Adiantado,0.19331854471720078
648531,2,34900,479,2,Equilibrado,0.1757570429418343
648536,2,34900,498,2,Equilibrado,0.10173214746071159
648564,2,34900,656,2,Equilibrado,0.2642990660736322
648571,2,34900,433,2,Equilibrado,0.4047170739116975
648590,2,34900,280,2,Equilibrado,0.35368493904701537
648613,2,34900,145,0,Adiantado,0.23024284165272163
648661,2,34900,116,1,Tardio,0.10598949849461678
648685,2,34900,769,2,Equilibrado,0.2618554648559425
648804,2,34900,374,2,Equilibrado,0.4609063695452185
648815,2,34900,745,0,Adiantado,0.34816461520759345
648903,2,34900,553,2,Equilibrado,0.23638017312359375
648972,2,34900,117,1,Tardio,0.18182527419169653
648995,2,34900,218,0,Adiantado,0.36937147825573424
649004,2,34900,1408,2,Equilibrado,0.42367652840861697
649009,2,34900,69,1,Tardio,0.5440399240076274
649036,2,34900,60,0,Adiantado,0.024852255763654497
649079,2,34900,1017,2,Equilibrado,0.32335680590255306
649084,2,34900,513,2,Equilibrado,0.366184075464895
649093,2,34900,275,2,Equilibrado,0.307400625644985
649118,2,34900,313,0,Adiantado,0.011489235368074412
649141,2,34900,358,2,Equilibrado,0.016876452212195355
649159,2,34900,400,0,Adiantado,0.10512302671284965
649165,2,34900,387,2,Equilibrado,0.44930366374058556
649207,2,34900,606,2,Equilibrado,0.3851271625740159
649212,2,34900,256,1,Tardio,0.05707345071897415
649230,2,34900,298,2,Equilibrado,0.12280318010508648
649258,2,34900,133,1,Tardio,0.1747183753187982
649284,2,34900,281,2,Equilibrado,0.2749368262576991
649325,2,34900,67,0,Adiantado,0.3829877331845429
649336,2,34900,196,1,Tardio,0.5174309723069941
649379,2,34900,651,2,Equilibrado,0.3111655873843259
649385,2,34900,89,2,Equilibrado,0.32034085474282964
649400,2,34900,103,2,Equilibrado,0.12305021530235069
649434,2,34900,429,2,Equilibrado,0.3966371002207087
649435,2,34900,60,0,Adiantado,0.2798083509140118
649457,2,34900,869,2,Equilibrado,0.27178201659119133
649469,2,34900,713,2,Equilibrado,0.22505509831878867
649566,2,34900,35,1,Tardio,0.5349558194876214
649619,2,34900,467,2,Equilibrado,0.2647394232310919
649735,2,34900,175,1,Tardio,0.18516295439939645
649806,2,34900,168,1,Tardio,0.34379295518070746
649891,2,34900,160,1,Tardio,0.24904973391203172
649952,2,34900,399,2,Equilibrado,0.21209749491543783
649954,2,34900,512,2,Equilibrado,0.10750069348197332
649979,2,34900,280,2,Equilibrado,0.42707595984923036
650031,2,34900,396,0,Adiantado,0.22437094520869055
650054,2,34900,451,2,Equilibrado,0.35232381610551816
650108,2,34900,757,2,Equilibrado,0.257964052103398
650123,2,34900,355,0,Adiantado,-0.00516997819439506
650148,2,34900,61,1,Tardio,0.4884590383564046
650160,2,34900,503,2,Equilibrado,0.29052216537214487
650170,2,34900,1044,2,Equilibrado,0.25034230476673
650251,2,34900,478,2,Equilibrado,0.3875751388258391
650287,2,34900,681,2,Equilibrado,0.3556837108020774
650363,2,34900,75,1,Tardio,0.5452608096050161
650370,2,34900,212,2,Equilibrado,0.3552847059893796
650424,2,34900,488,2,Equilibrado,0.2358143111603805
650461,2,34900,137,1,Tardio,0.5250875195370353
650469,2,34900,312,2,Equilibrado,0.34739746793319115
650473,2,34900,389,2,Equilibrado,0.29053787489366206
650570,2,34900,348,2,Equilibrado,0.22118521583750117
650682,2,34900,356,0,Adiantado,0.32933685216844105
650717,2,34900,637,0,Adiantado,0.08946873197860418
650758,2,34900,109,1,Tardio,0.1594827104836203
650861,2,34900,19,1,Tardio,0.4884590383564046
650866,2,34900,1131,2,Equilibrado,0.3539872824224667
650923,2,34900,144,0,Adiantado,0.3601159159388788
650960,2,34900,39,2,Equilibrado,0.26194413357080815
651040,2,34900,107,2,Equilibrado,0.22239118677021957
651121,2,34900,340,2,Equilibrado,0.4003790975325094
651126,2,34900,125,0,Adiantado,0.1723692619852226
651182,2,34900,99,1,Tardio,-0.021949107084984862
651200,2,34900,152,0,Adiantado,0.3777112175447609
651238,2,34900,717,2,Equilibrado,0.2663281220612388
651253,2,34900,390,2,Equilibrado,0.31306030935572077
651330,2,34900,61,1,Tardio,0.5132356719588823
651334,2,34900,105,0,Adiantado,0.09339892724051614
651354,2,34900,625,2,Equilibrado,0.3190863644590791
651381,2,34900,533,0,Adiantado,0.036270553252381495
651419,2,34900,598,2,Equilibrado,0.2824019364502156
651478,2,34900,1282,2,Equilibrado,0.3611593646964599
651498,2,34900,419,2,Equilibrado,0.30976245972409927
651555,2,34900,219,1,Tardio,0.5392683567103824
651598,2,34900,440,2,Equilibrado,0.09099792613174791
651881,2,34900,385,2,Equilibrado,0.11301951939557209
651886,2,34900,231,2,Equilibrado,0.32608396469563317
651927,2,34900,169,0,Adiantado,0.035944453017831814
651990,2,34900,343,2,Equilibrado,0.03742684617266698
652008,2,34900,384,2,Equilibrado,0.19860154147650652
652064,2,34900,682,2,Equilibrado,0.3433776475903052
652087,2,34900,273,2,Equilibrado,0.32575827040668087
652333,2,34900,190,0,Adiantado,0.25039737104776216
652335,2,34900,642,0,Adiantado,0.28058835221199957
652438,2,34900,216,2,Equilibrado,0.2956973261899977
652576,2,34900,383,2,Equilibrado,0.3438944029578666
652625,2,34900,428,2,Equilibrado,0.17972669589368714
652647,2,34900,187,0,Adiantado,0.04069752020149416
652659,2,34900,251,2,Equilibrado,0.042638042512313165
652664,2,34900,87,0,Adiantado,0.1867453852364294
652672,2,34900,262,0,Adiantado,0.11759720303967153
652684,2,34900,1320,2,Equilibrado,0.17370372328599215
652711,2,34900,361,1,Tardio,0.06293197425332571
652753,2,34900,1081,2,Equilibrado,0.44952772833910465
652769,2,34900,51,1,Tardio,0.4884590383564046
652788,2,34900,507,2,Equilibrado,0.45020229083232527
652801,2,34900,464,0,Adiantado,0.2628750858891416
652832,2,34900,132,1,Tardio,0.4206451207568917
652887,2,34900,290,2,Equilibrado,0.3605753410589951
652890,2,34900,113,1,Tardio,0.015349528987433653
652898,2,34900,666,2,Equilibrado,0.3583275761448046
652994,2,34900,79,1,Tardio,0.16937507795442558
653045,2,34900,765,2,Equilibrado,0.3121774336291053
653115,2,34900,35,1,Tardio,0.5390860396658149
653144,2,34900,189,2,Equilibrado,0.0881497723781374
653297,2,34900,321,2,Equilibrado,0.2848361049926059
653301,2,34900,459,2,Equilibrado,0.21970435064062502
653356,2,34900,226,2,Equilibrado,0.17627378209004382
653372,2,34900,44,1,Tardio,0.11472848962353623
653381,2,34900,397,2,Equilibrado,0.41933924309523535
653417,2,34900,96,1,Tardio,0.5100432656301579
653536,2,34900,251,0,Adiantado,0.05805678919487528
653558,2,34900,575,0,Adiantado,-0.015216816769734172
653567,2,34900,375,2,Equilibrado,0.27788599747060583
653595,2,34900,439,2,Equilibrado,0.19808687494029686
653653,2,34900,149,2,Equilibrado,0.09820127454721284
653659,2,34900,55,1,Tardio,0.4884590383564046
653773,2,34900,520,2,Equilibrado,0.38968131638972964
653797,2,34900,458,0,Adiantado,0.2149835464720469
653841,2,34900,388,0,Adiantado,0.25743829090733283
653857,2,34900,266,0,Adiantado,0.12047187318286622
654045,2,34900,325,1,Tardio,0.5270757427081565
654048,2,34900,276,0,Adiantado,0.020195406538341943
654094,2,34900,125,2,Equilibrado,0.08597944136544824
654114,2,34900,536,2,Equilibrado,0.45689343436949237
654169,2,34900,408,2,Equilibrado,0.07708862589644801
654217,2,34900,271,2,Equilibrado,0.09458935232978528
654228,2,34900,79,2,Equilibrado,0.2882810198326081
654236,2,34900,251,2,Equilibrado,0.3483702181828221
654260,2,34900,183,2,Equilibrado,0.262165027732344
654339,2,34900,130,2,Equilibrado,0.05629692538267703
654441,2,34900,894,2,Equilibrado,0.2730752179501132
654563,2,34900,332,0,Adiantado,0.26316766387806734
654565,2,34900,79,1,Tardio,0.2343388975644841
654578,2,34900,373,2,Equilibrado,0.38655942190087467
654597,2,34900,421,2,Equilibrado,0.373168059254883
654692,2,34900,402,2,Equilibrado,0.31507884969042427
654819,2,34900,1674,2,Equilibrado,0.29711568703989183
654824,2,34900,801,2,Equilibrado,0.1930595786039469
654834,2,34900,673,0,Adiantado,0.022082503873199474
654852,2,34900,481,2,Equilibrado,0.08068063795555737
654867,2,34900,520,2,Equilibrado,0.3929520815247307
654947,2,34900,425,1,Tardio,0.5306308859430021
655028,2,34900,249,2,Equilibrado,0.2521329244892946
655115,2,34900,616,2,Equilibrado,0.4128744116610369
655124,2,34900,17,1,Tardio,0.5058959046320062
655127,2,34900,528,2,Equilibrado,0.3394782219565508
655353,2,34900,870,0,Adiantado,-0.05490885891922925
655386,2,34900,766,2,Equilibrado,0.3694903167742756
655412,2,34900,234,2,Equilibrado,0.22467486790489344
655416,2,34900,86,2,Equilibrado,0.42289190447727076
655445,2,34900,402,2,Equilibrado,0.36529942220647516
655569,2,34900,201,0,Adiantado,0.044112309112962364
655796,2,34900,205,2,Equilibrado,0.05641001236151417
655927,2,34900,146,1,Tardio,0.46775722369233375
655981,2,34900,151,0,Adiantado,0.23440667122903497
656065,2,34900,429,2,Equilibrado,0.06358433012602659
656086,2,34900,468,2,Equilibrado,0.37502462951179477
656092,2,34900,427,2,Equilibrado,0.45087135298823877
656131,2,34900,308,2,Equilibrado,0.36061023819601884
656145,2,34900,20,1,Tardio,0.42457459414006654
656158,2,34900,719,2,Equilibrado,0.2634498160468661
656159,2,34900,325,2,Equilibrado,0.3537571528913017
656165,2,34900,288,2,Equilibrado,0.4221266639170351
656234,2,34900,499,2,Equilibrado,0.3103176748744416
656323,2,34900,486,2,Equilibrado,0.4367067812443852
656353,2,34900,564,2,Equilibrado,0.0764355732067623
656360,2,34900,422,0,Adiantado,0.17183967952507162
656414,2,34900,346,0,Adiantado,0.38828069851883196
656436,2,34900,186,2,Equilibrado,0.30811509793194314
656529,2,34900,829,2,Equilibrado,0.06233126765030616
656579,2,34900,356,0,Adiantado,0.18424768594577165
656607,2,34900,274,0,Adiantado,0.0716084304981571
656651,2,34900,156,0,Adiantado,-0.005203064170923263
656734,2,34900,881,2,Equilibrado,0.18557907648219954
656791,2,34900,1190,2,Equilibrado,0.3588725761817779
656800,2,34900,189,1,Tardio,0.4532935529970722
656882,2,34900,1001,2,Equilibrado,0.3739769979947307
656988,2,34900,367,2,Equilibrado,0.07002899743951904
656996,2,34900,311,2,Equilibrado,0.3398365777392506
657048,2,34900,263,2,Equilibrado,0.2977109175692324
657220,2,34900,220,2,Equilibrado,0.3366878635689137
657330,2,34900,470,2,Equilibrado,0.3532012220232828
657344,2,34900,574,2,Equilibrado,0.4210317454156432
674222,2,34900,412,0,Adiantado,0.027038094752870463
674226,2,34900,442,2,Equilibrado,0.413560340534267
674236,2,34900,143,2,Equilibrado,0.3673403178304692
674262,2,34900,737,2,Equilibrado,0.4045627393464044
674320,2,34900,306,0,Adiantado,0.06332965287201453
674387,2,34900,680,2,Equilibrado,0.45368254566525273
674406,2,34900,223,2,Equilibrado,0.39831614057407627
674451,2,34900,235,0,Adiantado,0.31525965156289104
674478,2,34900,336,1,Tardio,0.43635982607569995
674484,2,34900,519,2,Equilibrado,0.2694380310940106
674497,2,34900,321,2,Equilibrado,0.1962485924898355
674509,2,34900,1357,2,Equilibrado,0.36938347840758895
674584,2,34900,382,2,Equilibrado,0.07332599547767266
674594,2,34900,296,0,Adiantado,0.219710271379429
674644,2,34900,423,2,Equilibrado,0.4501673430999027
674657,2,34900,511,2,Equilibrado,0.45156224607333817
674671,2,34900,455,2,Equilibrado,0.25631444257215347
674691,2,34900,733,2,Equilibrado,0.3018974705748804
674694,2,34900,369,2,Equilibrado,0.1775733601346145
674699,2,34900,432,2,Equilibrado,0.30425765442990466
674751,2,34900,291,1,Tardio,-0.018221443594702125
674831,2,34900,342,2,Equilibrado,0.2629950409863639
674870,2,34900,951,0,Adiantado,0.0036445236495469837
674921,2,34900,673,2,Equilibrado,0.331471961138487
675021,2,34900,546,0,Adiantado,0.23058689261284124
675054,2,34900,216,2,Equilibrado,0.3105916370113485
675193,2,34900,232,2,Equilibrado,0.29471605384198535
675225,2,34900,409,2,Equilibrado,0.39064509807596903
675233,2,34900,470,2,Equilibrado,0.4011617689262015
675261,2,34900,201,1,Tardio,0.5132688883923405
675273,2,34900,89,2,Equilibrado,0.09414912132976264
675279,2,34900,1639,2,Equilibrado,0.34865919132630574
675315,2,34900,572,1,Tardio,0.25753856895442706
675328,2,34900,337,0,Adiantado,0.11232293255997891
675474,2,34900,75,1,Tardio,0.014442266993132384
675566,2,34900,284,2,Equilibrado,0.4128088369419556
675577,2,34900,278,2,Equilibrado,0.43201343594006053
675636,2,34900,471,2,Equilibrado,0.3911247224436561
675710,2,34900,498,0,Adiantado,0.08262126858549049
675989,2,34900,684,2,Equilibrado,0.3198425464211025
676007,2,34900,228,0,Adiantado,0.06658051980735151
676040,2,34900,285,2,Equilibrado,0.29554432533968694
676064,2,34900,528,2,Equilibrado,0.2854473646183952
676103,2,34900,341,2,Equilibrado,0.25340654070081986
676139,2,34900,368,0,Adiantado,0.35382409575588675
676190,2,34900,534,2,Equilibrado,0.3883666933261872
676265,2,34900,316,2,Equilibrado,0.16748058394305068
676303,2,34900,92,1,Tardio,0.42758460758713507
676378,2,34900,336,2,Equilibrado,0.36880551658321725
676444,2,34900,1107,2,Equilibrado,0.3728351171586252
676458,2,34900,417,2,Equilibrado,0.26189242831640336
676459,2,34900,389,2,Equilibrado,0.41025899858484083
676478,2,34900,350,2,Equilibrado,0.28490457948857945
676492,2,34900,822,2,Equilibrado,0.44053775715612126
676610,2,34900,913,2,Equilibrado,0.24600097063189696
676626,2,34900,618,2,Equilibrado,0.36574702709912155
676866,2,34900,812,2,Equilibrado,0.05781440487473627
676882,2,34900,352,2,Equilibrado,0.3852572895811549
677085,2,34900,301,2,Equilibrado,0.4126892838132626
677111,2,34900,616,2,Equilibrado,0.46029918767111105
677138,2,34900,520,2,Equilibrado,0.4240111392831782
677155,2,34900,602,2,Equilibrado,0.3855708755864191
677167,2,34900,231,0,Adiantado,0.26636062247772246
677206,2,34900,272,2,Equilibrado,0.050029580693190516
677221,2,34900,617,2,Equilibrado,0.05103869353354639
677235,2,34900,34,2,Equilibrado,0.10547813519804648
677382,2,34900,666,2,Equilibrado,0.35506833298694795
677400,2,34900,558,0,Adiantado,0.15738312327963858
677436,2,34900,430,2,Equilibrado,0.08123214051231908
677456,2,34900,703,2,Equilibrado,0.4204242435253819
677486,2,34900,352,2,Equilibrado,0.2746635626286363
677546,2,34900,199,2,Equilibrado,0.38045142870918686
677582,2,34900,490,2,Equilibrado,0.3009080952596739
677655,2,34900,681,2,Equilibrado,0.08540006042357622
677687,2,34900,104,2,Equilibrado,0.2590727979161454
677748,2,34900,363,2,Equilibrado,0.10104802730880492
677767,2,34900,299,2,Equilibrado,0.3516155375973031
677833,2,34900,702,2,Equilibrado,0.30981447165501386
677867,2,34900,1039,2,Equilibrado,0.28476866249254795
678088,2,34900,1662,2,Equilibrado,0.24441990168597788
678203,2,34900,179,1,Tardio,0.4024864570454499
678235,2,34900,1190,2,Equilibrado,0.2649447859012945
678270,2,34900,35,2,Equilibrado,0.43606184488932154
678381,2,34900,276,2,Equilibrado,0.10766488513149929
678407,2,34900,669,2,Equilibrado,0.1801980308821957
678452,2,34900,92,0,Adiantado,0.3646578805317328
678528,2,34900,650,0,Adiantado,0.28063833511700526
678619,2,34900,204,0,Adiantado,0.022734461866509334
678628,2,34900,216,2,Equilibrado,0.1832332823676683
678659,2,34900,225,2,Equilibrado,0.20192851824408103
678819,2,34900,448,0,Adiantado,0.017522008056694918
678831,2,34900,46,1,Tardio,0.23386160623081992
678859,2,34900,585,0,Adiantado,-0.05174535197883471
678877,2,34900,352,0,Adiantado,0.27472056738908746
678946,2,34900,701,2,Equilibrado,0.31337481083654306
678954,2,34900,591,2,Equilibrado,0.2965930935708651
679019,2,34900,120,2,Equilibrado,0.2974465132561071
679036,2,34900,2804,2,Equilibrado,0.37840132855035796
679111,2,34900,317,2,Equilibrado,0.4294546103459116
679189,2,34900,715,2,Equilibrado,0.3190212507644428
679227,2,34900,576,0,Adiantado,0.2000157463245579
679237,2,34900,592,1,Tardio,0.24936760141481015
679251,2,34900,119,2,Equilibrado,0.0735995423217045
679262,2,34900,197,2,Equilibrado,0.2836388092124235
679278,2,34900,224,2,Equilibrado,0.40879776422616704
679342,2,34900,453,2,Equilibrado,0.07836958809259
679384,2,34900,494,2,Equilibrado,0.3906331696894135
679386,2,34900,133,1,Tardio,0.36000191202864157
679402,2,34900,238,2,Equilibrado,0.3380902247499378
679445,2,34900,337,2,Equilibrado,0.3434142765147728
679448,2,34900,741,2,Equilibrado,0.2216696158236123
679498,2,34900,186,0,Adiantado,0.3817426370997756
679509,2,34900,203,0,Adiantado,0.15537557894823362
679594,2,34900,839,2,Equilibrado,0.31894139318670484
679676,2,34900,900,0,Adiantado,0.2145732433539727
679788,2,34900,129,2,Equilibrado,0.17680937545113137
679790,2,34900,505,2,Equilibrado,0.3157801008961127
679939,2,34900,152,2,Equilibrado,0.3585908068202452
680014,2,34900,594,2,Equilibrado,0.04893246652409256
680018,2,34900,247,2,Equilibrado,0.11934245349192366
680027,2,34900,1299,2,Equilibrado,0.3714720142920826
680080,2,34900,830,2,Equilibrado,0.4377230232284818
680145,2,34900,71,1,Tardio,0.2844539129034733
680212,2,34900,465,2,Equilibrado,0.0673231655390564
680231,2,34900,225,2,Equilibrado,0.18119572272058318
680266,2,34900,488,2,Equilibrado,0.3960677910507303
680270,2,34900,607,2,Equilibrado,0.35520095089534104
680273,2,34900,898,0,Adiantado,0.06764705634925776
680322,2,34900,468,2,Equilibrado,0.28149144688351135
680343,2,34900,799,2,Equilibrado,0.23823148065548916
680348,2,34900,447,2,Equilibrado,0.03690061424763426
680443,2,34900,855,2,Equilibrado,0.29853727367866034
680464,2,34900,312,2,Equilibrado,0.30099584789604034
680506,2,34900,71,1,Tardio,0.26333540723878707
680572,2,34900,1448,2,Equilibrado,0.28409864771023
680708,2,34900,234,1,Tardio,-0.009045016076638391
680713,2,34900,573,2,Equilibrado,0.40020610205488455
680747,2,34900,351,0,Adiantado,0.0386611554280038
680775,2,34900,128,2,Equilibrado,0.21479937384467054
680810,2,34900,1252,2,Equilibrado,0.3962070620780245
680872,2,34900,135,2,Equilibrado,0.4406474154379028
680912,2,34900,301,2,Equilibrado,0.20620669667668576
680955,2,34900,624,2,Equilibrado,0.16524789010923793
680974,2,34900,172,0,Adiantado,0.11784241356038119
681004,2,34900,476,2,Equilibrado,0.34114930055094866
681152,2,34900,317,0,Adiantado,0.24987927146326314
681235,2,34900,282,2,Equilibrado,0.28280636980569135
681277,2,34900,55,1,Tardio,0.5496375375316996
681328,2,34900,581,2,Equilibrado,0.2952409056152568
681341,2,34900,96,2,Equilibrado,0.07353231096098917
681352,2,34900,336,2,Equilibrado,0.41047290043516327
681354,2,34900,100,1,Tardio,0.22050602288481694
681452,2,34900,39,1,Tardio,0.5034329698362332
681490,2,34900,730,2,Equilibrado,0.3788889820915025
681608,2,34900,106,2,Equilibrado,0.18289519769838491
681633,2,34900,464,2,Equilibrado,0.08051350505515006
681652,2,34900,373,0,Adiantado,0.32728978087680216
681655,2,34900,376,2,Equilibrado,0.45086620470728406
681658,2,34900,415,2,Equilibrado,0.3017707512719478
681735,2,34900,152,2,Equilibrado,0.4412299011037483
681755,2,34900,201,2,Equilibrado,0.18059037548788542
681763,2,34900,836,2,Equilibrado,0.42787230310999197
681938,2,34900,254,2,Equilibrado,0.24278746201231333
681973,2,34900,194,1,Tardio,0.10929816349217587
682019,2,34900,226,1,Tardio,0.14885010879025215
682025,2,34900,106,2,Equilibrado,0.31242484886159044
682070,2,34900,509,2,Equilibrado,0.20747040686885262
682276,2,34900,372,2,Equilibrado,0.3448466820168112
682298,2,34900,411,2,Equilibrado,0.29072745311178105
682358,2,34900,359,2,Equilibrado,0.15946896527318102
682390,2,34900,80,1,Tardio,-0.005912806846823429
682391,2,34900,248,2,Equilibrado,0.39331451641808257
682436,2,34900,451,2,Equilibrado,0.37189590597935135
682437,2,34900,918,2,Equilibrado,0.23050308942198483
682504,2,34900,145,0,Adiantado,-0.011790526698945585
682511,2,34900,297,2,Equilibrado,0.18289101081255107
682539,2,34900,644,2,Equilibrado,0.3157341567890586
682569,2,34900,819,0,Adiantado,0.02167396604035717
682588,2,34900,632,2,Equilibrado,0.3064883585789361
682613,2,34900,871,2,Equilibrado,0.27147910793252344
682632,2,34900,865,2,Equilibrado,0.09014895307798448
682695,2,34900,348,0,Adiantado,-0.05722994362433806
682753,2,34900,521,2,Equilibrado,0.1455595100243079
682839,2,34900,846,2,Equilibrado,0.18547136955247226
682863,2,34900,217,2,Equilibrado,0.38538774413577886
682894,2,34900,555,2,Equilibrado,0.3937959782322508
682963,2,34900,324,2,Equilibrado,0.19778584563058615
682981,2,34900,548,2,Equilibrado,0.27069076446232926
682983,2,34900,293,0,Adiantado,0.27557733910546617
682985,2,34900,240,0,Adiantado,0.09176136955244088
682990,2,34900,758,2,Equilibrado,0.32735647556319886
683033,2,34900,707,2,Equilibrado,0.2977610996571662
683094,2,34900,98,2,Equilibrado,0.05054264539323195
683177,2,34900,410,1,Tardio,0.246881543781547
683178,2,34900,487,2,Equilibrado,0.34356151481937125
683243,2,34900,179,2,Equilibrado,0.26252493082260103
683305,2,34900,95,2,Equilibrado,0.06831756111174925
683346,2,34900,583,2,Equilibrado,0.25459930716742724
683352,2,34900,446,2,Equilibrado,0.37403504194923465
683353,2,34900,455,1,Tardio,-0.005651760336095939
683375,2,34900,326,2,Equilibrado,0.06031751288594909
683403,2,34900,775,2,Equilibrado,0.35746705455058786
683446,2,34900,214,2,Equilibrado,0.2875815347616482
683467,2,34900,86,1,Tardio,0.3566135823107076
683530,2,34900,1446,2,Equilibrado,0.16144991497391928
683550,2,34900,74,1,Tardio,0.36056463189487675
683555,2,34900,102,1,Tardio,0.015951097420496236
683604,2,34900,682,2,Equilibrado,0.1733596643579485
683624,2,34900,1374,2,Equilibrado,0.32917805744147793
683699,2,34900,127,2,Equilibrado,0.3051667447647914
683745,2,34900,386,2,Equilibrado,0.43533627740511616
683764,2,34900,197,2,Equilibrado,0.3737511316638657
683772,2,34900,431,1,Tardio,0.08744342596301978
683820,2,34900,327,2,Equilibrado,0.33022280685536004
683832,2,34900,239,2,Equilibrado,0.3293696747024522
683902,2,34900,105,2,Equilibrado,0.13519610070739818
683934,2,34900,600,2,Equilibrado,0.24447357476224602
684013,2,34900,509,2,Equilibrado,0.2525842264665275
684040,2,34900,473,0,Adiantado,0.2692058160558161
684183,2,34900,524,2,Equilibrado,0.30570234154970666
684311,2,34900,228,2,Equilibrado,0.24410552047551703
684383,2,34900,518,2,Equilibrado,0.41251910311557305
684386,2,34900,624,0,Adiantado,0.31734748951085484
684526,2,34900,540,2,Equilibrado,0.442888282821036
684592,2,34900,290,2,Equilibrado,0.2885954326656548
684671,2,34900,556,2,Equilibrado,0.30974697307924515
684675,2,34900,127,2,Equilibrado,0.09891340522622369
684882,2,34900,1889,2,Equilibrado,0.43847535812127436
684981,2,34900,1184,2,Equilibrado,0.43827327462685556
685004,2,34900,222,2,Equilibrado,0.29574173073904436
685105,2,34900,56,1,Tardio,0.35501965956102455
685128,2,34900,310,2,Equilibrado,0.3248183256047036
685140,2,34900,224,2,Equilibrado,0.4199918493893201
685155,2,34900,414,2,Equilibrado,0.37088936620280905
685212,2,34900,678,2,Equilibrado,0.20540663439435292
685276,2,34900,482,2,Equilibrado,0.2800681165089119
685283,2,34900,97,1,Tardio,0.5069449927190228
685330,2,34900,1366,2,Equilibrado,0.20987467866304996
685339,2,34900,258,2,Equilibrado,0.4058022226562075
685367,2,34900,416,1,Tardio,0.26641639233327824
685373,2,34900,537,2,Equilibrado,0.3405580645836867
685378,2,34900,45,2,Equilibrado,0.4525550796547013
685410,2,34900,811,2,Equilibrado,0.43270201883021486
685619,2,34900,127,1,Tardio,0.4327698190650699
685657,2,34900,161,0,Adiantado,0.3286095029808585
685705,2,34900,452,2,Equilibrado,0.3627944511737129
685708,2,34900,197,2,Equilibrado,0.127798459220358
685772,2,34900,535,2,Equilibrado,0.43991065483734665
685831,2,34900,310,2,Equilibrado,0.12826615944599953
685860,2,34900,441,2,Equilibrado,0.16571949619642642
686065,2,34900,576,2,Equilibrado,0.35980874932297396
686314,2,34900,123,0,Adiantado,0.21515465069459877
686317,2,34900,168,1,Tardio,0.25058894047314956
686344,2,34900,542,2,Equilibrado,0.41402248832693916
686348,2,34900,940,2,Equilibrado,0.4265332448272857
686498,2,34900,404,2,Equilibrado,0.2825371231784397
686522,2,34900,345,2,Equilibrado,0.17565040543589477
686558,2,34900,137,1,Tardio,-0.029984785790457564
686700,2,34900,72,1,Tardio,0.4884590383564046
686705,2,34900,227,2,Equilibrado,0.437664523809188
686786,2,34900,189,2,Equilibrado,0.3701282903905565
686946,2,34900,131,1,Tardio,0.4816880452866693
687033,2,34900,150,1,Tardio,0.2692387730577121
687073,2,34900,307,2,Equilibrado,0.3204122683460698
687112,2,34900,548,1,Tardio,-0.04075367570339791
687115,2,34900,119,1,Tardio,0.12558617532976865
687288,2,34900,398,2,Equilibrado,0.13322813895847863
687304,2,34900,281,0,Adiantado,-0.004613046925034634
687341,2,34900,231,0,Adiantado,0.3175319529197894
687345,2,34900,126,2,Equilibrado,0.3704089409322435
687351,2,34900,471,1,Tardio,0.18458485152976958
687410,2,34900,288,2,Equilibrado,0.34718544042864885
687434,2,34900,1210,2,Equilibrado,0.28809369462616813
687468,2,34900,411,2,Equilibrado,0.4215296330411152
687485,2,34900,598,2,Equilibrado,0.41984100266588864
687503,2,34900,655,2,Equilibrado,0.2244736392503307
687510,2,34900,50,2,Equilibrado,0.4118829387364121
687511,2,34900,146,1,Tardio,0.3304393601405498
687525,2,34900,227,2,Equilibrado,0.345729107903639
687686,2,34900,251,2,Equilibrado,0.04596477296815771
687752,2,34900,79,1,Tardio,0.16117751345643433
687846,2,34900,154,1,Tardio,0.3343117583517475
687910,2,34900,460,2,Equilibrado,0.28163020954739953
687930,2,34900,857,2,Equilibrado,0.35121985683772544
687931,2,34900,484,0,Adiantado,0.21129775153814026
687988,2,34900,380,2,Equilibrado,0.4224450346182533
688008,2,34900,371,0,Adiantado,0.04404078912153968
688127,2,34900,567,0,Adiantado,0.15590715232731303
688136,2,34900,979,2,Equilibrado,0.18394426723797888
688159,2,34900,495,2,Equilibrado,0.23804434347666772
688192,2,34900,391,2,Equilibrado,0.1749002130638808
688225,2,34900,543,2,Equilibrado,0.3642134153248376
688250,2,34900,42,1,Tardio,0.2835376603100666
688265,2,34900,315,2,Equilibrado,0.4413811336941731
688337,2,34900,318,2,Equilibrado,0.40218716054071135
688470,2,34900,105,1,Tardio,0.13213382352098818
688543,2,34900,638,2,Equilibrado,0.3518284125529772
688667,2,34900,782,2,Equilibrado,0.36005205056956774
688685,2,34900,351,2,Equilibrado,0.0699571595147053
688727,2,34900,1174,2,Equilibrado,0.1564259413953408
688881,2,34900,208,2,Equilibrado,0.19713295399959466
688891,2,34900,70,0,Adiantado,0.11810843512814699
688895,2,34900,776,2,Equilibrado,0.37312693372530426
688904,2,34900,765,2,Equilibrado,0.3869116091743105
688976,2,34900,245,2,Equilibrado,0.14099544065407987
689005,2,34900,115,2,Equilibrado,0.18765989466936772
689052,2,34900,40,1,Tardio,0.4924725485365591
689056,2,34900,239,2,Equilibrado,0.34331809089316795
689260,2,34900,235,2,Equilibrado,0.19476035917628795
689280,2,34900,649,2,Equilibrado,0.09069397233965393
689347,2,34900,221,2,Equilibrado,0.17250204775535474
689444,2,34900,557,2,Equilibrado,0.08781134332062279
689796,2,34900,878,2,Equilibrado,0.4470101897642195
689832,2,34900,234,0,Adiantado,0.0877151898508748
689855,2,34900,316,2,Equilibrado,0.41093668369012076
689924,2,34900,485,1,Tardio,0.21463823086178233
690075,2,34900,250,2,Equilibrado,0.28255181241799465
690198,2,34900,516,2,Equilibrado,0.18914047520274435
690296,2,34900,238,2,Equilibrado,0.050921437014360964
690382,2,34900,310,0,Adiantado,0.24514217715681647
690628,2,34900,416,2,Equilibrado,0.4095967107386916
690635,2,34900,126,2,Equilibrado,0.18578874923426555
690746,2,34900,957,2,Equilibrado,0.3774673421355843
690832,2,34900,1191,0,Adiantado,0.010310191658556176
690872,2,34900,351,2,Equilibrado,0.13805783782893888
690962,2,34900,95,2,Equilibrado,0.32378409477295117
691269,2,34900,382,2,Equilibrado,0.34363622357343077
691280,2,34900,26,0,Adiantado,0.20001939400365704
691326,2,34900,1493,2,Equilibrado,0.29085880438108974
691375,2,34900,269,0,Adiantado,0.18830880291286045
691465,2,34900,334,0,Adiantado,0.056068680563856575
691699,2,34900,306,2,Equilibrado,0.3010817274810209
691722,2,34900,773,2,Equilibrado,0.16490533781728972
691873,2,34900,279,2,Equilibrado,0.2489113032744456
691932,2,34900,555,0,Adiantado,0.07694446541906638
692010,2,34900,735,2,Equilibrado,0.08192692423317843
692097,2,34900,415,0,Adiantado,0.02795129472356914
692220,2,34900,217,2,Equilibrado,0.2812715685805539
692297,2,34900,45,1,Tardio,0.3181056361735856
692301,2,34900,62,1,Tardio,0.40147526770660513
692334,2,34900,474,0,Adiantado,0.3182615706960658
692454,2,34900,327,0,Adiantado,0.23420166307423662
692612,2,34900,780,0,Adiantado,0.038917464841878344
692632,2,34900,291,1,Tardio,0.25373754246545616
692893,2,34900,102,2,Equilibrado,0.1897696689151448
692946,2,34900,40,2,Equilibrado,0.33833442761026933
692962,2,34900,901,2,Equilibrado,0.2473125364222481
692968,2,34900,236,2,Equilibrado,0.23056486080286107
693160,2,34900,302,2,Equilibrado,0.2616668774444463
693162,2,34900,794,2,Equilibrado,0.41411111350788204
693197,2,34900,123,0,Adiantado,0.22166032664021965
693236,2,34900,448,2,Equilibrado,0.21167330946163557
693345,2,34900,75,1,Tardio,0.4884590383564046
693373,2,34900,522,2,Equilibrado,0.4412207560919605
693497,2,34900,764,0,Adiantado,0.15377092794598177
693519,2,34900,74,1,Tardio,0.5001817184316281
693573,2,34900,219,1,Tardio,0.00549577087785619
693628,2,34900,519,2,Equilibrado,0.279435412185662
693764,2,34900,45,2,Equilibrado,0.3894079266745338
693806,2,34900,596,2,Equilibrado,0.15252580339602484
693873,2,34900,272,2,Equilibrado,0.4276688374474419
693903,2,34900,206,2,Equilibrado,0.4095225757457887
693906,2,34900,248,0,Adiantado,0.20019643012260496
693907,2,34900,451,2,Equilibrado,0.38066834600557004
694128,2,34900,534,2,Equilibrado,0.14168965756631632
694144,2,34900,261,2,Equilibrado,0.08446432269753609
694221,2,34900,139,2,Equilibrado,0.45775172234850603
694284,2,34900,488,2,Equilibrado,0.3425614378906316
694428,2,34900,116,2,Equilibrado,0.4121077491099946
694456,2,34900,13,1,Tardio,0.07839107845157449
694622,2,34900,611,2,Equilibrado,0.3110564561644495
694716,2,34900,214,2,Equilibrado,0.3775373505726361
694827,2,34900,297,2,Equilibrado,0.1768886308160963
694836,2,34900,438,2,Equilibrado,0.2623084923130551
694848,2,34900,603,0,Adiantado,0.22030676424003692
695090,2,34900,138,1,Tardio,0.11527570128617094
695169,2,34900,366,2,Equilibrado,0.24419493799859926
695250,2,34900,408,0,Adiantado,0.2963258938046098
695471,2,34900,258,0,Adiantado,0.27135963724088114
695485,2,34900,387,2,Equilibrado,0.4532459901808152
695550,2,34900,423,2,Equilibrado,0.18089557692545724
695637,2,34900,650,2,Equilibrado,0.14895132552250864
695700,2,34900,212,1,Tardio,-0.009640670094775495
695729,2,34900,1038,2,Equilibrado,0.16309095070248045
695748,2,34900,435,2,Equilibrado,0.06198216747581237
695803,2,34900,547,2,Equilibrado,0.36516030641159175
695825,2,34900,679,2,Equilibrado,0.40979379712989245
695869,2,34900,540,2,Equilibrado,0.2156372929818014
695926,2,34900,347,2,Equilibrado,0.35293981631427007
696039,2,34900,244,2,Equilibrado,0.35427922563570696
696043,2,34900,101,0,Adiantado,0.05211436171245333
696071,2,34900,367,2,Equilibrado,0.3161511153789654
696082,2,34900,267,2,Equilibrado,0.37948317715699137
696188,2,34900,49,1,Tardio,0.5289310953849111
696275,2,34900,1319,2,Equilibrado,0.18289911732191347
696318,2,34900,316,0,Adiantado,0.07064568234375403
696329,2,34900,701,0,Adiantado,-0.04176675787585782
696347,2,34900,695,2,Equilibrado,0.3324100436470827
696364,2,34900,265,0,Adiantado,-0.03146176965417955
696456,2,34900,80,0,Adiantado,0.04245599384327057
696583,2,34900,122,2,Equilibrado,0.11838401544336187
696615,2,34900,99,1,Tardio,0.43276221863982295
696653,2,34900,183,2,Equilibrado,0.2524918899835045
696659,2,34900,525,2,Equilibrado,0.21203573980552218
696662,2,34900,1178,2,Equilibrado,0.4347705519246903
696666,2,34900,95,0,Adiantado,0.3184417585848194
696671,2,34900,260,2,Equilibrado,0.10434892855731233
696674,2,34900,88,2,Equilibrado,0.28804919401684104
696678,2,34900,277,2,Equilibrado,0.4410794819502294
696729,2,34900,439,0,Adiantado,0.006410397351409323
697027,2,34900,568,0,Adiantado,-0.06091087650928087
697042,2,34900,721,0,Adiantado,0.013845490857637598
697114,2,34900,64,1,Tardio,0.5334741797290763
697255,2,34900,418,2,Equilibrado,0.37738993008054156
697438,2,34900,453,2,Equilibrado,0.16220462946105307
697478,2,34900,242,2,Equilibrado,0.3522921039773493
697878,2,34900,470,2,Equilibrado,0.41713001694525764
697998,2,34900,215,2,Equilibrado,0.14135749418577886
698015,2,34900,42,1,Tardio,0.4236349959069903
698384,2,34900,972,2,Equilibrado,0.21229599583699818
698485,2,34900,310,1,Tardio,-0.014065104646192752
698656,2,34900,372,0,Adiantado,0.27174004662376594
699126,2,34900,41,1,Tardio,0.4884590383564046
699127,2,34900,116,1,Tardio,0.50392793092496
699128,2,34900,430,2,Equilibrado,0.08125024947870403
836614,2,34900,553,0,Adiantado,0.3813685956550383
895524,2,34900,876,2,Equilibrado,0.3367448137840353
1021350,2,34900,47,2,Equilibrado,0.269179421101814
1042726,2,34900,485,2,Equilibrado,0.37054901898553044
1318759,2,34900,1055,2,Equilibrado,0.27166382884430307
1348205,2,34900,974,2,Equilibrado,0.3385229097601194
1391717,2,34900,320,2,Equilibrado,0.14020133878712016
1409532,2,34900,433,2,Equilibrado,0.4279316842228677
1413902,2,34900,653,2,Equilibrado,0.21935720694782507
1448966,2,34900,99,1,Tardio,0.5123719687790743
1450604,2,34900,412,1,Tardio,0.0031607149579755203
1473878,2,34900,438,0,Adiantado,0.3244898932443849
1477284,2,34900,401,2,Equilibrado,0.35806100781443145
1501577,2,34900,269,2,Equilibrado,0.4454855799253337
1514245,2,34900,181,2,Equilibrado,0.14187859881051415
1532711,2,34900,168,1,Tardio,0.23407602715252482
1585671,2,34900,458,2,Equilibrado,0.3348391907082484
1603549,2,34900,258,1,Tardio,0.2143147801194537
1631797,2,34900,417,0,Adiantado,0.13174685450722232
1639699,2,34900,481,2,Equilibrado,0.20329213477456887
1640680,2,34900,147,2,Equilibrado,0.4337679607614158
1658963,2,34900,172,1,Tardio,0.24330805550866397
1677677,2,34900,423,2,Equilibrado,0.2991036285208078
1722493,2,34900,1116,2,Equilibrado,0.14130442082940917
1733664,2,34900,967,0,Adiantado,0.33788783335023487
1752994,2,34900,477,2,Equilibrado,0.44546153422485696
1755594,2,34900,424,2,Equilibrado,0.3475140839141899
1771775,2,34900,332,2,Equilibrado,0.45634612620673803
1796402,2,34900,569,2,Equilibrado,0.28315640996638264
1810759,2,34900,321,0,Adiantado,0.2833410340787804
1816458,2,34900,659,2,Equilibrado,0.40970409034645383
1817710,2,34900,372,0,Adiantado,0.22923824760916306
1818385,2,34900,295,0,Adiantado,0.1598530012048216
1836241,2,34900,583,2,Equilibrado,0.10527061435499384
1837138,2,34900,1848,2,Equilibrado,0.3807781839424032
1856869,2,34900,203,2,Equilibrado,0.4336052884054691
1871598,2,34900,3264,2,Equilibrado,0.3926279837069302
1871684,2,34900,252,2,Equilibrado,0.34428042129377934
1877902,2,34900,464,2,Equilibrado,0.20715097687222095
1879321,2,34900,1164,0,Adiantado,0.14017723550622244
1881231,2,34900,146,2,Equilibrado,0.37027506446876196
1887108,2,34900,715,2,Equilibrado,0.12382625445622755
1889752,2,34900,1092,2,Equilibrado,0.4014447870205079
1944167,2,34900,125,0,Adiantado,0.2343738297978803
1948159,2,34900,351,2,Equilibrado,0.13011661129466418
1962049,2,34900,1126,2,Equilibrado,0.151638583451575
1962062,2,34900,302,0,Adiantado,0.00816352974475845
1972092,2,34900,1420,2,Equilibrado,0.3213114722500241
1995177,2,34900,909,2,Equilibrado,0.42933321834270755
1998834,2,34900,101,0,Adiantado,0.26866528810342466
2017487,2,34900,671,2,Equilibrado,0.3715614653474258
2020628,2,34900,3904,2,Equilibrado,0.41054702242724556
2026075,2,34900,681,2,Equilibrado,0.16011873549049485
2029571,2,34900,800,2,Equilibrado,0.12644609172425034
2035700,2,34900,956,2,Equilibrado,0.3134429056763237
2047575,2,34900,875,2,Equilibrado,0.39630343856763184
2065972,2,34900,302,0,Adiantado,0.04122018151925122
2067799,2,34900,129,1,Tardio,0.5354447462004776
2081123,2,34900,138,2,Equilibrado,0.41907386858816364
2096251,2,34900,544,2,Equilibrado,0.38817301448652214
2103552,2,34900,422,2,Equilibrado,0.3142771858585453
2104819,2,34900,354,2,Equilibrado,0.12486065244133189
2106955,2,34900,770,2,Equilibrado,0.39738615761726903
2107747,2,34900,288,0,Adiantado,0.07520552779226448
2128283,2,34900,575,2,Equilibrado,0.4191397057827492
2138970,2,34900,151,2,Equilibrado,0.3990061869198571
2140300,2,34900,740,2,Equilibrado,0.3594148519959542
2143312,2,34900,345,2,Equilibrado,0.215277429549957
2143440,2,34900,436,2,Equilibrado,0.03632103296316003
2154361,2,34900,248,0,Adiantado,0.3177426499141444
2160316,2,34900,629,2,Equilibrado,0.40017002614225233
2178837,2,34900,349,2,Equilibrado,0.4248669198265627
2180090,2,34900,1079,2,Equilibrado,0.18147737077631068
2185729,2,34900,484,2,Equilibrado,0.4308585286825455
2197766,2,34900,663,0,Adiantado,0.06014063245842963
2198970,2,34900,289,1,Tardio,0.49070866412589514
2254637,2,34900,270,2,Equilibrado,0.1470660862260046
2256134,2,34900,694,2,Equilibrado,0.22724720643393662
2272023,2,34900,137,1,Tardio,0.17984637643808823
2274542,2,34900,685,2,Equilibrado,0.10838808597572924
2278101,2,34900,265,1,Tardio,-0.02376029443677653
2282620,2,34900,1091,2,Equilibrado,0.17981824468678326
2283708,2,34900,898,0,Adiantado,0.2057366511625443
2293511,2,34900,719,2,Equilibrado,0.422175682255526
2298106,2,34900,156,1,Tardio,0.4817840980116615
2298895,2,34900,417,2,Equilibrado,0.4471969954253353
2301830,2,34900,1163,2,Equilibrado,0.25015468639844424
2306410,2,34900,391,2,Equilibrado,0.31714221843541823
2316717,2,34900,609,2,Equilibrado,0.3100471981750817
2332934,2,34900,171,2,Equilibrado,0.3442536674333929
2339267,2,34900,178,1,Tardio,0.34099968132928377
2341420,2,34900,334,0,Adiantado,0.4041039065595238
2343785,2,34900,309,2,Equilibrado,0.43087245125345736
2351969,2,34900,189,2,Equilibrado,0.2585385560966372
2360559,2,34900,1090,2,Equilibrado,0.1862647081447588
2366656,2,34900,415,2,Equilibrado,0.2617500393279055
2378208,2,34900,157,2,Equilibrado,0.13101321590515913
2386732,2,34900,854,0,Adiantado,0.1649051080518828
2399758,2,34900,615,0,Adiantado,0.09687688223032333
2403701,2,34900,1714,2,Equilibrado,0.3968276772144307
2417975,2,34900,705,0,Adiantado,0.1174022756946005
2424257,2,34900,440,2,Equilibrado,0.34650769820208116
2427845,2,34900,498,2,Equilibrado,0.4300105432818008
2438784,2,34900,152,2,Equilibrado,0.2849864834249847
2457440,2,34900,504,2,Equilibrado,0.2271996220389551
2459292,2,34900,18,0,Adiantado,0.28963463049987487
2470326,2,34900,20,0,Adiantado,0.21503380236986816
2480886,2,34900,398,2,Equilibrado,0.382774148250704
2482710,2,34900,623,0,Adiantado,0.17630896525939999
2486930,2,34900,28,2,Equilibrado,0.2411481292415765
2499307,2,34900,194,0,Adiantado,0.1061744823056272
2504129,2,34900,93,1,Tardio,0.02659002369165532
2519138,2,34900,931,0,Adiantado,0.01256448566385766
2529052,2,34900,58,1,Tardio,0.5209760222164282
2529419,2,34900,351,1,Tardio,0.11910513633618922
2530976,2,34900,274,2,Equilibrado,0.34319042022939306
2537777,2,34900,292,2,Equilibrado,0.09723306208331597
2540871,2,34900,585,2,Equilibrado,0.2855508107586059
2542209,2,34900,683,2,Equilibrado,0.26482910078875116
2544643,2,34900,887,2,Equilibrado,0.45758181095475364
2544766,2,34900,44,0,Adiantado,0.1279927565628314
2546315,2,34900,419,2,Equilibrado,0.2681313051566615
2550534,2,34900,317,0,Adiantado,0.2172266644857605
2557008,2,34900,1027,2,Equilibrado,0.21928734486479354
2558365,2,34900,127,2,Equilibrado,0.2283902178228886
2559144,2,34900,73,2,Equilibrado,0.29584795912980855
2563095,2,34900,344,2,Equilibrado,0.17739820025381658
2579891,2,34900,320,2,Equilibrado,0.37531895701485485
2584244,2,34900,301,1,Tardio,0.5103657764934454
2597117,2,34900,529,2,Equilibrado,0.44017496976330067
2599883,2,34900,457,2,Equilibrado,0.16385963463623368
2602542,2,34900,606,2,Equilibrado,0.4439508240213593
2603027,2,34900,937,2,Equilibrado,0.21068719447801068
2612102,2,34900,355,0,Adiantado,0.029989891734496666
2624028,2,34900,727,0,Adiantado,0.06735437289722421
2630284,2,34900,197,2,Equilibrado,0.41420167578484685
2641156,2,34900,130,1,Tardio,0.07081911648845148
2642532,2,34900,105,1,Tardio,0.17004383104056903
2643472,2,34900,134,1,Tardio,0.4884590383564046
2643829,2,34900,474,2,Equilibrado,0.10423363265616532
2649948,2,34900,284,1,Tardio,0.08269819457070811
2657913,2,34900,396,2,Equilibrado,0.1354054660141762
2658856,2,34900,276,0,Adiantado,0.3580624337231045
2667478,2,34900,483,2,Equilibrado,0.16367315074771496
2678580,2,34900,81,0,Adiantado,0.09645575849700226
2681198,2,34900,536,0,Adiantado,-0.011352859620558311
2682682,2,34900,339,2,Equilibrado,0.44450188668519036
2683857,2,34900,418,2,Equilibrado,0.10975386304201834
2686035,2,34900,174,0,Adiantado,0.118206301191858
2693932,2,34900,405,2,Equilibrado,0.18068286281297408
2694139,2,34900,263,1,Tardio,0.10769944596050222
2697921,2,34900,108,1,Tardio,0.5112690184504363
31296,3,34901,171,0,Adiantado,0.10790653191003571
40878,3,34901,357,2,Equilibrado,0.34838286906377564
42552,3,34901,339,1,Tardio,0.36857075443752324
43958,3,34901,357,0,Adiantado,-0.0006790381185790512
45423,3,34901,830,0,Adiantado,0.1701300537699748
47861,3,34901,555,0,Adiantado,0.258646535750083
56637,3,34901,1151,0,Adiantado,0.11051320835507211
56667,3,34901,17,0,Adiantado,0.35007148242934116
58884,3,34901,327,0,Adiantado,0.24953266671008967
63112,3,34901,77,1,Tardio,0.3826096038711954
64427,3,34901,834,2,Equilibrado,0.42457234649059084
71159,3,34901,656,2,Equilibrado,0.17908833073759203
74165,3,34901,387,0,Adiantado,0.1305033757413004
75107,3,34901,687,0,Adiantado,0.12325150713005184
77692,3,34901,171,1,Tardio,0.4884590383564046
79610,3,34901,157,2,Equilibrado,0.08478123356586871
80438,3,34901,234,0,Adiantado,0.3496740721781818
84604,3,34901,1160,0,Adiantado,0.17974199256851148
87264,3,34901,350,1,Tardio,0.372859571538743
87322,3,34901,68,1,Tardio,0.39547142496793447
94749,3,34901,232,0,Adiantado,0.0010926666052127562
102854,3,34901,774,2,Equilibrado,0.07141023512199914
105939,3,34901,400,0,Adiantado,0.346245923673464
107455,3,34901,98,1,Tardio,0.4220046639830542
108949,3,34901,20,2,Equilibrado,0.3519204602498708
109577,3,34901,113,1,Tardio,0.4233877445022994
116529,3,34901,38,0,Adiantado,0.26332601818480633
119310,3,34901,203,0,Adiantado,0.259038467210398
119865,3,34901,167,0,Adiantado,0.2564036105749746
125063,3,34901,371,2,Equilibrado,0.212399448848961
129907,3,34901,669,0,Adiantado,0.16221214432404196
130409,3,34901,10,2,Equilibrado,0.12544538121862328
131597,3,34901,222,2,Equilibrado,0.04906823505373112
132475,3,34901,544,0,Adiantado,0.10312412489728853
135280,3,34901,180,1,Tardio,0.5266857393281318
136944,3,34901,30,1,Tardio,0.501638127730417
139206,3,34901,816,0,Adiantado,0.28312224201117336
142310,3,34901,225,2,Equilibrado,0.38377905046408
143755,3,34901,579,0,Adiantado,0.20505893865476732
149178,3,34901,558,0,Adiantado,0.3990072943281695
150282,3,34901,120,2,Equilibrado,0.10484466634797619
152524,3,34901,1159,2,Equilibrado,0.29981478578267756
152917,3,34901,577,0,Adiantado,0.08597321935809231
155938,3,34901,325,0,Adiantado,0.056263353055157464
159906,3,34901,69,1,Tardio,-0.04768821873136428
159947,3,34901,263,2,Equilibrado,0.16375432707791743
164148,3,34901,1036,2,Equilibrado,0.2881037082121576
166123,3,34901,273,2,Equilibrado,0.10951785001931114
169596,3,34901,334,1,Tardio,0.3360568361976321
170874,3,34901,463,1,Tardio,0.09408634287515254
171692,3,34901,29,2,Equilibrado,0.13135896797826638
172493,3,34901,605,0,Adiantado,0.3600524206715602
177492,3,34901,378,0,Adiantado,0.12129302350736444
185994,3,34901,339,0,Adiantado,0.30553106655742285
194163,3,34901,352,0,Adiantado,-0.05659997530263193
195246,3,34901,69,0,Adiantado,0.3925350364819927
195552,3,34901,477,1,Tardio,0.5315605002324738
197536,3,34901,139,1,Tardio,0.040969837980317995
199009,3,34901,326,2,Equilibrado,0.40107794503471533
226955,3,34901,321,1,Tardio,0.5336275624874894
228633,3,34901,208,0,Adiantado,-0.015440056833429612
229498,3,34901,412,0,Adiantado,0.02208978068558441
232173,3,34901,733,0,Adiantado,0.10971505159358019
234661,3,34901,509,0,Adiantado,0.23863072339894043
235768,3,34901,211,0,Adiantado,0.3235282025285331
235971,3,34901,344,2,Equilibrado,0.09742998273322674
236090,3,34901,834,2,Equilibrado,0.33827603285966706
237891,3,34901,128,0,Adiantado,0.3420567936940458
249357,3,34901,122,0,Adiantado,0.14557718708092576
251166,3,34901,359,0,Adiantado,0.19489374096601003
253633,3,34901,492,0,Adiantado,0.04351129907197068
253763,3,34901,895,0,Adiantado,0.12369829861427678
258245,3,34901,330,1,Tardio,0.1278289844502377
258509,3,34901,379,2,Equilibrado,0.2788758152643935
258978,3,34901,232,1,Tardio,0.0422567000823237
261863,3,34901,46,0,Adiantado,0.01950987768732008
262025,3,34901,297,1,Tardio,0.49527886939060983
262394,3,34901,140,1,Tardio,0.525265797847709
263862,3,34901,115,1,Tardio,0.2821870344103868
265497,3,34901,129,2,Equilibrado,0.23956339888357192
269584,3,34901,206,0,Adiantado,0.2862256276013283
270421,3,34901,102,1,Tardio,0.4884590383564046
276265,3,34901,14,1,Tardio,0.06717417695040247
278380,3,34901,64,2,Equilibrado,0.162103890823846
279440,3,34901,454,0,Adiantado,0.2382939165955453
279653,3,34901,776,2,Equilibrado,0.3116203675450189
281134,3,34901,323,0,Adiantado,0.3367860727648999
282849,3,34901,959,0,Adiantado,0.21264704287363925
283402,3,34901,1151,0,Adiantado,0.3476823305099356
286778,3,34901,218,1,Tardio,0.503285417919327
287079,3,34901,309,0,Adiantado,0.17812606526820463
287258,3,34901,377,0,Adiantado,0.2573657444180301
289247,3,34901,304,2,Equilibrado,0.07509590390706034
294219,3,34901,258,1,Tardio,0.11557068811540125
294929,3,34901,301,0,Adiantado,0.01651384412493943
297218,3,34901,20,2,Equilibrado,0.36908029414939464
297341,3,34901,129,0,Adiantado,0.1164054285459764
301074,3,34901,434,2,Equilibrado,0.1006632074048337
305064,3,34901,1155,0,Adiantado,0.32438652480365887
305659,3,34901,52,1,Tardio,0.4884590383564046
310205,3,34901,572,2,Equilibrado,0.45543711617362576
312960,3,34901,85,1,Tardio,0.38073475440686005
315795,3,34901,194,0,Adiantado,0.14024583193421022
316082,3,34901,89,0,Adiantado,0.2981792434715292
318147,3,34901,832,0,Adiantado,0.34101530966292365
319073,3,34901,404,2,Equilibrado,0.07016683135582145
320133,3,34901,1152,2,Equilibrado,0.2198461290671891
320612,3,34901,861,0,Adiantado,0.3210392486153556
328797,3,34901,195,1,Tardio,0.34579758787803405
329895,3,34901,14,0,Adiantado,0.0705833891604737
331789,3,34901,651,0,Adiantado,0.12315750274597229
333993,3,34901,295,1,Tardio,0.3552589747055549
334224,3,34901,175,0,Adiantado,0.050679219270946575
335095,3,34901,602,2,Equilibrado,0.1913714062516144
337000,3,34901,217,0,Adiantado,0.33079895451521335
338689,3,34901,176,1,Tardio,0.5235149892914307
339519,3,34901,213,1,Tardio,0.40948817910803026
341457,3,34901,363,1,Tardio,0.5307101897503249
341629,3,34901,375,1,Tardio,0.4112615355978239
343709,3,34901,140,1,Tardio,0.43958234775420396
345271,3,34901,977,0,Adiantado,0.1594938422307872
347197,3,34901,180,2,Equilibrado,0.38528383178463405
348108,3,34901,126,1,Tardio,0.5297549858529897
348324,3,34901,49,2,Equilibrado,0.01046970715078407
349515,3,34901,134,1,Tardio,0.5111052257821336
351147,3,34901,484,2,Equilibrado,0.28005886755167936
354698,3,34901,141,1,Tardio,0.4884590383564046
355293,3,34901,56,0,Adiantado,0.0789933413207569
364066,3,34901,856,2,Equilibrado,0.30927468609054704
366140,3,34901,1064,0,Adiantado,0.05718596006370425
367151,3,34901,560,0,Adiantado,0.09454926249818084
369242,3,34901,443,2,Equilibrado,0.15851233154864514
369450,3,34901,669,0,Adiantado,0.20726321674846757
370735,3,34901,322,0,Adiantado,0.09419296903440734
372345,3,34901,258,1,Tardio,0.5284649528762968
372509,3,34901,226,1,Tardio,0.5360211704665844
372511,3,34901,128,1,Tardio,0.511843931588902
375527,3,34901,178,0,Adiantado,0.11788545814257177
378946,3,34901,1391,0,Adiantado,0.031092882044968177
379278,3,34901,1109,1,Tardio,-0.04225682151942322
380952,3,34901,88,1,Tardio,0.5048972893812561
381257,3,34901,252,0,Adiantado,0.3425856076102278
381414,3,34901,153,0,Adiantado,0.08026581648196969
383445,3,34901,43,1,Tardio,0.4475986790966764
383602,3,34901,629,1,Tardio,0.4063517873762428
383629,3,34901,130,0,Adiantado,-0.009892787044994645
384107,3,34901,64,0,Adiantado,0.04761270416581784
386389,3,34901,201,1,Tardio,0.2966984956234296
390070,3,34901,275,1,Tardio,0.35250293316279063
396683,3,34901,198,1,Tardio,0.26230114779075386
396834,3,34901,95,1,Tardio,0.4535054275522307
397219,3,34901,1147,0,Adiantado,0.30873962834355406
397671,3,34901,984,2,Equilibrado,0.12495380365632655
398550,3,34901,264,2,Equilibrado,0.22507257115370471
398630,3,34901,146,1,Tardio,0.5383235865441983
399429,3,34901,609,0,Adiantado,0.2861064281424885
402695,3,34901,143,2,Equilibrado,0.15776760372407148
405193,3,34901,705,2,Equilibrado,0.33667913761851603
407232,3,34901,797,0,Adiantado,0.3577479222575777
410407,3,34901,1179,2,Equilibrado,0.09765379095499459
410883,3,34901,148,1,Tardio,0.4790147513990578
411304,3,34901,246,0,Adiantado,0.20073950352332284
412353,3,34901,368,0,Adiantado,0.30719422091165327
413180,3,34901,57,1,Tardio,0.29576470311265235
413709,3,34901,574,2,Equilibrado,0.44232993594321046
413949,3,34901,599,0,Adiantado,0.15819339299842156
416199,3,34901,661,0,Adiantado,0.3972863478698633
416407,3,34901,205,0,Adiantado,0.29898333916650155
418201,3,34901,138,2,Equilibrado,0.14823785892652222
419059,3,34901,772,0,Adiantado,0.16211771227479832
423210,3,34901,262,1,Tardio,0.0949545410491663
423488,3,34901,345,1,Tardio,0.30446916412697844
423781,3,34901,378,2,Equilibrado,0.23713096444758833
427256,3,34901,367,0,Adiantado,0.06619948129032298
429832,3,34901,49,1,Tardio,0.1154922574657962
431139,3,34901,67,0,Adiantado,0.20736545759914435
434476,3,34901,2660,2,Equilibrado,0.3937409838651013
439995,3,34901,326,2,Equilibrado,0.24738476750294147
440818,3,34901,1059,2,Equilibrado,0.09325006284271235
441165,3,34901,184,2,Equilibrado,0.18017797204121375
441421,3,34901,218,1,Tardio,0.2845335161491625
442199,3,34901,100,1,Tardio,0.5086782840303808
442563,3,34901,176,0,Adiantado,0.059439955329041325
442802,3,34901,596,0,Adiantado,0.28762670991030226
443151,3,34901,89,1,Tardio,0.28908583552266914
443514,3,34901,250,2,Equilibrado,0.14513707766760922
443696,3,34901,227,0,Adiantado,0.05599576658604418
444011,3,34901,45,1,Tardio,0.5213331579928079
444619,3,34901,944,2,Equilibrado,0.1430130690679911
444907,3,34901,87,0,Adiantado,0.2237751869063543
465121,3,34901,113,0,Adiantado,0.220674082088201
465294,3,34901,332,0,Adiantado,0.016296503511620868
466120,3,34901,171,2,Equilibrado,0.11308945516434642
466807,3,34901,167,1,Tardio,0.08988064560651784
466987,3,34901,475,0,Adiantado,0.1660397070153635
467363,3,34901,359,0,Adiantado,0.3236246246453149
469499,3,34901,1955,0,Adiantado,0.15019966082697614
471284,3,34901,389,1,Tardio,0.04022079551668694
474667,3,34901,251,1,Tardio,0.5063374011628728
475015,3,34901,568,0,Adiantado,-0.016945677525656167
476401,3,34901,1412,2,Equilibrado,0.3225699661918252
476629,3,34901,82,0,Adiantado,0.29916742491110043
477833,3,34901,329,2,Equilibrado,0.27421244712868875
479939,3,34901,1586,2,Equilibrado,0.42698670789165843
481717,3,34901,774,0,Adiantado,0.31179962248274795
482644,3,34901,617,2,Equilibrado,0.21162081716405234
483037,3,34901,421,2,Equilibrado,0.3026254504691336
484010,3,34901,61,1,Tardio,0.29037570963396864
484594,3,34901,1205,0,Adiantado,0.08199559379749115
485228,3,34901,199,0,Adiantado,0.18362312524479785
486087,3,34901,77,1,Tardio,0.3168114321478852
486964,3,34901,25,1,Tardio,0.3751032417738909
488525,3,34901,158,1,Tardio,0.11660125649307762
489553,3,34901,23,0,Adiantado,0.2185480701271227
491126,3,34901,561,2,Equilibrado,0.24672314793588537
491756,3,34901,6,0,Adiantado,0.03543229319698621
491863,3,34901,202,2,Equilibrado,0.10492334580817783
492024,3,34901,129,1,Tardio,0.42034046312469897
493793,3,34901,418,1,Tardio,0.10380438458310513
494046,3,34901,558,2,Equilibrado,0.14006132418219552
494184,3,34901,253,0,Adiantado,0.031626111107555484
497415,3,34901,589,2,Equilibrado,0.3727869471483034
498442,3,34901,1183,0,Adiantado,0.22924814319807854
499404,3,34901,647,2,Equilibrado,0.42453566268267606
500068,3,34901,872,0,Adiantado,0.39127469715452107
500618,3,34901,29,1,Tardio,0.42238659885962826
501444,3,34901,648,0,Adiantado,0.17294069016480004
501897,3,34901,422,0,Adiantado,-0.021899093051833823
502011,3,34901,621,2,Equilibrado,0.2603840583381394
505773,3,34901,863,0,Adiantado,0.3677320477652963
506705,3,34901,175,1,Tardio,0.2766242765145308
507743,3,34901,1028,0,Adiantado,-0.01632966150760786
507935,3,34901,828,0,Adiantado,0.37428796879474263
508626,3,34901,1225,2,Equilibrado,0.17764802783298994
509536,3,34901,330,0,Adiantado,0.10226077317051951
511309,3,34901,90,0,Adiantado,0.3872849952389888
511350,3,34901,28,1,Tardio,0.4884590383564046
511981,3,34901,107,2,Equilibrado,0.3298951706013973
513422,3,34901,111,1,Tardio,-0.01696086503875663
513428,3,34901,236,1,Tardio,0.5119559760670733
514078,3,34901,903,0,Adiantado,-0.0033871677047567403
514556,3,34901,44,1,Tardio,0.3178565570706619
516602,3,34901,66,1,Tardio,0.4431561949271689
517551,3,34901,294,1,Tardio,0.2936159233923658
519115,3,34901,94,2,Equilibrado,0.39500681173419855
521115,3,34901,351,1,Tardio,0.08039844230558756
522082,3,34901,104,2,Equilibrado,0.014796786796518914
523017,3,34901,326,2,Equilibrado,0.37180101740386395
523249,3,34901,336,1,Tardio,0.2214976169510665
526721,3,34901,625,0,Adiantado,0.061946191095914836
526819,3,34901,100,1,Tardio,0.42891670195780496
529693,3,34901,538,1,Tardio,0.5115963587125348
529991,3,34901,441,2,Equilibrado,0.2013335993927561
530148,3,34901,35,1,Tardio,0.3078811379862732
531018,3,34901,340,0,Adiantado,0.11387749137254746
531871,3,34901,368,0,Adiantado,0.053658689010410536
532254,3,34901,60,0,Adiantado,0.19531486954769856
533418,3,34901,304,0,Adiantado,0.3875012834218463
534112,3,34901,122,0,Adiantado,0.05743973299808037
534457,3,34901,220,1,Tardio,0.506771202024815
535671,3,34901,156,1,Tardio,0.04742871692708212
535997,3,34901,46,2,Equilibrado,0.17585686436121534
536351,3,34901,231,1,Tardio,0.5291929024301296
536475,3,34901,158,1,Tardio,0.5266409534458156
536963,3,34901,152,1,Tardio,0.30137200274888243
537322,3,34901,543,0,Adiantado,0.23323293322661867
537811,3,34901,994,0,Adiantado,0.05760945654185602
539308,3,34901,333,2,Equilibrado,0.20608344716380736
539945,3,34901,646,2,Equilibrado,0.2324333916751542
540723,3,34901,1390,0,Adiantado,0.3940338611246514
541532,3,34901,281,2,Equilibrado,0.14350534760469869
541921,3,34901,529,0,Adiantado,0.3053798111377091
542202,3,34901,643,0,Adiantado,0.16623193016563834
543010,3,34901,619,2,Equilibrado,0.298522424215572
543432,3,34901,409,0,Adiantado,0.16248799168021671
544745,3,34901,540,1,Tardio,0.2262303940483032
545164,3,34901,322,0,Adiantado,0.374311667918633
545962,3,34901,696,2,Equilibrado,0.42034699965021416
546547,3,34901,586,2,Equilibrado,0.39228385351704725
546645,3,34901,249,0,Adiantado,-0.00040888179300547784
547347,3,34901,126,0,Adiantado,0.33132613957771656
549219,3,34901,487,0,Adiantado,0.3789135448133144
549321,3,34901,186,1,Tardio,0.1750756292242485
549847,3,34901,495,0,Adiantado,0.31387609942317035
550420,3,34901,717,0,Adiantado,0.3614200567435687
550703,3,34901,442,2,Equilibrado,0.1386930929690183
552173,3,34901,741,0,Adiantado,0.1416740069010279
553031,3,34901,1043,2,Equilibrado,0.16091249103565944
553284,3,34901,663,2,Equilibrado,0.23494356514824047
553813,3,34901,325,0,Adiantado,0.24072262257664595
554063,3,34901,289,2,Equilibrado,0.11814236452622781
554525,3,34901,631,0,Adiantado,0.3746184442191544
555049,3,34901,725,2,Equilibrado,0.46155646773529707
555827,3,34901,17,2,Equilibrado,0.1285368414938316
556126,3,34901,31,1,Tardio,0.12313938919676835
557085,3,34901,1158,2,Equilibrado,0.07665513366975361
557290,3,34901,256,2,Equilibrado,0.19691917376570625
558044,3,34901,650,2,Equilibrado,0.3331656805339334
558764,3,34901,477,0,Adiantado,0.21387765566970846
560047,3,34901,516,2,Equilibrado,0.4216804039910394
560459,3,34901,134,1,Tardio,0.3033823260527447
560645,3,34901,1242,0,Adiantado,0.19515058929712972
561231,3,34901,434,1,Tardio,0.15549312096685147
562064,3,34901,300,1,Tardio,0.47930305807593726
562754,3,34901,197,2,Equilibrado,0.4451649698277013
562990,3,34901,262,1,Tardio,-0.0019010013491742943
563108,3,34901,25,1,Tardio,0.43641724657969555
563414,3,34901,1172,0,Adiantado,0.36391490132370524
564243,3,34901,1202,2,Equilibrado,0.40599908395742507
564617,3,34901,724,2,Equilibrado,0.15761529082494563
564933,3,34901,222,0,Adiantado,0.26058611042995816
565017,3,34901,1144,2,Equilibrado,0.33237569526971183
568987,3,34901,46,1,Tardio,0.4171609457022327
569034,3,34901,824,2,Equilibrado,0.10569278101576367
569080,3,34901,1042,2,Equilibrado,0.15653437725364414
569108,3,34901,672,2,Equilibrado,0.2335241095969952
569876,3,34901,1480,2,Equilibrado,0.20263259526598226
570004,3,34901,93,2,Equilibrado,0.08084246494494335
570213,3,34901,359,2,Equilibrado,0.20889102329684667
571074,3,34901,748,0,Adiantado,0.01494497613802103
572074,3,34901,181,2,Equilibrado,0.13125176222232737
572213,3,34901,183,1,Tardio,0.51499578053789
573583,3,34901,387,1,Tardio,0.5291328096801555
574527,3,34901,646,0,Adiantado,0.298735307499048
575069,3,34901,238,0,Adiantado,0.08970024237164473
575112,3,34901,593,0,Adiantado,0.36922544428533277
575302,3,34901,1018,0,Adiantado,0.06991697210116005
575685,3,34901,49,2,Equilibrado,0.05031807022046602
577032,3,34901,126,0,Adiantado,-0.03797910923642943
577429,3,34901,944,2,Equilibrado,0.01936006932297701
577533,3,34901,79,1,Tardio,0.5322589971459575
578152,3,34901,44,0,Adiantado,0.21835092352636912
578847,3,34901,86,1,Tardio,0.4743143768486908
579660,3,34901,260,1,Tardio,0.38633861882545784
579686,3,34901,278,0,Adiantado,0.24963812695879814
580459,3,34901,462,0,Adiantado,0.04915060958640441
580834,3,34901,1377,2,Equilibrado,0.1221677662331781
580845,3,34901,133,1,Tardio,0.4524496298522769
581253,3,34901,1262,0,Adiantado,0.07626484649720439
581659,3,34901,916,0,Adiantado,0.3250602524621078
581779,3,34901,494,2,Equilibrado,0.31640467049468946
582034,3,34901,444,0,Adiantado,0.22801325281992396
582117,3,34901,229,0,Adiantado,0.017791965291616342
582266,3,34901,45,1,Tardio,0.10718335016385168
582332,3,34901,592,0,Adiantado,0.2726660665026905
582653,3,34901,36,1,Tardio,0.5172458519035356
582670,3,34901,65,0,Adiantado,0.3130670929994119
583056,3,34901,692,1,Tardio,0.5380230198219004
583318,3,34901,8,2,Equilibrado,0.0741530302047707
583487,3,34901,2037,2,Equilibrado,0.37196822515520084
584515,3,34901,101,2,Equilibrado,0.09146702518538924
585224,3,34901,766,2,Equilibrado,0.2387753847495695
585261,3,34901,417,2,Equilibrado,0.07732372678187581
585284,3,34901,337,2,Equilibrado,0.17851260461352236
585503,3,34901,1275,2,Equilibrado,0.22800744630645456
585572,3,34901,132,0,Adiantado,0.32466993749364825
585825,3,34901,883,0,Adiantado,0.2913611960326558
585958,3,34901,280,0,Adiantado,-0.062440488618706304
586906,3,34901,250,2,Equilibrado,0.42379913110754475
587571,3,34901,1305,0,Adiantado,0.22158923241505335
588128,3,34901,146,0,Adiantado,0.2778752016177117
588628,3,34901,509,0,Adiantado,0.060864061540887825
589080,3,34901,671,0,Adiantado,0.19614911624777315
589162,3,34901,597,0,Adiantado,-0.016686250815216578
589332,3,34901,822,0,Adiantado,0.02884410550807739
589389,3,34901,132,1,Tardio,0.31425602248178836
589828,3,34901,29,0,Adiantado,0.24257083567005017
590120,3,34901,452,2,Equilibrado,0.2426735201245383
591525,3,34901,299,2,Equilibrado,0.35547380072605533
591581,3,34901,163,2,Equilibrado,0.24799250627599784
591746,3,34901,582,2,Equilibrado,0.19374367145897256
591946,3,34901,585,0,Adiantado,0.218110479193266
592218,3,34901,444,2,Equilibrado,0.13889035947665865
592295,3,34901,110,0,Adiantado,0.3541331647594027
592558,3,34901,463,2,Equilibrado,0.09801197735132273
592939,3,34901,40,0,Adiantado,0.17082264300608319
593136,3,34901,164,0,Adiantado,0.2374120804279295
593563,3,34901,514,0,Adiantado,0.028693650669955592
593722,3,34901,252,2,Equilibrado,0.3906502380581982
593796,3,34901,1184,0,Adiantado,0.24634490608772783
594065,3,34901,248,2,Equilibrado,0.37041231127188046
594122,3,34901,321,2,Equilibrado,0.36621157265800836
594229,3,34901,462,2,Equilibrado,0.31987827720985207
594258,3,34901,17,1,Tardio,0.24909537771986712
594406,3,34901,139,2,Equilibrado,0.0692409923643892
594636,3,34901,497,2,Equilibrado,0.1703063546526397
595262,3,34901,236,2,Equilibrado,0.36956745069656394
595721,3,34901,152,1,Tardio,-0.012619124219144176
595943,3,34901,447,0,Adiantado,0.32727883358079474
596243,3,34901,330,1,Tardio,0.0910354746503926
596253,3,34901,360,2,Equilibrado,0.10197857872122656
596758,3,34901,572,0,Adiantado,0.054231356413743576
597740,3,34901,231,1,Tardio,-0.03373532926020574
597937,3,34901,636,2,Equilibrado,0.24357781913424617
598308,3,34901,522,0,Adiantado,0.04140259190761851
598540,3,34901,537,0,Adiantado,0.11339116576733255
598559,3,34901,880,0,Adiantado,0.054893437832464684
600071,3,34901,590,0,Adiantado,0.26925405013265635
600773,3,34901,368,2,Equilibrado,0.1199048453033214
601008,3,34901,249,1,Tardio,0.50590859835774
601235,3,34901,603,0,Adiantado,0.17097951526278318
601271,3,34901,145,0,Adiantado,0.00026083714685905257
601680,3,34901,107,1,Tardio,0.391713804175749
602594,3,34901,669,2,Equilibrado,0.41516185526158483
603648,3,34901,550,0,Adiantado,0.12061471614074724
604567,3,34901,351,0,Adiantado,0.3830818214394574
604614,3,34901,103,0,Adiantado,0.2585723750773534
605180,3,34901,28,1,Tardio,0.4884590383564046
605228,3,34901,42,0,Adiantado,0.27880445045129915
605394,3,34901,36,1,Tardio,0.5242676276132658
605682,3,34901,493,0,Adiantado,0.03197637338262252
606257,3,34901,1637,0,Adiantado,0.10576755431182942
606805,3,34901,168,1,Tardio,0.4539565014937096
606904,3,34901,268,0,Adiantado,0.11995083631859846
607243,3,34901,1191,2,Equilibrado,0.11024824255158262
607303,3,34901,386,0,Adiantado,0.32595230864653213
607501,3,34901,566,0,Adiantado,0.26309789496530595
607679,3,34901,551,0,Adiantado,0.1461406607891547
607700,3,34901,245,0,Adiantado,0.3175788497024043
609142,3,34901,502,0,Adiantado,0.08741946216175425
609240,3,34901,329,0,Adiantado,0.08184889432753041
611603,3,34901,96,2,Equilibrado,0.2562307013945092
612842,3,34901,130,2,Equilibrado,0.330008224059577
613165,3,34901,281,2,Equilibrado,0.019292612881492557
613330,3,34901,690,0,Adiantado,0.3657248845962004
613634,3,34901,214,2,Equilibrado,0.4506466313312027
613899,3,34901,1942,2,Equilibrado,0.2836427777438965
614059,3,34901,72,1,Tardio,0.18047551103988338
614984,3,34901,380,2,Equilibrado,0.2411551598677408
615266,3,34901,769,0,Adiantado,0.39653567363478853
615299,3,34901,743,2,Equilibrado,0.22767444163728756
615301,3,34901,1148,0,Adiantado,0.26404213141861427
615302,3,34901,766,0,Adiantado,0.2172218302287421
615306,3,34901,892,0,Adiantado,0.31613322953043244
615328,3,34901,265,1,Tardio,0.5311374249207848
615340,3,34901,113,0,Adiantado,0.28745116234822327
615342,3,34901,315,0,Adiantado,0.342043144435799
615356,3,34901,353,2,Equilibrado,0.29693854730739877
616517,3,34901,511,0,Adiantado,0.3913712299023451
616912,3,34901,278,2,Equilibrado,0.15277386811231092
617010,3,34901,715,0,Adiantado,0.26846387826982177
617119,3,34901,384,1,Tardio,0.406977877447494
617436,3,34901,420,1,Tardio,0.5255606514615075
617580,3,34901,1145,2,Equilibrado,0.2481486742198461
617783,3,34901,231,1,Tardio,0.3727446538182169
617922,3,34901,272,0,Adiantado,0.09794029410225114
618663,3,34901,477,0,Adiantado,0.10850740486264324
619204,3,34901,58,1,Tardio,0.28784711016956505
619292,3,34901,1149,0,Adiantado,0.010519525395700903
619321,3,34901,569,2,Equilibrado,0.36124836855138115
619502,3,34901,296,1,Tardio,0.5375850925014771
620094,3,34901,2462,2,Equilibrado,0.18604778140099124
620269,3,34901,246,0,Adiantado,0.10258742910021439
620349,3,34901,933,2,Equilibrado,0.2636637680294422
620431,3,34901,311,2,Equilibrado,0.09734238581546431
620740,3,34901,44,1,Tardio,0.1324058981951866
620810,3,34901,443,1,Tardio,0.39836787180750444
622275,3,34901,546,0,Adiantado,0.18244312408321514
622481,3,34901,574,2,Equilibrado,0.3412306918213539
622760,3,34901,185,0,Adiantado,0.30209921620790353
622934,3,34901,720,1,Tardio,0.22047202170778693
622967,3,34901,79,1,Tardio,0.23856762897126546
623471,3,34901,364,0,Adiantado,0.21325976466497742
623589,3,34901,463,1,Tardio,0.35464655825805064
623765,3,34901,580,2,Equilibrado,0.3069041846773031
624282,3,34901,360,1,Tardio,-0.012604828764761617
624864,3,34901,748,2,Equilibrado,0.20705569923625183
624970,3,34901,513,2,Equilibrado,0.04304620558812436
625245,3,34901,677,2,Equilibrado,0.23752019148762263
625330,3,34901,655,2,Equilibrado,0.060971718988308735
625515,3,34901,154,0,Adiantado,0.3614124534418419
625743,3,34901,151,1,Tardio,0.5370821812302989
625802,3,34901,202,0,Adiantado,0.18029159656119542
625838,3,34901,633,1,Tardio,0.12368428891689504
626033,3,34901,1232,2,Equilibrado,0.25389052966689646
626349,3,34901,182,0,Adiantado,0.054803313598379366
626416,3,34901,421,0,Adiantado,0.2937134562042219
626454,3,34901,379,1,Tardio,0.36830766201957743
626477,3,34901,470,2,Equilibrado,0.2759716902412183
626514,3,34901,838,0,Adiantado,0.3901893697362358
626552,3,34901,321,1,Tardio,0.07976730684063288
626579,3,34901,43,1,Tardio,0.3910815238557489
627365,3,34901,383,0,Adiantado,0.25472117992121557
627829,3,34901,253,0,Adiantado,0.1087562740096497
628149,3,34901,847,0,Adiantado,0.1199754656435855
628157,3,34901,41,1,Tardio,0.4582027363835329
628383,3,34901,413,2,Equilibrado,0.15518832969140192
628521,3,34901,342,0,Adiantado,0.27034041606803105
628888,3,34901,363,0,Adiantado,0.19905191133552727
628964,3,34901,620,2,Equilibrado,0.35323972096395445
629029,3,34901,166,2,Equilibrado,0.4024975465643628
629491,3,34901,819,2,Equilibrado,0.25383912868913167
629522,3,34901,156,1,Tardio,0.21894012086379683
629818,3,34901,177,1,Tardio,0.5514779531012255
629922,3,34901,322,1,Tardio,0.3478058555203151
629944,3,34901,451,2,Equilibrado,0.13387756674830778
630109,3,34901,302,2,Equilibrado,0.3656205301907151
630158,3,34901,520,2,Equilibrado,0.21241050718315738
630835,3,34901,1202,2,Equilibrado,0.22385886194237758
630905,3,34901,1707,0,Adiantado,-0.011004367004329342
630910,3,34901,617,2,Equilibrado,0.3484062615167084
630992,3,34901,75,2,Equilibrado,0.14408165052468477
631524,3,34901,527,0,Adiantado,0.36520419080878175
631658,3,34901,1760,0,Adiantado,0.07547718366121851
631681,3,34901,205,2,Equilibrado,0.12165915883395652
631715,3,34901,310,1,Tardio,0.5377827759131355
631740,3,34901,322,1,Tardio,0.2983308127709764
631837,3,34901,806,0,Adiantado,0.1584543262449842
631924,3,34901,1141,2,Equilibrado,0.43750030831735687
632074,3,34901,422,0,Adiantado,0.2560045771180242
632290,3,34901,154,1,Tardio,0.171461627251843
632458,3,34901,944,0,Adiantado,0.36270960687379755
632556,3,34901,191,1,Tardio,0.5466803761508024
632597,3,34901,21,1,Tardio,0.4884590383564046
632826,3,34901,583,0,Adiantado,0.22472045327556228
632836,3,34901,431,1,Tardio,0.27760262275738523
633079,3,34901,151,1,Tardio,0.34166351145855145
633516,3,34901,139,2,Equilibrado,0.020347067041935934
633555,3,34901,981,0,Adiantado,0.27565494786955613
633568,3,34901,566,2,Equilibrado,0.07596544551490561
633867,3,34901,459,0,Adiantado,0.2999881752477683
633931,3,34901,1144,2,Equilibrado,0.36685190140098706
634088,3,34901,371,2,Equilibrado,0.35896592696360413
634114,3,34901,11,0,Adiantado,0.1818488018920395
634512,3,34901,795,2,Equilibrado,0.16220683760384166
634526,3,34901,781,0,Adiantado,0.27606298764356846
634601,3,34901,103,2,Equilibrado,0.21438708671682435
634749,3,34901,1944,0,Adiantado,0.12203519000393792
635184,3,34901,554,2,Equilibrado,0.28047707182808196
635751,3,34901,74,2,Equilibrado,0.05522276744536423
635795,3,34901,233,0,Adiantado,0.22807390471390762
635903,3,34901,233,0,Adiantado,0.28974686635561325
636314,3,34901,666,0,Adiantado,0.33052814171834266
636400,3,34901,185,2,Equilibrado,0.3116033550774122
636408,3,34901,25,2,Equilibrado,0.1115119765018562
636469,3,34901,458,2,Equilibrado,0.4302202473370971
636547,3,34901,201,2,Equilibrado,0.09002417735700516
636565,3,34901,150,1,Tardio,0.5015279809459419
636656,3,34901,209,0,Adiantado,-0.04851269234880613
636704,3,34901,135,0,Adiantado,0.37498351706300076
636783,3,34901,657,0,Adiantado,0.11644471851745232
636830,3,34901,863,0,Adiantado,-0.01860597477140525
636832,3,34901,1679,2,Equilibrado,0.45386077245499773
637004,3,34901,387,0,Adiantado,0.3474569032753301
637089,3,34901,165,1,Tardio,0.5203055899782312
637358,3,34901,159,2,Equilibrado,0.1697961873812332
637509,3,34901,82,2,Equilibrado,0.10149179832557892
637514,3,34901,62,0,Adiantado,0.05776870521150295
637582,3,34901,159,0,Adiantado,0.11089726132081204
637708,3,34901,527,0,Adiantado,0.3382246201800097
637906,3,34901,123,2,Equilibrado,0.38170495174294045
637939,3,34901,24,1,Tardio,0.4884590383564046
637980,3,34901,535,0,Adiantado,-0.012460335027077657
638034,3,34901,248,1,Tardio,0.09607979375055456
638388,3,34901,137,1,Tardio,0.2792314951445666
638411,3,34901,1208,0,Adiantado,0.3222399812701136
638498,3,34901,402,0,Adiantado,0.2710850073983506
638515,3,34901,65,1,Tardio,-0.029990156650167302
638625,3,34901,1196,2,Equilibrado,0.31920256105927114
638655,3,34901,581,2,Equilibrado,0.2014802354394163
638677,3,34901,121,0,Adiantado,0.31911527442690396
638831,3,34901,294,1,Tardio,0.025100291741541714
639028,3,34901,501,2,Equilibrado,0.284739227519657
639231,3,34901,293,2,Equilibrado,0.17794152705149974
639234,3,34901,853,0,Adiantado,0.1766766555966374
639522,3,34901,58,1,Tardio,0.45401072514566193
640098,3,34901,412,0,Adiantado,0.05977288925593549
640278,3,34901,1908,0,Adiantado,0.201283729195671
640329,3,34901,322,2,Equilibrado,0.19649431404384304
640429,3,34901,1274,2,Equilibrado,0.3077196526376923
640711,3,34901,818,2,Equilibrado,0.41308434669012933
640752,3,34901,452,2,Equilibrado,0.2249227013476834
640848,3,34901,87,1,Tardio,0.5473229719990476
640892,3,34901,192,1,Tardio,0.4884590383564046
640913,3,34901,131,1,Tardio,0.4884590383564046
640927,3,34901,696,2,Equilibrado,0.21519336152901283
641137,3,34901,146,2,Equilibrado,0.12333676567977256
641309,3,34901,307,2,Equilibrado,0.3259357922956272
641311,3,34901,826,2,Equilibrado,0.09950307368925655
641363,3,34901,42,1,Tardio,0.4884590383564046
641401,3,34901,368,1,Tardio,0.11721333042068564
641461,3,34901,158,0,Adiantado,0.3076185116488754
641470,3,34901,64,1,Tardio,-0.0005310932765999033
641547,3,34901,369,1,Tardio,0.297747483333664
641864,3,34901,468,2,Equilibrado,0.3308619031611508
641914,3,34901,1566,0,Adiantado,0.12088069212457363
642029,3,34901,59,0,Adiantado,-0.049075065705046834
642056,3,34901,213,1,Tardio,0.3985781359996867
642375,3,34901,210,0,Adiantado,0.10167712429082622
642448,3,34901,230,0,Adiantado,0.3166528204253829
642449,3,34901,247,0,Adiantado,0.38085601147523857
642493,3,34901,754,0,Adiantado,0.27016639126604364
642498,3,34901,845,2,Equilibrado,0.3319587597650805
642551,3,34901,639,0,Adiantado,-0.012873108730722326
642740,3,34901,499,1,Tardio,0.21635201426416692
642750,3,34901,290,0,Adiantado,0.29164500676982213
642840,3,34901,576,2,Equilibrado,0.25637813046002245
642843,3,34901,788,2,Equilibrado,0.32426497060077414
642872,3,34901,357,2,Equilibrado,0.16502515967724987
642909,3,34901,43,1,Tardio,0.4982958767988765
643069,3,34901,155,2,Equilibrado,0.406521767224452
643202,3,34901,740,0,Adiantado,0.1935521035582387
643220,3,34901,193,1,Tardio,0.5428297018074548
643273,3,34901,596,2,Equilibrado,0.3074973095139579
643326,3,34901,374,0,Adiantado,0.38755986356683
643466,3,34901,627,0,Adiantado,-0.01154376055059677
643477,3,34901,1113,0,Adiantado,0.07795452766440036
643496,3,34901,1038,2,Equilibrado,0.16813152437336315
643502,3,34901,158,0,Adiantado,0.36883732698007793
643591,3,34901,995,0,Adiantado,0.02400015160521902
643653,3,34901,505,0,Adiantado,0.20272725890789567
643696,3,34901,292,0,Adiantado,0.1143333727018466
643751,3,34901,855,2,Equilibrado,0.2977173817141691
643754,3,34901,588,0,Adiantado,0.21992783864719112
644025,3,34901,363,1,Tardio,0.040534253570289426
644210,3,34901,399,2,Equilibrado,0.13459541822302595
644343,3,34901,68,1,Tardio,0.5378761750441777
644361,3,34901,2971,2,Equilibrado,0.12419354459990202
644369,3,34901,63,2,Equilibrado,0.13532596593882848
644450,3,34901,1422,2,Equilibrado,0.3560545509968276
644508,3,34901,448,0,Adiantado,0.36989026931359503
644761,3,34901,405,0,Adiantado,0.2763529380339524
644784,3,34901,648,1,Tardio,0.4184118661485209
644791,3,34901,1569,2,Equilibrado,0.2635486072108588
644818,3,34901,1324,0,Adiantado,0.28392143958687244
644847,3,34901,161,2,Equilibrado,0.4140489542303031
644936,3,34901,230,0,Adiantado,0.37149244457232405
644974,3,34901,492,2,Equilibrado,0.33619637643026945
645003,3,34901,155,2,Equilibrado,0.055698856460344344
645020,3,34901,179,2,Equilibrado,0.2905386101916176
645078,3,34901,550,2,Equilibrado,0.20245514103225645
645145,3,34901,27,0,Adiantado,0.23637348930632254
645405,3,34901,1480,0,Adiantado,0.3811855489258055
645433,3,34901,112,1,Tardio,0.48059111480682665
645496,3,34901,494,2,Equilibrado,0.4343046611961182
645518,3,34901,393,0,Adiantado,0.38722077222194473
645586,3,34901,324,1,Tardio,0.5172990751889909
645705,3,34901,122,2,Equilibrado,0.19350623242931603
645732,3,34901,223,2,Equilibrado,0.2436154883502629
645784,3,34901,342,2,Equilibrado,0.1632007446127533
645840,3,34901,586,0,Adiantado,0.3274798364716925
645880,3,34901,66,1,Tardio,0.4484649456597549
645948,3,34901,336,2,Equilibrado,0.15443366938928574
645960,3,34901,133,1,Tardio,0.41067826622664655
645997,3,34901,481,0,Adiantado,0.13546519293997986
646015,3,34901,555,2,Equilibrado,0.43597428871088456
646017,3,34901,1191,0,Adiantado,0.20572177608088693
646053,3,34901,483,1,Tardio,0.48130895042968086
646074,3,34901,1038,0,Adiantado,0.18034254296378
646085,3,34901,510,0,Adiantado,0.16142636551064393
646138,3,34901,80,0,Adiantado,0.2785838516387923
646313,3,34901,89,2,Equilibrado,0.15739410794692804
646357,3,34901,539,0,Adiantado,-0.02627421105681744
646402,3,34901,391,2,Equilibrado,0.41107612353672374
646460,3,34901,709,0,Adiantado,0.3388801305727187
646539,3,34901,437,1,Tardio,0.2484698948721196
646540,3,34901,173,0,Adiantado,0.25263674728275376
646551,3,34901,1465,0,Adiantado,0.11827635898891212
646638,3,34901,57,1,Tardio,0.5055060389776871
646670,3,34901,67,1,Tardio,0.20761255476612675
646734,3,34901,79,1,Tardio,0.5306210957209413
646750,3,34901,162,1,Tardio,0.24941287523428277
646778,3,34901,681,0,Adiantado,0.10212188152763166
646807,3,34901,362,2,Equilibrado,0.26433364335254994
646990,3,34901,432,2,Equilibrado,0.41289435353601844
647040,3,34901,391,2,Equilibrado,0.3474334635777412
647154,3,34901,103,1,Tardio,0.527183056687758
647169,3,34901,240,0,Adiantado,0.27551066320101336
647320,3,34901,635,0,Adiantado,0.08370368946801503
647324,3,34901,572,2,Equilibrado,0.08301461896223625
647391,3,34901,48,1,Tardio,0.5301588594564272
647398,3,34901,527,0,Adiantado,0.3013404786989556
647399,3,34901,1561,2,Equilibrado,0.20817441731847752
647425,3,34901,1458,0,Adiantado,0.28776885939629976
647485,3,34901,217,1,Tardio,0.2843561423640256
647496,3,34901,253,2,Equilibrado,0.20954658720136266
647765,3,34901,302,0,Adiantado,0.17106256490753063
647841,3,34901,683,2,Equilibrado,0.1964070231733246
647898,3,34901,353,0,Adiantado,0.04894800623101568
647945,3,34901,444,0,Adiantado,0.11063900236074138
647987,3,34901,161,0,Adiantado,0.06303693868184625
648027,3,34901,263,1,Tardio,0.4943560796292875
648037,3,34901,361,2,Equilibrado,0.08737768184148491
648038,3,34901,534,2,Equilibrado,0.05213514650619533
648040,3,34901,1030,0,Adiantado,0.28351615575721856
648086,3,34901,431,2,Equilibrado,0.1517743873501392
648105,3,34901,814,2,Equilibrado,0.44524664754290066
648114,3,34901,545,2,Equilibrado,0.33972317857933537
648116,3,34901,180,0,Adiantado,0.2451356414783383
648140,3,34901,185,1,Tardio,0.11251415851953185
648254,3,34901,216,1,Tardio,0.36100793872753817
648287,3,34901,448,2,Equilibrado,0.15988314525365085
648365,3,34901,612,0,Adiantado,0.045341412168175575
648366,3,34901,388,2,Equilibrado,0.21637284764106288
648457,3,34901,137,1,Tardio,0.44386901863116784
648470,3,34901,928,0,Adiantado,0.251551810781015
648531,3,34901,517,2,Equilibrado,0.2894619793470442
648536,3,34901,197,1,Tardio,-0.028425918612238768
648564,3,34901,452,0,Adiantado,0.32356036154906953
648571,3,34901,415,0,Adiantado,0.36390436958009664
648590,3,34901,43,1,Tardio,-0.028272590994670603
648613,3,34901,203,1,Tardio,0.46319947790234284
648685,3,34901,586,0,Adiantado,0.1876946022188797
648804,3,34901,515,0,Adiantado,0.36167221805894695
648815,3,34901,1180,0,Adiantado,-0.003112995366293712
648903,3,34901,96,1,Tardio,0.5224366181619938
648972,3,34901,40,1,Tardio,0.4558082429568292
649004,3,34901,1889,2,Equilibrado,0.17512842119934222
649009,3,34901,9,1,Tardio,-0.01597424981938139
649079,3,34901,1802,2,Equilibrado,0.3142722574571596
649084,3,34901,496,2,Equilibrado,0.40586592947679034
649093,3,34901,234,0,Adiantado,0.323811633083676
649141,3,34901,280,2,Equilibrado,0.27025641453804417
649159,3,34901,444,2,Equilibrado,0.2402540296690536
649165,3,34901,205,1,Tardio,0.24871424651076507
649207,3,34901,892,0,Adiantado,0.24240963534862583
649212,3,34901,199,1,Tardio,0.4648568107630959
649230,3,34901,88,1,Tardio,0.45689063743496733
649258,3,34901,172,1,Tardio,0.4036162210628672
649284,3,34901,183,1,Tardio,0.5301521903974069
649325,3,34901,453,0,Adiantado,0.11511239129048705
649379,3,34901,454,2,Equilibrado,0.07894787111241447
649400,3,34901,143,2,Equilibrado,0.2924927014487841
649434,3,34901,598,0,Adiantado,0.32274351635159965
649435,3,34901,515,2,Equilibrado,0.2879075855303502
649457,3,34901,659,2,Equilibrado,0.08120887583788323
649469,3,34901,152,0,Adiantado,0.3137253858658729
649619,3,34901,425,2,Equilibrado,0.023440424259266755
649735,3,34901,105,1,Tardio,0.27047933836296834
649806,3,34901,60,2,Equilibrado,0.23502158873289108
649891,3,34901,55,1,Tardio,0.5188246594529284
649952,3,34901,1101,2,Equilibrado,0.4578370069705447
649954,3,34901,1079,0,Adiantado,0.08528959705417107
649979,3,34901,185,0,Adiantado,0.2791807445545519
650031,3,34901,418,2,Equilibrado,0.2322905838433993
650054,3,34901,134,0,Adiantado,0.3101813047679756
650108,3,34901,723,0,Adiantado,0.30403266263087997
650160,3,34901,668,0,Adiantado,0.19751012260184828
650170,3,34901,350,0,Adiantado,0.29175067927717224
650251,3,34901,1004,2,Equilibrado,0.249166650577385
650363,3,34901,149,1,Tardio,0.5460864540281398
650370,3,34901,210,0,Adiantado,0.2905831506037452
650424,3,34901,609,0,Adiantado,0.15849098891134
650469,3,34901,123,0,Adiantado,0.24159365274116654
650473,3,34901,925,0,Adiantado,-0.006822805070534772
650570,3,34901,201,0,Adiantado,0.10961189822452427
650682,3,34901,273,2,Equilibrado,0.1867211780199488
650758,3,34901,119,1,Tardio,0.5287020472993331
650861,3,34901,106,1,Tardio,0.4884590383564046
650866,3,34901,1159,2,Equilibrado,0.2749552541416993
650923,3,34901,60,0,Adiantado,0.3135230945248831
650960,3,34901,38,1,Tardio,0.4884590383564046
651040,3,34901,36,1,Tardio,0.1518288747206137
651121,3,34901,937,2,Equilibrado,0.05142868613706772
651126,3,34901,306,2,Equilibrado,0.30537434159227644
651182,3,34901,8,2,Equilibrado,0.03149073373071268
651238,3,34901,537,0,Adiantado,0.3737634828325273
651330,3,34901,63,1,Tardio,0.526052315959367
651354,3,34901,636,2,Equilibrado,0.33262572727668316
651381,3,34901,629,2,Equilibrado,0.39528117267227586
651419,3,34901,771,0,Adiantado,0.30768777698936367
651478,3,34901,2741,2,Equilibrado,0.24965988693175234
651498,3,34901,310,2,Equilibrado,0.353307782901564
651555,3,34901,74,1,Tardio,0.5345200885869086
651598,3,34901,569,2,Equilibrado,0.28190432225313145
651693,3,34901,194,1,Tardio,0.4884590383564046
651881,3,34901,176,2,Equilibrado,0.4375712353124446
651927,3,34901,184,2,Equilibrado,0.16723369370973495
651990,3,34901,310,0,Adiantado,0.2979684148602134
652008,3,34901,360,0,Adiantado,0.3598364533288927
652064,3,34901,1144,0,Adiantado,0.2639220178037633
652087,3,34901,426,2,Equilibrado,0.31558104556593386
652333,3,34901,367,1,Tardio,0.13839277075732614
652335,3,34901,1507,2,Equilibrado,0.45149001714779413
652438,3,34901,95,2,Equilibrado,0.04796416471763902
652576,3,34901,184,0,Adiantado,0.217558231662118
652625,3,34901,476,0,Adiantado,0.039054279205930215
652659,3,34901,64,1,Tardio,0.12339090092981128
652664,3,34901,62,1,Tardio,0.35489121306351684
652672,3,34901,273,0,Adiantado,0.2313938735676421
652684,3,34901,858,2,Equilibrado,0.19206157014338357
652711,3,34901,522,1,Tardio,0.3786181561752326
652753,3,34901,488,2,Equilibrado,0.42371154942712524
652788,3,34901,502,2,Equilibrado,0.21365426170383148
652887,3,34901,406,2,Equilibrado,0.34951973214796833
652890,3,34901,107,1,Tardio,0.4101851120080402
652898,3,34901,651,0,Adiantado,0.3381861656069134
652994,3,34901,57,1,Tardio,0.3908008323636065
653045,3,34901,646,0,Adiantado,0.3509461249325102
653115,3,34901,273,1,Tardio,0.3450787329035648
653144,3,34901,264,0,Adiantado,0.06437090297747007
653297,3,34901,310,1,Tardio,0.15738493779515844
653301,3,34901,344,2,Equilibrado,0.34721550820012204
653381,3,34901,138,0,Adiantado,0.03428019036654589
653417,3,34901,101,1,Tardio,0.49213042504308246
653536,3,34901,331,2,Equilibrado,0.30449585206152174
653558,3,34901,213,0,Adiantado,0.3629867979273123
653567,3,34901,181,1,Tardio,0.07852492424368529
653595,3,34901,242,0,Adiantado,0.14486884917962967
653653,3,34901,169,0,Adiantado,0.33618995734219537
653773,3,34901,556,2,Equilibrado,0.17745906666555467
653841,3,34901,1038,1,Tardio,0.1257976431759406
653857,3,34901,548,1,Tardio,0.3299174733248055
654045,3,34901,256,2,Equilibrado,0.4201522494238328
654114,3,34901,438,0,Adiantado,0.11491673916638546
654169,3,34901,337,0,Adiantado,0.28468834659386605
654217,3,34901,53,2,Equilibrado,0.2345466597766162
654236,3,34901,101,0,Adiantado,0.21185595389651857
654260,3,34901,502,1,Tardio,0.19525499388482845
654339,3,34901,86,0,Adiantado,0.37107285256508116
654441,3,34901,1258,2,Equilibrado,0.1907891290747726
654565,3,34901,435,1,Tardio,0.4996814576847228
654578,3,34901,576,0,Adiantado,0.2446243247458758
654597,3,34901,489,2,Equilibrado,0.14260795147495678
654684,3,34901,218,1,Tardio,0.3160554785229589
654692,3,34901,217,1,Tardio,0.1896617481562813
654819,3,34901,1139,0,Adiantado,0.09423513185339115
654824,3,34901,607,0,Adiantado,0.36347798790874664
654834,3,34901,897,0,Adiantado,0.21971512388636216
654852,3,34901,1185,2,Equilibrado,0.16940722927387786
654867,3,34901,724,0,Adiantado,0.3181826189802989
654947,3,34901,435,1,Tardio,0.22374797574639962
655028,3,34901,106,2,Equilibrado,0.09741599909738595
655115,3,34901,467,0,Adiantado,0.2394029801036454
655124,3,34901,111,1,Tardio,0.4666690405671139
655127,3,34901,590,2,Equilibrado,0.3932909728563795
655353,3,34901,381,0,Adiantado,0.2670601454965986
655386,3,34901,430,0,Adiantado,0.03131600645159254
655412,3,34901,488,0,Adiantado,0.3410074982498286
655445,3,34901,292,0,Adiantado,0.31759664290421097
655569,3,34901,59,0,Adiantado,0.2156178066420758
655796,3,34901,25,0,Adiantado,0.1546584825358283
655927,3,34901,82,1,Tardio,0.34045501052711685
655981,3,34901,161,0,Adiantado,0.384935112597635
656065,3,34901,179,1,Tardio,0.544981819083712
656086,3,34901,680,2,Equilibrado,0.2809852109149978
656092,3,34901,574,0,Adiantado,0.20367910560487223
656131,3,34901,337,0,Adiantado,0.1567733324030822
656158,3,34901,473,0,Adiantado,0.22714065147974286
656159,3,34901,653,0,Adiantado,0.3133266607601211
656165,3,34901,342,2,Equilibrado,0.05337191237998276
656234,3,34901,526,1,Tardio,0.316217103698861
656323,3,34901,407,0,Adiantado,0.19577023915412656
656353,3,34901,544,2,Equilibrado,0.2157102732972937
656414,3,34901,153,2,Equilibrado,0.2849524470357528
656436,3,34901,276,0,Adiantado,0.10880331731643067
656529,3,34901,732,1,Tardio,0.3834118203742447
656579,3,34901,495,1,Tardio,0.38751185273110084
656607,3,34901,577,1,Tardio,-0.059890574224066136
656651,3,34901,139,2,Equilibrado,0.29238877075375347
656734,3,34901,778,2,Equilibrado,0.17291270202882003
656791,3,34901,1175,2,Equilibrado,0.18435437706786043
656882,3,34901,785,0,Adiantado,0.07797316472880962
656988,3,34901,170,2,Equilibrado,0.36294616171730487
656996,3,34901,184,1,Tardio,0.2575464718672535
657048,3,34901,106,1,Tardio,0.5103970392771086
657220,3,34901,75,1,Tardio,0.2223178848091324
657330,3,34901,341,0,Adiantado,0.31387321971204685
657344,3,34901,572,2,Equilibrado,0.21972963465485912
674222,3,34901,326,0,Adiantado,0.08868081137587613
674226,3,34901,90,1,Tardio,0.15483009511601348
674236,3,34901,506,1,Tardio,0.48717682693043934
674262,3,34901,604,2,Equilibrado,0.43983517623368235
674320,3,34901,306,1,Tardio,0.3543204199717191
674387,3,34901,504,0,Adiantado,0.3045861727248889
674406,3,34901,189,0,Adiantado,0.17563329694262036
674451,3,34901,367,0,Adiantado,0.17366171754133772
674478,3,34901,208,1,Tardio,0.4645350231734101
674484,3,34901,778,2,Equilibrado,0.03413906812033753
674497,3,34901,281,0,Adiantado,0.12889168019923553
674509,3,34901,1231,0,Adiantado,0.1931181291627137
674584,3,34901,371,2,Equilibrado,0.23709572994256536
674594,3,34901,27,2,Equilibrado,0.08912928214568806
674644,3,34901,359,1,Tardio,0.19215559437778124
674657,3,34901,200,0,Adiantado,0.3957953432615183
674671,3,34901,715,0,Adiantado,0.13629439617212816
674691,3,34901,778,2,Equilibrado,0.09987692919582504
674694,3,34901,738,0,Adiantado,-0.01096051414338167
674699,3,34901,159,2,Equilibrado,0.1869650610770968
674751,3,34901,351,2,Equilibrado,0.27778895149288235
674831,3,34901,497,0,Adiantado,0.11306870426326107
674870,3,34901,712,0,Adiantado,-0.0029373151404149807
674921,3,34901,689,2,Equilibrado,0.12339344121958
675021,3,34901,788,1,Tardio,0.22611931552497633
675054,3,34901,98,0,Adiantado,0.14216398977583913
675193,3,34901,551,0,Adiantado,0.3546119590220636
675225,3,34901,618,0,Adiantado,0.16847360147400645
675233,3,34901,1657,0,Adiantado,0.0880161619596814
675261,3,34901,225,0,Adiantado,0.30104044685402015
675273,3,34901,78,1,Tardio,0.5125586043447642
675279,3,34901,755,0,Adiantado,0.21208014199950692
675315,3,34901,566,0,Adiantado,0.03276710837342637
675328,3,34901,477,2,Equilibrado,0.22243288425191765
675474,3,34901,80,0,Adiantado,0.07640983173135363
675566,3,34901,181,1,Tardio,0.25821533031126104
675577,3,34901,215,0,Adiantado,0.013207253286619014
675636,3,34901,708,2,Equilibrado,0.28641039763839266
675710,3,34901,377,2,Equilibrado,0.38449796741508824
675989,3,34901,857,2,Equilibrado,0.18867086441911635
676007,3,34901,91,0,Adiantado,0.13498100156769927
676064,3,34901,409,0,Adiantado,0.35339115845953006
676103,3,34901,596,2,Equilibrado,0.09824887368293057
676139,3,34901,283,1,Tardio,0.19351463490574838
676190,3,34901,503,2,Equilibrado,0.27570399542965895
676265,3,34901,639,0,Adiantado,0.2673388262392832
676272,3,34901,18,1,Tardio,0.4884590383564046
676303,3,34901,71,1,Tardio,0.47708855729057037
676378,3,34901,509,0,Adiantado,0.0697182978772064
676444,3,34901,844,2,Equilibrado,0.1271556302701498
676458,3,34901,388,0,Adiantado,0.3217718338703812
676459,3,34901,625,2,Equilibrado,0.16702845841508318
676478,3,34901,347,0,Adiantado,0.10708783880441516
676492,3,34901,952,2,Equilibrado,0.2974103068291856
676610,3,34901,423,0,Adiantado,0.31494039897078646
676626,3,34901,647,2,Equilibrado,0.10903754437640502
676866,3,34901,784,0,Adiantado,0.3521965760817069
676882,3,34901,418,0,Adiantado,0.3990747515352946
677085,3,34901,148,2,Equilibrado,0.051470823241279405
677111,3,34901,818,2,Equilibrado,0.1770650884828638
677138,3,34901,429,0,Adiantado,0.351030239987269
677155,3,34901,404,0,Adiantado,-0.0047372994756088495
677167,3,34901,240,1,Tardio,-0.0468754934172064
677206,3,34901,131,1,Tardio,0.46374735810429235
677221,3,34901,699,2,Equilibrado,0.24857252087104514
677235,3,34901,15,1,Tardio,0.4884590383564046
677382,3,34901,987,2,Equilibrado,0.30737338138664577
677400,3,34901,324,0,Adiantado,0.3950930320752459
677436,3,34901,319,1,Tardio,-0.010513833211969022
677456,3,34901,1008,0,Adiantado,-0.04504156764332007
677546,3,34901,195,2,Equilibrado,0.18709595180256455
677582,3,34901,369,1,Tardio,0.1475431402281279
677655,3,34901,245,0,Adiantado,0.32165389552059626
677687,3,34901,76,1,Tardio,0.37747688789927697
677748,3,34901,431,2,Equilibrado,0.18762482528427782
677767,3,34901,166,1,Tardio,0.5360935616532364
677833,3,34901,496,0,Adiantado,0.3883788249912127
678088,3,34901,714,2,Equilibrado,0.21248300724222072
678203,3,34901,42,1,Tardio,0.4818259892238301
678235,3,34901,865,0,Adiantado,0.2286703358003664
678270,3,34901,58,0,Adiantado,0.29038727006301124
678381,3,34901,111,2,Equilibrado,0.29888919599910213
678407,3,34901,493,0,Adiantado,0.3127147328598602
678452,3,34901,163,1,Tardio,0.3012484079062651
678528,3,34901,369,0,Adiantado,0.4060825925364656
678619,3,34901,274,1,Tardio,0.1604964273189447
678628,3,34901,73,1,Tardio,0.3939029795901347
678659,3,34901,174,1,Tardio,0.23302805616087188
678819,3,34901,479,0,Adiantado,0.28250254957453763
678859,3,34901,726,2,Equilibrado,0.23384769461138807
678946,3,34901,453,2,Equilibrado,0.21240588602697275
678954,3,34901,784,2,Equilibrado,0.30307262522587963
679019,3,34901,30,1,Tardio,0.5467227160364663
679036,3,34901,1798,0,Adiantado,0.09658650711673815
679111,3,34901,435,0,Adiantado,0.007005044768151379
679189,3,34901,627,0,Adiantado,0.1790477196421067
679227,3,34901,219,0,Adiantado,0.13522155522235021
679237,3,34901,532,1,Tardio,0.499075245268778
679262,3,34901,52,1,Tardio,0.37054666593878094
679278,3,34901,217,0,Adiantado,0.06903127016203868
679342,3,34901,294,0,Adiantado,0.3484364383497199
679384,3,34901,874,2,Equilibrado,0.14198155691989672
679386,3,34901,171,0,Adiantado,0.28784210275266514
679402,3,34901,285,0,Adiantado,0.30482668287207454
679445,3,34901,627,2,Equilibrado,0.3531611426296357
679448,3,34901,1175,2,Equilibrado,0.1957808998610126
679498,3,34901,151,2,Equilibrado,0.3687512929904476
679509,3,34901,56,1,Tardio,0.3733083750130396
679594,3,34901,577,2,Equilibrado,0.25302141434336733
679676,3,34901,686,0,Adiantado,-0.060484502957535234
679788,3,34901,461,1,Tardio,-0.01158161385540437
679790,3,34901,124,0,Adiantado,0.3435652667942347
679939,3,34901,110,1,Tardio,0.3318161953351652
680014,3,34901,385,0,Adiantado,0.20925360807261748
680018,3,34901,266,1,Tardio,-0.02937348625756203
680027,3,34901,1406,2,Equilibrado,0.08380726913312912
680080,3,34901,968,0,Adiantado,0.05022787242645625
680145,3,34901,60,1,Tardio,-0.04027610013544469
680212,3,34901,22,1,Tardio,0.4884590383564046
680266,3,34901,762,0,Adiantado,0.07619578455529488
680270,3,34901,433,0,Adiantado,0.06727955802792135
680322,3,34901,352,0,Adiantado,0.2768707595317151
680343,3,34901,536,1,Tardio,0.06874719370825196
680348,3,34901,616,0,Adiantado,0.25092653915077745
680443,3,34901,1126,2,Equilibrado,0.303886722523524
680464,3,34901,464,0,Adiantado,0.2718123909199986
680506,3,34901,229,1,Tardio,0.30776276178208384
680572,3,34901,306,0,Adiantado,0.3572676230445305
680708,3,34901,106,0,Adiantado,0.30350111836537647
680713,3,34901,489,2,Equilibrado,0.24813185550442832
680747,3,34901,230,1,Tardio,0.09111980270017513
680775,3,34901,64,0,Adiantado,0.10280030586176737
680810,3,34901,622,1,Tardio,0.4138361564063655
680872,3,34901,110,0,Adiantado,0.30870889412273084
680912,3,34901,276,0,Adiantado,0.3126277631473545
680955,3,34901,911,0,Adiantado,0.10588075405461038
680974,3,34901,79,1,Tardio,0.5225768112280924
681004,3,34901,693,2,Equilibrado,0.4308020550261872
681235,3,34901,217,1,Tardio,0.44895432676135594
681328,3,34901,619,0,Adiantado,-0.0004975737792959869
681341,3,34901,262,1,Tardio,0.5460969365217648
681352,3,34901,734,2,Equilibrado,0.19350596698793593
681354,3,34901,14,0,Adiantado,0.2867118121867951
681452,3,34901,95,1,Tardio,0.3294280009597691
681490,3,34901,763,2,Equilibrado,0.10399689462581395
681608,3,34901,43,1,Tardio,0.4821650938763427
681633,3,34901,337,2,Equilibrado,0.4388639384032484
681652,3,34901,107,2,Equilibrado,0.10345837335062026
681655,3,34901,863,1,Tardio,0.044839363765324255
681658,3,34901,257,0,Adiantado,0.40254662552307185
681755,3,34901,148,2,Equilibrado,0.06610606895834206
681763,3,34901,1621,0,Adiantado,0.13102916791194377
681938,3,34901,273,1,Tardio,0.5434901979671974
681973,3,34901,143,1,Tardio,0.45732488965679
682019,3,34901,68,1,Tardio,0.4753162705560059
682070,3,34901,582,2,Equilibrado,0.2044572041721131
682276,3,34901,284,0,Adiantado,0.2260699772794264
682298,3,34901,336,0,Adiantado,0.30682807367438847
682358,3,34901,160,0,Adiantado,0.21896521636548721
682390,3,34901,49,2,Equilibrado,0.32075558315294705
682436,3,34901,368,1,Tardio,0.32997475533488
682437,3,34901,877,0,Adiantado,0.09950649072372202
682511,3,34901,444,2,Equilibrado,0.41062368146417
682539,3,34901,458,2,Equilibrado,0.24930923530721905
682569,3,34901,753,2,Equilibrado,0.2254070577113576
682588,3,34901,532,1,Tardio,0.2630458749371463
682613,3,34901,595,2,Equilibrado,0.15907272247600218
682632,3,34901,663,0,Adiantado,0.10628595284654696
682695,3,34901,388,2,Equilibrado,0.21286254392176318
682753,3,34901,474,0,Adiantado,0.039881844798411975
682839,3,34901,830,0,Adiantado,0.07062381478072528
682894,3,34901,143,0,Adiantado,0.2919755948835599
682963,3,34901,905,2,Equilibrado,0.38719653336799836
682981,3,34901,915,0,Adiantado,0.25619770117998836
682983,3,34901,392,0,Adiantado,0.2789461500986898
682985,3,34901,189,1,Tardio,0.48913367292212095
682990,3,34901,909,0,Adiantado,0.2843681957917321
683033,3,34901,249,0,Adiantado,0.126765828860256
683094,3,34901,66,0,Adiantado,0.37492779472694554
683178,3,34901,555,2,Equilibrado,0.20999170508258508
683243,3,34901,52,2,Equilibrado,0.1285185163705312
683305,3,34901,25,1,Tardio,0.5085531392103749
683346,3,34901,891,0,Adiantado,0.18687579570447177
683352,3,34901,405,2,Equilibrado,0.44266631775162707
683353,3,34901,811,2,Equilibrado,0.3174915289052201
683375,3,34901,314,0,Adiantado,0.34791192370829355
683403,3,34901,510,0,Adiantado,0.23012301991511477
683467,3,34901,34,1,Tardio,0.4884590383564046
683530,3,34901,1139,2,Equilibrado,0.13241174259702185
683550,3,34901,9,2,Equilibrado,0.09717546578875644
683604,3,34901,895,0,Adiantado,0.2084962327546483
683624,3,34901,791,2,Equilibrado,0.4390233613800578
683764,3,34901,204,0,Adiantado,0.0913569214012949
683820,3,34901,316,0,Adiantado,-0.035752322516792084
683902,3,34901,48,1,Tardio,0.3881927005987453
683934,3,34901,356,0,Adiantado,0.21020287705735985
684013,3,34901,1125,2,Equilibrado,0.12508149568710655
684183,3,34901,237,2,Equilibrado,0.040184706671977016
684311,3,34901,242,2,Equilibrado,0.13172079341748363
684383,3,34901,390,0,Adiantado,0.2625868807101911
684386,3,34901,37,0,Adiantado,0.26569408391882066
684526,3,34901,99,2,Equilibrado,0.3890679042628282
684592,3,34901,293,1,Tardio,0.050046535922862824
684671,3,34901,70,0,Adiantado,0.2664563427617383
684675,3,34901,87,1,Tardio,0.4884590383564046
684882,3,34901,394,0,Adiantado,0.3123834711709376
684981,3,34901,974,0,Adiantado,0.11916145929301065
685128,3,34901,263,1,Tardio,0.476135453489603
685140,3,34901,111,2,Equilibrado,0.3821729851120194
685155,3,34901,580,0,Adiantado,0.1388305088061662
685212,3,34901,867,2,Equilibrado,0.34016219058393143
685276,3,34901,1411,0,Adiantado,0.10205382827730418
685283,3,34901,61,2,Equilibrado,0.4065763818660363
685330,3,34901,1282,0,Adiantado,0.2324229955519194
685339,3,34901,195,0,Adiantado,0.3608208342731068
685367,3,34901,110,1,Tardio,0.35496402845378067
685373,3,34901,601,0,Adiantado,0.17782406775065895
685410,3,34901,906,0,Adiantado,0.2705680383768401
685619,3,34901,38,1,Tardio,0.04563201705344373
685705,3,34901,489,2,Equilibrado,0.4318462349069531
685708,3,34901,355,0,Adiantado,0.19577861864326465
685772,3,34901,893,2,Equilibrado,0.13034577075224596
685831,3,34901,286,0,Adiantado,0.14391193696607996
686065,3,34901,469,0,Adiantado,0.12327848854567386
686314,3,34901,207,0,Adiantado,0.27868760769433104
686317,3,34901,161,1,Tardio,0.04116921569548612
686344,3,34901,546,2,Equilibrado,0.354059454288855
686348,3,34901,862,2,Equilibrado,0.17824535509274944
686498,3,34901,488,0,Adiantado,0.23774242513251
686522,3,34901,162,0,Adiantado,0.23979702365706457
686558,3,34901,62,1,Tardio,0.4331609957042888
686700,3,34901,31,1,Tardio,0.3527380042931866
686705,3,34901,385,0,Adiantado,0.16870475789713313
686786,3,34901,158,0,Adiantado,0.2842786060506879
686946,3,34901,71,2,Equilibrado,0.1674189154808372
687033,3,34901,22,1,Tardio,0.4942938018796418
687073,3,34901,222,2,Equilibrado,0.2659719855377019
687112,3,34901,416,1,Tardio,0.14701548907415715
687115,3,34901,112,1,Tardio,0.5334840161682974
687345,3,34901,121,2,Equilibrado,0.15855993610347094
687351,3,34901,336,1,Tardio,0.3733208878778859
687410,3,34901,333,1,Tardio,0.4664167616401501
687434,3,34901,1073,2,Equilibrado,0.06967943034932304
687468,3,34901,502,0,Adiantado,0.04165485928899709
687485,3,34901,465,2,Equilibrado,0.14116657497145393
687503,3,34901,809,0,Adiantado,-0.009399145927203355
687686,3,34901,398,1,Tardio,0.5458336162373915
687846,3,34901,46,1,Tardio,0.4884590383564046
687910,3,34901,502,0,Adiantado,0.3097932548072555
687930,3,34901,284,1,Tardio,0.18948399789417228
687931,3,34901,510,0,Adiantado,0.06748049874344726
687988,3,34901,685,2,Equilibrado,0.18196507582603433
688008,3,34901,280,0,Adiantado,0.28866355290909584
688127,3,34901,353,1,Tardio,0.5446555761796469
688136,3,34901,338,0,Adiantado,0.3079442343309381
688192,3,34901,509,2,Equilibrado,0.2554465305230133
688225,3,34901,663,2,Equilibrado,0.2711521559801598
688265,3,34901,96,2,Equilibrado,0.3899499293337015
688337,3,34901,217,1,Tardio,0.2123718800763349
688470,3,34901,93,1,Tardio,0.5348852958294412
688543,3,34901,229,0,Adiantado,0.31215060005433853
688667,3,34901,907,2,Equilibrado,0.28666184808517076
688685,3,34901,312,0,Adiantado,0.34091727653925036
688727,3,34901,1039,2,Equilibrado,0.09492516343696678
688891,3,34901,644,0,Adiantado,0.2802620839149438
688895,3,34901,1101,2,Equilibrado,0.10184729250574019
688904,3,34901,454,0,Adiantado,0.29721778974513746
689005,3,34901,87,2,Equilibrado,0.34101609173043035
689056,3,34901,26,1,Tardio,0.535183865368719
689260,3,34901,361,0,Adiantado,0.3622123411607493
689280,3,34901,1131,0,Adiantado,0.07346755195235198
689347,3,34901,192,2,Equilibrado,0.38526395582955814
689444,3,34901,172,1,Tardio,0.464995037294071
689796,3,34901,771,2,Equilibrado,0.26351549492093446
689832,3,34901,368,2,Equilibrado,0.2297614021370599
689855,3,34901,487,2,Equilibrado,0.1614343404315257
689924,3,34901,177,2,Equilibrado,0.12204213701539417
690075,3,34901,88,1,Tardio,0.5252831151036634
690198,3,34901,297,0,Adiantado,0.2416172939292078
690382,3,34901,40,1,Tardio,0.34930139764340545
690628,3,34901,706,2,Equilibrado,0.4083704119596202
690635,3,34901,212,1,Tardio,0.5234904688171879
690746,3,34901,1052,0,Adiantado,0.09210481352933711
690832,3,34901,67,0,Adiantado,0.01245190715429673
690872,3,34901,926,1,Tardio,0.35081061676904823
690962,3,34901,22,1,Tardio,0.5099912096864841
691269,3,34901,695,0,Adiantado,0.014865643262533765
691280,3,34901,116,1,Tardio,0.30042405937997574
691326,3,34901,444,0,Adiantado,0.26048431105688946
691375,3,34901,159,2,Equilibrado,0.10162605135643327
691465,3,34901,272,2,Equilibrado,0.16014759311859048
691699,3,34901,198,1,Tardio,0.265034107492623
691722,3,34901,686,2,Equilibrado,0.29041855258261634
691873,3,34901,56,2,Equilibrado,0.08348194189146656
691932,3,34901,959,2,Equilibrado,0.24682842019010928
692010,3,34901,794,2,Equilibrado,0.15635605443618647
692097,3,34901,748,2,Equilibrado,0.3502097631177488
692220,3,34901,441,2,Equilibrado,0.10317610421404587
692301,3,34901,50,1,Tardio,0.5257165015960046
692334,3,34901,447,2,Equilibrado,0.1717452023514327
692454,3,34901,704,0,Adiantado,0.07979409786874557
692612,3,34901,1301,2,Equilibrado,0.436492945705219
692893,3,34901,164,1,Tardio,0.47551646357095684
692946,3,34901,53,0,Adiantado,0.37605373443408857
692962,3,34901,557,0,Adiantado,0.228103317003434
692968,3,34901,65,1,Tardio,0.49797611392931274
693160,3,34901,454,2,Equilibrado,0.30505674482973294
693162,3,34901,774,2,Equilibrado,0.07860047931447883
693197,3,34901,77,1,Tardio,0.011630967270165694
693236,3,34901,306,0,Adiantado,0.38664537888044104
693345,3,34901,195,0,Adiantado,0.3039147379008832
693373,3,34901,103,0,Adiantado,0.2758804859669374
693497,3,34901,575,2,Equilibrado,0.2561687431973396
693519,3,34901,25,1,Tardio,0.47085319914798773
693628,3,34901,506,0,Adiantado,0.27306052392775976
693764,3,34901,57,1,Tardio,0.23336485324869383
693806,3,34901,412,0,Adiantado,0.3090109822683675
693873,3,34901,190,1,Tardio,0.5344539492069759
693903,3,34901,301,2,Equilibrado,0.10511028234626478
693907,3,34901,298,1,Tardio,0.37252770381791106
694128,3,34901,276,2,Equilibrado,0.20712437880874063
694144,3,34901,278,1,Tardio,0.32449020648360105
694221,3,34901,71,2,Equilibrado,0.4433500835706714
694456,3,34901,33,0,Adiantado,0.21896521636548721
694622,3,34901,379,2,Equilibrado,0.3774820332409031
694716,3,34901,593,0,Adiantado,0.3963330821304318
694827,3,34901,185,1,Tardio,0.08162763995336751
694836,3,34901,247,2,Equilibrado,0.22519176454339598
694848,3,34901,299,0,Adiantado,0.2529398832071449
695090,3,34901,116,1,Tardio,0.10771617975258863
695169,3,34901,186,1,Tardio,0.5137736753162664
695471,3,34901,630,0,Adiantado,0.38608645636056393
695485,3,34901,77,2,Equilibrado,0.30304998567549546
695637,3,34901,337,0,Adiantado,0.24705797287977962
695729,3,34901,1615,0,Adiantado,0.26227553263808706
695803,3,34901,381,2,Equilibrado,0.382086300496988
695825,3,34901,469,0,Adiantado,0.26814101374151694
695869,3,34901,824,2,Equilibrado,0.21445238040151954
696039,3,34901,167,0,Adiantado,0.11963819802669057
696043,3,34901,128,1,Tardio,-0.02041110518981476
696082,3,34901,316,0,Adiantado,0.07622187070613229
696188,3,34901,53,1,Tardio,0.3035161805134732
696275,3,34901,1440,0,Adiantado,0.0758201982383342
696318,3,34901,377,2,Equilibrado,0.1330664581488766
696329,3,34901,818,0,Adiantado,0.20545687020861544
696347,3,34901,407,0,Adiantado,0.37614757647658076
696364,3,34901,159,2,Equilibrado,0.30332429265421995
696583,3,34901,429,0,Adiantado,0.3152122337951034
696653,3,34901,204,1,Tardio,0.34206579958500666
696659,3,34901,78,0,Adiantado,0.36384271245246624
696662,3,34901,1309,0,Adiantado,0.16179181403869902
696666,3,34901,32,1,Tardio,0.5221065818130913
696671,3,34901,258,2,Equilibrado,0.27953120630837447
696672,3,34901,41,1,Tardio,0.5495414032211986
696674,3,34901,116,2,Equilibrado,0.22924901252722182
696678,3,34901,168,1,Tardio,0.1673447321274858
696729,3,34901,427,0,Adiantado,0.05255803879656869
697027,3,34901,577,2,Equilibrado,0.15888797261616278
697114,3,34901,59,1,Tardio,0.5338717502310526
697255,3,34901,562,1,Tardio,0.4395316316500187
697438,3,34901,630,0,Adiantado,0.33400345633300343
697478,3,34901,127,0,Adiantado,0.14052569592626302
697878,3,34901,627,1,Tardio,0.12298220757102461
697998,3,34901,73,2,Equilibrado,0.21626297475480097
698384,3,34901,407,0,Adiantado,0.3052426413695074
698485,3,34901,282,2,Equilibrado,0.06884033233562001
698656,3,34901,602,0,Adiantado,0.31791497017841003
699126,3,34901,53,1,Tardio,0.49143738257852926
699127,3,34901,96,1,Tardio,0.4884590383564046
699128,3,34901,88,1,Tardio,0.5293234611241938
895524,3,34901,1572,2,Equilibrado,0.2183655713540936
1042726,3,34901,183,1,Tardio,0.023150961402863053
1318759,3,34901,380,0,Adiantado,0.1774625474962562
1348205,3,34901,1260,0,Adiantado,0.054451534588636434
1391717,3,34901,180,1,Tardio,0.020964090728706704
1409532,3,34901,359,0,Adiantado,-0.02192047306718108
1413902,3,34901,343,0,Adiantado,0.25868334862324865
1448966,3,34901,33,1,Tardio,0.4884590383564046
1450604,3,34901,565,0,Adiantado,0.14189159943289203
1473878,3,34901,125,0,Adiantado,0.3473909982089954
1501577,3,34901,193,0,Adiantado,0.1737380822650965
1532711,3,34901,309,1,Tardio,0.5361015633427864
1585671,3,34901,517,2,Equilibrado,0.23403811802226981
1603549,3,34901,113,1,Tardio,-0.0668507834901583
1631797,3,34901,177,0,Adiantado,0.103580485258879
1639699,3,34901,259,2,Equilibrado,0.20911867037681028
1640680,3,34901,386,2,Equilibrado,0.2883064698708044
1658963,3,34901,17,1,Tardio,0.06962229660415194
1722493,3,34901,911,0,Adiantado,0.13926030314251586
1733664,3,34901,1491,1,Tardio,0.3736757718399685
1752994,3,34901,785,2,Equilibrado,0.09926551961612518
1755594,3,34901,314,0,Adiantado,0.12877711456531382
1771775,3,34901,295,1,Tardio,0.5157355460675915
1796402,3,34901,102,1,Tardio,0.3070400982897808
1810759,3,34901,149,0,Adiantado,0.2274652381765718
1816458,3,34901,817,0,Adiantado,0.1678511087814893
1817710,3,34901,209,1,Tardio,0.5518535494258588
1818385,3,34901,433,0,Adiantado,0.06403739161436534
1836241,3,34901,569,0,Adiantado,0.3047645636397182
1837138,3,34901,1998,0,Adiantado,0.08145314813365576
1856869,3,34901,199,2,Equilibrado,0.07488550800504934
1871598,3,34901,1781,0,Adiantado,0.04211631588879168
1871684,3,34901,125,0,Adiantado,0.2458522938009478
1877902,3,34901,742,0,Adiantado,0.01286284570652559
1879321,3,34901,836,2,Equilibrado,0.06608394287009475
1881231,3,34901,329,0,Adiantado,0.21460486977739937
1887108,3,34901,835,2,Equilibrado,0.28649459779599007
1889752,3,34901,300,0,Adiantado,0.33823592780486655
1944167,3,34901,226,0,Adiantado,0.2450270685874486
1948159,3,34901,213,2,Equilibrado,0.3485869837384783
1962049,3,34901,1734,2,Equilibrado,0.2578035747083233
1962062,3,34901,298,0,Adiantado,0.24050531513523413
1972092,3,34901,1069,0,Adiantado,-0.03099030032066386
1995177,3,34901,406,0,Adiantado,0.1955658862109825
1998834,3,34901,110,0,Adiantado,-0.017455296419518974
2017487,3,34901,743,0,Adiantado,0.24245860991841506
2020628,3,34901,1236,2,Equilibrado,0.2797531130265905
2026075,3,34901,670,2,Equilibrado,0.42506885932193395
2029571,3,34901,459,2,Equilibrado,0.34183168072192854
2035700,3,34901,1368,0,Adiantado,0.07542403908338777
2047575,3,34901,792,2,Equilibrado,0.1387309023290108
2065972,3,34901,465,2,Equilibrado,0.42497353308677854
2067799,3,34901,53,1,Tardio,0.4884590383564046
2081123,3,34901,194,2,Equilibrado,0.3929693150050681
2096251,3,34901,371,0,Adiantado,0.037902800028106254
2103552,3,34901,289,0,Adiantado,0.3928591636475785
2106955,3,34901,1179,2,Equilibrado,0.13442515500986502
2128283,3,34901,862,0,Adiantado,0.3065533815450914
2138970,3,34901,103,0,Adiantado,0.31809176012901536
2140300,3,34901,741,0,Adiantado,0.2015243268288767
2143312,3,34901,1448,2,Equilibrado,0.3380418338353514
2143440,3,34901,519,2,Equilibrado,0.15015990610294822
2154361,3,34901,195,1,Tardio,0.4779899823414041
2160316,3,34901,1291,2,Equilibrado,0.10564458417476091
2178837,3,34901,1258,2,Equilibrado,0.19243253639067176
2180090,3,34901,1841,2,Equilibrado,0.13168437117154871
2185729,3,34901,633,2,Equilibrado,0.42930046069576283
2197766,3,34901,376,2,Equilibrado,0.20434117505844301
2254637,3,34901,493,0,Adiantado,0.10550132484387906
2274542,3,34901,441,2,Equilibrado,0.38758776726455896
2278101,3,34901,183,1,Tardio,0.14746161394802382
2293511,3,34901,889,0,Adiantado,0.19692722384270486
2298106,3,34901,1180,1,Tardio,0.5230948312500082
2298895,3,34901,782,0,Adiantado,0.28488824812665026
2301830,3,34901,828,0,Adiantado,0.043885396217221255
2306410,3,34901,197,0,Adiantado,0.1354657105740333
2316717,3,34901,736,1,Tardio,0.21678851311265268
2339267,3,34901,345,1,Tardio,0.10973653848188472
2341420,3,34901,333,2,Equilibrado,0.11399694436585078
2343785,3,34901,517,0,Adiantado,0.342019300949226
2351969,3,34901,111,1,Tardio,0.17893144666168104
2360559,3,34901,938,0,Adiantado,-0.01824472641259085
2366656,3,34901,199,1,Tardio,0.5252274852168224
2378208,3,34901,390,1,Tardio,0.5492285034993201
2386732,3,34901,605,0,Adiantado,0.05380701735096589
2399758,3,34901,217,0,Adiantado,0.16454608114125333
2403701,3,34901,1836,2,Equilibrado,0.22230745404860336
2417975,3,34901,731,2,Equilibrado,0.18762703823521765
2424257,3,34901,433,2,Equilibrado,0.314376645882996
2427845,3,34901,803,2,Equilibrado,0.18708024514533975
2438784,3,34901,379,1,Tardio,0.527158608370692
2457440,3,34901,99,0,Adiantado,0.296056660686866
2459292,3,34901,106,1,Tardio,0.29592687054195244
2480886,3,34901,419,0,Adiantado,0.36839246258721564
2482710,3,34901,468,1,Tardio,0.025299310429927214
2486930,3,34901,127,1,Tardio,0.5068668903102117
2499307,3,34901,329,2,Equilibrado,0.2888533496307028
2519138,3,34901,435,0,Adiantado,0.005371131061331684
2529419,3,34901,316,2,Equilibrado,0.12334305888497268
2530976,3,34901,187,0,Adiantado,0.2069425895842054
2537777,3,34901,288,0,Adiantado,0.09594915894595205
2540871,3,34901,439,2,Equilibrado,0.1409819106373095
2542209,3,34901,677,0,Adiantado,0.025134130913969564
2544643,3,34901,743,2,Equilibrado,0.39889231501887223
2544766,3,34901,70,0,Adiantado,0.2884806241268913
2546315,3,34901,177,1,Tardio,-0.039476334647453364
2550534,3,34901,392,1,Tardio,0.17043622276657672
2557008,3,34901,781,0,Adiantado,0.36741155564676486
2558365,3,34901,78,1,Tardio,0.22908324572381958
2559144,3,34901,35,1,Tardio,0.4988358267840625
2563095,3,34901,335,1,Tardio,0.18727582538674167
2579891,3,34901,313,2,Equilibrado,0.11649938792346978
2584244,3,34901,236,0,Adiantado,0.38822224791314375
2597117,3,34901,920,0,Adiantado,0.0380698459755728
2599883,3,34901,522,2,Equilibrado,0.14596939934513548
2602542,3,34901,813,2,Equilibrado,0.15002921678171693
2603027,3,34901,1220,0,Adiantado,0.10127477110287364
2612102,3,34901,757,2,Equilibrado,0.11034540128539794
2624028,3,34901,254,0,Adiantado,0.3444348276817155
2641156,3,34901,209,2,Equilibrado,0.26009356050140114
2642532,3,34901,187,2,Equilibrado,0.36220277360366315
2643472,3,34901,162,1,Tardio,0.5351372047916834
2643829,3,34901,73,0,Adiantado,0.2583281038426673
2649948,3,34901,236,2,Equilibrado,0.452766978831675
2657913,3,34901,334,1,Tardio,0.39176285015558127
2658856,3,34901,524,0,Adiantado,0.08071158294306109
2667478,3,34901,123,0,Adiantado,0.28796691221998744
2681198,3,34901,421,2,Equilibrado,0.22846622635175579
2682682,3,34901,367,1,Tardio,0.5388706773792673
2683857,3,34901,972,1,Tardio,0.040678776121329314
2686035,3,34901,118,1,Tardio,0.5065675762150829
2693932,3,34901,499,2,Equilibrado,0.15051582310460893
2694139,3,34901,755,2,Equilibrado,0.2855810193725553
2697921,3,34901,122,1,Tardio,0.5255985361637698
31296,4,34902,42,0,Adiantado,0.33538715150585224
40878,4,34902,480,2,Equilibrado,0.18979590406927563
42552,4,34902,790,2,Equilibrado,0.38525693947339623
45423,4,34902,124,0,Adiantado,0.2885287023971933
47861,4,34902,811,2,Equilibrado,0.46272328960995696
56637,4,34902,711,0,Adiantado,0.04892637708782499
56667,4,34902,42,0,Adiantado,0.30761796287757454
58884,4,34902,1099,2,Equilibrado,0.24676848173720006
64427,4,34902,974,2,Equilibrado,0.3346941119965284
71159,4,34902,659,1,Tardio,-0.059179266387809085
74165,4,34902,12,1,Tardio,0.40872418541978695
75107,4,34902,1210,2,Equilibrado,0.18250766828951195
77692,4,34902,220,1,Tardio,0.4739691945699402
77995,4,34902,50,0,Adiantado,0.27341031967695495
79610,4,34902,480,0,Adiantado,0.19258459481195736
80438,4,34902,1665,0,Adiantado,0.10249426799936776
84604,4,34902,1357,2,Equilibrado,0.3957182678758978
87264,4,34902,1628,2,Equilibrado,0.1550132571476954
87322,4,34902,167,1,Tardio,0.5250800868714262
102854,4,34902,959,2,Equilibrado,0.2706546361318179
105939,4,34902,302,2,Equilibrado,0.2847954018376347
107455,4,34902,154,2,Equilibrado,0.1112663388286603
108949,4,34902,63,1,Tardio,0.4371253065699146
119310,4,34902,479,0,Adiantado,0.3480252281378603
119865,4,34902,194,2,Equilibrado,0.2032067352080905
125063,4,34902,347,1,Tardio,0.47774524145365055
129907,4,34902,892,0,Adiantado,-0.038558633214962584
130409,4,34902,15,0,Adiantado,0.2619570642118649
131597,4,34902,738,2,Equilibrado,0.3634062962436182
132475,4,34902,568,0,Adiantado,0.10144893589984853
135280,4,34902,164,1,Tardio,0.5257029236995691
136944,4,34902,227,2,Equilibrado,0.28254669562438606
139206,4,34902,679,2,Equilibrado,0.3802794871934241
142310,4,34902,387,2,Equilibrado,0.2382461645938661
149178,4,34902,268,0,Adiantado,0.10667974170328669
150282,4,34902,105,1,Tardio,0.49983574021461313
152524,4,34902,1172,0,Adiantado,0.07254850944859337
152917,4,34902,1408,2,Equilibrado,0.33615282827804915
155938,4,34902,318,1,Tardio,0.03361932661403744
159906,4,34902,284,1,Tardio,0.03808396420642965
159947,4,34902,278,0,Adiantado,0.2697197478458136
164148,4,34902,794,2,Equilibrado,0.30379165155808663
166123,4,34902,488,2,Equilibrado,0.39677639229734146
170874,4,34902,499,2,Equilibrado,0.44354069902219656
171692,4,34902,82,0,Adiantado,0.14032160231979957
172493,4,34902,764,0,Adiantado,0.1488497678434213
173412,4,34902,769,0,Adiantado,0.07956166579855206
177492,4,34902,524,2,Equilibrado,0.22439333113532972
185994,4,34902,539,0,Adiantado,0.23873195369780487
194163,4,34902,657,2,Equilibrado,0.3693340346651231
195246,4,34902,581,2,Equilibrado,0.23530653278813218
195552,4,34902,1985,0,Adiantado,0.1614733738124944
197536,4,34902,176,1,Tardio,0.4792162589578012
199009,4,34902,728,2,Equilibrado,0.28975311752341526
226955,4,34902,207,0,Adiantado,0.11334727240922088
228633,4,34902,159,2,Equilibrado,0.1287882470778704
229498,4,34902,603,0,Adiantado,0.27027359032553533
232173,4,34902,591,2,Equilibrado,0.03290881473684931
234661,4,34902,426,1,Tardio,0.19401082260837302
235768,4,34902,47,1,Tardio,0.05115018971623883
235971,4,34902,495,0,Adiantado,-0.010801095795478602
236090,4,34902,623,0,Adiantado,0.17820937120874106
237891,4,34902,309,0,Adiantado,0.398709259719618
249357,4,34902,324,2,Equilibrado,0.11544343284057768
251166,4,34902,748,2,Equilibrado,0.2456096205389282
253633,4,34902,312,0,Adiantado,0.222031314399249
253763,4,34902,805,2,Equilibrado,0.18471879740256109
258245,4,34902,282,0,Adiantado,0.2228695059894622
258509,4,34902,332,2,Equilibrado,0.11720122098579944
258978,4,34902,308,1,Tardio,0.10844353400585952
262025,4,34902,410,1,Tardio,0.3778254365673913
262394,4,34902,176,1,Tardio,0.5255407534972997
263862,4,34902,270,0,Adiantado,0.025841825605916916
265497,4,34902,228,0,Adiantado,0.2914214918935272
269584,4,34902,102,0,Adiantado,0.2774001049543994
270421,4,34902,239,1,Tardio,0.5450204936171649
278380,4,34902,230,1,Tardio,0.2634035857328469
279440,4,34902,107,0,Adiantado,0.1154519260421573
279653,4,34902,785,2,Equilibrado,0.11536948355279433
281134,4,34902,702,2,Equilibrado,0.2780502609089266
282849,4,34902,1126,2,Equilibrado,0.1134437775635381
283402,4,34902,904,0,Adiantado,0.2825147291658396
286778,4,34902,453,2,Equilibrado,0.20913979328946578
287079,4,34902,253,2,Equilibrado,0.3682016755164499
287258,4,34902,627,0,Adiantado,0.23740576768081276
289247,4,34902,637,2,Equilibrado,0.4311813444846611
294219,4,34902,533,1,Tardio,0.13868361696501982
294929,4,34902,868,2,Equilibrado,0.2624193952377183
297218,4,34902,41,0,Adiantado,0.0919012369761442
297341,4,34902,250,0,Adiantado,0.14240560904395133
301074,4,34902,437,2,Equilibrado,0.30699312970596726
305064,4,34902,1014,2,Equilibrado,0.25043466095153916
305659,4,34902,73,1,Tardio,0.4511857449189907
310205,4,34902,577,2,Equilibrado,0.14315989885538388
312231,4,34902,51,1,Tardio,0.376255347944879
312960,4,34902,37,1,Tardio,0.29097102070648556
315795,4,34902,39,2,Equilibrado,0.3429969010680228
316082,4,34902,481,1,Tardio,0.24400273631260527
318147,4,34902,1085,0,Adiantado,0.13063897056096024
319073,4,34902,283,1,Tardio,0.17938245274895137
320133,4,34902,907,0,Adiantado,0.06603749128727499
320612,4,34902,751,0,Adiantado,0.06493191376584682
328797,4,34902,258,1,Tardio,0.5120935651701762
329895,4,34902,145,2,Equilibrado,0.1369704948916587
331789,4,34902,673,2,Equilibrado,0.08814478936791098
333993,4,34902,407,2,Equilibrado,0.24609794725165093
335095,4,34902,527,1,Tardio,-0.08270568904996851
337000,4,34902,624,0,Adiantado,0.04260405513291807
338689,4,34902,600,0,Adiantado,0.3728067953727429
338806,4,34902,110,1,Tardio,0.4829539525996333
339519,4,34902,494,1,Tardio,0.34927181663235024
341629,4,34902,436,2,Equilibrado,0.19662501467786966
343709,4,34902,59,1,Tardio,0.21127002053428814
345271,4,34902,878,0,Adiantado,0.09455808021921505
347197,4,34902,1051,2,Equilibrado,0.29788521518962835
348108,4,34902,195,1,Tardio,0.5267709639300249
348324,4,34902,331,0,Adiantado,0.21395935848989542
349515,4,34902,14,1,Tardio,0.34927672967944334
351147,4,34902,615,2,Equilibrado,0.19821559506451764
354698,4,34902,147,1,Tardio,0.2703202338600043
355293,4,34902,396,2,Equilibrado,0.15483025760584954
364066,4,34902,694,2,Equilibrado,0.16526919447212984
366140,4,34902,1037,2,Equilibrado,0.41318000380242076
367151,4,34902,689,1,Tardio,0.3106770881887265
369242,4,34902,323,0,Adiantado,0.31050459242043854
369450,4,34902,974,2,Equilibrado,0.19315523684620725
370735,4,34902,306,1,Tardio,0.5105570991959665
372345,4,34902,124,1,Tardio,0.5098240020984391
372509,4,34902,91,0,Adiantado,0.17852064160892273
372511,4,34902,78,1,Tardio,0.510981573492587
375527,4,34902,425,1,Tardio,0.3847235109484255
378946,4,34902,1297,0,Adiantado,0.2047865354020173
380952,4,34902,162,0,Adiantado,0.32117209757799736
381257,4,34902,760,2,Equilibrado,0.41356157838138624
381414,4,34902,109,0,Adiantado,0.020431262959574037
383445,4,34902,27,0,Adiantado,0.20734977830800597
383602,4,34902,879,0,Adiantado,0.292216473850223
383629,4,34902,140,0,Adiantado,0.08814930254705926
384107,4,34902,80,0,Adiantado,0.05388985546662339
386389,4,34902,435,2,Equilibrado,0.10028603732369847
390070,4,34902,39,0,Adiantado,0.29333490837099574
396683,4,34902,196,1,Tardio,0.0530223578039263
396834,4,34902,325,0,Adiantado,0.2614189481805821
396907,4,34902,340,1,Tardio,0.27058380119265213
397219,4,34902,1527,0,Adiantado,0.03343565918536871
397671,4,34902,601,2,Equilibrado,0.34138611578270145
398550,4,34902,442,0,Adiantado,0.1651151084094685
398630,4,34902,167,1,Tardio,0.43462488287209555
399429,4,34902,674,0,Adiantado,-0.03434766835304806
402695,4,34902,730,1,Tardio,0.11024863332632676
405193,4,34902,1731,2,Equilibrado,0.2343201238211841
407232,4,34902,1882,2,Equilibrado,0.4172735624301518
410407,4,34902,433,0,Adiantado,0.21320735285173545
410883,4,34902,320,1,Tardio,0.509958700168071
411304,4,34902,281,1,Tardio,0.22327189359682517
412353,4,34902,862,0,Adiantado,0.3370273789744298
413180,4,34902,1595,2,Equilibrado,0.3493272412098539
413709,4,34902,484,2,Equilibrado,0.09908763414727977
413949,4,34902,878,2,Equilibrado,0.255639426110848
416199,4,34902,545,0,Adiantado,0.2953154032520785
416407,4,34902,789,2,Equilibrado,0.43137394520662115
419059,4,34902,272,1,Tardio,0.3585318566025258
423210,4,34902,274,1,Tardio,0.47902340699768764
423488,4,34902,195,1,Tardio,0.4884590383564046
423781,4,34902,505,0,Adiantado,0.2427100627027483
427256,4,34902,618,2,Equilibrado,0.34615021504511123
429832,4,34902,40,1,Tardio,0.5245917315351089
431139,4,34902,569,0,Adiantado,0.24656114471814983
434476,4,34902,2834,2,Equilibrado,0.40013889947481207
439950,4,34902,58,1,Tardio,0.31542120268812707
439995,4,34902,322,2,Equilibrado,0.10598063054323874
440818,4,34902,803,2,Equilibrado,0.3814049092677126
441165,4,34902,75,2,Equilibrado,0.34817830556404267
442199,4,34902,95,2,Equilibrado,0.06420391546750889
442563,4,34902,238,0,Adiantado,0.16177005231077618
442802,4,34902,596,2,Equilibrado,0.24253210579887324
443151,4,34902,188,1,Tardio,0.0277035562663964
443514,4,34902,330,2,Equilibrado,0.10452151978570005
443696,4,34902,295,2,Equilibrado,0.05903573397737562
444011,4,34902,474,2,Equilibrado,0.4266850761629114
444619,4,34902,2312,2,Equilibrado,0.4077006567303183
444907,4,34902,306,2,Equilibrado,0.1278592602328931
445686,4,34902,10,0,Adiantado,0.03572739134326243
465121,4,34902,74,0,Adiantado,0.28515267964697927
465294,4,34902,530,2,Equilibrado,0.12953621600089826
466120,4,34902,237,2,Equilibrado,0.19517449083266658
466987,4,34902,546,0,Adiantado,0.09091562978650937
467363,4,34902,68,1,Tardio,0.5098876355553884
469499,4,34902,1527,2,Equilibrado,0.3871044255887861
471284,4,34902,219,1,Tardio,0.5493639811283598
474667,4,34902,557,1,Tardio,0.5025255017455511
475015,4,34902,340,2,Equilibrado,0.13620316679380065
476401,4,34902,1382,2,Equilibrado,0.19838195789836785
476629,4,34902,232,2,Equilibrado,0.2998547126599296
477833,4,34902,1297,2,Equilibrado,0.4476162461440548
479939,4,34902,1756,2,Equilibrado,0.3125519087319843
481717,4,34902,462,2,Equilibrado,0.3129953182822626
482644,4,34902,549,2,Equilibrado,0.4418935303346126
483037,4,34902,745,0,Adiantado,0.10356106237253491
484010,4,34902,290,2,Equilibrado,0.1954378474695059
484594,4,34902,1366,2,Equilibrado,0.21805411478798184
485228,4,34902,624,0,Adiantado,0.01444853408996197
486087,4,34902,708,0,Adiantado,0.28588688847235627
486964,4,34902,37,1,Tardio,0.42211196048213007
488525,4,34902,524,2,Equilibrado,0.4494246177834974
489553,4,34902,49,0,Adiantado,0.27246851503615027
491126,4,34902,566,2,Equilibrado,0.3815531546439296
491756,4,34902,91,2,Equilibrado,0.28728038821621005
491863,4,34902,427,0,Adiantado,0.195657165748906
492024,4,34902,369,1,Tardio,0.536860586707067
493793,4,34902,650,1,Tardio,0.008460857756338003
494046,4,34902,831,2,Equilibrado,0.17811773331814285
494184,4,34902,244,2,Equilibrado,0.22537932762424243
497415,4,34902,118,2,Equilibrado,0.06530732010805736
498442,4,34902,744,2,Equilibrado,0.09903237716431207
499404,4,34902,796,2,Equilibrado,0.39352318892454685
500068,4,34902,705,2,Equilibrado,0.04467158036848492
500618,4,34902,94,2,Equilibrado,0.2736296480501063
501444,4,34902,673,2,Equilibrado,0.33812922280579505
501897,4,34902,360,0,Adiantado,0.19343106728275528
502011,4,34902,451,2,Equilibrado,0.42014230258502966
505773,4,34902,587,2,Equilibrado,0.34523576213939
506705,4,34902,229,1,Tardio,0.0919284161737778
507743,4,34902,814,2,Equilibrado,0.27986928709986614
507935,4,34902,715,0,Adiantado,0.18785082912762877
508626,4,34902,1456,2,Equilibrado,0.3134296497567817
509536,4,34902,726,0,Adiantado,0.2082880065480547
511309,4,34902,257,0,Adiantado,0.38077230151987257
511981,4,34902,363,0,Adiantado,0.16538339102973068
513422,4,34902,209,1,Tardio,0.22084348204157161
513428,4,34902,322,2,Equilibrado,0.15796507825077943
514078,4,34902,1177,2,Equilibrado,0.43487274518402
514556,4,34902,468,0,Adiantado,-0.032972896058608855
516602,4,34902,56,1,Tardio,0.2294422089251718
517551,4,34902,467,2,Equilibrado,0.1741142094100152
519115,4,34902,267,1,Tardio,0.29288382265520657
521115,4,34902,658,0,Adiantado,0.1787716158296698
521255,4,34902,491,0,Adiantado,0.2401322990481484
522082,4,34902,374,2,Equilibrado,0.11298742761943187
523017,4,34902,979,2,Equilibrado,0.3248098425392708
523249,4,34902,926,0,Adiantado,0.15570610745867994
526721,4,34902,639,2,Equilibrado,0.22306101050624896
526819,4,34902,424,2,Equilibrado,0.25303997324155836
529693,4,34902,428,1,Tardio,0.5202883170682382
529991,4,34902,245,1,Tardio,-0.016510782038265278
530148,4,34902,21,1,Tardio,0.5191363387918952
531018,4,34902,988,2,Equilibrado,0.10051839969662618
531871,4,34902,27,1,Tardio,0.4884590383564046
532254,4,34902,251,0,Adiantado,0.3112644236802626
533418,4,34902,700,2,Equilibrado,0.26620958566986763
534112,4,34902,235,0,Adiantado,0.13703731303316788
534457,4,34902,212,1,Tardio,0.5331428254108891
535671,4,34902,372,0,Adiantado,0.10984353180560023
536351,4,34902,392,0,Adiantado,0.1460466617794172
536475,4,34902,254,1,Tardio,0.4884590383564046
536963,4,34902,597,0,Adiantado,0.32162641571263434
537322,4,34902,621,2,Equilibrado,0.07904871838407783
537811,4,34902,1541,2,Equilibrado,0.22476880173925226
539308,4,34902,95,1,Tardio,0.36187319176286237
539945,4,34902,556,2,Equilibrado,0.2266035602814989
540723,4,34902,1320,2,Equilibrado,0.23216144602830874
541532,4,34902,989,2,Equilibrado,0.21869692536401994
541921,4,34902,372,2,Equilibrado,0.3739648245079358
542202,4,34902,975,0,Adiantado,0.24354082722059886
543010,4,34902,703,0,Adiantado,0.10854930109095444
544745,4,34902,796,1,Tardio,0.5266874473608211
545164,4,34902,185,0,Adiantado,0.30831083949059196
545962,4,34902,649,2,Equilibrado,0.34968829468207147
546547,4,34902,636,2,Equilibrado,0.1757791425198359
546645,4,34902,740,1,Tardio,0.04604708719509013
547347,4,34902,337,2,Equilibrado,0.3044373757050166
549219,4,34902,1228,0,Adiantado,0.1354694218726311
549321,4,34902,486,1,Tardio,0.5538776008485957
549847,4,34902,949,2,Equilibrado,0.3177787569881384
550420,4,34902,605,2,Equilibrado,0.29124004824307625
550703,4,34902,825,0,Adiantado,0.21468682915275544
552173,4,34902,800,2,Equilibrado,0.22670762468896746
553031,4,34902,558,1,Tardio,0.14273987893997486
553284,4,34902,1014,2,Equilibrado,0.30522910000067044
553813,4,34902,158,1,Tardio,0.5241932168502631
554063,4,34902,738,2,Equilibrado,0.35200640491113316
554525,4,34902,489,2,Equilibrado,0.2905944309023323
555049,4,34902,781,2,Equilibrado,0.2927974094046524
556126,4,34902,351,1,Tardio,0.36770342308499854
557085,4,34902,1536,2,Equilibrado,0.40374775952808667
557290,4,34902,371,2,Equilibrado,0.09653623907547416
558044,4,34902,415,2,Equilibrado,0.4159660856351488
558764,4,34902,773,2,Equilibrado,0.1665646519416855
560047,4,34902,247,2,Equilibrado,0.11575383204423927
560459,4,34902,138,1,Tardio,0.1982557221433248
560645,4,34902,599,2,Equilibrado,0.31344055473403315
561231,4,34902,422,1,Tardio,0.26068276933335066
562064,4,34902,102,1,Tardio,0.31732392429337036
562754,4,34902,217,2,Equilibrado,0.4138665009116829
562990,4,34902,443,2,Equilibrado,0.2694299286093908
563108,4,34902,71,2,Equilibrado,0.3143814967572029
563414,4,34902,881,2,Equilibrado,0.4078899491532653
564243,4,34902,852,2,Equilibrado,0.2769718458650217
564617,4,34902,847,2,Equilibrado,0.09376272227280884
564933,4,34902,468,0,Adiantado,0.29053098871888466
565017,4,34902,1135,2,Equilibrado,0.1578501031119394
569034,4,34902,1780,2,Equilibrado,0.1847834343993376
569080,4,34902,881,2,Equilibrado,0.44947625246658907
569108,4,34902,617,2,Equilibrado,0.3437956114680851
569876,4,34902,656,0,Adiantado,0.36152579577194704
570213,4,34902,426,0,Adiantado,0.15875285062547628
571074,4,34902,831,2,Equilibrado,0.3157379357588331
572074,4,34902,2212,2,Equilibrado,0.06844493291936765
572213,4,34902,387,1,Tardio,0.22778860646547147
573583,4,34902,519,1,Tardio,0.27529482896342644
574527,4,34902,371,0,Adiantado,0.057464941354071514
575069,4,34902,362,2,Equilibrado,0.31205355404323387
575112,4,34902,746,2,Equilibrado,0.1424300592628663
575302,4,34902,1035,2,Equilibrado,0.38503325434407115
577032,4,34902,65,0,Adiantado,0.014542032612222837
577533,4,34902,12,2,Equilibrado,0.32620493848130044
578152,4,34902,277,0,Adiantado,0.05580565473370139
578847,4,34902,160,0,Adiantado,0.3418024304524638
579660,4,34902,406,1,Tardio,0.08298719549701264
579686,4,34902,576,2,Equilibrado,0.35916871567671776
580459,4,34902,603,0,Adiantado,0.11021454158947025
580834,4,34902,1461,2,Equilibrado,0.4295507891228509
580845,4,34902,240,1,Tardio,0.4789718492381757
581219,4,34902,210,2,Equilibrado,0.3544588015521486
581253,4,34902,782,2,Equilibrado,0.14460442142969523
581659,4,34902,1224,0,Adiantado,0.060532483818775885
581779,4,34902,779,2,Equilibrado,0.39303834205074545
582117,4,34902,332,0,Adiantado,0.010443842426008302
582266,4,34902,120,0,Adiantado,0.29001768267165895
582332,4,34902,653,2,Equilibrado,0.2907442718871727
582653,4,34902,51,1,Tardio,0.4884590383564046
583056,4,34902,713,2,Equilibrado,0.13343227054746182
583318,4,34902,133,1,Tardio,0.17796491030317863
583487,4,34902,1672,2,Equilibrado,0.14237083056007613
584515,4,34902,152,0,Adiantado,0.00381633580646567
585224,4,34902,627,0,Adiantado,-0.016710272449080223
585261,4,34902,790,2,Equilibrado,0.43834788041847494
585284,4,34902,324,2,Equilibrado,0.2554742810109059
585503,4,34902,1227,0,Adiantado,0.030776332646756336
585572,4,34902,371,2,Equilibrado,0.14662122324878163
585958,4,34902,689,0,Adiantado,0.22239160215535989
586906,4,34902,543,2,Equilibrado,0.3231741556341294
587571,4,34902,1117,0,Adiantado,0.06456408184314459
588128,4,34902,325,1,Tardio,0.30718483943817565
588628,4,34902,1132,2,Equilibrado,0.06016440596719476
589080,4,34902,1033,0,Adiantado,0.11348213011948736
589162,4,34902,1196,2,Equilibrado,0.38548442130727567
589332,4,34902,833,0,Adiantado,0.04597862324949793
589389,4,34902,46,2,Equilibrado,0.09785827338040144
589828,4,34902,185,0,Adiantado,0.173484551894561
590120,4,34902,628,1,Tardio,0.34607911921275436
591525,4,34902,601,0,Adiantado,0.14872932938525912
591581,4,34902,445,2,Equilibrado,0.1649771575063735
591946,4,34902,404,0,Adiantado,0.10124527100043203
592218,4,34902,724,2,Equilibrado,0.4109056622815141
592295,4,34902,230,0,Adiantado,0.3642324525975334
592558,4,34902,812,1,Tardio,0.3573285646198718
592939,4,34902,81,2,Equilibrado,0.19612125123595994
593136,4,34902,345,2,Equilibrado,0.37447573610750823
593563,4,34902,725,0,Adiantado,0.02465056856416391
593722,4,34902,718,1,Tardio,0.09381196734815267
593796,4,34902,2494,2,Equilibrado,0.39056810462112435
594065,4,34902,643,2,Equilibrado,0.07800667454630597
594122,4,34902,393,2,Equilibrado,0.3512492036120634
594229,4,34902,649,0,Adiantado,0.2856959278490292
594258,4,34902,18,2,Equilibrado,0.2777896073798191
594636,4,34902,1217,2,Equilibrado,0.17230250785505188
595721,4,34902,349,1,Tardio,0.31406180318575266
595943,4,34902,700,2,Equilibrado,0.08101323919198308
596243,4,34902,304,1,Tardio,0.1638592056887232
596253,4,34902,513,1,Tardio,0.29276561121576133
596758,4,34902,594,0,Adiantado,0.07421788383525077
597740,4,34902,450,0,Adiantado,0.17737916095222583
597937,4,34902,473,2,Equilibrado,0.11014335425187284
598308,4,34902,444,2,Equilibrado,0.04409625474001796
598540,4,34902,703,0,Adiantado,0.09669174326963989
598559,4,34902,608,0,Adiantado,0.2821551309513164
599865,4,34902,17,1,Tardio,0.4884590383564046
600071,4,34902,730,2,Equilibrado,0.44397185480675666
600773,4,34902,434,2,Equilibrado,0.34001737352417943
600893,4,34902,83,1,Tardio,0.3356895238349603
601008,4,34902,113,1,Tardio,0.5088300601902547
601235,4,34902,956,2,Equilibrado,0.06676243172814302
601271,4,34902,275,2,Equilibrado,0.28001375674372636
601820,4,34902,105,1,Tardio,0.5045893721492534
602594,4,34902,801,2,Equilibrado,0.18907043940380747
603648,4,34902,863,2,Equilibrado,0.4157456894112141
604567,4,34902,306,1,Tardio,0.4221041845473972
604614,4,34902,510,0,Adiantado,0.29154369125970947
605180,4,34902,529,1,Tardio,0.06887788509838845
605682,4,34902,646,2,Equilibrado,0.4443450091726982
606257,4,34902,569,1,Tardio,0.3939147103565966
606805,4,34902,984,0,Adiantado,0.3318453976897669
606904,4,34902,154,2,Equilibrado,0.290975677219765
607243,4,34902,1867,2,Equilibrado,0.3835268095789052
607303,4,34902,708,2,Equilibrado,0.4362923060368243
607501,4,34902,824,2,Equilibrado,0.3326393845360746
607679,4,34902,1013,2,Equilibrado,0.1473847806983379
607700,4,34902,433,1,Tardio,0.030008753881381363
607866,4,34902,15,2,Equilibrado,0.20134572613084348
609142,4,34902,814,0,Adiantado,0.02035317386773014
609240,4,34902,549,0,Adiantado,0.017052252167167808
611603,4,34902,145,1,Tardio,0.5319628412067692
612842,4,34902,607,2,Equilibrado,0.335198208104997
613165,4,34902,1730,2,Equilibrado,0.11517761307588496
613330,4,34902,693,0,Adiantado,0.2787264138621656
613634,4,34902,842,0,Adiantado,0.18948587422758273
613899,4,34902,1981,2,Equilibrado,0.33459148065702393
614059,4,34902,200,1,Tardio,-0.010058570412676809
614984,4,34902,592,0,Adiantado,0.3076669057792156
615266,4,34902,807,0,Adiantado,0.08820580366961837
615299,4,34902,809,2,Equilibrado,0.24038759946468272
615301,4,34902,1252,2,Equilibrado,0.2614738483594101
615302,4,34902,1028,2,Equilibrado,0.2735106708487942
615306,4,34902,949,0,Adiantado,0.0199908368671374
615328,4,34902,531,0,Adiantado,0.35754289553118784
615340,4,34902,9,0,Adiantado,0.21896521636548721
615342,4,34902,769,2,Equilibrado,0.32134999277376397
615356,4,34902,551,2,Equilibrado,0.3276856376792671
616517,4,34902,1026,0,Adiantado,0.04803345698631011
616912,4,34902,311,2,Equilibrado,0.3080825523792665
617010,4,34902,736,2,Equilibrado,0.3897809716062171
617119,4,34902,782,1,Tardio,0.13034968711059805
617580,4,34902,1927,2,Equilibrado,0.22277168907488393
617783,4,34902,514,1,Tardio,0.10948743460118758
617922,4,34902,270,2,Equilibrado,0.006036883795250114
618663,4,34902,166,1,Tardio,0.4884590383564046
619204,4,34902,184,1,Tardio,0.20008695806428517
619292,4,34902,1044,2,Equilibrado,0.07451636668831989
619321,4,34902,451,0,Adiantado,0.34848892473453597
619502,4,34902,395,1,Tardio,0.5302811176467181
620094,4,34902,2235,2,Equilibrado,0.20742327054969795
620269,4,34902,273,1,Tardio,0.06452710848713789
620349,4,34902,297,2,Equilibrado,0.42882918803110864
620431,4,34902,645,2,Equilibrado,0.15349604874979256
620740,4,34902,736,0,Adiantado,0.19127280738985272
620810,4,34902,141,0,Adiantado,0.18496232908262866
622481,4,34902,602,2,Equilibrado,0.3876535447479787
622760,4,34902,314,2,Equilibrado,0.24085713522177934
622934,4,34902,868,1,Tardio,0.5445320006161741
623471,4,34902,593,2,Equilibrado,0.4377843642931881
623589,4,34902,561,2,Equilibrado,0.17383995255628665
623765,4,34902,864,2,Equilibrado,0.42737507867237856
624282,4,34902,922,2,Equilibrado,0.12434996878287874
624864,4,34902,762,2,Equilibrado,0.05609123262356497
624970,4,34902,800,0,Adiantado,0.28134632118303227
625245,4,34902,578,0,Adiantado,0.25337330858471396
625330,4,34902,398,2,Equilibrado,0.25337343037203536
625515,4,34902,398,0,Adiantado,0.17487757656645622
625743,4,34902,609,0,Adiantado,0.2357624318812351
625802,4,34902,1117,0,Adiantado,0.06456840937364723
625838,4,34902,416,2,Equilibrado,0.406428832355952
626033,4,34902,1277,2,Equilibrado,0.2794212543014452
626349,4,34902,192,2,Equilibrado,0.31585811323430424
626416,4,34902,1048,0,Adiantado,0.1695979072530692
626454,4,34902,359,1,Tardio,0.4713344587374331
626477,4,34902,582,2,Equilibrado,0.18585665501761692
626514,4,34902,757,2,Equilibrado,0.24131150033471158
626552,4,34902,508,0,Adiantado,0.29650432725648157
626579,4,34902,25,0,Adiantado,0.12474635577155864
627365,4,34902,319,0,Adiantado,0.2977819595090039
627829,4,34902,298,2,Equilibrado,0.291520347283096
628149,4,34902,723,2,Equilibrado,0.45413404910817795
628157,4,34902,91,1,Tardio,0.32649452370984816
628383,4,34902,549,2,Equilibrado,0.11647934752414506
628521,4,34902,130,1,Tardio,0.4039780016547606
628888,4,34902,503,2,Equilibrado,0.28592693208874886
628964,4,34902,624,2,Equilibrado,0.1689310789445091
629029,4,34902,201,2,Equilibrado,0.3102939793148437
629182,4,34902,174,1,Tardio,0.4000329560461674
629491,4,34902,655,2,Equilibrado,0.35938034942438135
629818,4,34902,139,1,Tardio,0.30676519896849025
629922,4,34902,704,2,Equilibrado,0.4163717931298836
629944,4,34902,229,1,Tardio,-0.0746239986953785
630109,4,34902,238,0,Adiantado,0.1385853148109388
630158,4,34902,768,2,Equilibrado,0.15998237471981627
630835,4,34902,1203,0,Adiantado,-0.005047926868383966
630905,4,34902,1944,2,Equilibrado,0.4538607948680942
630910,4,34902,605,2,Equilibrado,0.3362515388123628
630992,4,34902,7,1,Tardio,0.005664633851994166
631075,4,34902,118,0,Adiantado,0.008489407814950653
631658,4,34902,2536,2,Equilibrado,0.460817587511883
631681,4,34902,174,2,Equilibrado,0.38536078231923193
631715,4,34902,1041,0,Adiantado,0.14072373732124607
631740,4,34902,427,0,Adiantado,0.028298639315394433
631837,4,34902,1191,0,Adiantado,0.11211139724650175
631924,4,34902,1003,0,Adiantado,0.2798421986953578
632074,4,34902,446,2,Equilibrado,0.43730804819125274
632290,4,34902,98,1,Tardio,0.5140704763554966
632458,4,34902,1932,2,Equilibrado,0.19401732290579582
632556,4,34902,25,0,Adiantado,-0.00752452263113091
632826,4,34902,449,0,Adiantado,0.0927585335073277
632836,4,34902,680,2,Equilibrado,0.35437369314856865
633079,4,34902,517,2,Equilibrado,0.17278095083612427
633516,4,34902,212,1,Tardio,0.5173457149879395
633555,4,34902,982,0,Adiantado,-0.05207110020559129
633568,4,34902,498,2,Equilibrado,0.19813940002612443
633867,4,34902,554,2,Equilibrado,0.21654834743231843
633931,4,34902,596,2,Equilibrado,0.34772278455591804
634088,4,34902,275,1,Tardio,0.2830153655306096
634512,4,34902,452,2,Equilibrado,0.41853261469876757
634526,4,34902,879,2,Equilibrado,0.38720312736366885
634749,4,34902,1781,2,Equilibrado,0.2368061268609317
635184,4,34902,488,2,Equilibrado,0.2918880883739141
635795,4,34902,734,2,Equilibrado,0.4248357216757883
635903,4,34902,125,1,Tardio,0.5111509058556241
636314,4,34902,1030,0,Adiantado,-0.0001521974932578807
636400,4,34902,681,0,Adiantado,0.3144282050251847
636408,4,34902,39,0,Adiantado,0.10894884118059535
636469,4,34902,472,1,Tardio,0.046975252332115976
636547,4,34902,321,0,Adiantado,0.22554499412737986
636565,4,34902,135,2,Equilibrado,0.2534400535307552
636656,4,34902,321,0,Adiantado,-0.01740466262118129
636704,4,34902,165,1,Tardio,0.021182079600957412
636783,4,34902,1068,0,Adiantado,0.20893915946766542
636830,4,34902,1002,0,Adiantado,0.1401362203378299
636832,4,34902,1519,2,Equilibrado,0.2553792632387285
637004,4,34902,1023,2,Equilibrado,0.36822510420803267
637089,4,34902,97,1,Tardio,0.5154363833189709
637358,4,34902,216,2,Equilibrado,0.1744613410862965
637514,4,34902,157,2,Equilibrado,0.11807998443138129
637582,4,34902,225,0,Adiantado,0.30220285628153887
637708,4,34902,953,2,Equilibrado,0.22105394264668352
637906,4,34902,200,2,Equilibrado,0.21731673727106812
637939,4,34902,52,1,Tardio,0.5115573513555333
637980,4,34902,791,0,Adiantado,0.0033416395199092836
638034,4,34902,731,0,Adiantado,0.11429611842736001
638388,4,34902,265,1,Tardio,0.03484079246241628
638411,4,34902,1560,0,Adiantado,-0.025302216243623554
638498,4,34902,422,0,Adiantado,0.3192392842160023
638515,4,34902,153,0,Adiantado,0.10774478407513173
638625,4,34902,753,0,Adiantado,-0.0007905561697937468
638655,4,34902,778,2,Equilibrado,0.15630463450003274
638677,4,34902,346,0,Adiantado,0.20638138759885638
638831,4,34902,468,2,Equilibrado,0.17635913630506245
639028,4,34902,473,1,Tardio,-0.07263180271776772
639231,4,34902,422,0,Adiantado,0.15848363775541932
639234,4,34902,566,2,Equilibrado,0.4386964183909524
639522,4,34902,50,1,Tardio,0.4613136786900024
640098,4,34902,599,2,Equilibrado,0.3116874369493505
640278,4,34902,2970,2,Equilibrado,0.3937965207286734
640329,4,34902,859,2,Equilibrado,0.2318599177555151
640429,4,34902,1112,2,Equilibrado,0.3934912231385909
640711,4,34902,693,0,Adiantado,0.0013083948416399878
640752,4,34902,313,2,Equilibrado,0.1415003595898357
640848,4,34902,15,2,Equilibrado,0.32331071244169873
640892,4,34902,443,1,Tardio,0.2713102541326496
640913,4,34902,91,1,Tardio,0.4884590383564046
640927,4,34902,782,2,Equilibrado,0.40051866544053893
641137,4,34902,1149,2,Equilibrado,0.14708310634974833
641309,4,34902,712,2,Equilibrado,0.17113535227242777
641311,4,34902,1032,2,Equilibrado,0.14890050520059733
641363,4,34902,76,1,Tardio,0.5108769485207891
641401,4,34902,832,0,Adiantado,0.2171197934095552
641461,4,34902,413,0,Adiantado,0.24184709989463413
641547,4,34902,76,1,Tardio,0.1515952212006287
641864,4,34902,575,0,Adiantado,0.24142450923447883
641914,4,34902,1590,2,Equilibrado,0.23279560013235429
642029,4,34902,255,2,Equilibrado,0.2811030582555423
642056,4,34902,137,1,Tardio,0.20945976928588958
642375,4,34902,374,2,Equilibrado,0.37775168281367955
642448,4,34902,293,0,Adiantado,0.019570522691212282
642449,4,34902,405,0,Adiantado,0.1470537928744422
642493,4,34902,475,0,Adiantado,0.1293651941571015
642498,4,34902,152,2,Equilibrado,0.44517890374145397
642551,4,34902,409,2,Equilibrado,0.09653495486156405
642740,4,34902,1022,2,Equilibrado,0.1896061343821193
642750,4,34902,1073,0,Adiantado,0.06548940242582484
642843,4,34902,1119,2,Equilibrado,0.2190215403853552
642872,4,34902,2130,2,Equilibrado,0.28726714937963815
642909,4,34902,53,1,Tardio,0.5364202897592899
643069,4,34902,126,0,Adiantado,0.2891832577128496
643202,4,34902,851,2,Equilibrado,0.21373923816155543
643220,4,34902,128,1,Tardio,0.49852363019827217
643273,4,34902,673,1,Tardio,0.06657655949625764
643326,4,34902,1156,2,Equilibrado,0.24326907112826066
643466,4,34902,739,2,Equilibrado,0.3985310607553051
643477,4,34902,1068,0,Adiantado,0.20423145949246188
643496,4,34902,1232,2,Equilibrado,0.3911681948678558
643502,4,34902,178,2,Equilibrado,0.3043987985232516
643591,4,34902,702,2,Equilibrado,0.08542017846665412
643653,4,34902,298,2,Equilibrado,0.3633986165302363
643751,4,34902,1349,2,Equilibrado,0.1492814326095424
643754,4,34902,1906,2,Equilibrado,0.37167208218082753
644025,4,34902,599,2,Equilibrado,0.23692574629518148
644210,4,34902,256,0,Adiantado,0.16119664846880868
644343,4,34902,44,2,Equilibrado,0.0747642625478553
644361,4,34902,3202,2,Equilibrado,0.11897798865349593
644369,4,34902,123,1,Tardio,0.22471473535134387
644450,4,34902,945,0,Adiantado,0.01939099385019632
644508,4,34902,557,0,Adiantado,0.06343556238146675
644761,4,34902,1112,2,Equilibrado,0.15800024696544324
644791,4,34902,1070,2,Equilibrado,0.2558073894060044
644818,4,34902,655,2,Equilibrado,0.2992800635076638
644936,4,34902,197,1,Tardio,0.5340816930526271
644974,4,34902,737,2,Equilibrado,0.17954104799419635
645020,4,34902,331,2,Equilibrado,0.42875037389139836
645078,4,34902,625,0,Adiantado,0.29275504432749666
645405,4,34902,1909,2,Equilibrado,0.3010659152358091
645433,4,34902,155,1,Tardio,0.38483029280031134
645496,4,34902,688,0,Adiantado,0.30089176563324965
645518,4,34902,722,2,Equilibrado,0.10264161256700102
645586,4,34902,143,1,Tardio,0.5059713061833246
645705,4,34902,275,2,Equilibrado,0.13876534790260517
645784,4,34902,201,2,Equilibrado,0.3429215645811836
645840,4,34902,649,2,Equilibrado,0.31723152540975164
645880,4,34902,101,1,Tardio,0.5343352919369045
645948,4,34902,176,1,Tardio,0.17667297870834958
645960,4,34902,169,1,Tardio,0.5145236284095254
645997,4,34902,504,2,Equilibrado,0.2071362711002644
646015,4,34902,424,0,Adiantado,0.24021727727596856
646017,4,34902,1526,2,Equilibrado,0.25805100843079026
646053,4,34902,854,2,Equilibrado,0.11167004720666958
646074,4,34902,1123,0,Adiantado,0.26811902353299616
646085,4,34902,783,0,Adiantado,0.31444684734221945
646138,4,34902,300,2,Equilibrado,0.41373819798739286
646313,4,34902,739,0,Adiantado,0.34231427801729464
646357,4,34902,612,0,Adiantado,0.05277234537468976
646402,4,34902,525,2,Equilibrado,0.18935665598850718
646460,4,34902,493,2,Equilibrado,0.45120400143153755
646539,4,34902,310,1,Tardio,0.053902763066489105
646540,4,34902,1074,0,Adiantado,0.30752858317719234
646551,4,34902,1433,2,Equilibrado,0.13108381288282916
646638,4,34902,301,0,Adiantado,0.22060060288339947
646670,4,34902,425,1,Tardio,0.491053063022413
646734,4,34902,123,1,Tardio,0.4884590383564046
646750,4,34902,106,0,Adiantado,0.37726967262592914
646778,4,34902,913,2,Equilibrado,0.21115393327579904
646990,4,34902,505,2,Equilibrado,0.21494168649529108
647040,4,34902,441,2,Equilibrado,0.3285515312321657
647154,4,34902,418,1,Tardio,0.5316663064042059
647169,4,34902,461,0,Adiantado,0.14092012974596876
647320,4,34902,1216,1,Tardio,0.229384742575252
647324,4,34902,967,0,Adiantado,0.1650248440310739
647391,4,34902,81,2,Equilibrado,0.13821771283828171
647398,4,34902,457,0,Adiantado,0.3743231143237008
647399,4,34902,822,2,Equilibrado,0.06843176873492426
647425,4,34902,3121,2,Equilibrado,0.06400986827904309
647485,4,34902,209,2,Equilibrado,0.15133288801464914
647496,4,34902,220,0,Adiantado,0.35419162496738954
647765,4,34902,119,1,Tardio,0.4884590383564046
647841,4,34902,224,2,Equilibrado,0.3253085562545118
647898,4,34902,413,0,Adiantado,0.11412776453450446
647910,4,34902,151,1,Tardio,0.37283056029366834
647945,4,34902,311,2,Equilibrado,0.17394388660998375
647987,4,34902,104,1,Tardio,0.45801346566426343
648027,4,34902,179,1,Tardio,0.5383525835188306
648037,4,34902,1021,2,Equilibrado,0.10901029495723154
648038,4,34902,735,2,Equilibrado,0.23339455665944495
648040,4,34902,854,2,Equilibrado,0.15544294077782675
648086,4,34902,324,2,Equilibrado,0.35978911396092206
648105,4,34902,549,2,Equilibrado,0.15616902547382824
648114,4,34902,749,2,Equilibrado,0.45158490805082435
648116,4,34902,700,0,Adiantado,-0.06859201138443191
648140,4,34902,126,2,Equilibrado,0.32927288403464533
648254,4,34902,350,1,Tardio,0.5133625739655087
648287,4,34902,467,2,Equilibrado,0.11715457699881399
648365,4,34902,1018,2,Equilibrado,0.12528355452108156
648366,4,34902,664,0,Adiantado,0.02806316181516069
648457,4,34902,350,1,Tardio,0.28360003689321533
648470,4,34902,852,2,Equilibrado,0.13240894590253816
648531,4,34902,870,2,Equilibrado,0.08996789441349248
648536,4,34902,142,1,Tardio,0.48340597662633894
648564,4,34902,796,1,Tardio,0.00957912270118231
648571,4,34902,592,2,Equilibrado,0.3278577601294477
648590,4,34902,324,1,Tardio,0.0013358917280794466
648613,4,34902,443,1,Tardio,0.36304826652505556
648685,4,34902,377,0,Adiantado,0.22051776851799978
648804,4,34902,306,0,Adiantado,0.04955069800963906
648815,4,34902,1115,2,Equilibrado,0.2479900347330115
648903,4,34902,381,2,Equilibrado,0.12134814580316676
648972,4,34902,166,1,Tardio,0.5047790349611767
649004,4,34902,1619,2,Equilibrado,0.1694799388791517
649009,4,34902,38,0,Adiantado,0.03682884235832633
649079,4,34902,1972,0,Adiantado,-0.01327091294639795
649084,4,34902,367,2,Equilibrado,0.384559213629307
649093,4,34902,223,2,Equilibrado,0.2093265956272968
649118,4,34902,37,2,Equilibrado,0.3110221739693712
649141,4,34902,250,2,Equilibrado,0.12780538098207261
649159,4,34902,549,2,Equilibrado,0.46182993389740745
649165,4,34902,192,1,Tardio,0.4800609000075804
649207,4,34902,658,2,Equilibrado,0.3926055271344921
649212,4,34902,859,0,Adiantado,0.36783713235369137
649230,4,34902,860,2,Equilibrado,0.23111745493249636
649258,4,34902,59,1,Tardio,0.23327061114698258
649284,4,34902,185,1,Tardio,0.4821304099713917
649379,4,34902,1618,0,Adiantado,0.17181480411553818
649400,4,34902,681,2,Equilibrado,0.3147959756296651
649434,4,34902,710,0,Adiantado,0.12221457366003037
649435,4,34902,382,0,Adiantado,0.10038194382022082
649457,4,34902,1137,0,Adiantado,0.010473132344250131
649566,4,34902,308,0,Adiantado,0.2867169014625945
649619,4,34902,741,0,Adiantado,0.1330491643691154
649735,4,34902,320,1,Tardio,0.5428147183470495
649806,4,34902,39,1,Tardio,0.11972424568117383
649952,4,34902,844,2,Equilibrado,0.44569623697287286
649979,4,34902,68,1,Tardio,0.22540875830438384
650031,4,34902,240,1,Tardio,0.2694596607237122
650108,4,34902,682,0,Adiantado,0.36660174795986544
650160,4,34902,780,2,Equilibrado,0.2366715877259715
650251,4,34902,786,2,Equilibrado,0.38937888545266713
650363,4,34902,456,2,Equilibrado,0.21199853871406457
650370,4,34902,217,1,Tardio,0.5228284100326236
650424,4,34902,438,0,Adiantado,0.10151053441093698
650461,4,34902,123,0,Adiantado,0.31503557357602324
650469,4,34902,843,2,Equilibrado,0.39083077663628507
650473,4,34902,509,0,Adiantado,0.1445056810045793
650570,4,34902,529,0,Adiantado,0.14201038380243894
650866,4,34902,1672,2,Equilibrado,0.352450385325726
650923,4,34902,134,1,Tardio,0.21544062027719021
650960,4,34902,109,1,Tardio,0.5451109653232453
651040,4,34902,109,1,Tardio,0.5272474460160181
651121,4,34902,790,0,Adiantado,0.33508391356077094
651126,4,34902,282,1,Tardio,0.5299854170582696
651200,4,34902,23,0,Adiantado,0.2877818485024484
651238,4,34902,470,2,Equilibrado,0.1809406835500279
651330,4,34902,203,1,Tardio,0.49522818331400176
651354,4,34902,752,2,Equilibrado,0.3894701022520017
651381,4,34902,639,1,Tardio,0.2655843052752986
651419,4,34902,1547,2,Equilibrado,0.40102513783974947
651478,4,34902,1179,2,Equilibrado,0.34800869261876166
651498,4,34902,1021,2,Equilibrado,0.10166152122456351
651555,4,34902,60,1,Tardio,0.5125723933155407
651598,4,34902,336,2,Equilibrado,0.09076648741040783
651693,4,34902,135,1,Tardio,0.4884590383564046
651881,4,34902,450,0,Adiantado,0.11860718196229264
651927,4,34902,798,2,Equilibrado,0.22018078558347207
651990,4,34902,460,0,Adiantado,0.23465596211966844
652008,4,34902,484,2,Equilibrado,0.44099580790523885
652064,4,34902,822,2,Equilibrado,0.18932102983379714
652087,4,34902,221,2,Equilibrado,0.28829617902384774
652333,4,34902,436,2,Equilibrado,0.22671598216944447
652335,4,34902,643,0,Adiantado,0.25272638186007945
652438,4,34902,95,0,Adiantado,0.09953418222532609
652576,4,34902,487,0,Adiantado,0.2734697134852897
652625,4,34902,510,2,Equilibrado,0.0682740349266577
652672,4,34902,808,0,Adiantado,0.08093823131858659
652684,4,34902,880,2,Equilibrado,0.2162874653138574
652711,4,34902,655,2,Equilibrado,0.14255588003259803
652753,4,34902,275,0,Adiantado,0.2574448533094773
652788,4,34902,489,2,Equilibrado,0.3636850995434274
652887,4,34902,261,0,Adiantado,0.29055196210264855
652890,4,34902,123,1,Tardio,0.5105607539903473
652898,4,34902,1236,0,Adiantado,0.03421937998430538
652994,4,34902,90,0,Adiantado,0.3358253584090977
653045,4,34902,220,0,Adiantado,0.268145834993823
653115,4,34902,79,2,Equilibrado,0.31166231720159354
653144,4,34902,161,0,Adiantado,0.24278613243064878
653297,4,34902,413,0,Adiantado,0.07588307870140502
653301,4,34902,711,0,Adiantado,0.02345820629996921
653381,4,34902,462,0,Adiantado,0.12660687728535114
653417,4,34902,110,1,Tardio,0.33788884135683406
653536,4,34902,140,1,Tardio,0.4271844721076694
653558,4,34902,295,0,Adiantado,0.03285479058367785
653567,4,34902,95,1,Tardio,0.4533724645555837
653595,4,34902,662,0,Adiantado,0.05636779734691436
653653,4,34902,324,0,Adiantado,0.35449936197374793
653773,4,34902,992,0,Adiantado,0.17856597751658868
653841,4,34902,619,0,Adiantado,0.24413312975771137
653857,4,34902,78,0,Adiantado,0.313130903269707
654045,4,34902,8,2,Equilibrado,0.12142089043072467
654114,4,34902,488,2,Equilibrado,0.13571079435759045
654169,4,34902,401,2,Equilibrado,0.42001052194212346
654217,4,34902,106,2,Equilibrado,0.4599497785469748
654236,4,34902,347,2,Equilibrado,0.29607419157122783
654260,4,34902,397,2,Equilibrado,0.3014753147600041
654339,4,34902,313,1,Tardio,0.026167239226076857
654441,4,34902,1028,1,Tardio,-0.01251579578454753
654565,4,34902,373,1,Tardio,0.3701171175878474
654578,4,34902,435,2,Equilibrado,0.2812293489694047
654597,4,34902,406,2,Equilibrado,0.2748612963287994
654684,4,34902,197,2,Equilibrado,0.3574055431788406
654692,4,34902,408,2,Equilibrado,0.06254812060010127
654819,4,34902,2039,2,Equilibrado,0.29814643196188784
654824,4,34902,1056,0,Adiantado,0.12115760915212713
654834,4,34902,993,2,Equilibrado,0.39735932925809786
654867,4,34902,1011,0,Adiantado,0.05055538303236166
654947,4,34902,243,1,Tardio,0.46587161409553246
655115,4,34902,527,2,Equilibrado,0.40109664630342545
655124,4,34902,54,1,Tardio,0.34664626306639573
655127,4,34902,706,2,Equilibrado,0.3830881838825631
655353,4,34902,168,2,Equilibrado,0.08068269457345918
655386,4,34902,1057,2,Equilibrado,0.1695176583349972
655412,4,34902,692,0,Adiantado,0.11962304806960994
655445,4,34902,471,0,Adiantado,0.1829887129802331
655569,4,34902,169,0,Adiantado,0.2820173126815335
655796,4,34902,36,0,Adiantado,0.321791844891959
655927,4,34902,284,2,Equilibrado,0.23672265206958962
655981,4,34902,270,0,Adiantado,0.27527935507877277
656065,4,34902,239,2,Equilibrado,0.25083506531068867
656092,4,34902,616,0,Adiantado,0.062953343434961
656131,4,34902,975,2,Equilibrado,0.42570493794801556
656158,4,34902,613,1,Tardio,0.548802069216535
656159,4,34902,696,2,Equilibrado,0.2764814186028642
656165,4,34902,445,1,Tardio,0.3729066726834861
656234,4,34902,450,1,Tardio,0.5008277750419816
656323,4,34902,348,2,Equilibrado,0.22753541091887533
656414,4,34902,494,0,Adiantado,0.2833684948101324
656436,4,34902,83,2,Equilibrado,0.02874614168909071
656529,4,34902,523,0,Adiantado,0.02642388793059206
656579,4,34902,1064,0,Adiantado,0.10134949821617269
656607,4,34902,262,1,Tardio,0.24665077132905633
656651,4,34902,189,2,Equilibrado,0.06601490995670517
656734,4,34902,1407,2,Equilibrado,0.270475180288461
656791,4,34902,1363,0,Adiantado,-0.006785311290099945
656882,4,34902,425,0,Adiantado,0.2721931532412651
656988,4,34902,109,2,Equilibrado,0.13149804582297125
656996,4,34902,340,2,Equilibrado,0.3104770904990186
657048,4,34902,197,1,Tardio,0.5149408837378534
657220,4,34902,236,2,Equilibrado,0.2920771677466509
657330,4,34902,778,2,Equilibrado,0.15434256694756515
657344,4,34902,568,2,Equilibrado,0.0963216948609198
674222,4,34902,936,2,Equilibrado,0.2109920395933606
674226,4,34902,532,2,Equilibrado,0.19610719942658278
674236,4,34902,451,2,Equilibrado,0.11322703494206228
674262,4,34902,983,0,Adiantado,0.12391639561073382
674320,4,34902,320,2,Equilibrado,0.42489538045273834
674387,4,34902,922,2,Equilibrado,0.4097712285397078
674406,4,34902,204,0,Adiantado,0.058474920855053944
674451,4,34902,427,1,Tardio,0.39312772322296025
674484,4,34902,799,0,Adiantado,0.0773766750614693
674497,4,34902,305,2,Equilibrado,0.26660914654893425
674509,4,34902,1878,2,Equilibrado,0.3334616121461
674584,4,34902,636,2,Equilibrado,0.3743669068671764
674644,4,34902,965,2,Equilibrado,0.07095534002118438
674657,4,34902,384,2,Equilibrado,0.3432039502213278
674671,4,34902,510,0,Adiantado,0.27582351961304796
674691,4,34902,941,0,Adiantado,0.1515210132995756
674694,4,34902,1326,0,Adiantado,-0.005400066728449661
674699,4,34902,155,1,Tardio,0.09402813864751786
674751,4,34902,541,0,Adiantado,0.23305857334526692
674831,4,34902,514,2,Equilibrado,0.34325949433966757
674870,4,34902,1293,0,Adiantado,0.013423790330809171
674921,4,34902,1154,2,Equilibrado,0.4180538022591523
675021,4,34902,1312,1,Tardio,0.35648778217068106
675054,4,34902,75,1,Tardio,0.4512454638624524
675193,4,34902,460,2,Equilibrado,0.2518831837510957
675225,4,34902,499,2,Equilibrado,0.16803635886794502
675233,4,34902,1553,0,Adiantado,0.24435994154334906
675261,4,34902,417,1,Tardio,0.4062100869675667
675273,4,34902,363,1,Tardio,0.34806853312300745
675279,4,34902,542,2,Equilibrado,0.05571365368126254
675315,4,34902,898,0,Adiantado,0.14487736602357548
675328,4,34902,376,2,Equilibrado,0.30491922503400243
675474,4,34902,107,0,Adiantado,0.1477377443725903
675566,4,34902,135,1,Tardio,0.5475556405743303
675636,4,34902,716,2,Equilibrado,0.2587119990417362
675710,4,34902,686,0,Adiantado,0.17569873694270605
675989,4,34902,906,2,Equilibrado,0.3532427066273225
676007,4,34902,104,1,Tardio,0.39319111923767575
676064,4,34902,508,1,Tardio,0.3475657544457307
676103,4,34902,392,1,Tardio,0.4665899627594322
676190,4,34902,1628,0,Adiantado,0.014815331517323348
676265,4,34902,523,2,Equilibrado,0.13020403975368433
676272,4,34902,73,1,Tardio,0.4884590383564046
676303,4,34902,213,1,Tardio,0.3813035563078882
676378,4,34902,331,0,Adiantado,-0.0442211358943689
676444,4,34902,1072,2,Equilibrado,0.15331476283260814
676458,4,34902,412,0,Adiantado,0.32651483418229144
676459,4,34902,315,0,Adiantado,0.24041222426637288
676478,4,34902,743,2,Equilibrado,0.1692595017429537
676492,4,34902,1446,2,Equilibrado,0.4096342305531523
676610,4,34902,1059,2,Equilibrado,0.2615259622379403
676626,4,34902,677,0,Adiantado,0.06441636099194215
676866,4,34902,515,2,Equilibrado,0.3595118014334722
676882,4,34902,719,0,Adiantado,0.3210136890930196
677085,4,34902,462,2,Equilibrado,0.2821104685636238
677111,4,34902,721,2,Equilibrado,0.30226807804909706
677138,4,34902,838,2,Equilibrado,0.10209683532627901
677155,4,34902,1225,2,Equilibrado,0.3361521961563387
677167,4,34902,764,2,Equilibrado,0.393302563805593
677206,4,34902,740,2,Equilibrado,0.39893223100279046
677221,4,34902,999,2,Equilibrado,0.3267457557511122
677235,4,34902,26,1,Tardio,0.3764156200537248
677382,4,34902,408,2,Equilibrado,0.03151526847070854
677400,4,34902,557,2,Equilibrado,0.13919501553735172
677436,4,34902,383,1,Tardio,0.05944505295727828
677456,4,34902,694,2,Equilibrado,0.3481521902752419
677486,4,34902,366,2,Equilibrado,0.13726911479359752
677546,4,34902,341,1,Tardio,0.053873409871786924
677582,4,34902,274,0,Adiantado,0.07864393705400521
677655,4,34902,564,0,Adiantado,0.06266671746670614
677687,4,34902,62,0,Adiantado,0.06080434764684693
677748,4,34902,225,2,Equilibrado,0.17890057414482619
677767,4,34902,55,0,Adiantado,0.11244492822398282
677833,4,34902,1257,2,Equilibrado,0.396965012709418
677869,4,34902,36,0,Adiantado,0.28373782035122913
678088,4,34902,859,2,Equilibrado,0.1838092308628625
678203,4,34902,313,1,Tardio,0.3549390070153208
678235,4,34902,1039,2,Equilibrado,0.3517957616285884
678270,4,34902,42,1,Tardio,0.5531018377096298
678381,4,34902,62,1,Tardio,0.5336500491848203
678452,4,34902,183,1,Tardio,0.11284438364671388
678528,4,34902,305,1,Tardio,0.5350136886559523
678628,4,34902,348,1,Tardio,0.15042838995613936
678659,4,34902,694,1,Tardio,0.538945637374783
678819,4,34902,814,0,Adiantado,0.07553059837504061
678859,4,34902,731,2,Equilibrado,0.2039832528915184
678946,4,34902,613,0,Adiantado,0.1883227431575486
678954,4,34902,1003,2,Equilibrado,0.21577687837859627
679036,4,34902,2948,2,Equilibrado,0.2662809026061075
679189,4,34902,724,0,Adiantado,0.09274296626532126
679227,4,34902,391,1,Tardio,0.2400058654384476
679237,4,34902,654,1,Tardio,0.5154647250640737
679251,4,34902,273,1,Tardio,0.41148497474262674
679262,4,34902,81,1,Tardio,0.39047511439226845
679278,4,34902,471,0,Adiantado,0.12340434610858339
679384,4,34902,875,2,Equilibrado,0.26070359056310943
679386,4,34902,122,2,Equilibrado,0.2567104761660673
679402,4,34902,162,2,Equilibrado,0.23695098006608628
679445,4,34902,474,2,Equilibrado,0.43005567977646636
679448,4,34902,758,0,Adiantado,0.013481878129052475
679498,4,34902,774,0,Adiantado,0.06767828199221188
679509,4,34902,130,1,Tardio,0.4445980818415308
679594,4,34902,1623,2,Equilibrado,0.06970170120053139
679676,4,34902,473,0,Adiantado,0.17913572426622615
679788,4,34902,196,0,Adiantado,-0.007376779630839719
679790,4,34902,646,2,Equilibrado,0.30070979948468796
679939,4,34902,241,0,Adiantado,0.12690578843205294
680014,4,34902,412,1,Tardio,0.28928485274536314
680027,4,34902,254,0,Adiantado,0.10437462141968676
680080,4,34902,483,2,Equilibrado,0.4538985306428493
680145,4,34902,187,1,Tardio,0.4211989960410531
680212,4,34902,52,1,Tardio,0.5127669165718247
680266,4,34902,362,2,Equilibrado,0.29456266401077513
680270,4,34902,208,0,Adiantado,0.2512851470841905
680322,4,34902,698,1,Tardio,-0.0014947205457286933
680343,4,34902,437,2,Equilibrado,0.3448770733939982
680348,4,34902,524,0,Adiantado,0.04068609037602368
680443,4,34902,736,2,Equilibrado,0.31713054415881037
680464,4,34902,364,2,Equilibrado,0.18754344261619157
680506,4,34902,442,1,Tardio,0.49611038855398804
680572,4,34902,324,2,Equilibrado,0.3918236482777201
680708,4,34902,396,1,Tardio,0.3615524720351006
680713,4,34902,969,2,Equilibrado,0.06687718978927609
680747,4,34902,527,2,Equilibrado,0.11703519062063386
680775,4,34902,224,2,Equilibrado,0.2017842885387895
680810,4,34902,1019,2,Equilibrado,0.2580948623445849
680872,4,34902,13,1,Tardio,0.027710699163571578
680912,4,34902,448,2,Equilibrado,0.21740049969478656
680955,4,34902,825,2,Equilibrado,0.16515012389574935
680974,4,34902,55,1,Tardio,0.5172620357143151
681004,4,34902,616,2,Equilibrado,0.2978519387976006
681235,4,34902,204,2,Equilibrado,0.08486837516843533
681328,4,34902,624,2,Equilibrado,0.3077767552086214
681341,4,34902,230,1,Tardio,0.5126209352827584
681352,4,34902,437,1,Tardio,0.2630239885664404
681354,4,34902,75,0,Adiantado,0.2439767050465883
681452,4,34902,140,1,Tardio,0.4376128356745
681490,4,34902,1071,2,Equilibrado,0.3005973479966989
681608,4,34902,160,1,Tardio,0.4769274740656234
681633,4,34902,1122,0,Adiantado,-0.0240837726572452
681652,4,34902,923,2,Equilibrado,0.3959123194905601
681655,4,34902,735,0,Adiantado,0.15683857099993595
681658,4,34902,109,1,Tardio,0.23850271938220247
681755,4,34902,105,2,Equilibrado,0.1330349824177856
681763,4,34902,954,0,Adiantado,0.34106797629006086
681938,4,34902,433,1,Tardio,0.5049692173208201
681973,4,34902,229,1,Tardio,0.41528695252471726
682019,4,34902,116,1,Tardio,0.20231316113766196
682070,4,34902,778,2,Equilibrado,0.11995179317789503
682298,4,34902,439,2,Equilibrado,0.1517742499960675
682390,4,34902,162,1,Tardio,0.35683890715812144
682436,4,34902,1056,0,Adiantado,0.1514101290600025
682437,4,34902,1019,2,Equilibrado,0.17033727925253603
682511,4,34902,396,1,Tardio,0.47973057801678154
682539,4,34902,1061,0,Adiantado,0.02046362765009894
682569,4,34902,703,2,Equilibrado,0.2582273152240153
682588,4,34902,580,2,Equilibrado,0.13619230144300085
682613,4,34902,78,1,Tardio,0.4432445059670244
682632,4,34902,1052,2,Equilibrado,0.3323916322291844
682695,4,34902,392,0,Adiantado,0.318513828934432
682753,4,34902,458,2,Equilibrado,0.33915769131196694
682839,4,34902,703,2,Equilibrado,0.18156220610832088
682894,4,34902,531,2,Equilibrado,0.051538888079328264
682963,4,34902,749,2,Equilibrado,0.32785961873823916
682981,4,34902,662,0,Adiantado,0.14442802405379615
682983,4,34902,404,0,Adiantado,0.07098074974114123
682985,4,34902,184,1,Tardio,0.509123750459126
682990,4,34902,1672,2,Equilibrado,0.26146481286834455
683033,4,34902,548,0,Adiantado,0.2435156972763575
683094,4,34902,248,0,Adiantado,0.2812540191593884
683178,4,34902,336,2,Equilibrado,0.09954051086002923
683243,4,34902,338,1,Tardio,0.00023683590521819228
683305,4,34902,165,1,Tardio,0.15428885252689287
683346,4,34902,715,0,Adiantado,0.30656918244859727
683352,4,34902,132,2,Equilibrado,0.27249695363242227
683353,4,34902,919,2,Equilibrado,0.4247075280457789
683375,4,34902,271,2,Equilibrado,0.3817007013942161
683403,4,34902,755,0,Adiantado,0.08808336375298915
683467,4,34902,68,1,Tardio,0.5134598692528066
683508,4,34902,53,1,Tardio,0.10227708581769163
683530,4,34902,1375,2,Equilibrado,0.20081338197844084
683550,4,34902,477,1,Tardio,0.29924628200852166
683604,4,34902,957,2,Equilibrado,0.3419090692781897
683624,4,34902,1912,2,Equilibrado,0.3003682865415941
683820,4,34902,507,2,Equilibrado,0.14887292319292503
683902,4,34902,384,1,Tardio,0.5233129180541927
683934,4,34902,435,1,Tardio,0.03042055423073774
684013,4,34902,749,2,Equilibrado,0.19424399360870767
684183,4,34902,270,0,Adiantado,0.07822406973294532
684311,4,34902,465,2,Equilibrado,0.2306612611168364
684383,4,34902,1008,2,Equilibrado,0.19370578758807294
684386,4,34902,1049,2,Equilibrado,0.273640713336122
684526,4,34902,543,0,Adiantado,0.09523383614311268
684592,4,34902,329,1,Tardio,0.09589971498791497
684671,4,34902,167,2,Equilibrado,0.27885506860691656
684675,4,34902,132,1,Tardio,0.5026381997319501
684882,4,34902,560,0,Adiantado,0.06052681711803898
684981,4,34902,990,2,Equilibrado,0.20005316362284892
685105,4,34902,54,1,Tardio,0.5352604069184645
685128,4,34902,204,1,Tardio,0.5018643412117975
685140,4,34902,58,2,Equilibrado,0.03692203057288528
685155,4,34902,863,2,Equilibrado,0.39248109383283775
685212,4,34902,720,2,Equilibrado,0.4076198888903117
685276,4,34902,1602,2,Equilibrado,0.43846665070596474
685283,4,34902,65,0,Adiantado,0.19324733476435219
685330,4,34902,769,2,Equilibrado,0.3261809786987251
685339,4,34902,549,2,Equilibrado,0.3710983048884597
685373,4,34902,430,2,Equilibrado,0.17092466119301883
685378,4,34902,89,1,Tardio,-0.050319547729742134
685410,4,34902,730,2,Equilibrado,0.26690679586747035
685619,4,34902,104,2,Equilibrado,0.3082683980621472
685705,4,34902,66,2,Equilibrado,0.0496287455457327
685708,4,34902,437,0,Adiantado,0.11509275882776183
685772,4,34902,686,2,Equilibrado,0.19271371965909864
685831,4,34902,427,2,Equilibrado,0.341419525239225
686065,4,34902,748,2,Equilibrado,0.08313573829054889
686314,4,34902,198,1,Tardio,0.5351255668821823
686317,4,34902,64,2,Equilibrado,0.24525362162579234
686344,4,34902,907,2,Equilibrado,0.3206994689169857
686348,4,34902,1349,2,Equilibrado,0.1844903410991821
686498,4,34902,869,2,Equilibrado,0.2994576244717585
686522,4,34902,353,0,Adiantado,0.030350127223493544
686558,4,34902,98,1,Tardio,0.4466018421048627
686700,4,34902,36,1,Tardio,0.07368929139947808
686705,4,34902,213,2,Equilibrado,0.09310409566850718
686946,4,34902,113,1,Tardio,0.4560731502445834
687112,4,34902,726,1,Tardio,0.22815066286263688
687115,4,34902,82,1,Tardio,0.19696713578719396
687351,4,34902,483,1,Tardio,0.4754406281104492
687410,4,34902,648,2,Equilibrado,0.3810779114320709
687434,4,34902,1305,2,Equilibrado,0.30353505226776945
687468,4,34902,753,0,Adiantado,0.04411003905678495
687485,4,34902,305,2,Equilibrado,0.05396700389870218
687503,4,34902,1331,2,Equilibrado,0.43612271316221896
687686,4,34902,168,2,Equilibrado,0.13565475873179975
687846,4,34902,391,1,Tardio,0.4413177292241737
687910,4,34902,996,2,Equilibrado,0.3025696615787697
687930,4,34902,1557,2,Equilibrado,0.2968805458319784
687931,4,34902,387,2,Equilibrado,0.22187570733758433
687988,4,34902,824,2,Equilibrado,0.2988413441623247
688008,4,34902,351,2,Equilibrado,0.3192449427106768
688127,4,34902,351,1,Tardio,0.2696698526309426
688136,4,34902,1553,0,Adiantado,0.12268345913394937
688192,4,34902,511,2,Equilibrado,0.30197635275260926
688265,4,34902,23,1,Tardio,0.5325568898835484
688337,4,34902,404,2,Equilibrado,0.38640692964807183
688470,4,34902,96,1,Tardio,0.20951249000556324
688543,4,34902,566,2,Equilibrado,0.33005517629116227
688667,4,34902,1001,0,Adiantado,0.05748388276339498
688685,4,34902,710,2,Equilibrado,0.35905801297752576
688727,4,34902,1066,0,Adiantado,0.27113024500332217
688891,4,34902,301,0,Adiantado,0.3652739952239435
688895,4,34902,844,2,Equilibrado,0.211478925873683
688976,4,34902,59,1,Tardio,0.2610366233934565
689005,4,34902,106,1,Tardio,0.21513667878750828
689260,4,34902,223,2,Equilibrado,0.26876999483294195
689280,4,34902,1036,2,Equilibrado,0.2997139316588497
689347,4,34902,255,0,Adiantado,0.22444093144471336
689444,4,34902,396,0,Adiantado,0.30570444580609685
689796,4,34902,1525,2,Equilibrado,0.38971464306110426
689832,4,34902,346,2,Equilibrado,0.19763430022086673
689855,4,34902,493,2,Equilibrado,0.2624255749428948
689924,4,34902,340,0,Adiantado,0.05513289961113627
690075,4,34902,80,1,Tardio,0.5278660803435592
690198,4,34902,478,1,Tardio,0.2991902655565089
690382,4,34902,47,0,Adiantado,0.22984082568195865
690628,4,34902,593,1,Tardio,-0.01823529476351749
690635,4,34902,125,0,Adiantado,0.1351438255037028
690746,4,34902,1162,2,Equilibrado,0.029517301932031177
690832,4,34902,1543,2,Equilibrado,0.2564746716871775
690872,4,34902,674,0,Adiantado,0.24426835001567984
691269,4,34902,427,1,Tardio,0.20053923358930184
691280,4,34902,51,1,Tardio,0.1860606416215773
691326,4,34902,501,0,Adiantado,0.39290929583967016
691465,4,34902,159,1,Tardio,0.3534111178785833
691699,4,34902,317,0,Adiantado,0.004373737619411532
691722,4,34902,738,2,Equilibrado,0.07426987609437358
691873,4,34902,554,2,Equilibrado,0.25973081071283427
691932,4,34902,728,2,Equilibrado,0.41385472549609026
692010,4,34902,712,2,Equilibrado,0.17631372057445477
692097,4,34902,1334,0,Adiantado,-0.0060072271716266465
692220,4,34902,517,0,Adiantado,0.31277690943984915
692301,4,34902,125,1,Tardio,0.5097570459163183
692334,4,34902,881,0,Adiantado,0.40094986254721926
692454,4,34902,826,0,Adiantado,0.16290503501235773
692612,4,34902,600,0,Adiantado,0.07936261379458637
692893,4,34902,210,0,Adiantado,0.033623959711760174
692962,4,34902,610,0,Adiantado,0.1342439255373104
692968,4,34902,20,2,Equilibrado,0.18724058399667304
693160,4,34902,242,0,Adiantado,0.011640006471193681
693162,4,34902,1145,0,Adiantado,0.13762581129667312
693197,4,34902,101,1,Tardio,0.5264150849326734
693236,4,34902,221,2,Equilibrado,0.14357478693844122
693345,4,34902,498,0,Adiantado,0.06245852041951412
693373,4,34902,1046,2,Equilibrado,0.3543756527893116
693497,4,34902,463,0,Adiantado,0.27196124279580286
693519,4,34902,68,1,Tardio,0.4884590383564046
693628,4,34902,651,2,Equilibrado,0.3209437010711919
693764,4,34902,85,0,Adiantado,0.3377111434667441
693806,4,34902,195,0,Adiantado,0.3059924486412478
693873,4,34902,230,1,Tardio,0.49423690606408605
693903,4,34902,722,2,Equilibrado,0.21028198217028868
693907,4,34902,447,2,Equilibrado,0.37447837544848095
694128,4,34902,80,2,Equilibrado,0.21031150245195654
694144,4,34902,499,2,Equilibrado,0.3682772287339544
694221,4,34902,433,2,Equilibrado,0.31019395564802854
694428,4,34902,313,0,Adiantado,0.27606620140759486
694456,4,34902,134,1,Tardio,0.4884590383564046
694622,4,34902,738,2,Equilibrado,0.182258887853263
694716,4,34902,300,1,Tardio,0.5519249329240837
694827,4,34902,94,1,Tardio,0.45458553449891204
694836,4,34902,364,2,Equilibrado,0.3551792967951981
694848,4,34902,594,2,Equilibrado,0.1333517275135174
695090,4,34902,29,0,Adiantado,0.16580787746507278
695169,4,34902,205,1,Tardio,0.5206288923251315
695471,4,34902,65,1,Tardio,0.5397296537468185
695485,4,34902,142,1,Tardio,0.5421555562639676
695637,4,34902,413,0,Adiantado,0.11187111730179712
695729,4,34902,1141,2,Equilibrado,0.2997451809171262
695803,4,34902,347,0,Adiantado,0.09699846858838752
695825,4,34902,226,0,Adiantado,0.08240217591362844
695869,4,34902,743,0,Adiantado,0.153806261453974
696039,4,34902,101,1,Tardio,0.09661302726798333
696043,4,34902,527,2,Equilibrado,0.35456665754257977
696082,4,34902,591,2,Equilibrado,0.3924854633853533
696188,4,34902,244,1,Tardio,0.5367209793421889
696275,4,34902,1576,2,Equilibrado,0.31801505822551307
696318,4,34902,674,2,Equilibrado,0.34189301312329723
696329,4,34902,1023,2,Equilibrado,0.2587938661048798
696347,4,34902,633,2,Equilibrado,0.12771770327599652
696364,4,34902,109,1,Tardio,0.437535872694457
696583,4,34902,351,1,Tardio,0.16002787551767217
696659,4,34902,753,2,Equilibrado,0.38419041668177273
696662,4,34902,1527,2,Equilibrado,0.21616950918607214
696666,4,34902,55,1,Tardio,0.3249077372733381
696671,4,34902,47,2,Equilibrado,0.18244044214623423
696674,4,34902,345,0,Adiantado,0.25194744574729744
696678,4,34902,963,2,Equilibrado,0.38943846343780725
696729,4,34902,942,2,Equilibrado,0.10648818868136822
697255,4,34902,511,2,Equilibrado,0.12496709765612164
697438,4,34902,410,0,Adiantado,-0.021715905379489774
697478,4,34902,364,2,Equilibrado,0.15809607840232054
697878,4,34902,733,1,Tardio,0.0614498366996437
697998,4,34902,351,1,Tardio,0.062235344793308604
698015,4,34902,110,2,Equilibrado,0.33885350003547354
698384,4,34902,511,2,Equilibrado,0.3737357343685024
698485,4,34902,554,2,Equilibrado,0.24506479137464215
698656,4,34902,635,2,Equilibrado,0.3844103617620542
699126,4,34902,51,2,Equilibrado,0.34903076490624424
699127,4,34902,156,1,Tardio,0.4884590383564046
699128,4,34902,51,2,Equilibrado,0.3805645478486731
895524,4,34902,1411,2,Equilibrado,0.17435267747608335
1021350,4,34902,100,1,Tardio,0.4884590383564046
1042726,4,34902,141,0,Adiantado,0.34144591743169567
1318759,4,34902,741,2,Equilibrado,0.21039626901993447
1348205,4,34902,1459,2,Equilibrado,0.36424112771568695
1391717,4,34902,266,1,Tardio,0.043885180178464545
1409532,4,34902,308,0,Adiantado,0.2401808989386425
1413902,4,34902,473,1,Tardio,0.0723580087133082
1448966,4,34902,204,1,Tardio,0.29739809566807834
1450604,4,34902,1757,2,Equilibrado,0.29740778477104485
1473878,4,34902,681,2,Equilibrado,0.2410103814321205
1501577,4,34902,556,2,Equilibrado,0.18550386132232236
1585671,4,34902,1234,0,Adiantado,0.19008873504854976
1603549,4,34902,313,2,Equilibrado,0.11579392119011672
1631797,4,34902,334,1,Tardio,0.11975928309159431
1639699,4,34902,302,1,Tardio,-0.03233288574941181
1640680,4,34902,705,2,Equilibrado,0.1825828338184931
1658963,4,34902,296,2,Equilibrado,0.3963834322389287
1677677,4,34902,1070,0,Adiantado,0.28660476919110145
1722493,4,34902,1433,2,Equilibrado,0.27069744921280137
1752994,4,34902,445,0,Adiantado,0.06916837941675998
1755594,4,34902,653,2,Equilibrado,0.44390547259452035
1771775,4,34902,229,1,Tardio,0.4312536095805614
1796402,4,34902,748,2,Equilibrado,0.17316992003481316
1810759,4,34902,603,0,Adiantado,0.08033918166022004
1816458,4,34902,932,0,Adiantado,0.31246868870048217
1817710,4,34902,461,2,Equilibrado,0.21488824481250313
1818385,4,34902,675,2,Equilibrado,0.3418025842609121
1836241,4,34902,1012,0,Adiantado,0.20784866801952404
1837138,4,34902,1907,2,Equilibrado,0.22547651467015006
1856869,4,34902,604,0,Adiantado,-0.021800595710299086
1866233,4,34902,273,2,Equilibrado,0.2946160402884566
1871598,4,34902,1554,2,Equilibrado,0.36882062397884735
1871684,4,34902,496,2,Equilibrado,0.3958387347070978
1877902,4,34902,826,0,Adiantado,-0.03293485571047476
1879321,4,34902,1120,0,Adiantado,0.05710452037505824
1881231,4,34902,185,0,Adiantado,0.38360036933284036
1887108,4,34902,1150,0,Adiantado,-0.020405101972999436
1889752,4,34902,340,1,Tardio,0.382354699896663
1948159,4,34902,509,0,Adiantado,0.37093584448733813
1962049,4,34902,1319,2,Equilibrado,0.2217154991401537
1962062,4,34902,115,1,Tardio,0.3250215049722269
1972092,4,34902,1537,2,Equilibrado,0.3681780166242719
1995177,4,34902,821,2,Equilibrado,0.039298928337885064
2017487,4,34902,807,2,Equilibrado,0.38607451832261097
2020628,4,34902,1664,2,Equilibrado,0.0818463475484298
2026075,4,34902,759,2,Equilibrado,0.20788279167628082
2029571,4,34902,342,2,Equilibrado,0.4186833774163592
2035700,4,34902,1628,2,Equilibrado,0.3394723084387366
2047575,4,34902,753,0,Adiantado,0.26681884399376504
2065972,4,34902,386,2,Equilibrado,0.4151576436089682
2067799,4,34902,220,1,Tardio,0.42761687036176155
2081123,4,34902,44,2,Equilibrado,0.029112571599464634
2096251,4,34902,580,0,Adiantado,0.18321557682562242
2103552,4,34902,394,2,Equilibrado,0.342911671588961
2106955,4,34902,648,2,Equilibrado,0.41420765127408093
2128283,4,34902,656,2,Equilibrado,0.22290970752361047
2138970,4,34902,330,1,Tardio,0.40400525761018424
2140300,4,34902,854,2,Equilibrado,0.19045001828096286
2143312,4,34902,1173,2,Equilibrado,0.341864978519092
2143440,4,34902,554,0,Adiantado,0.2688690395546974
2154361,4,34902,173,1,Tardio,0.40680036098591094
2160316,4,34902,979,2,Equilibrado,0.10794736892368495
2161710,4,34902,85,0,Adiantado,0.01836166141728733
2178837,4,34902,792,2,Equilibrado,0.11497025864707636
2180090,4,34902,1447,2,Equilibrado,0.2764818334258399
2185729,4,34902,680,2,Equilibrado,0.37523573175030295
2197766,4,34902,378,1,Tardio,0.15680627248282675
2254637,4,34902,375,2,Equilibrado,0.3201068243922847
2274542,4,34902,1235,2,Equilibrado,0.11600544924674575
2278101,4,34902,234,2,Equilibrado,0.08297900883517205
2293511,4,34902,1334,0,Adiantado,0.1522301485249972
2298106,4,34902,527,0,Adiantado,0.06023150839721069
2298895,4,34902,684,2,Equilibrado,0.1962486807639524
2301830,4,34902,978,2,Equilibrado,0.1756029849340813
2306410,4,34902,404,2,Equilibrado,0.32428678243033454
2332934,4,34902,183,1,Tardio,0.04274147946085013
2339267,4,34902,292,1,Tardio,0.34878660980875387
2341420,4,34902,264,1,Tardio,0.009600690489681488
2343785,4,34902,989,0,Adiantado,0.35693476601905616
2351969,4,34902,50,1,Tardio,0.15558987317161216
2360559,4,34902,731,0,Adiantado,0.19079562710037368
2366656,4,34902,678,2,Equilibrado,0.31365285409732824
2378208,4,34902,342,2,Equilibrado,0.36891843155953163
2386732,4,34902,1293,2,Equilibrado,0.22789712736023318
2399758,4,34902,684,2,Equilibrado,0.4079197505728584
2403701,4,34902,2044,2,Equilibrado,0.0974649183290491
2417433,4,34902,835,2,Equilibrado,0.4430164637058353
2424257,4,34902,1335,0,Adiantado,0.08946777155633415
2427845,4,34902,475,2,Equilibrado,0.3786839803608142
2438784,4,34902,747,0,Adiantado,0.20497302076093096
2457440,4,34902,165,0,Adiantado,0.2571194091169038
2480886,4,34902,408,2,Equilibrado,0.2585017297992284
2482710,4,34902,472,1,Tardio,0.5165009967741443
2486930,4,34902,227,1,Tardio,0.5100287372681295
2499307,4,34902,557,1,Tardio,0.010307730446095354
2519138,4,34902,481,2,Equilibrado,0.19781639367531917
2529419,4,34902,630,2,Equilibrado,0.08768021725934459
2530976,4,34902,175,0,Adiantado,0.20654326174887444
2537777,4,34902,538,0,Adiantado,0.19927342275438756
2540871,4,34902,337,0,Adiantado,0.3538365750771335
2542209,4,34902,639,2,Equilibrado,0.12568849547099833
2544643,4,34902,1435,2,Equilibrado,0.14236412496052547
2544766,4,34902,73,1,Tardio,0.14817566340241634
2546315,4,34902,457,2,Equilibrado,0.46014341040125456
2557008,4,34902,704,1,Tardio,0.13066653853364524
2558365,4,34902,58,0,Adiantado,0.2787886101111772
2579891,4,34902,517,2,Equilibrado,0.3427391227435814
2584244,4,34902,951,2,Equilibrado,0.2494298616128719
2597117,4,34902,779,2,Equilibrado,0.3845939689710312
2599883,4,34902,400,1,Tardio,0.4303102018744187
2602542,4,34902,671,2,Equilibrado,0.1215547635475
2603027,4,34902,529,0,Adiantado,0.18806739103713258
2612102,4,34902,757,2,Equilibrado,0.23867267593992125
2624028,4,34902,467,2,Equilibrado,0.3913631716412579
2641156,4,34902,177,1,Tardio,0.504699754819875
2642532,4,34902,120,1,Tardio,0.44491485254573165
2643472,4,34902,239,1,Tardio,0.5160094638666207
2643829,4,34902,685,2,Equilibrado,0.1891372518616869
2649948,4,34902,234,2,Equilibrado,0.30477263921721537
2657913,4,34902,242,1,Tardio,0.40096033302911405
2658856,4,34902,577,2,Equilibrado,0.06178749167407586
2667478,4,34902,853,2,Equilibrado,0.2096852685537067
2681198,4,34902,290,0,Adiantado,0.3225401916676554
2682682,4,34902,637,0,Adiantado,0.14164205022154494
2683857,4,34902,2208,2,Equilibrado,0.27057466160576354
2686035,4,34902,27,2,Equilibrado,0.010076402716152509
2693932,4,34902,372,1,Tardio,-0.029163593693413908
2697921,4,34902,167,2,Equilibrado,0.285190201166074
31296,5,34903,233,0,Adiantado,0.08787576826441097
40878,5,34903,397,2,Equilibrado,0.1258863890590686
42552,5,34903,1782,2,Equilibrado,0.16557687726670273
45423,5,34903,1393,0,Adiantado,0.24676676026401337
47861,5,34903,1687,2,Equilibrado,0.10051650885412423
56637,5,34903,873,0,Adiantado,0.18297205301243333
58884,5,34903,1516,2,Equilibrado,0.11381247160601388
64427,5,34903,1675,2,Equilibrado,0.2719766107696633
71159,5,34903,1407,0,Adiantado,0.3512193788542789
74165,5,34903,526,0,Adiantado,0.2266092586778624
75107,5,34903,1366,0,Adiantado,0.19272896561000954
77692,5,34903,565,1,Tardio,0.16975933775613186
79610,5,34903,874,0,Adiantado,0.2505139620873507
84604,5,34903,2529,0,Adiantado,0.04145480969920227
87264,5,34903,2103,0,Adiantado,0.24004880421538488
102854,5,34903,856,0,Adiantado,0.09083001514733441
105939,5,34903,938,0,Adiantado,0.3063420264077297
107455,5,34903,366,1,Tardio,-0.02325858889228972
109577,5,34903,193,0,Adiantado,0.27216553450245895
119310,5,34903,223,0,Adiantado,0.2723010780654753
119865,5,34903,644,0,Adiantado,0.30279714642163813
125063,5,34903,1384,2,Equilibrado,0.04393263392269279
129907,5,34903,1047,0,Adiantado,0.36498488219615755
130409,5,34903,633,1,Tardio,0.22874252974955672
132475,5,34903,1038,0,Adiantado,0.04487351134950972
135280,5,34903,560,2,Equilibrado,0.2608696208235058
136944,5,34903,11,1,Tardio,0.4605311445815401
139206,5,34903,755,0,Adiantado,0.3563630354563041
142310,5,34903,1112,0,Adiantado,0.09887434057657382
150282,5,34903,189,2,Equilibrado,0.026742950690757297
152524,5,34903,3143,2,Equilibrado,0.3109485161532284
152917,5,34903,3410,2,Equilibrado,0.019979166760714585
155938,5,34903,787,0,Adiantado,0.23091038204647157
159947,5,34903,958,0,Adiantado,0.2895317991385452
164148,5,34903,390,0,Adiantado,0.37079274942652746
166123,5,34903,772,0,Adiantado,0.23112891806772004
170874,5,34903,136,0,Adiantado,0.38442030497319607
172493,5,34903,885,0,Adiantado,0.03158751372765318
177492,5,34903,1372,2,Equilibrado,0.1988072019798602
185994,5,34903,705,0,Adiantado,0.1843024429360207
194163,5,34903,940,2,Equilibrado,0.3539827112704679
195552,5,34903,706,0,Adiantado,0.17740902740935793
197536,5,34903,208,1,Tardio,0.5288045058849874
199009,5,34903,403,2,Equilibrado,0.17355719015295867
228633,5,34903,402,0,Adiantado,0.3345969900978305
229498,5,34903,842,0,Adiantado,0.2601681827048717
232173,5,34903,1003,0,Adiantado,0.05619076393137904
234661,5,34903,1230,2,Equilibrado,0.11715034215189193
235971,5,34903,566,0,Adiantado,0.3745309255984547
236090,5,34903,1159,2,Equilibrado,0.08442337441803416
237891,5,34903,357,1,Tardio,0.16663164902413072
249357,5,34903,924,2,Equilibrado,0.0927674944855583
251166,5,34903,878,0,Adiantado,0.3542796338808298
253633,5,34903,796,0,Adiantado,0.201917575066215
253763,5,34903,993,0,Adiantado,0.17105433590078659
258245,5,34903,783,1,Tardio,0.16513885979254336
258509,5,34903,540,2,Equilibrado,0.3185211549766102
258978,5,34903,911,0,Adiantado,0.28056077587625416
262025,5,34903,630,1,Tardio,0.512392252840049
262394,5,34903,205,1,Tardio,0.534667721286552
263862,5,34903,469,0,Adiantado,0.12827166200080295
269584,5,34903,153,1,Tardio,0.02131119864635182
270421,5,34903,187,1,Tardio,0.31003186747028416
276265,5,34903,1621,2,Equilibrado,0.18964721941261364
278380,5,34903,342,1,Tardio,0.0020025050685969483
279440,5,34903,464,2,Equilibrado,0.22200252509196744
279653,5,34903,1012,0,Adiantado,-0.041239824653712454
281134,5,34903,1388,2,Equilibrado,0.10142281375816238
282849,5,34903,1031,0,Adiantado,0.3591455393436887
283402,5,34903,753,2,Equilibrado,0.04725739217134482
286778,5,34903,733,1,Tardio,-0.054992519233962436
287079,5,34903,422,0,Adiantado,0.21083254128352222
287258,5,34903,1228,0,Adiantado,0.009545992975983178
289247,5,34903,654,0,Adiantado,0.15281559335987474
294219,5,34903,868,0,Adiantado,0.36884159480975465
297218,5,34903,445,0,Adiantado,0.26615450160111587
301074,5,34903,529,0,Adiantado,0.20698934067731162
305064,5,34903,538,0,Adiantado,0.21625461264450077
305659,5,34903,918,2,Equilibrado,0.250335759491899
310205,5,34903,328,2,Equilibrado,0.3769084588406628
312231,5,34903,224,2,Equilibrado,0.08969120295225744
312960,5,34903,98,0,Adiantado,-0.017097222803510233
315795,5,34903,289,1,Tardio,0.08428785299832821
316082,5,34903,187,0,Adiantado,0.34556332018421654
318147,5,34903,1152,0,Adiantado,0.14117872571764015
319073,5,34903,175,0,Adiantado,0.1954118261989679
320133,5,34903,2172,2,Equilibrado,0.3539764006851751
320612,5,34903,1247,0,Adiantado,0.23010427844495676
331789,5,34903,972,0,Adiantado,0.10946391711796692
333993,5,34903,199,1,Tardio,0.46066927750505654
337000,5,34903,887,0,Adiantado,-0.02271556521103861
338689,5,34903,142,1,Tardio,0.5255244339898272
338806,5,34903,642,2,Equilibrado,0.0635436317855978
339519,5,34903,862,0,Adiantado,0.3294494798094632
341629,5,34903,846,2,Equilibrado,0.2272953021683923
343709,5,34903,122,1,Tardio,0.5259966424199286
345271,5,34903,1327,0,Adiantado,0.052411288349936906
347197,5,34903,1086,0,Adiantado,0.30225454923009154
348108,5,34903,292,1,Tardio,0.07271544269262199
348324,5,34903,90,0,Adiantado,0.010137270427091068
351147,5,34903,994,0,Adiantado,0.35785800999987377
354698,5,34903,87,1,Tardio,0.4429341942404611
355293,5,34903,7,0,Adiantado,0.349994263886779
364066,5,34903,1216,2,Equilibrado,0.09781496043786905
366140,5,34903,641,0,Adiantado,0.07192816691768804
369242,5,34903,701,0,Adiantado,0.2091084355629898
369450,5,34903,1194,0,Adiantado,0.31047135011880456
370735,5,34903,615,1,Tardio,0.47313156052833005
372509,5,34903,976,2,Equilibrado,0.1499347431613645
372511,5,34903,209,0,Adiantado,0.057515262320871445
375527,5,34903,535,0,Adiantado,0.3476748111181117
378946,5,34903,1484,0,Adiantado,0.14850431194431485
380952,5,34903,154,2,Equilibrado,0.11391704038711886
381257,5,34903,1276,0,Adiantado,0.07040691644170091
381414,5,34903,157,1,Tardio,0.3921295974444566
383602,5,34903,626,0,Adiantado,0.27777395993177684
383629,5,34903,866,2,Equilibrado,0.23126403388919584
386389,5,34903,399,0,Adiantado,0.2916648244308461
390070,5,34903,336,2,Equilibrado,0.1195635629270096
396683,5,34903,304,2,Equilibrado,0.1298974855698959
397219,5,34903,1832,2,Equilibrado,0.27128534047139324
397671,5,34903,1110,0,Adiantado,0.18085132311025387
398550,5,34903,587,2,Equilibrado,0.23929232741407772
398630,5,34903,592,2,Equilibrado,0.23538371014834214
399429,5,34903,1178,0,Adiantado,0.2766841742214687
402695,5,34903,403,0,Adiantado,0.29118898277635713
405193,5,34903,1386,0,Adiantado,0.0669526065431593
407232,5,34903,1078,0,Adiantado,0.29135509140734717
410407,5,34903,903,0,Adiantado,0.046538248022016865
410883,5,34903,158,1,Tardio,0.2817409466943874
411304,5,34903,550,2,Equilibrado,0.22693489932726388
412353,5,34903,910,0,Adiantado,0.3018760284337177
413180,5,34903,177,0,Adiantado,0.3161771775630019
413709,5,34903,516,0,Adiantado,0.08307048064643588
413949,5,34903,1066,2,Equilibrado,0.3238275430966768
416199,5,34903,569,0,Adiantado,0.10599247551150856
416407,5,34903,609,0,Adiantado,0.2738069617510791
419059,5,34903,450,2,Equilibrado,0.14408460039601276
423210,5,34903,219,1,Tardio,0.4251840250629758
423781,5,34903,658,0,Adiantado,0.2332149381372807
427256,5,34903,906,0,Adiantado,0.38138593712567953
429832,5,34903,168,1,Tardio,0.544356695562855
431139,5,34903,622,0,Adiantado,0.3153575676759846
434476,5,34903,3802,2,Equilibrado,0.32493199755805385
439995,5,34903,321,2,Equilibrado,0.3631631413708125
440818,5,34903,1265,0,Adiantado,0.030124974792055417
441165,5,34903,323,2,Equilibrado,0.35364157671816715
442199,5,34903,37,1,Tardio,0.4884590383564046
442563,5,34903,386,0,Adiantado,0.3918154254270117
442802,5,34903,310,0,Adiantado,0.17724778160414212
443151,5,34903,1030,0,Adiantado,0.2825725031098099
443514,5,34903,1186,0,Adiantado,0.025295263719147712
443696,5,34903,549,0,Adiantado,0.34002241480284
444011,5,34903,177,0,Adiantado,0.34906883110713316
444619,5,34903,2065,0,Adiantado,0.27545693533110094
444907,5,34903,595,0,Adiantado,0.1890457682523866
445686,5,34903,562,2,Equilibrado,0.2643140262448805
465294,5,34903,578,0,Adiantado,0.15476883041492281
466987,5,34903,422,1,Tardio,0.3181663557534506
467363,5,34903,115,1,Tardio,0.5365773404454596
469499,5,34903,663,0,Adiantado,0.2543335041009699
471284,5,34903,846,2,Equilibrado,0.32290839756569023
474667,5,34903,959,1,Tardio,0.5459825423421348
475015,5,34903,550,0,Adiantado,0.15570641605996813
476401,5,34903,494,0,Adiantado,0.24203465480771402
476629,5,34903,616,0,Adiantado,0.22342178768199908
477833,5,34903,1593,0,Adiantado,0.02271462735991748
479939,5,34903,2064,2,Equilibrado,0.20636657940302094
481717,5,34903,1090,2,Equilibrado,0.21313440248698165
482644,5,34903,396,2,Equilibrado,0.4269517249838309
483037,5,34903,1034,0,Adiantado,0.015089238034078873
484594,5,34903,1752,0,Adiantado,-0.033520317159677945
485228,5,34903,1219,0,Adiantado,0.2158614161026989
486087,5,34903,630,2,Equilibrado,0.0967654678208257
486964,5,34903,345,0,Adiantado,0.3970142566536935
488525,5,34903,565,0,Adiantado,0.23929274377771978
491126,5,34903,519,2,Equilibrado,0.39162786690437723
491863,5,34903,375,1,Tardio,0.34755642657666835
492024,5,34903,1627,1,Tardio,0.30206611643822473
493793,5,34903,541,0,Adiantado,0.29490729880977024
494184,5,34903,173,0,Adiantado,0.24270239966976842
497415,5,34903,319,1,Tardio,0.5328416916415556
498442,5,34903,1118,1,Tardio,0.387437095566278
499404,5,34903,1131,2,Equilibrado,0.2565634474399627
500068,5,34903,607,0,Adiantado,0.34980139415272865
500618,5,34903,464,2,Equilibrado,0.328691217611452
501444,5,34903,599,0,Adiantado,0.07924296794688239
502011,5,34903,278,2,Equilibrado,0.38089486659883576
505773,5,34903,1901,0,Adiantado,0.17783768858882013
506705,5,34903,398,1,Tardio,0.5330930970570609
507743,5,34903,940,0,Adiantado,0.23069982839557177
507935,5,34903,997,0,Adiantado,0.30958289404271483
508626,5,34903,2552,2,Equilibrado,0.04620976228777376
509536,5,34903,1424,0,Adiantado,0.1956054837489631
511309,5,34903,245,0,Adiantado,0.2852804801796006
511981,5,34903,511,1,Tardio,-0.011449905419441268
513422,5,34903,385,2,Equilibrado,0.1264197555088327
513428,5,34903,283,0,Adiantado,-0.03499694894228207
514078,5,34903,689,1,Tardio,0.13197401983028711
516602,5,34903,485,0,Adiantado,0.30594938726695525
517551,5,34903,293,2,Equilibrado,0.38665267324726915
519115,5,34903,382,2,Equilibrado,0.17959939353105464
521115,5,34903,534,2,Equilibrado,0.25242728417743415
521255,5,34903,26,0,Adiantado,0.35686730579639003
522082,5,34903,535,0,Adiantado,0.006135585326428473
523017,5,34903,265,0,Adiantado,0.34381624369772157
523249,5,34903,489,2,Equilibrado,0.10475454557779626
526721,5,34903,920,0,Adiantado,0.046965437709204035
526819,5,34903,539,2,Equilibrado,0.23439006667807125
529693,5,34903,435,2,Equilibrado,0.4155892178786459
529991,5,34903,662,2,Equilibrado,0.12089451232292302
531018,5,34903,1343,2,Equilibrado,0.13181325210863995
531871,5,34903,194,2,Equilibrado,0.2952164648736755
532254,5,34903,836,0,Adiantado,0.13796139937048293
533418,5,34903,1126,2,Equilibrado,0.040551325072310455
534457,5,34903,714,0,Adiantado,0.3426793927765828
535671,5,34903,1686,2,Equilibrado,0.2665361795278405
536351,5,34903,466,0,Adiantado,0.20177773486020736
536475,5,34903,296,1,Tardio,0.31101616064692555
536963,5,34903,1119,2,Equilibrado,0.3389384180524226
537322,5,34903,749,2,Equilibrado,0.3518712049283583
537811,5,34903,1420,0,Adiantado,0.2360681565596263
539308,5,34903,239,1,Tardio,0.18865938450618866
539945,5,34903,1659,0,Adiantado,0.2823184529364494
540723,5,34903,1837,2,Equilibrado,0.1355252081025686
541921,5,34903,1026,0,Adiantado,0.21571096954877314
542202,5,34903,405,2,Equilibrado,0.14956115789439087
543010,5,34903,1120,0,Adiantado,0.09022317199112592
545164,5,34903,1167,2,Equilibrado,0.19577759142706133
545962,5,34903,648,2,Equilibrado,0.10263412521093353
546547,5,34903,867,2,Equilibrado,0.15151527432326348
546645,5,34903,440,0,Adiantado,0.40625748002819795
547347,5,34903,825,2,Equilibrado,0.22358141481076693
549219,5,34903,726,2,Equilibrado,0.39257078271720813
549321,5,34903,597,1,Tardio,0.4788796767329932
549847,5,34903,857,0,Adiantado,0.09886204466774975
550420,5,34903,701,0,Adiantado,0.36303478953299906
550703,5,34903,2386,0,Adiantado,0.31266420537447037
552173,5,34903,1005,0,Adiantado,-0.017854381141374744
553031,5,34903,732,2,Equilibrado,0.06104341337038953
553284,5,34903,1088,2,Equilibrado,0.1904629325261222
554063,5,34903,431,2,Equilibrado,0.411944869367383
554525,5,34903,506,0,Adiantado,0.16915445804057855
555049,5,34903,831,0,Adiantado,0.10999474495678656
556126,5,34903,640,0,Adiantado,0.32980554485445857
557085,5,34903,1643,0,Adiantado,0.14865443436511558
557290,5,34903,440,0,Adiantado,0.30879986363514733
558044,5,34903,550,2,Equilibrado,0.0993080235060061
558764,5,34903,471,0,Adiantado,0.2547826843576596
560047,5,34903,1335,2,Equilibrado,0.3358378026023524
560645,5,34903,1164,0,Adiantado,0.1568421718200363
561231,5,34903,952,0,Adiantado,0.25483093002108415
562064,5,34903,89,1,Tardio,0.44864842836963703
562754,5,34903,266,0,Adiantado,0.2709050113462876
563108,5,34903,676,2,Equilibrado,0.16384528396117934
563414,5,34903,1399,0,Adiantado,0.0069799453477719445
564243,5,34903,2502,0,Adiantado,0.08415378120903041
564617,5,34903,1557,2,Equilibrado,0.20071226877577572
564933,5,34903,350,0,Adiantado,0.39885579647486974
565017,5,34903,2076,2,Equilibrado,0.10078387436936533
569034,5,34903,1670,0,Adiantado,0.329699034925261
569080,5,34903,699,2,Equilibrado,0.3525338348634471
569108,5,34903,642,0,Adiantado,0.32813891077452706
569876,5,34903,842,0,Adiantado,0.11670966319935899
570213,5,34903,606,0,Adiantado,0.230229368789254
571074,5,34903,1191,0,Adiantado,0.26716083662053186
572213,5,34903,214,1,Tardio,-0.019713172150913526
573583,5,34903,268,1,Tardio,0.1513458737788466
574527,5,34903,1296,2,Equilibrado,0.4131370812148932
575069,5,34903,928,2,Equilibrado,0.3252090000833674
575112,5,34903,1045,2,Equilibrado,0.36513569883672936
575302,5,34903,1638,0,Adiantado,0.2979243324416586
577533,5,34903,490,0,Adiantado,0.37508075411337444
578152,5,34903,312,2,Equilibrado,0.2854308046900779
578847,5,34903,1544,0,Adiantado,0.2112058145382966
579660,5,34903,188,1,Tardio,0.4266283199834262
579686,5,34903,965,2,Equilibrado,0.08426494622819611
580459,5,34903,929,0,Adiantado,0.11604399092396052
580834,5,34903,1822,2,Equilibrado,0.3344056226635362
580845,5,34903,1592,2,Equilibrado,0.30628050011474356
581253,5,34903,2370,0,Adiantado,0.12367155017394246
581659,5,34903,2650,2,Equilibrado,0.30400366974319143
581779,5,34903,693,0,Adiantado,0.3903205944894891
582117,5,34903,475,0,Adiantado,0.09904187928718551
582332,5,34903,1373,0,Adiantado,0.3657794291589076
582653,5,34903,129,1,Tardio,0.43147647598953826
582670,5,34903,129,0,Adiantado,0.31121709138894044
583318,5,34903,291,2,Equilibrado,0.2029822838522089
583487,5,34903,3482,0,Adiantado,0.14399795291893602
584515,5,34903,1028,0,Adiantado,0.13204922909261788
585224,5,34903,851,2,Equilibrado,0.1498984346798867
585284,5,34903,203,1,Tardio,0.5442719371049239
585503,5,34903,1828,2,Equilibrado,0.1997394509456241
585958,5,34903,719,0,Adiantado,0.24802059341847907
586906,5,34903,764,1,Tardio,-0.04567943009422807
587571,5,34903,2410,2,Equilibrado,0.22237048515068059
588128,5,34903,662,2,Equilibrado,0.09882294850804364
588628,5,34903,1808,0,Adiantado,0.23332372201376625
589080,5,34903,1421,0,Adiantado,0.12106186465612442
589162,5,34903,1068,2,Equilibrado,0.37393789355543616
589332,5,34903,840,2,Equilibrado,0.12070512434695427
589828,5,34903,501,1,Tardio,0.04738586774728727
590120,5,34903,748,0,Adiantado,0.35804780066703534
591525,5,34903,368,0,Adiantado,0.08484181260704811
591581,5,34903,956,2,Equilibrado,0.030512120543255358
591946,5,34903,297,2,Equilibrado,0.15964384162252912
592218,5,34903,855,2,Equilibrado,0.1825119030867783
592295,5,34903,868,2,Equilibrado,0.23767871471913887
592558,5,34903,1048,2,Equilibrado,0.2825167846522628
592939,5,34903,410,1,Tardio,0.0026419436210194957
593136,5,34903,387,0,Adiantado,0.28077781478058916
593563,5,34903,604,0,Adiantado,0.19827548466833558
593722,5,34903,509,2,Equilibrado,0.4386509512306481
593796,5,34903,2295,0,Adiantado,0.16021657953198695
594065,5,34903,834,0,Adiantado,-0.04022657791333225
594122,5,34903,1397,0,Adiantado,-0.007421764397577663
594229,5,34903,683,0,Adiantado,0.22634240612869044
594258,5,34903,149,0,Adiantado,0.07947330638671836
594406,5,34903,265,2,Equilibrado,0.18244840951722646
594636,5,34903,641,0,Adiantado,0.3645632224501328
595721,5,34903,392,0,Adiantado,0.35156587072616147
595943,5,34903,1061,2,Equilibrado,0.13736501390315356
596243,5,34903,694,0,Adiantado,0.19400532433610151
596253,5,34903,656,0,Adiantado,0.08577577055351983
596758,5,34903,572,2,Equilibrado,0.2957331625681245
597740,5,34903,252,2,Equilibrado,0.30181833949038506
597937,5,34903,1396,2,Equilibrado,0.11820627311277307
598308,5,34903,1357,0,Adiantado,0.15198521374255836
598540,5,34903,2078,0,Adiantado,0.22291490970882064
598559,5,34903,1207,2,Equilibrado,0.23521140114668979
600071,5,34903,670,0,Adiantado,0.34588802709064526
601008,5,34903,171,2,Equilibrado,0.25417169930301714
601235,5,34903,630,0,Adiantado,0.24769910615538482
601271,5,34903,434,2,Equilibrado,0.08891088016285474
601820,5,34903,147,1,Tardio,0.46972055090708775
602594,5,34903,1437,0,Adiantado,0.18856062728811573
603648,5,34903,1114,0,Adiantado,0.3713311698831919
604567,5,34903,473,2,Equilibrado,0.28521088744363665
604614,5,34903,455,0,Adiantado,0.3107720873748889
605180,5,34903,146,0,Adiantado,0.2896954977648834
605394,5,34903,181,0,Adiantado,0.27795401108248974
605682,5,34903,651,0,Adiantado,0.2343492302680215
606257,5,34903,1703,2,Equilibrado,0.21795705628631937
606904,5,34903,55,0,Adiantado,0.27221328532094224
607243,5,34903,1819,0,Adiantado,0.209844026243053
607303,5,34903,1200,2,Equilibrado,0.3937843866127558
607501,5,34903,766,0,Adiantado,0.21352497651210497
607679,5,34903,1350,0,Adiantado,-0.027700568199545323
607700,5,34903,239,2,Equilibrado,0.18498543456926694
609142,5,34903,1613,2,Equilibrado,0.03631037456650317
609240,5,34903,790,2,Equilibrado,0.13910892956118756
611603,5,34903,295,1,Tardio,0.3405876716978029
612842,5,34903,931,0,Adiantado,0.19892106797998
613165,5,34903,1395,2,Equilibrado,0.08546284655364994
613330,5,34903,1002,0,Adiantado,0.20703346911320694
613634,5,34903,968,2,Equilibrado,0.24637317538999812
613899,5,34903,1522,2,Equilibrado,0.1523822385105191
614059,5,34903,385,0,Adiantado,0.38813579547147364
614984,5,34903,684,0,Adiantado,0.1736364539121401
615266,5,34903,650,2,Equilibrado,0.2533902993472603
615299,5,34903,1819,0,Adiantado,0.13689411441527552
615301,5,34903,1940,0,Adiantado,0.07294381203300863
615302,5,34903,1083,2,Equilibrado,0.1048163435904584
615306,5,34903,1405,0,Adiantado,0.07978821396103877
615340,5,34903,412,1,Tardio,-0.030779436744670114
615342,5,34903,184,0,Adiantado,0.17361056903048416
616517,5,34903,819,0,Adiantado,0.016852601110404253
616912,5,34903,527,0,Adiantado,0.3349377171201116
617010,5,34903,603,0,Adiantado,0.03855235740777293
617119,5,34903,993,2,Equilibrado,0.4172727439493015
617580,5,34903,6450,2,Equilibrado,0.09917455931337349
617922,5,34903,694,2,Equilibrado,0.2351572368116196
618663,5,34903,425,1,Tardio,0.39213406945587215
619204,5,34903,292,1,Tardio,0.4922075590123355
619292,5,34903,1564,0,Adiantado,-0.014895949450775166
619321,5,34903,864,0,Adiantado,0.34608230259842115
619502,5,34903,361,1,Tardio,0.494546514329691
620094,5,34903,4234,2,Equilibrado,0.13295985082358625
620269,5,34903,695,0,Adiantado,0.22741829310231707
620431,5,34903,808,2,Equilibrado,0.34841722636229244
620740,5,34903,444,2,Equilibrado,0.2612337288299754
620810,5,34903,320,2,Equilibrado,0.43571893175797394
622481,5,34903,782,2,Equilibrado,0.4488968410240752
622760,5,34903,432,2,Equilibrado,0.4360533273180341
622934,5,34903,896,0,Adiantado,0.24708795128519292
623471,5,34903,998,2,Equilibrado,0.26435054236317895
623589,5,34903,1104,2,Equilibrado,0.23991235285969384
623765,5,34903,1093,2,Equilibrado,0.19235862141991017
624282,5,34903,925,0,Adiantado,0.3100451251112558
624864,5,34903,960,0,Adiantado,0.3349667410893479
624970,5,34903,1056,0,Adiantado,0.17979595549751348
625245,5,34903,1058,0,Adiantado,0.17110356047614264
625743,5,34903,63,0,Adiantado,0.3840823273320751
625802,5,34903,824,2,Equilibrado,0.38907271070435306
625838,5,34903,1074,2,Equilibrado,0.20532986533256134
626033,5,34903,1463,0,Adiantado,0.048991000662438826
626349,5,34903,76,0,Adiantado,0.292224168907696
626416,5,34903,984,2,Equilibrado,0.22932098449732577
626454,5,34903,968,2,Equilibrado,0.2209564511858968
626477,5,34903,880,0,Adiantado,0.22371196577968686
626514,5,34903,462,0,Adiantado,0.3932429732104363
626552,5,34903,337,2,Equilibrado,0.07588668921587562
626579,5,34903,211,2,Equilibrado,0.28647279953168553
627365,5,34903,1114,2,Equilibrado,0.33759011157105523
627829,5,34903,773,0,Adiantado,0.07825427159532564
628149,5,34903,2787,0,Adiantado,0.17690085865605382
628157,5,34903,509,0,Adiantado,0.3533945682314363
628383,5,34903,1170,0,Adiantado,0.1808699479032802
628521,5,34903,97,1,Tardio,0.5099580967574542
628888,5,34903,601,0,Adiantado,0.03076978109437278
628964,5,34903,1081,0,Adiantado,0.07681936584754111
629029,5,34903,830,2,Equilibrado,0.20053905973468378
629491,5,34903,1320,0,Adiantado,0.3494385778780994
629818,5,34903,542,1,Tardio,0.49925154333610994
629922,5,34903,781,0,Adiantado,0.21618787041845525
629944,5,34903,1108,2,Equilibrado,0.09011313986340538
630109,5,34903,623,2,Equilibrado,0.3345519925050824
630158,5,34903,2583,2,Equilibrado,0.3834396256050299
630835,5,34903,1809,0,Adiantado,0.0661411718851568
630905,5,34903,5867,0,Adiantado,-0.024743603258534832
630910,5,34903,1154,0,Adiantado,0.20030151218312245
631658,5,34903,3383,2,Equilibrado,0.20848575866032065
631681,5,34903,474,2,Equilibrado,0.144534338660118
631715,5,34903,292,0,Adiantado,0.25601548638351085
631740,5,34903,620,0,Adiantado,0.3288209472956747
631837,5,34903,1647,2,Equilibrado,0.10986983567563875
631924,5,34903,1199,0,Adiantado,0.23892610216928747
632074,5,34903,884,2,Equilibrado,0.23775546510484424
632290,5,34903,604,2,Equilibrado,0.45657815144142766
632458,5,34903,3397,2,Equilibrado,0.3347210929438094
632597,5,34903,26,1,Tardio,0.25575835260609975
632826,5,34903,972,0,Adiantado,0.10691575263242188
632836,5,34903,1488,0,Adiantado,0.013827520947312606
633079,5,34903,822,0,Adiantado,0.3584930181537473
633516,5,34903,717,2,Equilibrado,0.19048716901876087
633555,5,34903,1538,0,Adiantado,0.17914460740242144
633568,5,34903,393,0,Adiantado,0.25327486522527065
633867,5,34903,602,2,Equilibrado,0.12843464813001593
633931,5,34903,1576,2,Equilibrado,0.06520729953466146
634088,5,34903,684,0,Adiantado,0.24495862701751572
634512,5,34903,801,0,Adiantado,0.24567177286647413
634526,5,34903,1086,2,Equilibrado,0.19627044318987424
634749,5,34903,3093,0,Adiantado,0.21093940993422952
635184,5,34903,542,2,Equilibrado,0.2153522019839576
635751,5,34903,185,1,Tardio,0.5022068886509381
635795,5,34903,1266,2,Equilibrado,0.27518988664274663
636314,5,34903,1088,0,Adiantado,0.1507449102847109
636400,5,34903,578,0,Adiantado,0.18918577940159467
636408,5,34903,475,2,Equilibrado,0.4110244578815481
636469,5,34903,772,0,Adiantado,0.2744834969133098
636565,5,34903,417,1,Tardio,0.5429209023008711
636656,5,34903,524,0,Adiantado,0.14807521886121297
636704,5,34903,307,1,Tardio,0.33371222703784986
636783,5,34903,710,2,Equilibrado,0.08399102324122076
636830,5,34903,1056,0,Adiantado,0.07596483366488818
636832,5,34903,1632,2,Equilibrado,0.04650541877205802
637004,5,34903,865,0,Adiantado,0.3557488560170056
637358,5,34903,138,2,Equilibrado,0.3571767373905093
637582,5,34903,514,2,Equilibrado,0.09137776222189292
637708,5,34903,1217,2,Equilibrado,0.13331049775849255
637906,5,34903,511,0,Adiantado,0.27692153369381717
637980,5,34903,972,2,Equilibrado,0.17953362791383976
638034,5,34903,527,0,Adiantado,0.38741893422820145
638388,5,34903,297,0,Adiantado,0.28411841899817625
638411,5,34903,2093,2,Equilibrado,0.24287566610270708
638498,5,34903,518,0,Adiantado,0.1009640100853937
638515,5,34903,245,0,Adiantado,0.23059023679835894
638625,5,34903,1447,2,Equilibrado,0.050069337769768484
638655,5,34903,851,0,Adiantado,-0.02521434583099421
638831,5,34903,226,1,Tardio,0.31036476592815215
639028,5,34903,352,0,Adiantado,0.39597062149312884
639231,5,34903,315,0,Adiantado,0.05632950014748783
639522,5,34903,829,2,Equilibrado,0.2008302588464824
640098,5,34903,1215,2,Equilibrado,0.055926707932854675
640278,5,34903,4942,2,Equilibrado,0.0965795623557047
640329,5,34903,395,0,Adiantado,0.36983052663996824
640429,5,34903,1166,0,Adiantado,0.38380646563634696
640711,5,34903,843,0,Adiantado,0.3687286590018355
640752,5,34903,501,2,Equilibrado,0.3571329285238381
640848,5,34903,1041,0,Adiantado,0.029398183097289858
640892,5,34903,528,2,Equilibrado,0.07112143697782534
640927,5,34903,1028,2,Equilibrado,0.07794153330761354
641137,5,34903,765,0,Adiantado,0.33223076017345693
641309,5,34903,1154,2,Equilibrado,0.19938823131821165
641311,5,34903,1516,0,Adiantado,0.11759265282860468
641363,5,34903,218,1,Tardio,0.5357872773295317
641401,5,34903,780,0,Adiantado,0.08349148974437917
641461,5,34903,239,0,Adiantado,0.3675267811284178
641547,5,34903,597,2,Equilibrado,0.2758292721778294
641864,5,34903,806,2,Equilibrado,0.17859389967034406
641914,5,34903,1179,0,Adiantado,0.1640217869664624
642029,5,34903,206,2,Equilibrado,0.1373896987243549
642056,5,34903,798,0,Adiantado,0.31510817076728825
642375,5,34903,316,2,Equilibrado,0.07535091816350553
642448,5,34903,369,1,Tardio,0.4210140460778685
642449,5,34903,416,2,Equilibrado,0.10925474957468481
642493,5,34903,280,0,Adiantado,0.39623165420466744
642498,5,34903,809,2,Equilibrado,0.3896543968046902
642551,5,34903,1123,0,Adiantado,0.38669731515191513
642740,5,34903,1890,0,Adiantado,-0.05300237834505075
642750,5,34903,448,0,Adiantado,0.3266156761016447
642843,5,34903,2329,0,Adiantado,-0.034462940184773895
642872,5,34903,1937,0,Adiantado,-0.030829427985141898
642909,5,34903,214,1,Tardio,0.5406392034727187
643069,5,34903,1484,0,Adiantado,0.12499229270845535
643202,5,34903,783,2,Equilibrado,0.20900676344679664
643220,5,34903,233,2,Equilibrado,0.09861234952273884
643273,5,34903,1589,0,Adiantado,0.33807662943223277
643326,5,34903,2735,2,Equilibrado,0.19986129894704513
643466,5,34903,991,0,Adiantado,-0.00940798110028911
643477,5,34903,1040,2,Equilibrado,0.17179099640683157
643496,5,34903,384,0,Adiantado,0.37809648806325385
643502,5,34903,341,0,Adiantado,0.27400213603155527
643591,5,34903,1183,0,Adiantado,-0.008021161268681049
643653,5,34903,1130,2,Equilibrado,0.09213283955923228
643751,5,34903,1901,2,Equilibrado,0.30609288271682955
643754,5,34903,1187,0,Adiantado,0.26277082263486373
644025,5,34903,928,0,Adiantado,0.12592084927303127
644210,5,34903,591,0,Adiantado,0.2641566161983175
644343,5,34903,992,1,Tardio,-0.010097938357536383
644361,5,34903,6032,2,Equilibrado,0.16309888405518852
644369,5,34903,165,1,Tardio,0.43511864477734075
644450,5,34903,1545,0,Adiantado,0.1228759967339147
644508,5,34903,431,0,Adiantado,0.24125443695409537
644761,5,34903,572,0,Adiantado,0.26924325546852595
644784,5,34903,599,2,Equilibrado,0.00558630687056907
644791,5,34903,1609,0,Adiantado,-0.016916478228089015
644818,5,34903,1652,0,Adiantado,0.3948508548606765
644847,5,34903,249,0,Adiantado,0.305742258736605
644936,5,34903,148,2,Equilibrado,0.299939023825619
644974,5,34903,1631,0,Adiantado,0.06356630781130741
645020,5,34903,182,1,Tardio,0.3819844709706802
645078,5,34903,1109,2,Equilibrado,0.09588861168843611
645405,5,34903,1516,2,Equilibrado,0.0852789987025204
645518,5,34903,566,0,Adiantado,0.2641189862689798
645586,5,34903,422,2,Equilibrado,0.39098682119615563
645705,5,34903,499,0,Adiantado,0.16543960806049626
645784,5,34903,1096,2,Equilibrado,0.4321096335664098
645840,5,34903,1246,2,Equilibrado,0.17995546649888422
645960,5,34903,311,1,Tardio,0.09307808565954438
645997,5,34903,771,2,Equilibrado,0.2664684349694813
646015,5,34903,601,0,Adiantado,0.330135112103448
646017,5,34903,1431,2,Equilibrado,0.451644562908975
646053,5,34903,1195,2,Equilibrado,0.10782491958125975
646074,5,34903,1096,0,Adiantado,0.2906712758142706
646085,5,34903,1267,2,Equilibrado,0.26073822593144075
646138,5,34903,396,1,Tardio,0.2656695933622847
646313,5,34903,1409,0,Adiantado,0.26532697968914176
646357,5,34903,1217,2,Equilibrado,0.04471752337400455
646402,5,34903,518,2,Equilibrado,0.09618506044810952
646460,5,34903,695,0,Adiantado,0.18540619810686038
646539,5,34903,51,1,Tardio,0.5405072499300889
646540,5,34903,1013,2,Equilibrado,0.16644590822492397
646551,5,34903,1444,2,Equilibrado,0.1683653092908721
646638,5,34903,176,1,Tardio,0.5436693623347417
646670,5,34903,398,1,Tardio,0.25266031173790277
646750,5,34903,456,2,Equilibrado,0.19017525549388284
646778,5,34903,1475,2,Equilibrado,0.2700185917894752
646990,5,34903,1119,2,Equilibrado,0.2428870350519814
647040,5,34903,971,1,Tardio,0.06495986423183106
647154,5,34903,213,0,Adiantado,0.29107587443338495
647169,5,34903,1063,0,Adiantado,-0.005515298063052598
647320,5,34903,788,0,Adiantado,0.2567683212648385
647324,5,34903,786,0,Adiantado,0.3465842095355008
647391,5,34903,516,1,Tardio,0.2536782789923429
647398,5,34903,478,0,Adiantado,0.23244882075980458
647399,5,34903,741,2,Equilibrado,0.31132204706008126
647425,5,34903,900,2,Equilibrado,0.1846783831115306
647485,5,34903,410,2,Equilibrado,0.4300218161209758
647765,5,34903,147,1,Tardio,0.4884590383564046
647841,5,34903,430,2,Equilibrado,0.14421934878829223
647898,5,34903,820,0,Adiantado,0.26972282942030856
647945,5,34903,454,0,Adiantado,0.2815714128285943
648027,5,34903,323,2,Equilibrado,0.3605094236490375
648037,5,34903,897,0,Adiantado,0.26466001016277
648038,5,34903,1651,0,Adiantado,0.28839418658371796
648040,5,34903,1153,0,Adiantado,0.1686007652212613
648086,5,34903,263,2,Equilibrado,0.0794265834380978
648105,5,34903,1838,2,Equilibrado,0.11947687273464662
648114,5,34903,2033,2,Equilibrado,0.32479638449202936
648116,5,34903,781,0,Adiantado,0.32623183583309373
648140,5,34903,617,2,Equilibrado,0.0976111726220053
648254,5,34903,236,1,Tardio,0.02211813941637367
648287,5,34903,724,2,Equilibrado,0.3085005102212426
648365,5,34903,2258,2,Equilibrado,0.16368647279345339
648366,5,34903,1048,0,Adiantado,-0.023933849095994303
648457,5,34903,221,2,Equilibrado,0.2748137443141259
648470,5,34903,1082,2,Equilibrado,0.08718320366948842
648531,5,34903,951,2,Equilibrado,0.18592883984728104
648536,5,34903,691,2,Equilibrado,0.15644426726228405
648564,5,34903,973,0,Adiantado,0.28925589927417317
648571,5,34903,571,0,Adiantado,0.15425573914341578
648590,5,34903,114,0,Adiantado,0.3977153339248018
648613,5,34903,429,1,Tardio,0.18198474914295737
648685,5,34903,1077,0,Adiantado,-0.03272013414325773
648815,5,34903,1400,0,Adiantado,0.02371461748197289
648903,5,34903,535,0,Adiantado,-0.01931228109983941
648972,5,34903,744,0,Adiantado,0.37990108381533594
649004,5,34903,2390,2,Equilibrado,0.32321306515657267
649084,5,34903,285,1,Tardio,0.22191249582920364
649093,5,34903,426,1,Tardio,0.20378880779269415
649118,5,34903,314,1,Tardio,0.03921703027639134
649159,5,34903,647,0,Adiantado,0.35677134595821974
649165,5,34903,377,2,Equilibrado,0.04873902242868294
649207,5,34903,889,2,Equilibrado,0.16961830265052186
649212,5,34903,629,2,Equilibrado,0.06472660057000698
649258,5,34903,392,0,Adiantado,0.14824096481389445
649284,5,34903,128,1,Tardio,0.513315558621855
649379,5,34903,1116,2,Equilibrado,0.375725004480253
649400,5,34903,204,0,Adiantado,0.2868888233677412
649434,5,34903,1156,2,Equilibrado,0.272270363239742
649435,5,34903,457,0,Adiantado,0.24554256377122213
649457,5,34903,616,0,Adiantado,0.07540826996866799
649619,5,34903,1020,0,Adiantado,0.031441526059231374
649735,5,34903,138,0,Adiantado,0.3150780789130182
649952,5,34903,1266,2,Equilibrado,0.13095965028647966
649979,5,34903,226,0,Adiantado,0.24883270226453016
650108,5,34903,911,2,Equilibrado,0.057788991013375805
650160,5,34903,628,0,Adiantado,0.22978888649392962
650251,5,34903,926,2,Equilibrado,0.10788437628141914
650363,5,34903,1049,2,Equilibrado,0.20959500354994476
650370,5,34903,536,1,Tardio,0.24361422893572882
650424,5,34903,664,2,Equilibrado,0.19617096777984747
650461,5,34903,75,1,Tardio,0.1189795456625202
650469,5,34903,604,0,Adiantado,0.24650445051417938
650473,5,34903,1395,0,Adiantado,-0.027773368525701336
650570,5,34903,794,0,Adiantado,0.27432178942820784
650866,5,34903,1514,0,Adiantado,0.2445557060994614
650923,5,34903,315,0,Adiantado,0.19264090777783918
650960,5,34903,234,0,Adiantado,0.32600328982925797
651040,5,34903,371,2,Equilibrado,0.03868477545099872
651121,5,34903,644,0,Adiantado,0.12795509434542565
651126,5,34903,771,1,Tardio,0.5344066819137049
651182,5,34903,95,0,Adiantado,0.08290783476486233
651354,5,34903,1068,0,Adiantado,0.3028891017412353
651381,5,34903,424,2,Equilibrado,0.004704119278424391
651419,5,34903,1727,0,Adiantado,0.22505833454968802
651478,5,34903,1006,0,Adiantado,0.3687474962718253
651498,5,34903,1345,0,Adiantado,0.05797217977456894
651555,5,34903,244,1,Tardio,0.12565712095370662
651598,5,34903,819,0,Adiantado,0.0554114774943403
651881,5,34903,270,0,Adiantado,0.32028733423727657
651927,5,34903,893,0,Adiantado,0.11159951739851133
651990,5,34903,805,2,Equilibrado,0.08056472027713629
652008,5,34903,489,0,Adiantado,0.26147741695597326
652064,5,34903,1411,0,Adiantado,0.25058124158802364
652087,5,34903,164,2,Equilibrado,0.3536126556517053
652333,5,34903,499,0,Adiantado,0.34626086281309326
652335,5,34903,387,0,Adiantado,0.15378119127509127
652576,5,34903,389,0,Adiantado,0.31000309537995957
652625,5,34903,1452,0,Adiantado,0.14184365870904786
652672,5,34903,518,0,Adiantado,0.12064472321104916
652684,5,34903,1022,2,Equilibrado,0.20759376127357757
652711,5,34903,939,0,Adiantado,0.05818532485526961
652753,5,34903,949,2,Equilibrado,0.24624999173931142
652788,5,34903,510,0,Adiantado,-0.020715952576602224
652887,5,34903,695,0,Adiantado,0.33167505754555743
652890,5,34903,107,1,Tardio,0.37247510806282547
652898,5,34903,1010,0,Adiantado,0.16641530686349346
652994,5,34903,204,1,Tardio,0.23360582961730839
653045,5,34903,97,0,Adiantado,0.33748914784417633
653297,5,34903,776,2,Equilibrado,0.33709701054762103
653301,5,34903,1318,0,Adiantado,0.11888079560623915
653381,5,34903,722,2,Equilibrado,0.08252805227130507
653417,5,34903,149,1,Tardio,0.45104009779177123
653558,5,34903,246,0,Adiantado,0.26244319855326553
653567,5,34903,1261,1,Tardio,0.3259236283651931
653595,5,34903,937,2,Equilibrado,0.2195618903940211
653653,5,34903,384,0,Adiantado,0.18261208061594167
653773,5,34903,715,2,Equilibrado,0.2544595470786212
654045,5,34903,391,2,Equilibrado,0.1307299535531135
654114,5,34903,545,0,Adiantado,0.21208761183788097
654169,5,34903,536,2,Equilibrado,0.1993881635288979
654217,5,34903,117,2,Equilibrado,0.05310672554089001
654236,5,34903,1116,2,Equilibrado,0.3057961097838715
654260,5,34903,509,0,Adiantado,0.11858463965096905
654339,5,34903,888,0,Adiantado,0.31408777773351454
654441,5,34903,1820,2,Equilibrado,0.220656081373374
654565,5,34903,1338,0,Adiantado,0.40116639265894294
654578,5,34903,250,0,Adiantado,0.2949721675594594
654597,5,34903,523,0,Adiantado,0.36376056996615036
654692,5,34903,514,2,Equilibrado,0.31771357584970383
654819,5,34903,5576,0,Adiantado,0.20604740043569456
654824,5,34903,1403,0,Adiantado,0.25309804625526194
654834,5,34903,1004,0,Adiantado,0.16637981445833308
654867,5,34903,1743,0,Adiantado,-0.021086033024997633
655115,5,34903,678,2,Equilibrado,0.13191861049262052
655127,5,34903,321,1,Tardio,-0.016508005333715638
655386,5,34903,1304,2,Equilibrado,0.2223387697036236
655412,5,34903,788,0,Adiantado,0.13566553769966092
655445,5,34903,491,0,Adiantado,0.07652860754908161
655569,5,34903,304,0,Adiantado,0.22354880903652938
655796,5,34903,339,0,Adiantado,0.11443607984071547
655927,5,34903,258,1,Tardio,0.4838127375510684
655981,5,34903,596,0,Adiantado,0.03018213167969524
656065,5,34903,517,0,Adiantado,0.23110832962873687
656092,5,34903,659,0,Adiantado,0.24750533005385156
656131,5,34903,1293,2,Equilibrado,0.2248914483508904
656158,5,34903,430,0,Adiantado,0.1981086604711942
656159,5,34903,439,0,Adiantado,0.21458363623429283
656165,5,34903,333,2,Equilibrado,0.11221182985263226
656234,5,34903,495,2,Equilibrado,0.2722753697523455
656323,5,34903,649,2,Equilibrado,0.360718945059668
656414,5,34903,1094,0,Adiantado,0.33216893025781963
656529,5,34903,1018,2,Equilibrado,0.04241803215001944
656579,5,34903,840,2,Equilibrado,0.2485166585712621
656607,5,34903,894,0,Adiantado,0.03404595411880892
656651,5,34903,222,0,Adiantado,0.23024672403012095
656734,5,34903,1622,2,Equilibrado,0.3435135724095687
656791,5,34903,1858,2,Equilibrado,0.09570240737301527
656882,5,34903,1012,0,Adiantado,0.33455098538477235
656996,5,34903,219,2,Equilibrado,0.3938974112378426
657048,5,34903,297,2,Equilibrado,0.1632555926067507
657220,5,34903,981,0,Adiantado,-0.037516870640742245
657330,5,34903,516,0,Adiantado,0.0687814467162492
657344,5,34903,927,0,Adiantado,0.3222558336573611
674222,5,34903,1397,0,Adiantado,0.3237674053445575
674226,5,34903,215,0,Adiantado,0.37186205212837997
674236,5,34903,611,2,Equilibrado,0.25254675422148687
674262,5,34903,2066,0,Adiantado,0.009346676906046653
674320,5,34903,517,0,Adiantado,0.1120840326204804
674387,5,34903,1209,0,Adiantado,0.17005600468276066
674451,5,34903,799,0,Adiantado,0.29549185992261756
674484,5,34903,1314,0,Adiantado,0.0005734633248646448
674497,5,34903,742,2,Equilibrado,0.3449230951329038
674509,5,34903,3101,0,Adiantado,0.039733999898055705
674584,5,34903,654,0,Adiantado,0.4052343085888911
674644,5,34903,816,0,Adiantado,0.3254166361521817
674657,5,34903,598,2,Equilibrado,0.12494026284758694
674671,5,34903,1465,0,Adiantado,0.15385486179657576
674691,5,34903,1887,2,Equilibrado,0.04967443681816782
674694,5,34903,1252,2,Equilibrado,0.044788092799412677
674699,5,34903,647,2,Equilibrado,0.23840157762235056
674751,5,34903,953,0,Adiantado,0.22326827754427334
674831,5,34903,378,0,Adiantado,0.3966551662493031
674870,5,34903,1254,2,Equilibrado,0.17864851731037434
674921,5,34903,499,1,Tardio,0.05881152456279265
675021,5,34903,1229,0,Adiantado,0.3002294681892876
675054,5,34903,436,2,Equilibrado,0.07197793446862924
675193,5,34903,649,0,Adiantado,0.15650746182247247
675225,5,34903,742,2,Equilibrado,0.1169656163394215
675233,5,34903,1706,2,Equilibrado,0.28650395943897755
675273,5,34903,244,2,Equilibrado,0.06499295542046571
675279,5,34903,792,0,Adiantado,0.394114800517538
675315,5,34903,592,0,Adiantado,0.09458415366569427
675328,5,34903,535,0,Adiantado,0.2293533003725807
675474,5,34903,21,0,Adiantado,0.2442750017200797
675566,5,34903,444,0,Adiantado,0.05762654071701411
675636,5,34903,1167,2,Equilibrado,0.21355294164683922
675710,5,34903,761,0,Adiantado,0.35445255354712074
675989,5,34903,1946,2,Equilibrado,0.22636135934901513
676064,5,34903,1292,2,Equilibrado,0.20935599323395462
676103,5,34903,333,0,Adiantado,0.11051219019850723
676190,5,34903,1425,0,Adiantado,0.1990104232512402
676265,5,34903,986,0,Adiantado,0.19661005610183002
676272,5,34903,60,1,Tardio,0.1604419134847036
676303,5,34903,59,2,Equilibrado,0.39183488443084746
676378,5,34903,918,0,Adiantado,0.010424288083758395
676444,5,34903,1721,0,Adiantado,-0.025751606646363362
676459,5,34903,1157,0,Adiantado,0.03287560259312003
676478,5,34903,900,0,Adiantado,0.21104683459516968
676492,5,34903,955,0,Adiantado,0.07896695715101075
676610,5,34903,263,1,Tardio,0.09623448538410752
676626,5,34903,932,0,Adiantado,0.11971381135431959
676866,5,34903,616,0,Adiantado,0.250115760805768
677085,5,34903,257,0,Adiantado,0.3754272622679858
677111,5,34903,660,2,Equilibrado,0.3909598354518553
677138,5,34903,872,2,Equilibrado,0.2289824370218098
677155,5,34903,1565,2,Equilibrado,0.4580438721066315
677167,5,34903,351,0,Adiantado,0.3319224463699702
677206,5,34903,1061,2,Equilibrado,0.0788223822962588
677221,5,34903,1415,0,Adiantado,0.10013936189685675
677235,5,34903,270,0,Adiantado,0.016390482378311373
677382,5,34903,842,0,Adiantado,0.3550788625306546
677400,5,34903,967,0,Adiantado,0.34271960157935333
677436,5,34903,537,0,Adiantado,0.38553340674249026
677456,5,34903,1443,0,Adiantado,-0.040085892642861345
677486,5,34903,181,1,Tardio,0.32432417720805434
677546,5,34903,490,1,Tardio,0.11312771905454233
677655,5,34903,1383,2,Equilibrado,0.35467665688907735
677748,5,34903,2593,2,Equilibrado,0.3972139471034139
677767,5,34903,257,0,Adiantado,0.06648872672597339
677833,5,34903,984,0,Adiantado,-0.033713987626746024
678088,5,34903,1520,2,Equilibrado,0.16226715148647783
678235,5,34903,1835,0,Adiantado,-0.023661879702111005
678270,5,34903,53,1,Tardio,0.5174104234722848
678381,5,34903,367,2,Equilibrado,0.013370164120321937
678452,5,34903,109,1,Tardio,0.35071693331512266
678528,5,34903,2133,0,Adiantado,0.02739638110189166
678628,5,34903,182,1,Tardio,0.37401826901704743
678659,5,34903,892,0,Adiantado,0.32394926685245773
678819,5,34903,1059,0,Adiantado,-0.0548731441325156
678859,5,34903,1596,2,Equilibrado,0.3253333867200376
678946,5,34903,985,2,Equilibrado,0.4377921847931338
678954,5,34903,1474,0,Adiantado,0.13509983119822302
679036,5,34903,2700,0,Adiantado,0.011406764069424175
679189,5,34903,1499,0,Adiantado,0.001714513180543522
679237,5,34903,514,0,Adiantado,0.31686671901603813
679251,5,34903,216,2,Equilibrado,0.019947765177963574
679262,5,34903,133,2,Equilibrado,0.14891576992484604
679278,5,34903,370,0,Adiantado,0.3555270622548581
679384,5,34903,652,0,Adiantado,0.16876993763316342
679386,5,34903,100,2,Equilibrado,0.04316301746941628
679402,5,34903,490,0,Adiantado,0.37672228612587844
679445,5,34903,474,2,Equilibrado,0.3042644589298196
679448,5,34903,1717,0,Adiantado,0.24201704581013128
679498,5,34903,312,1,Tardio,0.5094172447995395
679509,5,34903,177,0,Adiantado,0.3072121287880905
679594,5,34903,1596,2,Equilibrado,0.1501803683996241
679788,5,34903,411,0,Adiantado,0.2171558102596388
679790,5,34903,378,1,Tardio,0.3839949363530462
679939,5,34903,568,2,Equilibrado,0.09896991811538369
680014,5,34903,462,0,Adiantado,0.21231400212132445
680027,5,34903,1525,0,Adiantado,0.15839341191469658
680145,5,34903,1031,2,Equilibrado,0.3438722539191956
680266,5,34903,1627,2,Equilibrado,0.370519172148264
680270,5,34903,192,0,Adiantado,0.3018712401352915
680322,5,34903,392,2,Equilibrado,0.3475104813861323
680343,5,34903,1444,0,Adiantado,0.2678043386736874
680348,5,34903,773,0,Adiantado,0.12493789398452462
680443,5,34903,1094,0,Adiantado,0.2152461354760229
680464,5,34903,1329,0,Adiantado,0.2077515532752647
680506,5,34903,686,2,Equilibrado,0.2108317698671158
680572,5,34903,524,0,Adiantado,0.35037749888265834
680708,5,34903,415,0,Adiantado,0.3549045156002897
680713,5,34903,797,0,Adiantado,0.17791471440500806
680747,5,34903,496,2,Equilibrado,0.3084318100316467
680775,5,34903,165,2,Equilibrado,0.45163542663060774
680810,5,34903,4753,2,Equilibrado,0.20285556739728353
680955,5,34903,939,2,Equilibrado,0.08173424991479258
680974,5,34903,131,0,Adiantado,0.1381250252069722
681004,5,34903,735,0,Adiantado,0.19490195989750056
681235,5,34903,303,1,Tardio,0.3023075827152293
681328,5,34903,636,0,Adiantado,-0.00855543907931881
681352,5,34903,360,0,Adiantado,-0.011088644676930876
681354,5,34903,577,1,Tardio,0.2643536488023561
681452,5,34903,315,0,Adiantado,-0.03908909263252886
681490,5,34903,1230,2,Equilibrado,0.16723094198148594
681608,5,34903,147,1,Tardio,0.18466951138818416
681633,5,34903,961,0,Adiantado,-0.0027681298379117823
681652,5,34903,489,2,Equilibrado,0.4613817756385073
681658,5,34903,275,2,Equilibrado,0.13229885184075957
681755,5,34903,759,2,Equilibrado,0.44741796869758016
681763,5,34903,761,0,Adiantado,0.37190959249208
681938,5,34903,375,2,Equilibrado,0.2652114126762088
681973,5,34903,135,0,Adiantado,0.24491155560430106
682070,5,34903,999,2,Equilibrado,0.2602167973450851
682298,5,34903,746,2,Equilibrado,0.4486910589223472
682390,5,34903,259,1,Tardio,0.51891985437558
682436,5,34903,978,0,Adiantado,-0.021903465696592177
682437,5,34903,683,0,Adiantado,0.36306180116862746
682511,5,34903,916,2,Equilibrado,0.15285302805567982
682539,5,34903,1099,2,Equilibrado,0.3423605525051433
682569,5,34903,914,0,Adiantado,-0.03784640132584319
682613,5,34903,114,2,Equilibrado,0.24048395417917506
682632,5,34903,812,2,Equilibrado,0.213746234600868
682695,5,34903,1045,0,Adiantado,0.08777210416993839
682753,5,34903,861,2,Equilibrado,0.13254073674354822
682839,5,34903,952,2,Equilibrado,0.21792596340336723
682894,5,34903,470,0,Adiantado,0.254617457367095
682963,5,34903,799,0,Adiantado,0.15470259595969554
682981,5,34903,846,2,Equilibrado,0.35964259941846605
682983,5,34903,635,2,Equilibrado,0.08115198686588483
682990,5,34903,1483,0,Adiantado,-0.014978755031397109
683033,5,34903,2266,0,Adiantado,0.04499756040558606
683094,5,34903,434,2,Equilibrado,0.06468940462163511
683178,5,34903,856,0,Adiantado,0.28005046708923376
683243,5,34903,139,1,Tardio,0.11888939782395418
683305,5,34903,53,0,Adiantado,0.3029248144290441
683346,5,34903,806,0,Adiantado,0.11073648530579248
683352,5,34903,579,0,Adiantado,0.06194213548764809
683353,5,34903,1168,2,Equilibrado,0.4067117015490321
683375,5,34903,446,2,Equilibrado,0.07048035655073172
683403,5,34903,885,0,Adiantado,0.1343489800699923
683467,5,34903,298,1,Tardio,0.39531083831749975
683530,5,34903,1218,0,Adiantado,0.3251891573920977
683550,5,34903,151,2,Equilibrado,0.17196335069117077
683604,5,34903,954,0,Adiantado,0.2865913212985577
683624,5,34903,1831,0,Adiantado,0.06054091989110755
683820,5,34903,511,0,Adiantado,0.3729864651790451
683902,5,34903,55,0,Adiantado,0.13350050750363934
683934,5,34903,573,2,Equilibrado,0.25539950875747924
684013,5,34903,1378,2,Equilibrado,0.08158951673427964
684183,5,34903,1166,2,Equilibrado,0.28891000903026604
684311,5,34903,794,0,Adiantado,0.23660909132428368
684383,5,34903,831,0,Adiantado,0.3552498023167331
684386,5,34903,919,2,Equilibrado,0.41447290396336917
684592,5,34903,366,1,Tardio,0.4617382944497314
684671,5,34903,511,2,Equilibrado,0.08593448915284385
684675,5,34903,150,1,Tardio,0.49400851750512825
684882,5,34903,2299,2,Equilibrado,0.2746524374024175
684981,5,34903,443,2,Equilibrado,0.12632172662580368
685105,5,34903,164,2,Equilibrado,0.1622595852797071
685128,5,34903,311,2,Equilibrado,0.2741531661851567
685140,5,34903,74,1,Tardio,0.4440960020851921
685155,5,34903,982,0,Adiantado,0.07861477783326411
685212,5,34903,1224,2,Equilibrado,0.27433210772846545
685276,5,34903,669,2,Equilibrado,0.3193422644829258
685339,5,34903,1045,2,Equilibrado,0.348254003770542
685373,5,34903,810,2,Equilibrado,0.07586068775472449
685378,5,34903,118,1,Tardio,0.5346135185344348
685410,5,34903,770,0,Adiantado,0.2807751665494395
685619,5,34903,777,1,Tardio,0.11278224007729784
685705,5,34903,925,2,Equilibrado,0.25795009928338947
685708,5,34903,640,0,Adiantado,0.3892988263139213
685772,5,34903,1023,0,Adiantado,0.18525961997930693
685831,5,34903,304,0,Adiantado,0.14113099206249172
686065,5,34903,1324,2,Equilibrado,0.30559130183565175
686317,5,34903,338,0,Adiantado,0.28946180667338783
686344,5,34903,1003,2,Equilibrado,0.31504335582090676
686348,5,34903,677,0,Adiantado,0.3695190513948401
686498,5,34903,1365,2,Equilibrado,0.3325310236992451
686522,5,34903,758,0,Adiantado,0.07474495751400093
686558,5,34903,172,1,Tardio,0.545530865100141
686700,5,34903,87,1,Tardio,0.2057974607443919
686946,5,34903,110,1,Tardio,0.5083237829933592
687112,5,34903,96,1,Tardio,0.3642581709032659
687115,5,34903,55,1,Tardio,0.48579897429920604
687351,5,34903,641,2,Equilibrado,0.1348009126365658
687410,5,34903,414,0,Adiantado,0.2641058488476273
687434,5,34903,1843,0,Adiantado,0.17463469849939323
687468,5,34903,906,0,Adiantado,0.1976017093222312
687485,5,34903,619,0,Adiantado,0.19800467949454584
687503,5,34903,1786,0,Adiantado,0.01626053511790692
687910,5,34903,841,0,Adiantado,0.25114676018143056
687930,5,34903,1104,0,Adiantado,0.17290995287201089
687931,5,34903,600,2,Equilibrado,0.21339233161437887
687988,5,34903,1196,2,Equilibrado,0.0503289260658308
688008,5,34903,822,0,Adiantado,0.14809268258505082
688127,5,34903,695,0,Adiantado,0.25111647831744116
688136,5,34903,1346,0,Adiantado,0.32347413024623034
688192,5,34903,886,0,Adiantado,-0.033289945033914206
688265,5,34903,111,0,Adiantado,0.2572262783117418
688337,5,34903,164,2,Equilibrado,0.2039193135655074
688543,5,34903,667,2,Equilibrado,0.1855556038466854
688667,5,34903,2096,2,Equilibrado,0.06426702875580356
688685,5,34903,164,2,Equilibrado,0.2990824865868595
688727,5,34903,1299,0,Adiantado,0.11816063499906644
688891,5,34903,454,1,Tardio,0.25103942037499655
688895,5,34903,1786,0,Adiantado,0.24293997364607836
689005,5,34903,107,0,Adiantado,0.24523756261790972
689056,5,34903,68,1,Tardio,0.468386181237085
689260,5,34903,496,0,Adiantado,0.2335285082636665
689280,5,34903,913,0,Adiantado,-0.001814022146674793
689347,5,34903,431,2,Equilibrado,0.4337909245148998
689796,5,34903,2911,0,Adiantado,0.2186925994509805
689832,5,34903,470,0,Adiantado,-0.02947171557560037
689855,5,34903,546,2,Equilibrado,0.1514243178850425
689924,5,34903,148,0,Adiantado,0.01601959778309812
690075,5,34903,77,1,Tardio,0.5351636797171339
690198,5,34903,261,0,Adiantado,-0.018415655738783298
690628,5,34903,686,2,Equilibrado,0.28091143103476873
690635,5,34903,180,0,Adiantado,0.14028367224135163
690746,5,34903,1368,0,Adiantado,0.3058689082800769
690872,5,34903,300,0,Adiantado,0.33540345976088637
691269,5,34903,323,0,Adiantado,0.3463845544587699
691280,5,34903,9,1,Tardio,0.006963844681383696
691326,5,34903,1023,0,Adiantado,0.36062736209167956
691465,5,34903,667,2,Equilibrado,0.131397736237863
691699,5,34903,411,2,Equilibrado,0.22379825422427657
691722,5,34903,926,0,Adiantado,0.30882624343681864
691873,5,34903,476,0,Adiantado,0.1623332212623566
691932,5,34903,1337,0,Adiantado,0.06309263710291803
692010,5,34903,1034,0,Adiantado,0.13860951564079424
692097,5,34903,1198,2,Equilibrado,0.1519138208407928
692220,5,34903,430,0,Adiantado,0.3019774852233134
692301,5,34903,61,1,Tardio,0.34650446426688125
692334,5,34903,1782,2,Equilibrado,0.3334638637709484
692454,5,34903,425,0,Adiantado,0.27670459321149893
692612,5,34903,1077,0,Adiantado,0.1571579609334276
692893,5,34903,331,2,Equilibrado,0.166724068665612
692962,5,34903,1354,2,Equilibrado,0.085527650468738
692968,5,34903,453,0,Adiantado,0.39043493511797434
693162,5,34903,1171,0,Adiantado,0.28047715468568574
693197,5,34903,496,2,Equilibrado,0.06318734984882904
693236,5,34903,458,0,Adiantado,0.34861988217333506
693345,5,34903,469,0,Adiantado,0.2691936623726504
693373,5,34903,514,2,Equilibrado,0.36419921848282405
693497,5,34903,703,0,Adiantado,0.28605181289402776
693519,5,34903,175,1,Tardio,0.0733781605397293
693628,5,34903,405,0,Adiantado,0.04200231244878181
693806,5,34903,1080,0,Adiantado,0.3065291565079417
693873,5,34903,178,1,Tardio,0.20921187901998786
693903,5,34903,507,0,Adiantado,0.07597703816948828
693907,5,34903,1032,2,Equilibrado,0.0666669494568344
694144,5,34903,638,2,Equilibrado,0.11274504030365468
694221,5,34903,20,2,Equilibrado,0.10303600428028627
694428,5,34903,258,1,Tardio,0.4884590383564046
694622,5,34903,560,0,Adiantado,0.3533976597623479
694716,5,34903,385,1,Tardio,0.21535973254504343
694827,5,34903,756,0,Adiantado,0.25732334021747477
694836,5,34903,749,2,Equilibrado,0.37494360700153384
694848,5,34903,1299,2,Equilibrado,0.2797301157449742
695090,5,34903,121,1,Tardio,0.5213675586258526
695169,5,34903,188,1,Tardio,0.27031980099723646
695471,5,34903,106,1,Tardio,0.5476647579203529
695485,5,34903,234,1,Tardio,0.2935162203514354
695637,5,34903,493,0,Adiantado,0.11450933050427146
695729,5,34903,1673,0,Adiantado,0.025269046370789326
695803,5,34903,503,0,Adiantado,0.26958476855800906
695869,5,34903,1020,2,Equilibrado,0.15507557945627765
696039,5,34903,90,1,Tardio,0.4884590383564046
696043,5,34903,586,0,Adiantado,0.23087944562408733
696082,5,34903,552,2,Equilibrado,0.24800745958469095
696188,5,34903,290,1,Tardio,0.4186623485892709
696275,5,34903,1802,2,Equilibrado,0.16570112899605724
696318,5,34903,674,2,Equilibrado,0.04091395235114463
696329,5,34903,970,2,Equilibrado,0.19758244535161235
696347,5,34903,1699,0,Adiantado,0.4032115366945786
696364,5,34903,322,0,Adiantado,0.11699864523132618
696659,5,34903,195,2,Equilibrado,0.30107565969578426
696662,5,34903,2145,2,Equilibrado,0.12607152524949478
696666,5,34903,56,1,Tardio,0.4884590383564046
696671,5,34903,694,0,Adiantado,-0.03788077522351035
696672,5,34903,93,0,Adiantado,0.2804370929158068
696678,5,34903,461,2,Equilibrado,0.41807039131347984
696729,5,34903,1065,0,Adiantado,0.2077626608295219
697114,5,34903,472,1,Tardio,0.2496389224871714
697255,5,34903,939,0,Adiantado,0.12046343536183896
697878,5,34903,343,0,Adiantado,0.32482256276474003
697998,5,34903,695,2,Equilibrado,0.07953982213052596
698015,5,34903,498,2,Equilibrado,0.44204187056998345
698384,5,34903,780,0,Adiantado,0.24922822781148857
698485,5,34903,898,0,Adiantado,0.3465098763563367
698656,5,34903,314,2,Equilibrado,0.43078948979879594
699127,5,34903,43,1,Tardio,0.4884590383564046
699128,5,34903,361,0,Adiantado,0.35638798066658317
895524,5,34903,2627,2,Equilibrado,0.18120222807104805
1042726,5,34903,12,1,Tardio,0.49611528964567664
1318759,5,34903,1155,2,Equilibrado,0.37967614299587416
1348205,5,34903,2177,2,Equilibrado,0.19112620890455245
1391717,5,34903,583,0,Adiantado,0.24651558935548637
1413902,5,34903,501,0,Adiantado,0.20784313477722496
1448966,5,34903,304,0,Adiantado,0.04414726815849915
1450604,5,34903,737,0,Adiantado,0.3607955428914612
1473878,5,34903,591,2,Equilibrado,0.06339125799916268
1501577,5,34903,611,0,Adiantado,0.3836648507108683
1585671,5,34903,1128,0,Adiantado,0.2634519908335839
1603549,5,34903,668,0,Adiantado,0.027580292616900384
1639699,5,34903,620,0,Adiantado,0.29390043145106576
1658963,5,34903,640,2,Equilibrado,0.03654276851355654
1677677,5,34903,1354,0,Adiantado,0.2562561595827486
1722493,5,34903,1435,0,Adiantado,0.3375151399402586
1755594,5,34903,799,0,Adiantado,0.0068905338392159675
1810759,5,34903,705,2,Equilibrado,0.34475579968322073
1816458,5,34903,1871,0,Adiantado,0.3049318397158932
1817710,5,34903,967,0,Adiantado,0.00563150303075349
1836241,5,34903,1216,2,Equilibrado,0.05891355639979774
1837138,5,34903,2710,0,Adiantado,-0.00234820239796893
1871598,5,34903,3789,2,Equilibrado,0.1941459548992994
1871684,5,34903,435,0,Adiantado,0.04914811680043757
1877902,5,34903,941,0,Adiantado,0.04348788332656657
1879321,5,34903,1636,0,Adiantado,0.20349479637160262
1881231,5,34903,598,0,Adiantado,0.33982951527520977
1887108,5,34903,1100,0,Adiantado,0.04392294888695466
1889752,5,34903,1293,0,Adiantado,0.21965314828145835
1948159,5,34903,855,0,Adiantado,0.12980880055692545
1962049,5,34903,1803,2,Equilibrado,0.350954792010472
1972092,5,34903,1671,0,Adiantado,0.36768375029388
1995177,5,34903,1352,0,Adiantado,0.1511384171805238
1998834,5,34903,30,2,Equilibrado,0.15773733755032948
2017487,5,34903,1464,2,Equilibrado,0.07985492344885667
2020628,5,34903,6384,0,Adiantado,0.12708762668672363
2035700,5,34903,1309,0,Adiantado,0.3274035755977448
2047575,5,34903,899,0,Adiantado,0.11508399931997047
2065972,5,34903,631,0,Adiantado,0.08963482018825454
2081123,5,34903,877,2,Equilibrado,0.0783008845851057
2096251,5,34903,922,0,Adiantado,0.17442266533857476
2106955,5,34903,1156,0,Adiantado,0.22122311410543827
2138970,5,34903,157,1,Tardio,0.3538613109221083
2140300,5,34903,1035,0,Adiantado,0.3821482384637994
2143312,5,34903,1897,0,Adiantado,0.10673913500186176
2143440,5,34903,614,2,Equilibrado,0.3165598743296473
2154361,5,34903,188,2,Equilibrado,0.06876815464742082
2160316,5,34903,1276,0,Adiantado,0.026444251600415823
2180090,5,34903,2598,2,Equilibrado,0.2494631049409529
2185729,5,34903,762,0,Adiantado,0.07065673684478507
2197766,5,34903,1221,2,Equilibrado,0.2509985828404243
2254637,5,34903,924,2,Equilibrado,0.14196181565765048
2274542,5,34903,1410,0,Adiantado,0.17810978542242978
2278101,5,34903,413,1,Tardio,0.08012962260344765
2293511,5,34903,725,0,Adiantado,0.2716920875102111
2298106,5,34903,676,1,Tardio,0.5050992564504365
2298895,5,34903,882,2,Equilibrado,0.21844726242603602
2301830,5,34903,1748,0,Adiantado,0.2744178298534318
2306410,5,34903,446,2,Equilibrado,0.1399923300400971
2332934,5,34903,90,1,Tardio,0.4856811060658244
2341420,5,34903,162,0,Adiantado,0.132158664389787
2343785,5,34903,673,0,Adiantado,0.24817860904200686
2351969,5,34903,104,1,Tardio,0.4884590383564046
2360559,5,34903,848,0,Adiantado,0.2644805035064148
2366656,5,34903,448,0,Adiantado,0.07576814487131972
2378208,5,34903,443,2,Equilibrado,0.18698314978125394
2386732,5,34903,2138,0,Adiantado,0.2653209271168371
2399758,5,34903,716,0,Adiantado,0.2554790840567827
2403701,5,34903,3816,2,Equilibrado,0.1911527135488366
2417975,5,34903,1123,2,Equilibrado,0.28897692201094155
2424257,5,34903,798,2,Equilibrado,0.29853311311334035
2427845,5,34903,953,2,Equilibrado,0.19652653145063198
2438784,5,34903,640,0,Adiantado,0.37579440922279767
2457440,5,34903,448,0,Adiantado,0.23853185369284918
2459292,5,34903,34,1,Tardio,0.5344052523742393
2482710,5,34903,2176,2,Equilibrado,0.3293741622883618
2486930,5,34903,154,0,Adiantado,0.12120530299388567
2499307,5,34903,1066,0,Adiantado,0.35482067270839557
2519138,5,34903,761,2,Equilibrado,0.1798899643428342
2529419,5,34903,1278,2,Equilibrado,0.32491151210883323
2537777,5,34903,765,0,Adiantado,0.21884302723020643
2542209,5,34903,771,2,Equilibrado,0.2812298359665343
2544643,5,34903,1590,0,Adiantado,0.1598844302360809
2544766,5,34903,315,1,Tardio,0.5229396265285455
2546315,5,34903,1338,2,Equilibrado,0.26911625636800574
2557008,5,34903,4003,0,Adiantado,-0.0358466936316475
2559144,5,34903,320,1,Tardio,0.06424840258597474
2563095,5,34903,1724,2,Equilibrado,0.39060478982817093
2579891,5,34903,922,0,Adiantado,0.16586623788912214
2584244,5,34903,321,1,Tardio,0.31537914314356086
2597117,5,34903,1178,0,Adiantado,0.17854511499874828
2599883,5,34903,479,0,Adiantado,0.36837923790039334
2602542,5,34903,950,0,Adiantado,0.33514416792418705
2603027,5,34903,967,2,Equilibrado,0.19754914988038572
2612102,5,34903,947,2,Equilibrado,0.34056954118201604
2624028,5,34903,1217,0,Adiantado,0.3407625709363499
2641156,5,34903,162,1,Tardio,0.2484582722914177
2642532,5,34903,165,2,Equilibrado,0.28039137700105693
2649948,5,34903,339,2,Equilibrado,0.4410400174090969
2657913,5,34903,469,0,Adiantado,0.1175409285196599
2658856,5,34903,574,0,Adiantado,0.3809331375914254
2681198,5,34903,951,0,Adiantado,0.18530687476754965
2682682,5,34903,852,2,Equilibrado,0.17954310379678667
2683857,5,34903,2307,0,Adiantado,0.22385677462860837
2686035,5,34903,511,0,Adiantado,0.026244843155459496
2697921,5,34903,395,0,Adiantado,-0.0003049847752100644
