id_student,ciclo,id_assessment,total_clicks,cluster,perfil,silhueta
31296,1,34899,45,1,Cluster 1 (com=0.69),0.49311396884552494
35747,1,34899,491,1,Cluster 1 (com=0.69),0.15709868640972285
35796,1,34899,277,0,Cluster 0 (com=0.50),0.5057201761513949
40857,1,34899,207,0,Cluster 0 (com=0.50),0.1612982196634744
40878,1,34899,345,0,Cluster 0 (com=0.50),0.5599371818470673
42552,1,34899,500,0,Cluster 0 (com=0.50),0.5516640416896651
43958,1,34899,297,0,Cluster 0 (com=0.50),0.3200519626033676
45423,1,34899,807,0,Cluster 0 (com=0.50),0.4251181052631215
47861,1,34899,2276,0,Cluster 0 (com=0.50),0.5483290183793433
56637,1,34899,1140,0,Cluster 0 (com=0.50),0.6016705629349436
56667,1,34899,54,1,Cluster 1 (com=0.69),0.5032228029444681
58884,1,34899,667,0,Cluster 0 (com=0.50),0.29960211567721773
63112,1,34899,126,1,Cluster 1 (com=0.69),0.2699698243810942
64427,1,34899,415,0,Cluster 0 (com=0.50),0.28914597544205883
66892,1,34899,81,0,Cluster 0 (com=0.50),0.21048155390854534
69439,1,34899,229,0,Cluster 0 (com=0.50),0.39238051791979506
71159,1,34899,459,0,Cluster 0 (com=0.50),0.3062684104103104
74165,1,34899,461,0,Cluster 0 (com=0.50),0.4167904014254547
75107,1,34899,938,0,Cluster 0 (com=0.50),0.5629943218068612
77692,1,34899,600,1,Cluster 1 (com=0.69),0.4715501411273944
77995,1,34899,103,0,Cluster 0 (com=0.50),0.1890158977095175
79610,1,34899,304,0,Cluster 0 (com=0.50),0.2487732153026432
80438,1,34899,903,0,Cluster 0 (com=0.50),0.555341412371533
84604,1,34899,710,0,Cluster 0 (com=0.50),0.3689750201192712
85241,1,34899,142,0,Cluster 0 (com=0.50),0.3285624968134209
87264,1,34899,500,1,Cluster 1 (com=0.69),-0.013358253469596557
87322,1,34899,88,0,Cluster 0 (com=0.50),0.37930084864202807
91801,1,34899,795,0,Cluster 0 (com=0.50),0.41878763090577414
94749,1,34899,584,0,Cluster 0 (com=0.50),0.4759824306922086
98256,1,34899,164,0,Cluster 0 (com=0.50),0.23759816761320557
101217,1,34899,62,0,Cluster 0 (com=0.50),0.4226921317176967
102854,1,34899,610,0,Cluster 0 (com=0.50),0.5446134684469953
105125,1,34899,388,0,Cluster 0 (com=0.50),0.051002030458293914
105939,1,34899,265,1,Cluster 1 (com=0.69),0.4029897146647577
107455,1,34899,252,0,Cluster 0 (com=0.50),0.46105279933969223
109577,1,34899,143,0,Cluster 0 (com=0.50),0.36867718232739044
110820,1,34899,471,0,Cluster 0 (com=0.50),0.47601376260669687
113702,1,34899,973,0,Cluster 0 (com=0.50),0.5549702566025564
116529,1,34899,11,1,Cluster 1 (com=0.69),0.4290260997506544
119310,1,34899,232,0,Cluster 0 (com=0.50),0.07790688360141172
119865,1,34899,410,0,Cluster 0 (com=0.50),0.28552028755509307
125063,1,34899,490,0,Cluster 0 (com=0.50),0.22576582507467272
129907,1,34899,639,1,Cluster 1 (com=0.69),0.22974505289274202
131597,1,34899,60,0,Cluster 0 (com=0.50),0.4604247344029655
132423,1,34899,278,0,Cluster 0 (com=0.50),0.36073740920317443
132475,1,34899,590,0,Cluster 0 (com=0.50),0.5162555039941557
135280,1,34899,863,0,Cluster 0 (com=0.50),0.17409730778581434
136944,1,34899,6,1,Cluster 1 (com=0.69),0.11974486710670344
139206,1,34899,627,0,Cluster 0 (com=0.50),0.471686544740979
142310,1,34899,244,0,Cluster 0 (com=0.50),0.5574831380394709
143755,1,34899,1129,0,Cluster 0 (com=0.50),0.3211679896609059
144959,1,34899,66,1,Cluster 1 (com=0.69),0.014091582120113766
149178,1,34899,532,0,Cluster 0 (com=0.50),0.5792737021707969
150282,1,34899,168,0,Cluster 0 (com=0.50),0.23598065601033524
152524,1,34899,964,0,Cluster 0 (com=0.50),0.5973002042090436
152917,1,34899,694,0,Cluster 0 (com=0.50),0.2861066007080425
155938,1,34899,557,0,Cluster 0 (com=0.50),0.4861423833627383
157225,1,34899,201,1,Cluster 1 (com=0.69),0.30857973645881237
159906,1,34899,266,0,Cluster 0 (com=0.50),0.3232076320484709
159947,1,34899,129,1,Cluster 1 (com=0.69),0.4878151798008655
164148,1,34899,306,1,Cluster 1 (com=0.69),0.3366355594006267
166123,1,34899,339,0,Cluster 0 (com=0.50),0.06927969651071461
169596,1,34899,336,0,Cluster 0 (com=0.50),0.20526104997437364
170874,1,34899,336,0,Cluster 0 (com=0.50),0.44483556551177655
172493,1,34899,458,1,Cluster 1 (com=0.69),0.1788659922621839
177492,1,34899,908,0,Cluster 0 (com=0.50),0.5615511325151734
184627,1,34899,315,1,Cluster 1 (com=0.69),0.45567027864755316
184720,1,34899,323,0,Cluster 0 (com=0.50),0.47565700386180476
185994,1,34899,330,0,Cluster 0 (com=0.50),0.46288511778519315
191504,1,34899,178,0,Cluster 0 (com=0.50),0.34208613658233844
194163,1,34899,369,0,Cluster 0 (com=0.50),0.0748965795503035
195246,1,34899,558,0,Cluster 0 (com=0.50),0.5947681938917764
195552,1,34899,474,0,Cluster 0 (com=0.50),0.5043829924919002
199009,1,34899,354,0,Cluster 0 (com=0.50),0.41428832723038383
204117,1,34899,386,0,Cluster 0 (com=0.50),0.20611329953785276
226955,1,34899,721,0,Cluster 0 (com=0.50),0.5928456599436069
228633,1,34899,602,0,Cluster 0 (com=0.50),0.5783979902540981
229498,1,34899,682,0,Cluster 0 (com=0.50),0.513783517357293
230947,1,34899,101,0,Cluster 0 (com=0.50),0.1114444729283902
232173,1,34899,1155,0,Cluster 0 (com=0.50),0.4115246062929105
234661,1,34899,466,0,Cluster 0 (com=0.50),0.5360694821470362
235747,1,34899,136,1,Cluster 1 (com=0.69),0.4633747733960216
235768,1,34899,410,1,Cluster 1 (com=0.69),0.26462651380494295
235971,1,34899,693,0,Cluster 0 (com=0.50),0.4359130148804342
236090,1,34899,558,0,Cluster 0 (com=0.50),0.4826695493566814
237891,1,34899,217,0,Cluster 0 (com=0.50),0.05434974944364709
249357,1,34899,410,1,Cluster 1 (com=0.69),0.4665347275205148
251166,1,34899,560,0,Cluster 0 (com=0.50),0.5717065430606549
253633,1,34899,370,0,Cluster 0 (com=0.50),0.4951976653787989
253763,1,34899,1234,0,Cluster 0 (com=0.50),0.5831842463671447
258245,1,34899,377,0,Cluster 0 (com=0.50),0.2533613855348012
258509,1,34899,311,1,Cluster 1 (com=0.69),0.06860234140539927
258978,1,34899,343,0,Cluster 0 (com=0.50),0.4938501155963487
261863,1,34899,228,0,Cluster 0 (com=0.50),0.2275302988096894
262025,1,34899,349,1,Cluster 1 (com=0.69),0.49991421250098467
262394,1,34899,156,0,Cluster 0 (com=0.50),0.34511043140375297
263862,1,34899,262,1,Cluster 1 (com=0.69),0.06254487510732548
265497,1,34899,400,0,Cluster 0 (com=0.50),0.35168331831995475
268823,1,34899,48,1,Cluster 1 (com=0.69),0.4665347275205148
269584,1,34899,140,0,Cluster 0 (com=0.50),0.17776108950494082
270421,1,34899,124,1,Cluster 1 (com=0.69),0.1520259652390815
275127,1,34899,184,0,Cluster 0 (com=0.50),0.363624140707935
277384,1,34899,602,0,Cluster 0 (com=0.50),0.3863386263862091
278380,1,34899,564,0,Cluster 0 (com=0.50),0.49990677518855137
279440,1,34899,674,0,Cluster 0 (com=0.50),0.2987479540790908
279653,1,34899,534,0,Cluster 0 (com=0.50),0.54414734772657
279883,1,34899,136,0,Cluster 0 (com=0.50),0.4536796557994389
281134,1,34899,420,0,Cluster 0 (com=0.50),0.5619091166231761
282849,1,34899,614,0,Cluster 0 (com=0.50),0.5942725666408439
283402,1,34899,1046,0,Cluster 0 (com=0.50),0.47532086277061
286778,1,34899,398,1,Cluster 1 (com=0.69),0.028009792838593315
287079,1,34899,109,0,Cluster 0 (com=0.50),0.526498581568603
287258,1,34899,446,0,Cluster 0 (com=0.50),0.5146799901111712
289247,1,34899,286,0,Cluster 0 (com=0.50),0.5806254724619195
294112,1,34899,910,0,Cluster 0 (com=0.50),0.3581806095662249
294219,1,34899,1512,0,Cluster 0 (com=0.50),0.5668469072186532
294920,1,34899,1025,0,Cluster 0 (com=0.50),0.25226191680196125
294929,1,34899,800,0,Cluster 0 (com=0.50),0.2034300013687511
297218,1,34899,321,0,Cluster 0 (com=0.50),0.26666741726229287
297341,1,34899,720,0,Cluster 0 (com=0.50),0.3126678717292591
301074,1,34899,463,0,Cluster 0 (com=0.50),0.37824530706748066
301561,1,34899,354,0,Cluster 0 (com=0.50),0.288466564643967
305064,1,34899,1013,0,Cluster 0 (com=0.50),0.5926030210885544
305659,1,34899,198,0,Cluster 0 (com=0.50),0.4932466325844486
310205,1,34899,739,0,Cluster 0 (com=0.50),0.47335323247472416
312126,1,34899,510,0,Cluster 0 (com=0.50),0.3942159920724781
312231,1,34899,139,0,Cluster 0 (com=0.50),0.33691364880708163
312960,1,34899,27,1,Cluster 1 (com=0.69),0.1348650316160384
315795,1,34899,284,0,Cluster 0 (com=0.50),0.3166014456562277
316082,1,34899,112,1,Cluster 1 (com=0.69),0.33464533149213954
318139,1,34899,515,0,Cluster 0 (com=0.50),0.5190142407945435
318147,1,34899,558,0,Cluster 0 (com=0.50),0.353533026401776
319073,1,34899,589,0,Cluster 0 (com=0.50),0.5922734676306908
320133,1,34899,997,0,Cluster 0 (com=0.50),0.584903307863316
320612,1,34899,698,0,Cluster 0 (com=0.50),0.5787434484382079
322499,1,34899,124,0,Cluster 0 (com=0.50),0.3476975297842246
328797,1,34899,212,1,Cluster 1 (com=0.69),0.4665347275205148
331789,1,34899,206,1,Cluster 1 (com=0.69),0.1306719830555774
332237,1,34899,23,0,Cluster 0 (com=0.50),0.25007612651721367
333993,1,34899,584,0,Cluster 0 (com=0.50),0.5454645220813527
334224,1,34899,96,0,Cluster 0 (com=0.50),0.5716709742890148
335095,1,34899,495,0,Cluster 0 (com=0.50),0.2016376427839366
337000,1,34899,414,0,Cluster 0 (com=0.50),0.5272602995205027
338689,1,34899,40,0,Cluster 0 (com=0.50),0.4681599922851452
338806,1,34899,31,1,Cluster 1 (com=0.69),0.3968317284510672
339519,1,34899,452,0,Cluster 0 (com=0.50),0.31558591553466836
340831,1,34899,55,1,Cluster 1 (com=0.69),0.05443372793565546
341093,1,34899,117,0,Cluster 0 (com=0.50),0.3062435643246591
341457,1,34899,591,0,Cluster 0 (com=0.50),0.14758726366826116
341629,1,34899,381,0,Cluster 0 (com=0.50),0.5242421339326905
343709,1,34899,132,0,Cluster 0 (com=0.50),0.5364914384476719
345271,1,34899,2534,0,Cluster 0 (com=0.50),0.5627885462645116
347197,1,34899,692,0,Cluster 0 (com=0.50),0.5202699757119806
348108,1,34899,207,1,Cluster 1 (com=0.69),-0.014081855964869059
348324,1,34899,380,0,Cluster 0 (com=0.50),0.5808702230577135
349515,1,34899,385,0,Cluster 0 (com=0.50),0.5911244239473635
351147,1,34899,261,0,Cluster 0 (com=0.50),0.5798264536689819
354698,1,34899,220,1,Cluster 1 (com=0.69),0.21949767644292828
355293,1,34899,212,1,Cluster 1 (com=0.69),0.5187891622861064
364066,1,34899,954,0,Cluster 0 (com=0.50),0.40692052992739663
366140,1,34899,1052,0,Cluster 0 (com=0.50),0.5833536335683889
367151,1,34899,533,1,Cluster 1 (com=0.69),0.12544148524613785
369242,1,34899,230,0,Cluster 0 (com=0.50),0.33903591316862375
369450,1,34899,612,0,Cluster 0 (com=0.50),0.5136691742417782
369644,1,34899,758,0,Cluster 0 (com=0.50),0.3537511474426614
370735,1,34899,352,0,Cluster 0 (com=0.50),0.46815835650386795
372345,1,34899,518,0,Cluster 0 (com=0.50),0.20605362678277858
372509,1,34899,24,0,Cluster 0 (com=0.50),0.2174964894898478
372511,1,34899,153,1,Cluster 1 (com=0.69),0.32589689477385225
374353,1,34899,696,0,Cluster 0 (com=0.50),0.28573980644536795
375527,1,34899,105,1,Cluster 1 (com=0.69),0.2543653700753512
378705,1,34899,341,0,Cluster 0 (com=0.50),0.24781252827245276
378946,1,34899,1083,0,Cluster 0 (com=0.50),0.5339706630135457
379278,1,34899,1209,0,Cluster 0 (com=0.50),0.5405460482781417
379311,1,34899,160,0,Cluster 0 (com=0.50),0.51385212772526
379563,1,34899,86,1,Cluster 1 (com=0.69),0.43249818291393877
380952,1,34899,257,0,Cluster 0 (com=0.50),0.3823943398800558
381257,1,34899,778,0,Cluster 0 (com=0.50),0.3514413178706895
381414,1,34899,174,0,Cluster 0 (com=0.50),0.3955955029534374
381428,1,34899,502,0,Cluster 0 (com=0.50),0.5783065124920471
381529,1,34899,435,0,Cluster 0 (com=0.50),0.203816608519994
383445,1,34899,143,0,Cluster 0 (com=0.50),0.5655524556990212
383602,1,34899,632,0,Cluster 0 (com=0.50),0.4173019570949954
383629,1,34899,58,1,Cluster 1 (com=0.69),0.4918742871236036
384107,1,34899,567,0,Cluster 0 (com=0.50),0.32617165706897355
386121,1,34899,185,0,Cluster 0 (com=0.50),0.2846662756713185
386389,1,34899,291,0,Cluster 0 (com=0.50),0.4751013205243965
386956,1,34899,475,0,Cluster 0 (com=0.50),0.2140856059605806
389853,1,34899,386,0,Cluster 0 (com=0.50),0.2247078088391451
390070,1,34899,361,1,Cluster 1 (com=0.69),0.38660666774438146
393141,1,34899,645,0,Cluster 0 (com=0.50),0.35779909440090213
395758,1,34899,277,1,Cluster 1 (com=0.69),0.06877249135345086
396683,1,34899,1038,0,Cluster 0 (com=0.50),0.5715943238537727
396834,1,34899,70,0,Cluster 0 (com=0.50),0.29437838427118085
396907,1,34899,424,0,Cluster 0 (com=0.50),0.41069355169214466
397219,1,34899,830,0,Cluster 0 (com=0.50),0.533240501476537
397292,1,34899,115,1,Cluster 1 (com=0.69),0.2632985441848907
397671,1,34899,782,0,Cluster 0 (com=0.50),0.5368999737895365
398550,1,34899,160,0,Cluster 0 (com=0.50),0.3924288729577126
398630,1,34899,123,1,Cluster 1 (com=0.69),0.4513547110755807
399429,1,34899,732,0,Cluster 0 (com=0.50),0.3940974395559432
402695,1,34899,227,1,Cluster 1 (com=0.69),0.3803170850836564
405193,1,34899,729,0,Cluster 0 (com=0.50),0.3613692828873405
407232,1,34899,1067,0,Cluster 0 (com=0.50),0.5715137691332133
408499,1,34899,670,0,Cluster 0 (com=0.50),0.4890515914181409
410407,1,34899,889,0,Cluster 0 (com=0.50),0.3903787596665959
410883,1,34899,244,1,Cluster 1 (com=0.69),0.2745406755164931
411304,1,34899,241,1,Cluster 1 (com=0.69),0.43852614182362215
412353,1,34899,1925,0,Cluster 0 (com=0.50),0.5776449483024959
413180,1,34899,80,1,Cluster 1 (com=0.69),0.2727171099013103
413709,1,34899,226,0,Cluster 0 (com=0.50),0.506589043766688
413949,1,34899,505,1,Cluster 1 (com=0.69),0.07770460102334556
416199,1,34899,218,0,Cluster 0 (com=0.50),0.27590555390562993
416407,1,34899,465,0,Cluster 0 (com=0.50),0.3182795804730981
418201,1,34899,781,0,Cluster 0 (com=0.50),0.5376108892654294
419059,1,34899,173,0,Cluster 0 (com=0.50),0.4157449903387028
419081,1,34899,209,0,Cluster 0 (com=0.50),0.38985894656844
420834,1,34899,900,0,Cluster 0 (com=0.50),0.5980326755028306
421070,1,34899,85,1,Cluster 1 (com=0.69),0.19601600130153407
423210,1,34899,142,1,Cluster 1 (com=0.69),0.452108185030936
423488,1,34899,553,0,Cluster 0 (com=0.50),0.3860218777014964
423781,1,34899,438,1,Cluster 1 (com=0.69),0.38695754451341074
427256,1,34899,677,0,Cluster 0 (com=0.50),0.48948521816101886
429832,1,34899,48,0,Cluster 0 (com=0.50),0.1662667450217435
431139,1,34899,157,0,Cluster 0 (com=0.50),0.3219275657797733
434476,1,34899,1363,0,Cluster 0 (com=0.50),0.5448096529873173
438063,1,34899,404,0,Cluster 0 (com=0.50),0.5123328397310324
438644,1,34899,111,0,Cluster 0 (com=0.50),0.3770199015913778
439950,1,34899,174,1,Cluster 1 (com=0.69),0.43184470095621746
439995,1,34899,292,0,Cluster 0 (com=0.50),0.40669926619502034
440818,1,34899,1279,0,Cluster 0 (com=0.50),0.534053565900299
441165,1,34899,372,0,Cluster 0 (com=0.50),0.4607182206304343
441421,1,34899,524,0,Cluster 0 (com=0.50),0.4842153368329246
442199,1,34899,204,0,Cluster 0 (com=0.50),0.2687827641316095
442347,1,34899,438,0,Cluster 0 (com=0.50),0.2566607869999449
442563,1,34899,290,0,Cluster 0 (com=0.50),0.4378064767042602
442802,1,34899,526,0,Cluster 0 (com=0.50),0.5961118433292238
443151,1,34899,167,0,Cluster 0 (com=0.50),0.5696626131006511
443514,1,34899,145,1,Cluster 1 (com=0.69),0.3564281327094571
443696,1,34899,539,0,Cluster 0 (com=0.50),0.4585675020304025
444011,1,34899,234,0,Cluster 0 (com=0.50),0.2668109401450186
444619,1,34899,97,1,Cluster 1 (com=0.69),0.45376581420003453
444907,1,34899,448,1,Cluster 1 (com=0.69),0.12194747276237745
445686,1,34899,231,0,Cluster 0 (com=0.50),0.5102012177764255
464522,1,34899,376,1,Cluster 1 (com=0.69),0.39477395090236317
465009,1,34899,142,0,Cluster 0 (com=0.50),0.16203575463543934
465078,1,34899,828,0,Cluster 0 (com=0.50),0.24293437843842616
465121,1,34899,246,0,Cluster 0 (com=0.50),0.5180994312321265
465294,1,34899,299,0,Cluster 0 (com=0.50),0.3813014660311359
466120,1,34899,521,0,Cluster 0 (com=0.50),0.382057638117015
466807,1,34899,27,0,Cluster 0 (com=0.50),0.33490257125884115
466987,1,34899,331,0,Cluster 0 (com=0.50),0.30386739114007
467363,1,34899,419,0,Cluster 0 (com=0.50),0.5530750284039321
469499,1,34899,844,0,Cluster 0 (com=0.50),0.6002098043828421
471284,1,34899,356,1,Cluster 1 (com=0.69),0.5205798120333742
474667,1,34899,340,0,Cluster 0 (com=0.50),0.4793430799382524
475015,1,34899,644,0,Cluster 0 (com=0.50),0.5272817191701478
476401,1,34899,656,0,Cluster 0 (com=0.50),0.3429424263453891
476629,1,34899,838,0,Cluster 0 (com=0.50),0.6030750628001771
477833,1,34899,133,0,Cluster 0 (com=0.50),0.28937235112980453
479939,1,34899,763,0,Cluster 0 (com=0.50),0.5510901753196253
480303,1,34899,782,0,Cluster 0 (com=0.50),0.32347423397773073
481240,1,34899,35,1,Cluster 1 (com=0.69),0.4665347275205148
481717,1,34899,901,0,Cluster 0 (com=0.50),0.5785912772614802
482644,1,34899,210,0,Cluster 0 (com=0.50),0.48807779732751344
483037,1,34899,443,0,Cluster 0 (com=0.50),0.20066710514966582
483656,1,34899,460,0,Cluster 0 (com=0.50),0.5428346683400768
484010,1,34899,340,0,Cluster 0 (com=0.50),0.543910381900147
484494,1,34899,209,0,Cluster 0 (com=0.50),0.15942432166105697
484594,1,34899,1474,0,Cluster 0 (com=0.50),0.5938185847742662
485228,1,34899,678,0,Cluster 0 (com=0.50),0.45490373435189
486087,1,34899,433,0,Cluster 0 (com=0.50),0.28148953360835677
486964,1,34899,115,0,Cluster 0 (com=0.50),0.5236947812297268
488525,1,34899,273,0,Cluster 0 (com=0.50),0.46899736449153534
489553,1,34899,145,0,Cluster 0 (com=0.50),0.3721160431853303
490297,1,34899,65,1,Cluster 1 (com=0.69),0.20152894847049738
491077,1,34899,302,0,Cluster 0 (com=0.50),0.5583100665939517
491126,1,34899,575,0,Cluster 0 (com=0.50),0.39249162801537374
491863,1,34899,439,0,Cluster 0 (com=0.50),0.2724997830369239
491959,1,34899,468,0,Cluster 0 (com=0.50),0.12302306911627807
492024,1,34899,309,0,Cluster 0 (com=0.50),0.2973802083340947
492557,1,34899,16,0,Cluster 0 (com=0.50),0.32015086106067275
493793,1,34899,286,0,Cluster 0 (com=0.50),0.25361762528128723
494046,1,34899,255,0,Cluster 0 (com=0.50),0.38209342886035746
494184,1,34899,217,0,Cluster 0 (com=0.50),0.46676533623214705
496493,1,34899,344,0,Cluster 0 (com=0.50),0.17026950792731999
497415,1,34899,944,0,Cluster 0 (com=0.50),0.26013913377856157
498442,1,34899,515,0,Cluster 0 (com=0.50),0.41558722129778963
499244,1,34899,311,0,Cluster 0 (com=0.50),0.38892718392116316
499404,1,34899,296,0,Cluster 0 (com=0.50),0.19181567663245275
500068,1,34899,325,0,Cluster 0 (com=0.50),0.26899909475904354
500618,1,34899,398,0,Cluster 0 (com=0.50),0.5735425373720621
501444,1,34899,412,0,Cluster 0 (com=0.50),0.11137196430780748
501897,1,34899,59,0,Cluster 0 (com=0.50),0.5063949043682318
502011,1,34899,768,0,Cluster 0 (com=0.50),0.5564160986907508
503684,1,34899,57,0,Cluster 0 (com=0.50),0.06436876261906901
505773,1,34899,985,0,Cluster 0 (com=0.50),0.5636831945376216
506705,1,34899,260,0,Cluster 0 (com=0.50),0.5040413358749518
507311,1,34899,254,0,Cluster 0 (com=0.50),0.49728119337408805
507743,1,34899,688,0,Cluster 0 (com=0.50),0.4718123209709046
507935,1,34899,1167,0,Cluster 0 (com=0.50),0.38075890537946977
508626,1,34899,1208,0,Cluster 0 (com=0.50),0.5405075217871314
509536,1,34899,738,0,Cluster 0 (com=0.50),0.27778450522994
511309,1,34899,511,0,Cluster 0 (com=0.50),0.46027172085803175
511350,1,34899,22,1,Cluster 1 (com=0.69),0.4665347275205148
511981,1,34899,464,0,Cluster 0 (com=0.50),0.5816687332248812
513272,1,34899,79,1,Cluster 1 (com=0.69),0.4738100431109362
513422,1,34899,137,0,Cluster 0 (com=0.50),0.5182316927097624
513428,1,34899,183,0,Cluster 0 (com=0.50),0.13157372947826068
514078,1,34899,1024,0,Cluster 0 (com=0.50),0.2809255649103503
514556,1,34899,617,0,Cluster 0 (com=0.50),0.5441200552701945
516602,1,34899,237,0,Cluster 0 (com=0.50),0.457858092797617
517551,1,34899,127,0,Cluster 0 (com=0.50),0.3795449862805988
519115,1,34899,189,0,Cluster 0 (com=0.50),0.16107162508098224
521032,1,34899,295,0,Cluster 0 (com=0.50),0.42378618851001754
521115,1,34899,317,1,Cluster 1 (com=0.69),-0.029703156252142697
521153,1,34899,92,0,Cluster 0 (com=0.50),0.0219348219236628
522082,1,34899,484,0,Cluster 0 (com=0.50),0.5059656963318326
523017,1,34899,344,0,Cluster 0 (com=0.50),0.4522335090744922
523249,1,34899,347,0,Cluster 0 (com=0.50),0.02148611902266547
524827,1,34899,511,0,Cluster 0 (com=0.50),0.33196356423862045
526721,1,34899,865,0,Cluster 0 (com=0.50),0.5076992573310497
526819,1,34899,19,0,Cluster 0 (com=0.50),0.04795925336297299
527619,1,34899,83,0,Cluster 0 (com=0.50),0.3645538684762002
529693,1,34899,486,1,Cluster 1 (com=0.69),0.09492266746524199
529991,1,34899,165,1,Cluster 1 (com=0.69),0.05478601248164039
530148,1,34899,474,0,Cluster 0 (com=0.50),0.32754731009793764
531018,1,34899,575,0,Cluster 0 (com=0.50),0.4763527262554205
531871,1,34899,430,1,Cluster 1 (com=0.69),0.42964786689813256
532254,1,34899,819,0,Cluster 0 (com=0.50),0.17425935663582123
533418,1,34899,842,0,Cluster 0 (com=0.50),0.5955237043714782
534018,1,34899,440,0,Cluster 0 (com=0.50),0.47520768543294756
534112,1,34899,364,0,Cluster 0 (com=0.50),0.4150141964708537
534457,1,34899,270,0,Cluster 0 (com=0.50),0.45137661212441593
535542,1,34899,474,0,Cluster 0 (com=0.50),0.5030720836126941
535997,1,34899,203,0,Cluster 0 (com=0.50),0.4007949312015527
536351,1,34899,438,0,Cluster 0 (com=0.50),0.48246873786336975
536475,1,34899,473,0,Cluster 0 (com=0.50),0.37815402513552443
536963,1,34899,633,0,Cluster 0 (com=0.50),0.575750288073138
537322,1,34899,270,0,Cluster 0 (com=0.50),0.027158115175030598
537606,1,34899,264,1,Cluster 1 (com=0.69),0.4958556558187956
537811,1,34899,2515,0,Cluster 0 (com=0.50),0.5735867309967702
539308,1,34899,358,0,Cluster 0 (com=0.50),0.4681997182725641
539945,1,34899,158,0,Cluster 0 (com=0.50),0.32010353517883683
540723,1,34899,894,0,Cluster 0 (com=0.50),0.5112715070824987
541532,1,34899,461,0,Cluster 0 (com=0.50),0.37551263105637245
541921,1,34899,869,0,Cluster 0 (com=0.50),0.5709449685638599
542202,1,34899,991,0,Cluster 0 (com=0.50),0.3033558363271943
542550,1,34899,506,0,Cluster 0 (com=0.50),0.5337636138403236
543010,1,34899,846,0,Cluster 0 (com=0.50),0.2257137242077428
543432,1,34899,588,0,Cluster 0 (com=0.50),0.46847099581413193
544141,1,34899,176,1,Cluster 1 (com=0.69),0.2042455921153282
544745,1,34899,447,0,Cluster 0 (com=0.50),0.5851826283515549
545164,1,34899,315,0,Cluster 0 (com=0.50),0.3313421019674443
545962,1,34899,895,0,Cluster 0 (com=0.50),0.28704576377256813
546547,1,34899,311,1,Cluster 1 (com=0.69),0.27080361418697396
546645,1,34899,666,0,Cluster 0 (com=0.50),0.5943369211926149
547347,1,34899,76,1,Cluster 1 (com=0.69),0.4665347275205148
549219,1,34899,578,0,Cluster 0 (com=0.50),0.13644091186987806
549321,1,34899,179,1,Cluster 1 (com=0.69),0.1298153867046508
549523,1,34899,197,0,Cluster 0 (com=0.50),0.5138752623679081
549847,1,34899,530,0,Cluster 0 (com=0.50),0.2558238805201584
550420,1,34899,376,0,Cluster 0 (com=0.50),0.5755249640350821
550703,1,34899,834,0,Cluster 0 (com=0.50),0.5747729211701422
552173,1,34899,1364,0,Cluster 0 (com=0.50),0.5949741132040324
553031,1,34899,503,0,Cluster 0 (com=0.50),0.2266688571368501
553284,1,34899,605,0,Cluster 0 (com=0.50),0.5499731079713619
553813,1,34899,98,1,Cluster 1 (com=0.69),0.1736119660343845
554063,1,34899,572,0,Cluster 0 (com=0.50),0.4501228965738718
554525,1,34899,1275,0,Cluster 0 (com=0.50),0.5448849004086509
555049,1,34899,684,0,Cluster 0 (com=0.50),0.2433427416009096
555827,1,34899,200,0,Cluster 0 (com=0.50),0.4314334329145552
556126,1,34899,69,0,Cluster 0 (com=0.50),0.5023277938328815
557085,1,34899,614,0,Cluster 0 (com=0.50),0.5908887589765488
557290,1,34899,690,0,Cluster 0 (com=0.50),0.5792062510599522
557792,1,34899,173,0,Cluster 0 (com=0.50),0.5191934683357669
557830,1,34899,348,0,Cluster 0 (com=0.50),0.5062455687517495
558044,1,34899,293,0,Cluster 0 (com=0.50),0.5777432153752923
558342,1,34899,271,0,Cluster 0 (com=0.50),0.050391275832706875
558764,1,34899,664,0,Cluster 0 (com=0.50),0.38779207659818377
560047,1,34899,207,0,Cluster 0 (com=0.50),0.4709415497261142
560459,1,34899,251,0,Cluster 0 (com=0.50),0.5422257738528373
560645,1,34899,721,0,Cluster 0 (com=0.50),0.3378755466720647
560765,1,34899,486,0,Cluster 0 (com=0.50),0.5464386775057544
561231,1,34899,527,0,Cluster 0 (com=0.50),0.3542638995346302
562754,1,34899,822,0,Cluster 0 (com=0.50),0.39402960407893745
562990,1,34899,351,0,Cluster 0 (com=0.50),0.12518723062246498
563108,1,34899,157,0,Cluster 0 (com=0.50),0.0139847149301591
563414,1,34899,1032,0,Cluster 0 (com=0.50),0.4017321448144143
564243,1,34899,567,0,Cluster 0 (com=0.50),0.48182885344599974
564617,1,34899,1364,0,Cluster 0 (com=0.50),0.5408298168133523
564770,1,34899,176,0,Cluster 0 (com=0.50),0.3380555940159521
564821,1,34899,146,0,Cluster 0 (com=0.50),0.10961629261591609
564933,1,34899,476,1,Cluster 1 (com=0.69),0.14014182145032436
565017,1,34899,1239,0,Cluster 0 (com=0.50),0.45048936264086764
566823,1,34899,38,0,Cluster 0 (com=0.50),0.32132532103356853
568987,1,34899,182,0,Cluster 0 (com=0.50),0.3169972963790899
568998,1,34899,66,0,Cluster 0 (com=0.50),0.1459504502655065
569034,1,34899,1701,0,Cluster 0 (com=0.50),0.5844331531475667
569080,1,34899,818,0,Cluster 0 (com=0.50),0.17253279294614324
569108,1,34899,594,1,Cluster 1 (com=0.69),-0.043628791040051
569876,1,34899,922,0,Cluster 0 (com=0.50),0.5816660115179778
570004,1,34899,33,0,Cluster 0 (com=0.50),0.4491184222670853
570213,1,34899,100,1,Cluster 1 (com=0.69),0.3484399235031684
570689,1,34899,121,0,Cluster 0 (com=0.50),0.23970466112631653
571074,1,34899,608,0,Cluster 0 (com=0.50),0.4579143131691271
571950,1,34899,68,0,Cluster 0 (com=0.50),0.577397013722114
572071,1,34899,118,0,Cluster 0 (com=0.50),0.38047056728632606
572074,1,34899,48,1,Cluster 1 (com=0.69),0.4665347275205148
572213,1,34899,518,0,Cluster 0 (com=0.50),0.5930924831387788
572265,1,34899,97,1,Cluster 1 (com=0.69),0.3846705980430753
573007,1,34899,93,1,Cluster 1 (com=0.69),0.3745996732528719
573583,1,34899,303,0,Cluster 0 (com=0.50),0.34301113150460444
573697,1,34899,240,0,Cluster 0 (com=0.50),0.5939286320414477
574527,1,34899,631,0,Cluster 0 (com=0.50),0.521879184290124
574695,1,34899,509,0,Cluster 0 (com=0.50),0.2044616752128455
575069,1,34899,495,0,Cluster 0 (com=0.50),0.5605167633751649
575112,1,34899,217,1,Cluster 1 (com=0.69),0.18369673103327244
575302,1,34899,1025,0,Cluster 0 (com=0.50),0.5883690654930941
575685,1,34899,10,1,Cluster 1 (com=0.69),0.4665347275205148
577032,1,34899,262,0,Cluster 0 (com=0.50),0.5345239540987865
577429,1,34899,549,0,Cluster 0 (com=0.50),0.4746637571721548
577533,1,34899,8,0,Cluster 0 (com=0.50),0.09564418934892334
578152,1,34899,132,0,Cluster 0 (com=0.50),0.4962898484322872
578495,1,34899,152,1,Cluster 1 (com=0.69),0.5090539762036062
578847,1,34899,332,0,Cluster 0 (com=0.50),0.3425449479785079
579221,1,34899,389,0,Cluster 0 (com=0.50),0.5040950742665362
579660,1,34899,346,0,Cluster 0 (com=0.50),0.4194507771477588
579686,1,34899,96,0,Cluster 0 (com=0.50),0.08610622249567122
580459,1,34899,261,0,Cluster 0 (com=0.50),0.38049045858625763
580834,1,34899,1192,0,Cluster 0 (com=0.50),0.33426784832771456
580845,1,34899,272,0,Cluster 0 (com=0.50),0.3797224528642459
580926,1,34899,64,0,Cluster 0 (com=0.50),0.3336058393473098
581253,1,34899,911,0,Cluster 0 (com=0.50),0.44634523463427384
581659,1,34899,964,0,Cluster 0 (com=0.50),0.21161047405867703
581779,1,34899,149,0,Cluster 0 (com=0.50),0.2188694161858235
582034,1,34899,282,0,Cluster 0 (com=0.50),0.2622250550639077
582117,1,34899,411,0,Cluster 0 (com=0.50),0.5786390814461053
582266,1,34899,130,0,Cluster 0 (com=0.50),0.5193130041545476
582332,1,34899,418,0,Cluster 0 (com=0.50),0.1059810140511837
582530,1,34899,162,1,Cluster 1 (com=0.69),0.4665347275205148
582653,1,34899,210,0,Cluster 0 (com=0.50),0.09328397439226399
582670,1,34899,29,0,Cluster 0 (com=0.50),0.40502162405474773
583056,1,34899,53,0,Cluster 0 (com=0.50),0.43781058760008384
583318,1,34899,19,1,Cluster 1 (com=0.69),0.02621837371655529
583487,1,34899,5643,0,Cluster 0 (com=0.50),0.5453753933351254
584515,1,34899,1772,0,Cluster 0 (com=0.50),0.5945707303681533
584673,1,34899,562,0,Cluster 0 (com=0.50),0.5584624169120123
585224,1,34899,727,0,Cluster 0 (com=0.50),0.4909668059933783
585261,1,34899,511,0,Cluster 0 (com=0.50),0.11641710352385398
585284,1,34899,390,0,Cluster 0 (com=0.50),0.4182213868815422
585503,1,34899,1038,0,Cluster 0 (com=0.50),0.5940879271099829
585572,1,34899,1143,0,Cluster 0 (com=0.50),0.5536793900010528
585825,1,34899,498,0,Cluster 0 (com=0.50),0.5778596633975913
585958,1,34899,331,0,Cluster 0 (com=0.50),0.2600371042097585
586811,1,34899,224,1,Cluster 1 (com=0.69),0.0779855149302146
586906,1,34899,612,1,Cluster 1 (com=0.69),0.27207429861717447
587509,1,34899,447,0,Cluster 0 (com=0.50),0.5109649191744714
587571,1,34899,1349,0,Cluster 0 (com=0.50),0.5752044022858563
587654,1,34899,274,1,Cluster 1 (com=0.69),0.4665347275205148
587706,1,34899,415,0,Cluster 0 (com=0.50),0.36293570727897073
588128,1,34899,239,0,Cluster 0 (com=0.50),0.4968095508065841
588628,1,34899,919,0,Cluster 0 (com=0.50),0.18816050457009936
589080,1,34899,832,0,Cluster 0 (com=0.50),0.28348587950949283
589162,1,34899,272,1,Cluster 1 (com=0.69),0.33520939217454016
589332,1,34899,1636,0,Cluster 0 (com=0.50),0.5901063905553143
589389,1,34899,138,0,Cluster 0 (com=0.50),0.17193353332155764
589441,1,34899,80,1,Cluster 1 (com=0.69),0.478981332290997
589798,1,34899,38,0,Cluster 0 (com=0.50),0.315151020236964
589828,1,34899,60,1,Cluster 1 (com=0.69),0.49950388264428996
590120,1,34899,631,0,Cluster 0 (com=0.50),0.5100410766735518
590462,1,34899,254,0,Cluster 0 (com=0.50),0.4602656446832097
591525,1,34899,505,0,Cluster 0 (com=0.50),0.5168734313416224
591581,1,34899,260,0,Cluster 0 (com=0.50),0.4876242314524137
591746,1,34899,234,0,Cluster 0 (com=0.50),0.3878042214691726
591946,1,34899,520,0,Cluster 0 (com=0.50),0.5794038032776072
592218,1,34899,413,0,Cluster 0 (com=0.50),0.46006294416390064
592295,1,34899,150,1,Cluster 1 (com=0.69),0.23599574616669922
592558,1,34899,528,0,Cluster 0 (com=0.50),0.3434830556826165
592939,1,34899,62,1,Cluster 1 (com=0.69),0.022690578937489995
593136,1,34899,669,0,Cluster 0 (com=0.50),0.5244205895127626
593563,1,34899,312,0,Cluster 0 (com=0.50),0.204418174881015
593722,1,34899,504,0,Cluster 0 (com=0.50),0.05313688289161966
593796,1,34899,1424,0,Cluster 0 (com=0.50),0.3366162555023941
594065,1,34899,601,0,Cluster 0 (com=0.50),0.46254172951434164
594122,1,34899,334,0,Cluster 0 (com=0.50),0.2666971955401126
594229,1,34899,673,0,Cluster 0 (com=0.50),0.5083891770985994
594258,1,34899,39,1,Cluster 1 (com=0.69),0.4627559185531201
594406,1,34899,140,0,Cluster 0 (com=0.50),0.37512125365065785
594615,1,34899,124,0,Cluster 0 (com=0.50),0.12554887734536813
594636,1,34899,589,0,Cluster 0 (com=0.50),0.5330822971802576
595262,1,34899,549,0,Cluster 0 (com=0.50),0.4526303264268546
595721,1,34899,159,0,Cluster 0 (com=0.50),0.4506771408549768
595943,1,34899,431,0,Cluster 0 (com=0.50),0.13212276466619927
596052,1,34899,452,1,Cluster 1 (com=0.69),0.08933957366313709
596203,1,34899,370,0,Cluster 0 (com=0.50),0.2375342111297866
596243,1,34899,288,0,Cluster 0 (com=0.50),0.2945070485005628
596253,1,34899,369,1,Cluster 1 (com=0.69),0.37148720135975266
596464,1,34899,37,0,Cluster 0 (com=0.50),0.5381102725833516
596758,1,34899,581,0,Cluster 0 (com=0.50),0.5569774561361815
596805,1,34899,87,1,Cluster 1 (com=0.69),0.42437187780889785
597740,1,34899,739,0,Cluster 0 (com=0.50),0.3768082190622788
597937,1,34899,243,0,Cluster 0 (com=0.50),0.4282925803461676
598308,1,34899,251,0,Cluster 0 (com=0.50),0.06689467733808238
598540,1,34899,585,0,Cluster 0 (com=0.50),0.2941916002665405
598559,1,34899,395,0,Cluster 0 (com=0.50),0.2836179362918709
598757,1,34899,152,0,Cluster 0 (com=0.50),0.20528990602719738
599297,1,34899,131,0,Cluster 0 (com=0.50),0.33517066400293216
599865,1,34899,117,0,Cluster 0 (com=0.50),0.4185993589416996
600071,1,34899,642,0,Cluster 0 (com=0.50),0.5813582434474045
600405,1,34899,444,0,Cluster 0 (com=0.50),0.1739692757293246
600615,1,34899,79,0,Cluster 0 (com=0.50),0.1988805456060576
600773,1,34899,181,0,Cluster 0 (com=0.50),0.40281421316978755
600893,1,34899,31,0,Cluster 0 (com=0.50),0.3438202410632491
601008,1,34899,397,1,Cluster 1 (com=0.69),0.21183941863735087
601235,1,34899,375,0,Cluster 0 (com=0.50),0.5600470238945484
601271,1,34899,232,0,Cluster 0 (com=0.50),0.5384910622595122
601680,1,34899,308,0,Cluster 0 (com=0.50),0.34324813426334927
601820,1,34899,56,1,Cluster 1 (com=0.69),0.5142557921478799
602594,1,34899,263,0,Cluster 0 (com=0.50),0.42843046903962395
603648,1,34899,568,0,Cluster 0 (com=0.50),0.3698340162289563
603931,1,34899,100,0,Cluster 0 (com=0.50),0.3652274009284024
604567,1,34899,520,1,Cluster 1 (com=0.69),0.15875790253212074
604614,1,34899,140,1,Cluster 1 (com=0.69),0.36824907458612527
604907,1,34899,246,1,Cluster 1 (com=0.69),0.4900788137698663
605180,1,34899,160,0,Cluster 0 (com=0.50),0.23080449348823498
605228,1,34899,301,1,Cluster 1 (com=0.69),-0.03396791425857469
605682,1,34899,318,0,Cluster 0 (com=0.50),0.5464469760612416
606257,1,34899,649,0,Cluster 0 (com=0.50),0.3800249381260856
606428,1,34899,723,0,Cluster 0 (com=0.50),0.541584189581778
606805,1,34899,105,1,Cluster 1 (com=0.69),0.46745269977714843
606904,1,34899,409,0,Cluster 0 (com=0.50),0.5332968537276717
607243,1,34899,1153,0,Cluster 0 (com=0.50),0.5693057682288618
607303,1,34899,686,0,Cluster 0 (com=0.50),0.471297455373838
607501,1,34899,639,0,Cluster 0 (com=0.50),0.37736940527284546
607679,1,34899,632,0,Cluster 0 (com=0.50),0.5794993783849464
607700,1,34899,442,0,Cluster 0 (com=0.50),0.2962621358806986
607733,1,34899,193,0,Cluster 0 (com=0.50),0.5233632713870895
609142,1,34899,1235,0,Cluster 0 (com=0.50),0.5506979406894431
609240,1,34899,815,0,Cluster 0 (com=0.50),0.5343269248890231
611603,1,34899,299,0,Cluster 0 (com=0.50),0.29685082409363517
612842,1,34899,570,0,Cluster 0 (com=0.50),0.47827753792572414
613165,1,34899,1726,0,Cluster 0 (com=0.50),0.26515739868515825
613330,1,34899,1747,0,Cluster 0 (com=0.50),0.5250073374793112
613634,1,34899,176,0,Cluster 0 (com=0.50),0.5358120216136928
613899,1,34899,1416,0,Cluster 0 (com=0.50),0.6008238053332878
613966,1,34899,955,0,Cluster 0 (com=0.50),0.3686756706329608
614059,1,34899,101,0,Cluster 0 (com=0.50),0.4584327702517474
614984,1,34899,256,0,Cluster 0 (com=0.50),0.5079612969980166
615266,1,34899,448,0,Cluster 0 (com=0.50),0.5705073053960491
615299,1,34899,886,0,Cluster 0 (com=0.50),0.447611570590919
615301,1,34899,281,1,Cluster 1 (com=0.69),0.23874217835535524
615302,1,34899,474,0,Cluster 0 (com=0.50),0.555524526942411
615306,1,34899,681,0,Cluster 0 (com=0.50),0.4549884079022668
615328,1,34899,511,0,Cluster 0 (com=0.50),0.12665050685558404
615340,1,34899,245,0,Cluster 0 (com=0.50),0.3774288323412149
615342,1,34899,134,1,Cluster 1 (com=0.69),0.45902377286597446
615356,1,34899,371,0,Cluster 0 (com=0.50),0.1571474637411862
616517,1,34899,379,1,Cluster 1 (com=0.69),0.33490784775081406
616912,1,34899,527,0,Cluster 0 (com=0.50),0.4309428454687714
617010,1,34899,430,0,Cluster 0 (com=0.50),0.4655825950753487
617119,1,34899,370,0,Cluster 0 (com=0.50),0.4074844822433748
617150,1,34899,622,0,Cluster 0 (com=0.50),0.4490681803753116
617332,1,34899,197,0,Cluster 0 (com=0.50),0.5045489086572443
617436,1,34899,372,0,Cluster 0 (com=0.50),0.46784711678068086
617580,1,34899,1219,0,Cluster 0 (com=0.50),0.5225781143406634
617783,1,34899,328,0,Cluster 0 (com=0.50),0.2667838668700163
617922,1,34899,401,0,Cluster 0 (com=0.50),0.4030820421187544
618252,1,34899,282,0,Cluster 0 (com=0.50),0.13533281626443114
618663,1,34899,163,0,Cluster 0 (com=0.50),0.08875326086996577
619204,1,34899,144,0,Cluster 0 (com=0.50),0.5376517104430989
619292,1,34899,705,0,Cluster 0 (com=0.50),0.1836088524155405
619321,1,34899,731,0,Cluster 0 (com=0.50),0.04013335662315627
619502,1,34899,231,1,Cluster 1 (com=0.69),0.4524858485068905
620094,1,34899,1233,0,Cluster 0 (com=0.50),0.5561302663432613
620112,1,34899,178,0,Cluster 0 (com=0.50),0.12353985232637303
620269,1,34899,459,0,Cluster 0 (com=0.50),0.4695258009090238
620349,1,34899,606,0,Cluster 0 (com=0.50),0.5337557235746017
620431,1,34899,561,0,Cluster 0 (com=0.50),0.2454878512654399
620740,1,34899,182,0,Cluster 0 (com=0.50),0.4764522182052259
620750,1,34899,409,0,Cluster 0 (com=0.50),0.5352824314974449
620810,1,34899,301,0,Cluster 0 (com=0.50),0.4060209874022565
622275,1,34899,489,0,Cluster 0 (com=0.50),0.13463562618408198
622362,1,34899,152,0,Cluster 0 (com=0.50),0.30241377297079
622481,1,34899,441,0,Cluster 0 (com=0.50),0.11667106044697236
622760,1,34899,250,0,Cluster 0 (com=0.50),0.5066269693493963
622899,1,34899,517,0,Cluster 0 (com=0.50),0.36018567950127034
622934,1,34899,550,0,Cluster 0 (com=0.50),0.3855630858126294
622967,1,34899,178,0,Cluster 0 (com=0.50),0.5576385577952955
623166,1,34899,500,1,Cluster 1 (com=0.69),0.03776579204972414
623230,1,34899,797,0,Cluster 0 (com=0.50),0.48050220943017136
623471,1,34899,766,0,Cluster 0 (com=0.50),0.5671898113108427
623589,1,34899,388,0,Cluster 0 (com=0.50),0.30176190737550623
623765,1,34899,363,0,Cluster 0 (com=0.50),0.20104126239578993
623917,1,34899,268,0,Cluster 0 (com=0.50),0.3188599266783862
623955,1,34899,100,0,Cluster 0 (com=0.50),0.29878155032683196
624282,1,34899,524,0,Cluster 0 (com=0.50),0.5626846838113905
624864,1,34899,769,0,Cluster 0 (com=0.50),0.29922088671795194
624970,1,34899,545,0,Cluster 0 (com=0.50),0.5292782232742268
625245,1,34899,693,0,Cluster 0 (com=0.50),0.557943888228876
625330,1,34899,774,0,Cluster 0 (com=0.50),0.4909364246240712
625515,1,34899,82,0,Cluster 0 (com=0.50),0.5578066032886168
625609,1,34899,289,0,Cluster 0 (com=0.50),0.3142671254546772
625743,1,34899,335,1,Cluster 1 (com=0.69),0.23484069579500655
625802,1,34899,288,0,Cluster 0 (com=0.50),0.5415319984115191
625838,1,34899,356,0,Cluster 0 (com=0.50),0.3429041400783305
626033,1,34899,1240,0,Cluster 0 (com=0.50),0.5551083347664255
626349,1,34899,86,0,Cluster 0 (com=0.50),0.5695616154985956
626416,1,34899,442,0,Cluster 0 (com=0.50),0.16479024885209553
626454,1,34899,197,0,Cluster 0 (com=0.50),0.4332777449117429
626477,1,34899,367,0,Cluster 0 (com=0.50),0.3426626563971375
626514,1,34899,1244,0,Cluster 0 (com=0.50),0.4491563848491757
626552,1,34899,307,0,Cluster 0 (com=0.50),0.24370329209290306
626579,1,34899,57,0,Cluster 0 (com=0.50),0.058481841392788045
627365,1,34899,867,0,Cluster 0 (com=0.50),0.45044307580549714
627379,1,34899,150,0,Cluster 0 (com=0.50),0.3124603956213356
627829,1,34899,553,0,Cluster 0 (com=0.50),0.4668491264394469
628149,1,34899,894,0,Cluster 0 (com=0.50),0.570632938274389
628157,1,34899,114,0,Cluster 0 (com=0.50),0.22886626671360086
628308,1,34899,150,0,Cluster 0 (com=0.50),0.5276496903871599
628383,1,34899,280,0,Cluster 0 (com=0.50),0.37456988216534864
628521,1,34899,79,1,Cluster 1 (com=0.69),0.09781233927017974
628888,1,34899,348,1,Cluster 1 (com=0.69),0.19133904420582878
628964,1,34899,635,0,Cluster 0 (com=0.50),0.48275576780034485
629029,1,34899,395,0,Cluster 0 (com=0.50),0.1451541479856927
629491,1,34899,740,0,Cluster 0 (com=0.50),0.5848616623827586
629522,1,34899,181,1,Cluster 1 (com=0.69),0.4665347275205148
629594,1,34899,208,0,Cluster 0 (com=0.50),0.47085783804747383
629686,1,34899,73,0,Cluster 0 (com=0.50),0.34426267122243404
629818,1,34899,641,0,Cluster 0 (com=0.50),0.40539327891789007
629922,1,34899,310,0,Cluster 0 (com=0.50),0.25346082722414387
629944,1,34899,332,0,Cluster 0 (com=0.50),0.2573639857454024
630109,1,34899,362,0,Cluster 0 (com=0.50),0.4176818076406581
630158,1,34899,760,0,Cluster 0 (com=0.50),0.23111580196475753
630168,1,34899,387,0,Cluster 0 (com=0.50),0.5772586192806595
630186,1,34899,444,0,Cluster 0 (com=0.50),0.56229501110735
630745,1,34899,511,0,Cluster 0 (com=0.50),0.23730340897115013
630835,1,34899,1511,0,Cluster 0 (com=0.50),0.5295475343754944
630905,1,34899,2066,0,Cluster 0 (com=0.50),0.5011705352270993
630910,1,34899,536,0,Cluster 0 (com=0.50),0.22626663571246916
630992,1,34899,175,0,Cluster 0 (com=0.50),0.5531272775704397
631193,1,34899,168,0,Cluster 0 (com=0.50),0.23371377507477928
631438,1,34899,237,0,Cluster 0 (com=0.50),0.2595405702362611
631524,1,34899,509,0,Cluster 0 (com=0.50),0.18810003769401554
631658,1,34899,1723,0,Cluster 0 (com=0.50),0.5536040435602508
631681,1,34899,33,0,Cluster 0 (com=0.50),0.0478164347527326
631715,1,34899,276,0,Cluster 0 (com=0.50),0.373654042049242
631740,1,34899,394,1,Cluster 1 (com=0.69),0.5004942990104766
631837,1,34899,759,0,Cluster 0 (com=0.50),0.5568083107961165
631924,1,34899,452,0,Cluster 0 (com=0.50),0.3516889365727577
632074,1,34899,257,1,Cluster 1 (com=0.69),0.21961270097542027
632179,1,34899,281,0,Cluster 0 (com=0.50),0.39191826952764725
632276,1,34899,96,0,Cluster 0 (com=0.50),0.36695934122527385
632290,1,34899,355,0,Cluster 0 (com=0.50),0.32962256708449506
632458,1,34899,761,0,Cluster 0 (com=0.50),0.5102655445280941
632556,1,34899,173,1,Cluster 1 (com=0.69),0.06385804065207513
632597,1,34899,64,1,Cluster 1 (com=0.69),0.49240797111453355
632826,1,34899,1073,0,Cluster 0 (com=0.50),0.5846692164713988
632836,1,34899,194,1,Cluster 1 (com=0.69),0.49248934151208773
633079,1,34899,779,0,Cluster 0 (com=0.50),0.5465494598175363
633516,1,34899,390,0,Cluster 0 (com=0.50),0.09556776510533695
633555,1,34899,607,0,Cluster 0 (com=0.50),0.5677322087835052
633568,1,34899,217,1,Cluster 1 (com=0.69),0.5008404050144644
633628,1,34899,378,0,Cluster 0 (com=0.50),0.5290015623128888
633867,1,34899,389,0,Cluster 0 (com=0.50),0.48704343563825464
633931,1,34899,1146,0,Cluster 0 (com=0.50),0.5727015987425881
634088,1,34899,296,0,Cluster 0 (com=0.50),0.08018830402559635
634114,1,34899,11,0,Cluster 0 (com=0.50),0.19714072684427994
634512,1,34899,146,0,Cluster 0 (com=0.50),0.03277243031382468
634526,1,34899,478,0,Cluster 0 (com=0.50),0.26541913580259757
634601,1,34899,383,0,Cluster 0 (com=0.50),0.3543520556668398
634749,1,34899,1381,0,Cluster 0 (com=0.50),0.5956045640148264
634943,1,34899,222,0,Cluster 0 (com=0.50),0.24901827768349194
635184,1,34899,505,0,Cluster 0 (com=0.50),0.44876240679116425
635410,1,34899,143,0,Cluster 0 (com=0.50),0.32398271439198956
635746,1,34899,191,0,Cluster 0 (com=0.50),0.08916165834371523
635751,1,34899,188,1,Cluster 1 (com=0.69),0.48983198589281657
635795,1,34899,551,0,Cluster 0 (com=0.50),0.5700621663677167
635903,1,34899,278,1,Cluster 1 (com=0.69),-0.02059907206112033
636314,1,34899,779,0,Cluster 0 (com=0.50),0.5891193996381242
636375,1,34899,282,0,Cluster 0 (com=0.50),0.5688650454033848
636400,1,34899,766,0,Cluster 0 (com=0.50),0.4250929070164917
636408,1,34899,246,0,Cluster 0 (com=0.50),0.5443947618241103
636469,1,34899,757,0,Cluster 0 (com=0.50),0.5398347781526792
636492,1,34899,276,0,Cluster 0 (com=0.50),0.05176269342111163
636547,1,34899,285,0,Cluster 0 (com=0.50),0.4543085535529333
636565,1,34899,212,1,Cluster 1 (com=0.69),0.4623944245364977
636634,1,34899,406,0,Cluster 0 (com=0.50),0.2122575818725637
636656,1,34899,551,0,Cluster 0 (com=0.50),0.5692447099301006
636704,1,34899,318,0,Cluster 0 (com=0.50),0.5342303950251244
636783,1,34899,414,0,Cluster 0 (com=0.50),0.5929002674201693
636830,1,34899,843,0,Cluster 0 (com=0.50),0.5962189932620032
636832,1,34899,1290,0,Cluster 0 (com=0.50),0.5546986430658541
637004,1,34899,420,0,Cluster 0 (com=0.50),0.4438350016788993
637089,1,34899,182,0,Cluster 0 (com=0.50),0.3056812173589885
637358,1,34899,240,0,Cluster 0 (com=0.50),0.5018699212699533
637509,1,34899,247,1,Cluster 1 (com=0.69),0.4285027774172045
637514,1,34899,148,1,Cluster 1 (com=0.69),0.5002959131123723
637563,1,34899,422,0,Cluster 0 (com=0.50),0.4773900147398393
637582,1,34899,386,0,Cluster 0 (com=0.50),0.38877359514979404
637708,1,34899,702,0,Cluster 0 (com=0.50),0.5753813505426306
637788,1,34899,155,0,Cluster 0 (com=0.50),0.5667737233230309
637800,1,34899,371,0,Cluster 0 (com=0.50),0.5568829414818148
637906,1,34899,342,0,Cluster 0 (com=0.50),0.5498130958852574
637939,1,34899,394,0,Cluster 0 (com=0.50),0.22153026895698616
637980,1,34899,497,0,Cluster 0 (com=0.50),0.5580667771953491
638034,1,34899,660,0,Cluster 0 (com=0.50),0.5788357902626109
638388,1,34899,373,0,Cluster 0 (com=0.50),0.5601228785169164
638411,1,34899,1198,0,Cluster 0 (com=0.50),0.5148188871178007
638498,1,34899,477,0,Cluster 0 (com=0.50),0.46392233763996016
638515,1,34899,210,0,Cluster 0 (com=0.50),0.19912992341387836
638625,1,34899,617,0,Cluster 0 (com=0.50),0.5666530391124964
638655,1,34899,711,0,Cluster 0 (com=0.50),0.19902644627287214
638677,1,34899,326,0,Cluster 0 (com=0.50),0.47361422674814396
638831,1,34899,106,1,Cluster 1 (com=0.69),0.3239050518410631
639028,1,34899,459,0,Cluster 0 (com=0.50),0.5508308325945984
639231,1,34899,504,0,Cluster 0 (com=0.50),0.5494344760764052
639234,1,34899,312,0,Cluster 0 (com=0.50),0.39202176567341696
639238,1,34899,348,0,Cluster 0 (com=0.50),0.3440234939605041
639522,1,34899,254,0,Cluster 0 (com=0.50),0.2614779081378943
639919,1,34899,151,0,Cluster 0 (com=0.50),0.2474416110081711
640098,1,34899,276,0,Cluster 0 (com=0.50),0.5898455381073665
640278,1,34899,1991,0,Cluster 0 (com=0.50),0.5359385944182888
640329,1,34899,688,0,Cluster 0 (com=0.50),0.5288521290362882
640429,1,34899,515,0,Cluster 0 (com=0.50),0.5323514299549762
640552,1,34899,62,0,Cluster 0 (com=0.50),0.32609767681337753
640584,1,34899,101,0,Cluster 0 (com=0.50),0.2810771010195231
640711,1,34899,797,0,Cluster 0 (com=0.50),0.5621527503365871
640848,1,34899,428,0,Cluster 0 (com=0.50),0.5126454613859858
640892,1,34899,257,1,Cluster 1 (com=0.69),0.06420018125191435
640913,1,34899,74,1,Cluster 1 (com=0.69),0.46013264972924356
640927,1,34899,536,0,Cluster 0 (com=0.50),0.47576033921943117
641085,1,34899,198,0,Cluster 0 (com=0.50),0.45806808382416087
641137,1,34899,457,0,Cluster 0 (com=0.50),0.47884972459944825
641275,1,34899,77,0,Cluster 0 (com=0.50),0.4809215335850202
641309,1,34899,365,1,Cluster 1 (com=0.69),0.07174614445558493
641311,1,34899,786,0,Cluster 0 (com=0.50),0.5939910590849503
641363,1,34899,153,0,Cluster 0 (com=0.50),0.4684592424576853
641401,1,34899,454,0,Cluster 0 (com=0.50),0.17927801312386477
641404,1,34899,833,0,Cluster 0 (com=0.50),0.33617231404893466
641433,1,34899,307,0,Cluster 0 (com=0.50),0.35990612830697527
641461,1,34899,352,1,Cluster 1 (com=0.69),0.0003575783512549426
641470,1,34899,308,0,Cluster 0 (com=0.50),0.4939360636244383
641547,1,34899,157,1,Cluster 1 (com=0.69),0.00784136735986049
641804,1,34899,117,1,Cluster 1 (com=0.69),0.26928972237076926
641864,1,34899,760,0,Cluster 0 (com=0.50),0.5550403160252688
641914,1,34899,638,0,Cluster 0 (com=0.50),0.30005842718926257
642029,1,34899,299,0,Cluster 0 (com=0.50),0.5476709921907398
642056,1,34899,389,0,Cluster 0 (com=0.50),0.14727930257823646
642375,1,34899,523,0,Cluster 0 (com=0.50),0.5532240743430917
642448,1,34899,719,0,Cluster 0 (com=0.50),0.45603236110435136
642449,1,34899,360,0,Cluster 0 (com=0.50),0.3850586514455088
642493,1,34899,910,0,Cluster 0 (com=0.50),0.25276018514658016
642496,1,34899,378,0,Cluster 0 (com=0.50),0.5764748576174491
642498,1,34899,432,0,Cluster 0 (com=0.50),0.45235191977687017
642551,1,34899,773,0,Cluster 0 (com=0.50),0.5614116785563338
642626,1,34899,556,0,Cluster 0 (com=0.50),0.24745738382699414
642730,1,34899,351,0,Cluster 0 (com=0.50),0.44751520715497634
642740,1,34899,809,0,Cluster 0 (com=0.50),0.5516837839648665
642750,1,34899,386,0,Cluster 0 (com=0.50),0.5421672636084679
642790,1,34899,1041,0,Cluster 0 (com=0.50),0.19425200552486283
642840,1,34899,751,0,Cluster 0 (com=0.50),0.3256675669160981
642843,1,34899,1160,0,Cluster 0 (com=0.50),0.5299076459041984
642872,1,34899,1094,0,Cluster 0 (com=0.50),0.559449158330841
642909,1,34899,375,0,Cluster 0 (com=0.50),0.5455283734757671
642939,1,34899,689,0,Cluster 0 (com=0.50),0.5870976637528084
643069,1,34899,277,0,Cluster 0 (com=0.50),0.48322702341794066
643202,1,34899,599,0,Cluster 0 (com=0.50),0.5461428446056699
643220,1,34899,354,0,Cluster 0 (com=0.50),0.2838745537722817
643273,1,34899,1084,0,Cluster 0 (com=0.50),0.580849211102201
643326,1,34899,778,0,Cluster 0 (com=0.50),0.10126445233694194
643372,1,34899,265,0,Cluster 0 (com=0.50),0.5538108751391398
643466,1,34899,681,0,Cluster 0 (com=0.50),0.5179988564715615
643477,1,34899,911,0,Cluster 0 (com=0.50),0.4168998109948757
643496,1,34899,627,0,Cluster 0 (com=0.50),0.4894219595309986
643502,1,34899,402,0,Cluster 0 (com=0.50),0.3767999030480121
643591,1,34899,865,0,Cluster 0 (com=0.50),0.4675710319353798
643653,1,34899,357,0,Cluster 0 (com=0.50),0.4665322475685236
643690,1,34899,341,0,Cluster 0 (com=0.50),0.4041722931604159
643696,1,34899,682,0,Cluster 0 (com=0.50),0.4378725887260634
643751,1,34899,775,0,Cluster 0 (com=0.50),0.5235120662069092
643754,1,34899,1173,0,Cluster 0 (com=0.50),0.5220056675530687
643757,1,34899,248,0,Cluster 0 (com=0.50),0.2377082390939556
644025,1,34899,475,0,Cluster 0 (com=0.50),0.16289643791875288
644210,1,34899,462,0,Cluster 0 (com=0.50),0.2601043588558847
644303,1,34899,550,0,Cluster 0 (com=0.50),0.561001907171401
644343,1,34899,280,0,Cluster 0 (com=0.50),0.38091714671065946
644361,1,34899,2146,0,Cluster 0 (com=0.50),0.5197492690648877
644369,1,34899,59,0,Cluster 0 (com=0.50),0.3336325327725476
644430,1,34899,140,0,Cluster 0 (com=0.50),0.30354901019988434
644450,1,34899,961,0,Cluster 0 (com=0.50),0.5605665713336245
644508,1,34899,822,0,Cluster 0 (com=0.50),0.5182130531821106
644761,1,34899,1032,0,Cluster 0 (com=0.50),0.5431078681585837
644784,1,34899,1059,0,Cluster 0 (com=0.50),0.6015332180725568
644791,1,34899,1251,0,Cluster 0 (com=0.50),0.5723639991702979
644818,1,34899,1067,0,Cluster 0 (com=0.50),0.47629956208709023
644847,1,34899,580,0,Cluster 0 (com=0.50),0.6017392182600506
644871,1,34899,258,0,Cluster 0 (com=0.50),0.5816290129844995
644936,1,34899,256,0,Cluster 0 (com=0.50),0.39355357078313763
644974,1,34899,883,0,Cluster 0 (com=0.50),0.5614589777678378
645003,1,34899,576,1,Cluster 1 (com=0.69),0.10300719056509539
645020,1,34899,517,0,Cluster 0 (com=0.50),0.5944118395411567
645078,1,34899,706,0,Cluster 0 (com=0.50),0.30690761042294795
645145,1,34899,142,0,Cluster 0 (com=0.50),0.5457268057660691
645366,1,34899,599,0,Cluster 0 (com=0.50),0.285637876128169
645405,1,34899,2059,0,Cluster 0 (com=0.50),0.5231735644712284
645433,1,34899,242,0,Cluster 0 (com=0.50),0.4852459871196171
645496,1,34899,355,0,Cluster 0 (com=0.50),0.5836663259889711
645518,1,34899,875,0,Cluster 0 (com=0.50),0.3504189150310951
645586,1,34899,357,0,Cluster 0 (com=0.50),0.5815147434495133
645705,1,34899,519,0,Cluster 0 (com=0.50),0.4631104485991538
645732,1,34899,474,0,Cluster 0 (com=0.50),0.5579509411264909
645784,1,34899,506,0,Cluster 0 (com=0.50),0.5339166308882957
645790,1,34899,34,1,Cluster 1 (com=0.69),0.07250499095269165
645840,1,34899,1472,0,Cluster 0 (com=0.50),0.5905942678020049
645880,1,34899,524,0,Cluster 0 (com=0.50),0.5217375644861095
645948,1,34899,875,0,Cluster 0 (com=0.50),0.32493399554907054
645960,1,34899,395,0,Cluster 0 (com=0.50),0.46294629092699774
645997,1,34899,798,0,Cluster 0 (com=0.50),0.4557389055462392
646015,1,34899,489,0,Cluster 0 (com=0.50),0.413127439272375
646017,1,34899,839,0,Cluster 0 (com=0.50),0.5687348396744971
646053,1,34899,333,1,Cluster 1 (com=0.69),0.4661467354025551
646074,1,34899,1053,0,Cluster 0 (com=0.50),0.5064950634078095
646085,1,34899,663,0,Cluster 0 (com=0.50),0.5583725469783456
646091,1,34899,246,0,Cluster 0 (com=0.50),0.07066370558441869
646138,1,34899,284,0,Cluster 0 (com=0.50),0.05912804132412366
646313,1,34899,399,1,Cluster 1 (com=0.69),0.27387337448291427
646357,1,34899,990,0,Cluster 0 (com=0.50),0.5676261219313457
646402,1,34899,472,0,Cluster 0 (com=0.50),0.41588721695395436
646460,1,34899,423,0,Cluster 0 (com=0.50),0.5769406159384467
646539,1,34899,258,0,Cluster 0 (com=0.50),0.37239480791235824
646540,1,34899,854,0,Cluster 0 (com=0.50),0.4957873261015935
646551,1,34899,288,0,Cluster 0 (com=0.50),0.47890586007130775
646638,1,34899,85,1,Cluster 1 (com=0.69),0.1404816572228198
646670,1,34899,356,1,Cluster 1 (com=0.69),0.06441748366410908
646734,1,34899,161,0,Cluster 0 (com=0.50),0.15473700026534207
646742,1,34899,158,0,Cluster 0 (com=0.50),0.4874592822121761
646750,1,34899,257,0,Cluster 0 (com=0.50),0.5781389831853375
646778,1,34899,1030,0,Cluster 0 (com=0.50),0.584505162304012
646807,1,34899,427,0,Cluster 0 (com=0.50),0.516338351233173
646990,1,34899,552,0,Cluster 0 (com=0.50),0.3495308125678069
647005,1,34899,459,0,Cluster 0 (com=0.50),0.31715738175241703
647033,1,34899,120,1,Cluster 1 (com=0.69),0.00133449935151036
647040,1,34899,497,0,Cluster 0 (com=0.50),0.19992263228392637
647045,1,34899,913,0,Cluster 0 (com=0.50),0.44578901892003864
647154,1,34899,650,0,Cluster 0 (com=0.50),0.17392849491475235
647169,1,34899,384,0,Cluster 0 (com=0.50),0.5264141274625113
647171,1,34899,195,0,Cluster 0 (com=0.50),0.2334397165270315
647210,1,34899,532,0,Cluster 0 (com=0.50),0.46482084969713616
647320,1,34899,1025,0,Cluster 0 (com=0.50),0.5488869768477337
647324,1,34899,682,0,Cluster 0 (com=0.50),0.36524912590829295
647339,1,34899,196,0,Cluster 0 (com=0.50),0.4614688637104586
647348,1,34899,247,0,Cluster 0 (com=0.50),0.10997390979658218
647391,1,34899,284,0,Cluster 0 (com=0.50),0.40900320438047605
647398,1,34899,430,0,Cluster 0 (com=0.50),0.5720997053295729
647399,1,34899,1594,0,Cluster 0 (com=0.50),0.5839881358184791
647425,1,34899,1300,0,Cluster 0 (com=0.50),0.5584749495844029
647485,1,34899,200,0,Cluster 0 (com=0.50),0.39145269258109755
647496,1,34899,329,0,Cluster 0 (com=0.50),0.5432473246846206
647525,1,34899,456,0,Cluster 0 (com=0.50),0.23768309388529146
647765,1,34899,167,0,Cluster 0 (com=0.50),0.19907656506006083
647784,1,34899,402,0,Cluster 0 (com=0.50),0.5247165341073653
647841,1,34899,585,0,Cluster 0 (com=0.50),0.37150954445442264
647898,1,34899,606,0,Cluster 0 (com=0.50),0.41326168209251735
647910,1,34899,254,1,Cluster 1 (com=0.69),0.3226027858305843
647915,1,34899,330,0,Cluster 0 (com=0.50),0.24282734793920543
647945,1,34899,431,0,Cluster 0 (com=0.50),0.28356027679181695
647987,1,34899,1197,0,Cluster 0 (com=0.50),0.5222123848634579
648027,1,34899,335,0,Cluster 0 (com=0.50),0.5131482212165146
648037,1,34899,1018,0,Cluster 0 (com=0.50),0.41132660113534336
648038,1,34899,605,0,Cluster 0 (com=0.50),0.5337874236298489
648040,1,34899,1784,0,Cluster 0 (com=0.50),0.5571044186748787
648086,1,34899,647,0,Cluster 0 (com=0.50),0.5334576118246055
648105,1,34899,58,1,Cluster 1 (com=0.69),0.06787549926032119
648114,1,34899,611,0,Cluster 0 (com=0.50),0.5576625320921615
648116,1,34899,433,1,Cluster 1 (com=0.69),0.13023145166074102
648140,1,34899,265,0,Cluster 0 (com=0.50),0.35409914151917526
648190,1,34899,176,0,Cluster 0 (com=0.50),0.4934318510235302
648244,1,34899,120,0,Cluster 0 (com=0.50),0.3485715247150634
648254,1,34899,200,0,Cluster 0 (com=0.50),0.37861700492991307
648287,1,34899,320,1,Cluster 1 (com=0.69),0.11428866222606175
648353,1,34899,290,0,Cluster 0 (com=0.50),0.22055316932276028
648365,1,34899,1273,0,Cluster 0 (com=0.50),0.5980388312867768
648366,1,34899,921,0,Cluster 0 (com=0.50),0.5278530326974715
648455,1,34899,16,1,Cluster 1 (com=0.69),0.05455601279851987
648457,1,34899,207,0,Cluster 0 (com=0.50),0.34306691921093496
648470,1,34899,477,0,Cluster 0 (com=0.50),0.46021832490892706
648508,1,34899,93,0,Cluster 0 (com=0.50),0.2054859825614587
648515,1,34899,112,0,Cluster 0 (com=0.50),0.5615748285633246
648531,1,34899,482,0,Cluster 0 (com=0.50),0.4735634853371591
648536,1,34899,795,0,Cluster 0 (com=0.50),0.30479572763521345
648564,1,34899,667,0,Cluster 0 (com=0.50),0.5311697328372423
648571,1,34899,772,0,Cluster 0 (com=0.50),0.46375898485708533
648590,1,34899,408,0,Cluster 0 (com=0.50),0.5260449999828901
648613,1,34899,778,0,Cluster 0 (com=0.50),0.415468992602389
648661,1,34899,297,0,Cluster 0 (com=0.50),0.453496390040233
648685,1,34899,456,0,Cluster 0 (com=0.50),0.5663942755812397
648725,1,34899,399,0,Cluster 0 (com=0.50),0.33140272076131316
648804,1,34899,589,0,Cluster 0 (com=0.50),0.5900957274306359
648815,1,34899,951,0,Cluster 0 (com=0.50),0.5897956000405215
648903,1,34899,41,0,Cluster 0 (com=0.50),0.1663839566226463
648927,1,34899,937,0,Cluster 0 (com=0.50),0.4634333802815264
648972,1,34899,143,0,Cluster 0 (com=0.50),0.26671326091777287
648995,1,34899,159,1,Cluster 1 (com=0.69),0.4412033240309637
649004,1,34899,730,0,Cluster 0 (com=0.50),0.5552892508562018
649009,1,34899,57,1,Cluster 1 (com=0.69),0.35543691115315695
649020,1,34899,110,0,Cluster 0 (com=0.50),0.035112630704049325
649036,1,34899,65,1,Cluster 1 (com=0.69),0.11763687893865249
649079,1,34899,1110,0,Cluster 0 (com=0.50),0.5192046925499786
649084,1,34899,607,0,Cluster 0 (com=0.50),0.5615316169881318
649093,1,34899,307,0,Cluster 0 (com=0.50),0.1251590820644326
649118,1,34899,200,1,Cluster 1 (com=0.69),0.4676613479969729
649141,1,34899,413,0,Cluster 0 (com=0.50),0.5327198274149957
649159,1,34899,384,0,Cluster 0 (com=0.50),0.4899357938270573
649165,1,34899,228,0,Cluster 0 (com=0.50),0.5733995460673692
649207,1,34899,544,0,Cluster 0 (com=0.50),0.5864684208785163
649212,1,34899,638,0,Cluster 0 (com=0.50),0.5111452304417348
649230,1,34899,337,0,Cluster 0 (com=0.50),0.2592792029371489
649258,1,34899,230,0,Cluster 0 (com=0.50),0.4248988281572623
649284,1,34899,362,0,Cluster 0 (com=0.50),0.39764981598975807
649325,1,34899,380,1,Cluster 1 (com=0.69),0.14062303780905624
649336,1,34899,108,1,Cluster 1 (com=0.69),0.5135450534933232
649379,1,34899,862,0,Cluster 0 (com=0.50),0.5115157400613549
649385,1,34899,150,0,Cluster 0 (com=0.50),0.38929641711038593
649400,1,34899,454,0,Cluster 0 (com=0.50),0.5759604324953548
649434,1,34899,562,0,Cluster 0 (com=0.50),0.39551934830022084
649435,1,34899,200,0,Cluster 0 (com=0.50),0.17847448866685614
649457,1,34899,755,0,Cluster 0 (com=0.50),0.5743004676185396
649469,1,34899,1233,0,Cluster 0 (com=0.50),0.17777318503042117
649566,1,34899,214,1,Cluster 1 (com=0.69),0.2038954088551145
649580,1,34899,442,0,Cluster 0 (com=0.50),0.5048587051972334
649619,1,34899,537,0,Cluster 0 (com=0.50),0.3656811845926916
649735,1,34899,312,0,Cluster 0 (com=0.50),0.5802987478122404
649806,1,34899,105,1,Cluster 1 (com=0.69),0.16446025479354104
649891,1,34899,188,0,Cluster 0 (com=0.50),0.2866065946016513
649952,1,34899,1203,0,Cluster 0 (com=0.50),0.46466648216472617
649954,1,34899,693,1,Cluster 1 (com=0.69),-0.027149612854525818
649979,1,34899,289,0,Cluster 0 (com=0.50),0.4161515760846379
650031,1,34899,437,0,Cluster 0 (com=0.50),0.23393661234005803
650048,1,34899,61,0,Cluster 0 (com=0.50),0.1569879125542662
650054,1,34899,355,0,Cluster 0 (com=0.50),0.33059135707101317
650085,1,34899,456,0,Cluster 0 (com=0.50),0.2872658126841191
650108,1,34899,562,0,Cluster 0 (com=0.50),0.4868790908997055
650123,1,34899,279,1,Cluster 1 (com=0.69),0.3897975956634284
650148,1,34899,152,0,Cluster 0 (com=0.50),0.2673301507933554
650160,1,34899,433,0,Cluster 0 (com=0.50),0.5515047013739792
650170,1,34899,1348,0,Cluster 0 (com=0.50),0.59740719279763
650251,1,34899,612,0,Cluster 0 (com=0.50),0.5247418372803686
650287,1,34899,1186,0,Cluster 0 (com=0.50),0.49330078697341045
650363,1,34899,115,1,Cluster 1 (com=0.69),0.4056481394108842
650370,1,34899,237,0,Cluster 0 (com=0.50),0.5422147952649987
650424,1,34899,383,0,Cluster 0 (com=0.50),0.27301207767940483
650461,1,34899,331,0,Cluster 0 (com=0.50),0.5549441078365976
650469,1,34899,440,0,Cluster 0 (com=0.50),0.13486802329780448
650473,1,34899,691,0,Cluster 0 (com=0.50),0.566352847211613
650543,1,34899,316,0,Cluster 0 (com=0.50),0.03712977397392709
650570,1,34899,464,0,Cluster 0 (com=0.50),0.4395198419095339
650682,1,34899,374,0,Cluster 0 (com=0.50),0.44081882161221153
650716,1,34899,22,0,Cluster 0 (com=0.50),0.14581412278479697
650717,1,34899,386,1,Cluster 1 (com=0.69),0.2521839633296908
650758,1,34899,112,0,Cluster 0 (com=0.50),0.27425057366609906
650861,1,34899,143,1,Cluster 1 (com=0.69),0.022578891778688905
650866,1,34899,989,0,Cluster 0 (com=0.50),0.5784952205277188
650923,1,34899,38,0,Cluster 0 (com=0.50),0.25281228453696825
650960,1,34899,76,0,Cluster 0 (com=0.50),0.32133739774046965
651040,1,34899,166,0,Cluster 0 (com=0.50),0.5097817400096065
651121,1,34899,794,0,Cluster 0 (com=0.50),0.2999147043909127
651126,1,34899,500,0,Cluster 0 (com=0.50),0.2561405541336541
651182,1,34899,327,0,Cluster 0 (com=0.50),0.5483602118097228
651200,1,34899,28,1,Cluster 1 (com=0.69),0.4665347275205148
651238,1,34899,935,0,Cluster 0 (com=0.50),0.6000643688748748
651253,1,34899,227,0,Cluster 0 (com=0.50),0.15499445257672806
651330,1,34899,44,1,Cluster 1 (com=0.69),0.4665347275205148
651334,1,34899,174,0,Cluster 0 (com=0.50),0.07231065012802637
651354,1,34899,1046,0,Cluster 0 (com=0.50),0.5706542214454884
651381,1,34899,863,0,Cluster 0 (com=0.50),0.1935318912076228
651398,1,34899,303,0,Cluster 0 (com=0.50),0.5240667759332991
651419,1,34899,742,0,Cluster 0 (com=0.50),0.5358429653445665
651478,1,34899,1121,0,Cluster 0 (com=0.50),0.18477993341015567
651498,1,34899,500,0,Cluster 0 (com=0.50),0.22920320842999264
651555,1,34899,312,1,Cluster 1 (com=0.69),0.32337565836019794
651598,1,34899,319,0,Cluster 0 (com=0.50),0.5538402220191143
651693,1,34899,181,1,Cluster 1 (com=0.69),0.27817776003678835
651881,1,34899,713,1,Cluster 1 (com=0.69),0.04769041185086119
651886,1,34899,263,1,Cluster 1 (com=0.69),0.05256756741041622
651927,1,34899,185,0,Cluster 0 (com=0.50),0.5206930970864511
651972,1,34899,125,1,Cluster 1 (com=0.69),0.4488425939086646
651990,1,34899,169,0,Cluster 0 (com=0.50),0.401425141394983
652008,1,34899,434,0,Cluster 0 (com=0.50),0.3663344690755195
652064,1,34899,978,0,Cluster 0 (com=0.50),0.5711999285749368
652087,1,34899,142,0,Cluster 0 (com=0.50),0.3808587312817233
652333,1,34899,203,0,Cluster 0 (com=0.50),0.20846982717865023
652335,1,34899,1447,0,Cluster 0 (com=0.50),0.23256889157955693
652336,1,34899,429,0,Cluster 0 (com=0.50),0.5080124848608443
652438,1,34899,157,0,Cluster 0 (com=0.50),0.19519962637415175
652576,1,34899,221,1,Cluster 1 (com=0.69),0.18146665048989444
652593,1,34899,130,0,Cluster 0 (com=0.50),0.07061160025524281
652625,1,34899,454,0,Cluster 0 (com=0.50),0.3781720490083776
652647,1,34899,345,0,Cluster 0 (com=0.50),0.5379292048719522
652659,1,34899,498,1,Cluster 1 (com=0.69),0.12591247169825165
652664,1,34899,93,0,Cluster 0 (com=0.50),0.3048335790965492
652672,1,34899,196,1,Cluster 1 (com=0.69),0.2575293691389943
652684,1,34899,1062,0,Cluster 0 (com=0.50),0.38420301639277954
652711,1,34899,962,0,Cluster 0 (com=0.50),0.5195814305147763
652752,1,34899,228,0,Cluster 0 (com=0.50),0.31186958940558074
652753,1,34899,771,0,Cluster 0 (com=0.50),0.4675947823847266
652769,1,34899,136,0,Cluster 0 (com=0.50),0.5730578025580091
652788,1,34899,508,0,Cluster 0 (com=0.50),0.15764603638916636
652801,1,34899,447,0,Cluster 0 (com=0.50),0.3666732707720915
652824,1,34899,20,0,Cluster 0 (com=0.50),0.38246107404979524
652887,1,34899,282,0,Cluster 0 (com=0.50),0.3338576976189897
652890,1,34899,495,0,Cluster 0 (com=0.50),0.5487564131474646
652898,1,34899,776,0,Cluster 0 (com=0.50),0.5730908328764401
652994,1,34899,55,1,Cluster 1 (com=0.69),0.4180435509213196
652998,1,34899,15,1,Cluster 1 (com=0.69),0.09638619628506286
653045,1,34899,710,0,Cluster 0 (com=0.50),0.45146164546994816
653115,1,34899,184,1,Cluster 1 (com=0.69),0.19965137972903832
653144,1,34899,176,0,Cluster 0 (com=0.50),0.3756136393919947
653183,1,34899,244,0,Cluster 0 (com=0.50),0.523383142523238
653297,1,34899,763,0,Cluster 0 (com=0.50),0.5843692016836488
653301,1,34899,630,0,Cluster 0 (com=0.50),0.5609149558053489
653356,1,34899,478,0,Cluster 0 (com=0.50),0.15838590834682026
653372,1,34899,398,0,Cluster 0 (com=0.50),0.44644989931565354
653381,1,34899,411,0,Cluster 0 (com=0.50),0.2082953890110186
653417,1,34899,160,0,Cluster 0 (com=0.50),0.44493609049839294
653536,1,34899,314,0,Cluster 0 (com=0.50),0.5616175788302435
653558,1,34899,362,0,Cluster 0 (com=0.50),0.4109472827669458
653567,1,34899,428,0,Cluster 0 (com=0.50),0.19226521250301118
653595,1,34899,343,0,Cluster 0 (com=0.50),0.3250783891441672
653653,1,34899,331,0,Cluster 0 (com=0.50),0.5423732369538301
653659,1,34899,103,1,Cluster 1 (com=0.69),0.20292252075577188
653773,1,34899,832,0,Cluster 0 (com=0.50),0.37169447746279033
653797,1,34899,242,1,Cluster 1 (com=0.69),0.021581942274211834
653841,1,34899,171,0,Cluster 0 (com=0.50),0.15505535471464507
653846,1,34899,384,0,Cluster 0 (com=0.50),0.5020368736461928
653857,1,34899,398,0,Cluster 0 (com=0.50),0.3192117329579573
653988,1,34899,268,0,Cluster 0 (com=0.50),0.32306806883947564
654045,1,34899,264,1,Cluster 1 (com=0.69),0.4665347275205148
654048,1,34899,409,0,Cluster 0 (com=0.50),0.21245140576829058
654112,1,34899,518,0,Cluster 0 (com=0.50),0.34125314262906187
654114,1,34899,414,0,Cluster 0 (com=0.50),0.5370208504623193
654169,1,34899,385,0,Cluster 0 (com=0.50),0.12768040838426142
654217,1,34899,280,0,Cluster 0 (com=0.50),0.5162441785381967
654228,1,34899,440,0,Cluster 0 (com=0.50),0.4642433784968063
654236,1,34899,105,0,Cluster 0 (com=0.50),0.3947867675615706
654260,1,34899,543,0,Cluster 0 (com=0.50),0.5175194128314725
654339,1,34899,357,0,Cluster 0 (com=0.50),0.5780647094808624
654351,1,34899,138,0,Cluster 0 (com=0.50),0.19673970985450526
654441,1,34899,578,0,Cluster 0 (com=0.50),0.1553269420708347
654563,1,34899,915,0,Cluster 0 (com=0.50),0.5637117615536822
654565,1,34899,139,0,Cluster 0 (com=0.50),0.1805677297696176
654578,1,34899,258,0,Cluster 0 (com=0.50),0.49396841173366746
654597,1,34899,781,0,Cluster 0 (com=0.50),0.5871442309386865
654684,1,34899,69,0,Cluster 0 (com=0.50),0.48861352395352803
654692,1,34899,277,0,Cluster 0 (com=0.50),0.3311459514091683
654738,1,34899,152,0,Cluster 0 (com=0.50),0.3250454664100775
654819,1,34899,1479,0,Cluster 0 (com=0.50),0.4421528853562396
654824,1,34899,1309,0,Cluster 0 (com=0.50),0.5921160520698034
654834,1,34899,871,0,Cluster 0 (com=0.50),0.5255889658254859
654852,1,34899,1123,1,Cluster 1 (com=0.69),-0.02742215957316187
654867,1,34899,866,0,Cluster 0 (com=0.50),0.5915693459686852
654947,1,34899,173,1,Cluster 1 (com=0.69),0.004500108903120056
655028,1,34899,46,1,Cluster 1 (com=0.69),0.5090001197834217
655088,1,34899,219,0,Cluster 0 (com=0.50),0.36164149176078614
655113,1,34899,110,0,Cluster 0 (com=0.50),0.5358568738400704
655115,1,34899,572,0,Cluster 0 (com=0.50),0.5869235348984279
655124,1,34899,279,0,Cluster 0 (com=0.50),0.5260719779163671
655127,1,34899,460,0,Cluster 0 (com=0.50),0.5197920836297295
655353,1,34899,1472,0,Cluster 0 (com=0.50),0.5522134620299097
655386,1,34899,658,0,Cluster 0 (com=0.50),0.4664256895434549
655412,1,34899,599,1,Cluster 1 (com=0.69),0.0160362549113004
655416,1,34899,58,0,Cluster 0 (com=0.50),0.38984209354765126
655445,1,34899,316,0,Cluster 0 (com=0.50),0.49442377663141146
655569,1,34899,421,0,Cluster 0 (com=0.50),0.5783728492372153
655629,1,34899,195,0,Cluster 0 (com=0.50),0.3171692825689952
655796,1,34899,621,0,Cluster 0 (com=0.50),0.34311826721974475
655852,1,34899,183,1,Cluster 1 (com=0.69),0.44752847397540946
655927,1,34899,138,0,Cluster 0 (com=0.50),0.49858049967570695
655981,1,34899,750,0,Cluster 0 (com=0.50),0.46193189614235686
656029,1,34899,386,0,Cluster 0 (com=0.50),0.5129623600565012
656065,1,34899,365,0,Cluster 0 (com=0.50),0.47032781033111276
656086,1,34899,506,0,Cluster 0 (com=0.50),0.5356803208410107
656092,1,34899,582,0,Cluster 0 (com=0.50),0.43186748620882204
656107,1,34899,23,1,Cluster 1 (com=0.69),0.4665347275205148
656131,1,34899,573,0,Cluster 0 (com=0.50),0.5960992092908728
656145,1,34899,167,0,Cluster 0 (com=0.50),0.48122962409124004
656158,1,34899,565,0,Cluster 0 (com=0.50),0.2829307587704164
656159,1,34899,673,0,Cluster 0 (com=0.50),0.49051166141270997
656165,1,34899,458,1,Cluster 1 (com=0.69),0.22876959426877394
656234,1,34899,419,0,Cluster 0 (com=0.50),0.48628831309601217
656323,1,34899,376,0,Cluster 0 (com=0.50),0.535339721762329
656353,1,34899,1725,0,Cluster 0 (com=0.50),0.6011701303318691
656360,1,34899,685,0,Cluster 0 (com=0.50),0.40512332705892384
656414,1,34899,360,0,Cluster 0 (com=0.50),0.5075818499259649
656436,1,34899,172,0,Cluster 0 (com=0.50),0.5286912913766586
656510,1,34899,186,0,Cluster 0 (com=0.50),0.03197667223674343
656529,1,34899,808,0,Cluster 0 (com=0.50),0.5528437066236132
656579,1,34899,1232,0,Cluster 0 (com=0.50),0.5284498925571731
656607,1,34899,341,0,Cluster 0 (com=0.50),0.2508575540183716
656651,1,34899,299,0,Cluster 0 (com=0.50),0.4123823016079246
656693,1,34899,162,0,Cluster 0 (com=0.50),0.13929118464025167
656734,1,34899,686,0,Cluster 0 (com=0.50),0.5942643821791884
656791,1,34899,1035,0,Cluster 0 (com=0.50),0.4324462029584256
656800,1,34899,227,0,Cluster 0 (com=0.50),0.4979991623137546
656882,1,34899,1107,0,Cluster 0 (com=0.50),0.47136282614922437
656988,1,34899,788,0,Cluster 0 (com=0.50),0.21026348064669664
656996,1,34899,387,0,Cluster 0 (com=0.50),0.5722589594031606
657048,1,34899,194,0,Cluster 0 (com=0.50),0.37663786829167467
657181,1,34899,29,1,Cluster 1 (com=0.69),0.4925255329748451
657220,1,34899,1046,0,Cluster 0 (com=0.50),0.5940382489899048
657330,1,34899,936,0,Cluster 0 (com=0.50),0.53219208144396
657344,1,34899,788,0,Cluster 0 (com=0.50),0.4856610991134859
674222,1,34899,657,0,Cluster 0 (com=0.50),0.5387033238638368
674226,1,34899,311,0,Cluster 0 (com=0.50),0.3798213903998706
674236,1,34899,121,0,Cluster 0 (com=0.50),0.31651786099958684
674260,1,34899,752,0,Cluster 0 (com=0.50),0.5117417924070137
674262,1,34899,862,0,Cluster 0 (com=0.50),0.6000768900591543
674320,1,34899,347,0,Cluster 0 (com=0.50),0.5768530690799143
674387,1,34899,722,0,Cluster 0 (com=0.50),0.28737593367895026
674406,1,34899,307,0,Cluster 0 (com=0.50),0.3378190594317734
674451,1,34899,345,0,Cluster 0 (com=0.50),0.5775094004073553
674478,1,34899,270,0,Cluster 0 (com=0.50),0.414997211083925
674484,1,34899,631,0,Cluster 0 (com=0.50),0.4505021987463943
674497,1,34899,471,0,Cluster 0 (com=0.50),0.4872286186039075
674509,1,34899,741,0,Cluster 0 (com=0.50),0.4821804775322166
674584,1,34899,118,1,Cluster 1 (com=0.69),0.20978989177166574
674594,1,34899,645,0,Cluster 0 (com=0.50),0.4842940739376167
674644,1,34899,531,0,Cluster 0 (com=0.50),0.047982625121847144
674657,1,34899,444,0,Cluster 0 (com=0.50),0.4050837816330234
674671,1,34899,423,1,Cluster 1 (com=0.69),0.11123530759647811
674691,1,34899,987,0,Cluster 0 (com=0.50),0.5039972968630592
674694,1,34899,754,0,Cluster 0 (com=0.50),0.5573578588171976
674699,1,34899,416,0,Cluster 0 (com=0.50),0.40412938881495314
674751,1,34899,580,0,Cluster 0 (com=0.50),0.3619519440281698
674831,1,34899,544,0,Cluster 0 (com=0.50),0.47164618155318117
674870,1,34899,1222,0,Cluster 0 (com=0.50),0.32471874988319716
674921,1,34899,399,1,Cluster 1 (com=0.69),0.5176655894561928
675021,1,34899,488,1,Cluster 1 (com=0.69),0.39545451577504365
675054,1,34899,361,0,Cluster 0 (com=0.50),0.5267423281674439
675193,1,34899,234,0,Cluster 0 (com=0.50),0.2611029296331241
675225,1,34899,234,0,Cluster 0 (com=0.50),0.46639678847801425
675233,1,34899,484,0,Cluster 0 (com=0.50),0.5612296529956623
675261,1,34899,258,0,Cluster 0 (com=0.50),0.5323132603381131
675273,1,34899,207,0,Cluster 0 (com=0.50),0.24344963944069736
675279,1,34899,1736,0,Cluster 0 (com=0.50),0.5417224582759816
675315,1,34899,240,0,Cluster 0 (com=0.50),0.5203610783503776
675328,1,34899,471,0,Cluster 0 (com=0.50),0.5878671450201856
675337,1,34899,178,1,Cluster 1 (com=0.69),0.49155950965667844
675474,1,34899,175,0,Cluster 0 (com=0.50),0.4754824653587481
675486,1,34899,226,0,Cluster 0 (com=0.50),0.35221857455361816
675514,1,34899,115,0,Cluster 0 (com=0.50),0.2938727906370275
675566,1,34899,176,1,Cluster 1 (com=0.69),0.2885860543503717
675577,1,34899,548,0,Cluster 0 (com=0.50),0.5556928037626965
675636,1,34899,553,0,Cluster 0 (com=0.50),0.5213411211514487
675710,1,34899,415,0,Cluster 0 (com=0.50),0.5301183323483728
675843,1,34899,453,0,Cluster 0 (com=0.50),0.4370560300473015
675947,1,34899,284,0,Cluster 0 (com=0.50),0.5812392619573026
675989,1,34899,593,0,Cluster 0 (com=0.50),0.5997368243995335
676007,1,34899,289,0,Cluster 0 (com=0.50),0.5981822550170193
676040,1,34899,448,0,Cluster 0 (com=0.50),0.3722759890016209
676064,1,34899,436,0,Cluster 0 (com=0.50),0.46920718972448566
676103,1,34899,295,0,Cluster 0 (com=0.50),0.368819009459962
676139,1,34899,310,0,Cluster 0 (com=0.50),0.4948898219897149
676190,1,34899,606,0,Cluster 0 (com=0.50),0.3872204048070097
676265,1,34899,360,0,Cluster 0 (com=0.50),0.45784395989560983
676272,1,34899,166,0,Cluster 0 (com=0.50),0.37600991037330606
676303,1,34899,181,1,Cluster 1 (com=0.69),0.09790784281186882
676378,1,34899,573,0,Cluster 0 (com=0.50),0.39042738938270216
676444,1,34899,1029,0,Cluster 0 (com=0.50),0.584880663514183
676458,1,34899,345,0,Cluster 0 (com=0.50),0.12362920903624314
676459,1,34899,992,0,Cluster 0 (com=0.50),0.587715248438268
676478,1,34899,582,0,Cluster 0 (com=0.50),0.4885210027645872
676492,1,34899,1001,0,Cluster 0 (com=0.50),0.5538479977875476
676600,1,34899,514,0,Cluster 0 (com=0.50),0.5531135249977422
676610,1,34899,1024,0,Cluster 0 (com=0.50),0.511234916543232
676626,1,34899,697,0,Cluster 0 (com=0.50),0.45989142879439143
676627,1,34899,50,0,Cluster 0 (com=0.50),0.3211862966805598
676866,1,34899,423,0,Cluster 0 (com=0.50),0.2713439898227045
676882,1,34899,753,0,Cluster 0 (com=0.50),0.5936893032794504
677081,1,34899,307,0,Cluster 0 (com=0.50),0.32041200514507623
677085,1,34899,122,0,Cluster 0 (com=0.50),0.09291935435501601
677111,1,34899,793,0,Cluster 0 (com=0.50),0.3718077698143427
677138,1,34899,1043,0,Cluster 0 (com=0.50),0.5973141650959187
677155,1,34899,541,0,Cluster 0 (com=0.50),0.3193493160128519
677167,1,34899,1279,0,Cluster 0 (com=0.50),0.599961111635838
677206,1,34899,153,0,Cluster 0 (com=0.50),0.42218302087927073
677221,1,34899,724,0,Cluster 0 (com=0.50),0.5363542828936616
677235,1,34899,266,0,Cluster 0 (com=0.50),0.38577707831504304
677327,1,34899,532,0,Cluster 0 (com=0.50),0.4763458273212297
677382,1,34899,233,0,Cluster 0 (com=0.50),0.13598722040831043
677400,1,34899,991,0,Cluster 0 (com=0.50),0.25344935443981714
677436,1,34899,627,0,Cluster 0 (com=0.50),0.5022292381225469
677456,1,34899,893,0,Cluster 0 (com=0.50),0.5112164759231196
677486,1,34899,166,0,Cluster 0 (com=0.50),0.5417881526958693
677546,1,34899,459,0,Cluster 0 (com=0.50),0.4694932769969312
677582,1,34899,270,1,Cluster 1 (com=0.69),0.17882797260750996
677608,1,34899,1623,0,Cluster 0 (com=0.50),0.5621046004360304
677655,1,34899,925,0,Cluster 0 (com=0.50),0.49270178534248465
677687,1,34899,153,1,Cluster 1 (com=0.69),0.014090865422296569
677701,1,34899,528,0,Cluster 0 (com=0.50),0.10983178098433963
677748,1,34899,277,0,Cluster 0 (com=0.50),0.5119861579451174
677767,1,34899,302,0,Cluster 0 (com=0.50),0.5088940128391302
677833,1,34899,870,0,Cluster 0 (com=0.50),0.5016160583289214
677867,1,34899,334,1,Cluster 1 (com=0.69),0.24447248079794665
677869,1,34899,122,1,Cluster 1 (com=0.69),0.517554441201529
678088,1,34899,1387,0,Cluster 0 (com=0.50),0.5714519314569334
678203,1,34899,67,1,Cluster 1 (com=0.69),0.24358549554630685
678235,1,34899,734,0,Cluster 0 (com=0.50),0.4588181506296612
678270,1,34899,117,0,Cluster 0 (com=0.50),0.3676672716203317
678381,1,34899,232,1,Cluster 1 (com=0.69),0.17755341366723962
678407,1,34899,588,0,Cluster 0 (com=0.50),0.5885914081660141
678452,1,34899,83,0,Cluster 0 (com=0.50),0.3391778062023267
678528,1,34899,510,0,Cluster 0 (com=0.50),0.49431875046496826
678619,1,34899,162,0,Cluster 0 (com=0.50),0.372486582643801
678628,1,34899,395,0,Cluster 0 (com=0.50),0.5614663750218417
678639,1,34899,497,0,Cluster 0 (com=0.50),0.2793727858946274
678659,1,34899,345,1,Cluster 1 (com=0.69),0.13281674617576444
678819,1,34899,624,0,Cluster 0 (com=0.50),0.4296989681556194
678831,1,34899,162,0,Cluster 0 (com=0.50),0.5056940385691083
678859,1,34899,775,0,Cluster 0 (com=0.50),0.5350943446598712
678877,1,34899,319,0,Cluster 0 (com=0.50),0.4745009789936564
678946,1,34899,1046,0,Cluster 0 (com=0.50),0.581611441095156
678954,1,34899,840,0,Cluster 0 (com=0.50),0.5829640690652305
679019,1,34899,779,0,Cluster 0 (com=0.50),0.43166118326791675
679036,1,34899,1752,0,Cluster 0 (com=0.50),0.5437002574533232
679111,1,34899,498,0,Cluster 0 (com=0.50),0.2571965380720365
679189,1,34899,1171,0,Cluster 0 (com=0.50),0.5328092446796983
679227,1,34899,903,0,Cluster 0 (com=0.50),0.5475561940904959
679237,1,34899,494,1,Cluster 1 (com=0.69),0.14131965361572404
679251,1,34899,278,0,Cluster 0 (com=0.50),0.4114897908779025
679262,1,34899,282,0,Cluster 0 (com=0.50),0.3878424352313235
679269,1,34899,342,0,Cluster 0 (com=0.50),0.06978243609502541
679278,1,34899,563,0,Cluster 0 (com=0.50),0.24132567457742993
679342,1,34899,563,0,Cluster 0 (com=0.50),0.5000606640991956
679384,1,34899,705,0,Cluster 0 (com=0.50),0.4781123932816274
679386,1,34899,296,0,Cluster 0 (com=0.50),0.15893294842241845
679402,1,34899,381,0,Cluster 0 (com=0.50),0.4767048069993805
679445,1,34899,367,0,Cluster 0 (com=0.50),0.13676004492749355
679448,1,34899,938,0,Cluster 0 (com=0.50),0.4765204287658082
679498,1,34899,307,0,Cluster 0 (com=0.50),0.2841573391266958
679502,1,34899,286,0,Cluster 0 (com=0.50),0.5660096530645039
679509,1,34899,833,0,Cluster 0 (com=0.50),0.5811793793538776
679594,1,34899,902,0,Cluster 0 (com=0.50),0.6010145835702143
679676,1,34899,842,0,Cluster 0 (com=0.50),0.28483314276012733
679749,1,34899,82,0,Cluster 0 (com=0.50),0.35886480178687324
679788,1,34899,319,0,Cluster 0 (com=0.50),0.42758767409631804
679790,1,34899,70,0,Cluster 0 (com=0.50),0.17164479150446046
679939,1,34899,340,0,Cluster 0 (com=0.50),0.21405800451632495
680014,1,34899,341,0,Cluster 0 (com=0.50),0.4799798709897814
680018,1,34899,424,0,Cluster 0 (com=0.50),0.4260205748709408
680027,1,34899,1172,0,Cluster 0 (com=0.50),0.5320102735032328
680080,1,34899,887,0,Cluster 0 (com=0.50),0.5473191985922548
680145,1,34899,162,1,Cluster 1 (com=0.69),0.4665347275205148
680212,1,34899,74,0,Cluster 0 (com=0.50),0.2295998724086621
680222,1,34899,88,1,Cluster 1 (com=0.69),0.07090491629588817
680231,1,34899,204,0,Cluster 0 (com=0.50),0.3155231855246598
680255,1,34899,42,0,Cluster 0 (com=0.50),0.15199906755433476
680266,1,34899,727,0,Cluster 0 (com=0.50),0.6011532751851609
680270,1,34899,183,1,Cluster 1 (com=0.69),0.4665347275205148
680273,1,34899,1202,0,Cluster 0 (com=0.50),0.5163235259034908
680322,1,34899,620,0,Cluster 0 (com=0.50),0.55306962769995
680343,1,34899,371,1,Cluster 1 (com=0.69),0.10627905691256459
680348,1,34899,658,0,Cluster 0 (com=0.50),0.5467983231962446
680410,1,34899,224,0,Cluster 0 (com=0.50),0.4507512201982764
680443,1,34899,671,0,Cluster 0 (com=0.50),0.47604085849632916
680464,1,34899,516,0,Cluster 0 (com=0.50),0.5831404834463597
680506,1,34899,214,1,Cluster 1 (com=0.69),0.24175964208965012
680517,1,34899,125,1,Cluster 1 (com=0.69),0.20639723164288984
680572,1,34899,3178,0,Cluster 0 (com=0.50),0.36439417782863476
680708,1,34899,239,0,Cluster 0 (com=0.50),0.5871671289743239
680713,1,34899,663,0,Cluster 0 (com=0.50),0.573916779086301
680747,1,34899,639,0,Cluster 0 (com=0.50),0.5335892258606802
680775,1,34899,608,0,Cluster 0 (com=0.50),0.5252628913451387
680810,1,34899,808,0,Cluster 0 (com=0.50),0.2891372325203266
680855,1,34899,138,0,Cluster 0 (com=0.50),0.4747204613582716
680872,1,34899,391,0,Cluster 0 (com=0.50),0.41265981203520946
680912,1,34899,478,0,Cluster 0 (com=0.50),0.5623979516511078
680955,1,34899,538,0,Cluster 0 (com=0.50),0.14268617899743452
680974,1,34899,134,0,Cluster 0 (com=0.50),0.30111226077701864
681004,1,34899,599,0,Cluster 0 (com=0.50),0.5326908447069056
681073,1,34899,418,0,Cluster 0 (com=0.50),0.500235023249542
681152,1,34899,1143,0,Cluster 0 (com=0.50),0.5529648192415941
681235,1,34899,303,0,Cluster 0 (com=0.50),0.2264851540719756
681277,1,34899,173,0,Cluster 0 (com=0.50),0.07834463740615746
681328,1,34899,663,0,Cluster 0 (com=0.50),0.4891581841585253
681335,1,34899,447,1,Cluster 1 (com=0.69),0.3484302723797856
681341,1,34899,368,0,Cluster 0 (com=0.50),0.32868473652283614
681352,1,34899,283,1,Cluster 1 (com=0.69),0.18762478575003755
681354,1,34899,211,1,Cluster 1 (com=0.69),0.3594514802229321
681452,1,34899,72,1,Cluster 1 (com=0.69),0.16156989524655083
681490,1,34899,790,0,Cluster 0 (com=0.50),0.5589102091568601
681608,1,34899,364,1,Cluster 1 (com=0.69),0.27084108975213583
681633,1,34899,650,0,Cluster 0 (com=0.50),0.5770243013869275
681652,1,34899,615,0,Cluster 0 (com=0.50),0.5179939466391601
681655,1,34899,1124,0,Cluster 0 (com=0.50),0.5892005747555501
681658,1,34899,154,0,Cluster 0 (com=0.50),0.4484994841352681
681691,1,34899,57,0,Cluster 0 (com=0.50),0.20898652000997706
681735,1,34899,109,0,Cluster 0 (com=0.50),0.34525967114108597
681755,1,34899,967,0,Cluster 0 (com=0.50),0.5793043046007799
681763,1,34899,1798,0,Cluster 0 (com=0.50),0.5515133730378342
681938,1,34899,570,0,Cluster 0 (com=0.50),0.5430195678207355
681973,1,34899,429,0,Cluster 0 (com=0.50),0.45678112179661395
682015,1,34899,273,0,Cluster 0 (com=0.50),0.5224443231735594
682025,1,34899,131,0,Cluster 0 (com=0.50),0.1564412920015724
682070,1,34899,519,0,Cluster 0 (com=0.50),0.44143973186989627
682276,1,34899,327,0,Cluster 0 (com=0.50),0.13649079142179943
682298,1,34899,612,0,Cluster 0 (com=0.50),0.36459743285857144
682390,1,34899,189,0,Cluster 0 (com=0.50),0.47542756781069473
682391,1,34899,431,1,Cluster 1 (com=0.69),0.08475517644314609
682436,1,34899,272,1,Cluster 1 (com=0.69),0.1038521644445258
682437,1,34899,1046,0,Cluster 0 (com=0.50),0.5052834105521926
682504,1,34899,231,0,Cluster 0 (com=0.50),0.47807230884349383
682511,1,34899,254,1,Cluster 1 (com=0.69),0.507381996798626
682539,1,34899,468,0,Cluster 0 (com=0.50),0.20792357822322116
682546,1,34899,192,1,Cluster 1 (com=0.69),0.2176794238442018
682569,1,34899,805,0,Cluster 0 (com=0.50),0.4979476662439604
682578,1,34899,532,0,Cluster 0 (com=0.50),0.5318984215033818
682588,1,34899,1166,0,Cluster 0 (com=0.50),0.5572136573173352
682613,1,34899,424,1,Cluster 1 (com=0.69),0.2286188375889208
682632,1,34899,1373,0,Cluster 0 (com=0.50),0.4668663858381002
682671,1,34899,327,0,Cluster 0 (com=0.50),0.2019501168367315
682695,1,34899,309,0,Cluster 0 (com=0.50),0.4922680204539805
682753,1,34899,431,0,Cluster 0 (com=0.50),0.5790985869538698
682839,1,34899,927,0,Cluster 0 (com=0.50),0.5232657414375692
682863,1,34899,120,0,Cluster 0 (com=0.50),0.1331292598733355
682894,1,34899,448,0,Cluster 0 (com=0.50),0.45767657804359974
682946,1,34899,158,1,Cluster 1 (com=0.69),0.4927611636408221
682963,1,34899,301,0,Cluster 0 (com=0.50),0.3590112654508628
682981,1,34899,603,0,Cluster 0 (com=0.50),0.45368904948854055
682982,1,34899,214,1,Cluster 1 (com=0.69),0.3679709235411554
682983,1,34899,455,0,Cluster 0 (com=0.50),0.38277703684163195
682985,1,34899,189,0,Cluster 0 (com=0.50),0.18549187238651782
682990,1,34899,465,1,Cluster 1 (com=0.69),0.5157377244877734
683033,1,34899,908,0,Cluster 0 (com=0.50),0.4967189368792452
683094,1,34899,136,0,Cluster 0 (com=0.50),0.4081507651647784
683177,1,34899,390,0,Cluster 0 (com=0.50),0.48409744543460753
683178,1,34899,581,0,Cluster 0 (com=0.50),0.49948465254623914
683243,1,34899,79,0,Cluster 0 (com=0.50),0.2140664901272322
683305,1,34899,284,0,Cluster 0 (com=0.50),0.5507845827983653
683323,1,34899,609,1,Cluster 1 (com=0.69),-0.013485331238704178
683346,1,34899,735,0,Cluster 0 (com=0.50),0.38811468468178645
683347,1,34899,91,0,Cluster 0 (com=0.50),0.4552516622430422
683352,1,34899,265,0,Cluster 0 (com=0.50),0.44594925686982556
683353,1,34899,522,0,Cluster 0 (com=0.50),0.48191237516920676
683375,1,34899,753,0,Cluster 0 (com=0.50),0.3081232968864008
683403,1,34899,661,0,Cluster 0 (com=0.50),0.561640209520148
683446,1,34899,273,1,Cluster 1 (com=0.69),0.21639005945508868
683467,1,34899,120,1,Cluster 1 (com=0.69),0.08443137668388379
683508,1,34899,216,0,Cluster 0 (com=0.50),0.5831416594455395
683530,1,34899,1318,1,Cluster 1 (com=0.69),0.23847067110273523
683550,1,34899,188,1,Cluster 1 (com=0.69),0.2681351807497239
683555,1,34899,124,0,Cluster 0 (com=0.50),0.46840044672520875
683576,1,34899,401,0,Cluster 0 (com=0.50),0.4605634418560247
683604,1,34899,481,0,Cluster 0 (com=0.50),0.3219001605118814
683624,1,34899,1208,0,Cluster 0 (com=0.50),0.5408348847046386
683699,1,34899,316,0,Cluster 0 (com=0.50),0.17780433875123006
683745,1,34899,761,0,Cluster 0 (com=0.50),0.06332684672671722
683764,1,34899,116,0,Cluster 0 (com=0.50),0.5403356597789374
683772,1,34899,419,1,Cluster 1 (com=0.69),0.24607743862078668
683820,1,34899,1548,0,Cluster 0 (com=0.50),0.5944800057502676
683832,1,34899,329,0,Cluster 0 (com=0.50),0.5002758647336186
683902,1,34899,318,0,Cluster 0 (com=0.50),0.12982391021694228
683934,1,34899,523,0,Cluster 0 (com=0.50),0.4051229073610831
684013,1,34899,1028,1,Cluster 1 (com=0.69),0.3753575161006606
684040,1,34899,430,0,Cluster 0 (com=0.50),0.45292846008415444
684183,1,34899,346,0,Cluster 0 (com=0.50),0.388194394647619
684311,1,34899,438,0,Cluster 0 (com=0.50),0.5244714486690519
684383,1,34899,503,1,Cluster 1 (com=0.69),0.2541686896805807
684386,1,34899,520,0,Cluster 0 (com=0.50),0.384893180723399
684526,1,34899,521,1,Cluster 1 (com=0.69),0.07407660068120132
684592,1,34899,327,0,Cluster 0 (com=0.50),0.09353855720315662
684594,1,34899,214,0,Cluster 0 (com=0.50),0.5176723280514609
684671,1,34899,319,1,Cluster 1 (com=0.69),0.1778869701224935
684675,1,34899,352,0,Cluster 0 (com=0.50),0.5297840930198197
684882,1,34899,1471,0,Cluster 0 (com=0.50),0.5290078254123518
684981,1,34899,1136,0,Cluster 0 (com=0.50),0.5914496506134422
685004,1,34899,414,0,Cluster 0 (com=0.50),0.5605233055739085
685100,1,34899,417,0,Cluster 0 (com=0.50),0.45050950746866314
685105,1,34899,9,1,Cluster 1 (com=0.69),0.4307796970536882
685128,1,34899,323,0,Cluster 0 (com=0.50),0.3215314142957925
685140,1,34899,21,0,Cluster 0 (com=0.50),0.1019853466348185
685155,1,34899,646,0,Cluster 0 (com=0.50),0.38658733844352844
685192,1,34899,295,0,Cluster 0 (com=0.50),0.34171945189500724
685212,1,34899,485,0,Cluster 0 (com=0.50),0.5745406146157742
685276,1,34899,894,0,Cluster 0 (com=0.50),0.5378583587249538
685283,1,34899,279,1,Cluster 1 (com=0.69),0.20561052887098943
685330,1,34899,1101,0,Cluster 0 (com=0.50),0.47190783319521157
685339,1,34899,509,0,Cluster 0 (com=0.50),0.13382227338404395
685373,1,34899,365,0,Cluster 0 (com=0.50),0.5853257599230106
685378,1,34899,62,0,Cluster 0 (com=0.50),0.34882571929953443
685410,1,34899,589,0,Cluster 0 (com=0.50),0.4962184280103952
685619,1,34899,94,1,Cluster 1 (com=0.69),0.4930534051545051
685657,1,34899,163,0,Cluster 0 (com=0.50),0.39456514694094985
685705,1,34899,576,0,Cluster 0 (com=0.50),0.5348769279521314
685708,1,34899,113,0,Cluster 0 (com=0.50),0.4963146124172439
685772,1,34899,656,0,Cluster 0 (com=0.50),0.5336054657282645
685831,1,34899,574,0,Cluster 0 (com=0.50),0.59490504929032
685860,1,34899,591,0,Cluster 0 (com=0.50),0.5985533232473739
685928,1,34899,49,1,Cluster 1 (com=0.69),0.4928565360058106
685998,1,34899,424,0,Cluster 0 (com=0.50),0.4498900379367127
686065,1,34899,552,0,Cluster 0 (com=0.50),0.5452656143656165
686164,1,34899,68,0,Cluster 0 (com=0.50),0.38264997593784694
686314,1,34899,215,0,Cluster 0 (com=0.50),0.484291580832152
686317,1,34899,275,0,Cluster 0 (com=0.50),0.5137335641086895
686344,1,34899,999,0,Cluster 0 (com=0.50),0.5105793738390179
686348,1,34899,1557,0,Cluster 0 (com=0.50),0.5965709751528834
686448,1,34899,157,0,Cluster 0 (com=0.50),0.06696580614868487
686498,1,34899,452,0,Cluster 0 (com=0.50),0.5312096027860731
686522,1,34899,565,0,Cluster 0 (com=0.50),0.5222865203461026
686558,1,34899,103,1,Cluster 1 (com=0.69),0.08845469940253226
686700,1,34899,229,0,Cluster 0 (com=0.50),0.47889050963259533
686705,1,34899,318,0,Cluster 0 (com=0.50),0.5182145949775893
686786,1,34899,409,0,Cluster 0 (com=0.50),0.5033174016466561
686946,1,34899,160,0,Cluster 0 (com=0.50),0.4321758932040466
687007,1,34899,343,1,Cluster 1 (com=0.69),0.02347290073234155
687033,1,34899,81,1,Cluster 1 (com=0.69),0.5009799910613704
687073,1,34899,565,0,Cluster 0 (com=0.50),0.5386152681176135
687112,1,34899,405,0,Cluster 0 (com=0.50),0.5291245313391808
687115,1,34899,75,1,Cluster 1 (com=0.69),0.08197395537339826
687288,1,34899,231,0,Cluster 0 (com=0.50),0.0676045933402978
687331,1,34899,485,1,Cluster 1 (com=0.69),0.21269164859275405
687341,1,34899,358,0,Cluster 0 (com=0.50),0.4606577866619894
687345,1,34899,189,1,Cluster 1 (com=0.69),0.07179064236912182
687351,1,34899,613,0,Cluster 0 (com=0.50),0.44021796834863813
687410,1,34899,191,0,Cluster 0 (com=0.50),0.28711606467028594
687434,1,34899,2276,0,Cluster 0 (com=0.50),0.5585800975456163
687468,1,34899,471,0,Cluster 0 (com=0.50),0.5687851532460415
687485,1,34899,359,0,Cluster 0 (com=0.50),0.3759963096505822
687503,1,34899,824,0,Cluster 0 (com=0.50),0.5181870772069961
687510,1,34899,484,0,Cluster 0 (com=0.50),0.555264662272024
687511,1,34899,184,0,Cluster 0 (com=0.50),0.3514952177151957
687525,1,34899,208,0,Cluster 0 (com=0.50),0.4430549843003023
687686,1,34899,299,0,Cluster 0 (com=0.50),0.3463505895650674
687752,1,34899,177,0,Cluster 0 (com=0.50),0.4982776172711364
687846,1,34899,343,0,Cluster 0 (com=0.50),0.3427009308116263
687910,1,34899,537,0,Cluster 0 (com=0.50),0.4993570837899418
687930,1,34899,1069,0,Cluster 0 (com=0.50),0.5139684878479049
687931,1,34899,679,0,Cluster 0 (com=0.50),0.550562160196946
687988,1,34899,318,0,Cluster 0 (com=0.50),0.417709088752633
688008,1,34899,487,0,Cluster 0 (com=0.50),0.08945350961743005
688071,1,34899,75,0,Cluster 0 (com=0.50),0.13077949698081173
688127,1,34899,327,0,Cluster 0 (com=0.50),0.5503373372716297
688136,1,34899,2012,0,Cluster 0 (com=0.50),0.575685624723712
688159,1,34899,456,0,Cluster 0 (com=0.50),0.5116078798205035
688192,1,34899,430,0,Cluster 0 (com=0.50),0.30665127382287694
688225,1,34899,377,1,Cluster 1 (com=0.69),0.1638113236736643
688250,1,34899,73,0,Cluster 0 (com=0.50),0.33560153004774196
688265,1,34899,78,1,Cluster 1 (com=0.69),0.16921383037950913
688337,1,34899,470,0,Cluster 0 (com=0.50),0.5966624031125033
688453,1,34899,181,0,Cluster 0 (com=0.50),0.20835818670040082
688470,1,34899,196,0,Cluster 0 (com=0.50),0.4616802381809928
688543,1,34899,386,0,Cluster 0 (com=0.50),0.40359708042073433
688664,1,34899,326,0,Cluster 0 (com=0.50),0.4016234065704931
688667,1,34899,1600,0,Cluster 0 (com=0.50),0.56281402094054
688685,1,34899,716,0,Cluster 0 (com=0.50),0.4734261920854949
688727,1,34899,806,0,Cluster 0 (com=0.50),0.5178686863241898
688881,1,34899,352,0,Cluster 0 (com=0.50),0.5548830031491621
688891,1,34899,370,1,Cluster 1 (com=0.69),0.345569046965404
688895,1,34899,411,0,Cluster 0 (com=0.50),0.5220412373030447
688904,1,34899,1044,0,Cluster 0 (com=0.50),0.5728320740500255
688976,1,34899,431,0,Cluster 0 (com=0.50),0.5122228365164753
689005,1,34899,283,0,Cluster 0 (com=0.50),0.4829947790749959
689052,1,34899,416,0,Cluster 0 (com=0.50),0.14601333648805073
689056,1,34899,578,0,Cluster 0 (com=0.50),0.5567719104220037
689225,1,34899,436,0,Cluster 0 (com=0.50),0.5583405468184997
689260,1,34899,402,0,Cluster 0 (com=0.50),0.371348513892745
689280,1,34899,752,0,Cluster 0 (com=0.50),0.5767611158156793
689347,1,34899,592,0,Cluster 0 (com=0.50),0.4522995843643937
689444,1,34899,678,0,Cluster 0 (com=0.50),0.32470367820448587
689498,1,34899,146,1,Cluster 1 (com=0.69),0.2730186913275995
689626,1,34899,109,1,Cluster 1 (com=0.69),0.05152634826464322
689796,1,34899,885,0,Cluster 0 (com=0.50),0.3828433796885319
689827,1,34899,106,1,Cluster 1 (com=0.69),0.4902703614073993
689832,1,34899,294,0,Cluster 0 (com=0.50),0.40869789975614196
689855,1,34899,387,0,Cluster 0 (com=0.50),0.12141560353332588
689924,1,34899,169,0,Cluster 0 (com=0.50),0.5227080794397021
690075,1,34899,110,0,Cluster 0 (com=0.50),0.41788407724789983
690198,1,34899,508,0,Cluster 0 (com=0.50),0.5282583768478051
690296,1,34899,386,0,Cluster 0 (com=0.50),0.4055226083777772
690382,1,34899,42,1,Cluster 1 (com=0.69),0.02712579513608826
690585,1,34899,117,1,Cluster 1 (com=0.69),0.19259017286764984
690628,1,34899,468,0,Cluster 0 (com=0.50),0.40984239869235417
690635,1,34899,66,0,Cluster 0 (com=0.50),0.164614168286804
690746,1,34899,999,0,Cluster 0 (com=0.50),0.4035229360659116
690832,1,34899,336,0,Cluster 0 (com=0.50),0.2213785780752922
690872,1,34899,138,1,Cluster 1 (com=0.69),0.10465364340793419
690962,1,34899,209,0,Cluster 0 (com=0.50),0.3196106958831884
691269,1,34899,416,0,Cluster 0 (com=0.50),0.3239743972342227
691280,1,34899,338,0,Cluster 0 (com=0.50),0.3483374302150913
691326,1,34899,994,0,Cluster 0 (com=0.50),0.4346653303247935
691375,1,34899,517,0,Cluster 0 (com=0.50),0.42846486967882336
691465,1,34899,111,0,Cluster 0 (com=0.50),0.20802775446154975
691699,1,34899,349,0,Cluster 0 (com=0.50),0.4675298707386611
691722,1,34899,807,0,Cluster 0 (com=0.50),0.5185940354942686
691805,1,34899,71,0,Cluster 0 (com=0.50),0.3681661983822463
691873,1,34899,224,0,Cluster 0 (com=0.50),0.2806002814682056
691932,1,34899,991,0,Cluster 0 (com=0.50),0.31431230551943384
692010,1,34899,1060,0,Cluster 0 (com=0.50),0.4657612482339556
692097,1,34899,694,0,Cluster 0 (com=0.50),0.5330869726218919
692220,1,34899,449,0,Cluster 0 (com=0.50),0.5309065317212333
692297,1,34899,43,1,Cluster 1 (com=0.69),0.05646789810527173
692301,1,34899,195,1,Cluster 1 (com=0.69),0.08739555841142234
692334,1,34899,388,1,Cluster 1 (com=0.69),0.1999975339827685
692454,1,34899,694,0,Cluster 0 (com=0.50),0.5238118049680893
692612,1,34899,534,0,Cluster 0 (com=0.50),0.18749392357225617
692632,1,34899,315,1,Cluster 1 (com=0.69),0.061379177545323474
692893,1,34899,224,0,Cluster 0 (com=0.50),0.4175185327921106
692946,1,34899,118,0,Cluster 0 (com=0.50),0.1464304287970319
692962,1,34899,711,0,Cluster 0 (com=0.50),0.12608909485369424
692968,1,34899,146,0,Cluster 0 (com=0.50),0.18155680105933664
693160,1,34899,548,0,Cluster 0 (com=0.50),0.5237307198095228
693162,1,34899,1091,0,Cluster 0 (com=0.50),0.5833284380215069
693197,1,34899,224,0,Cluster 0 (com=0.50),0.19283414249416092
693236,1,34899,435,0,Cluster 0 (com=0.50),0.0804022699630399
693345,1,34899,354,0,Cluster 0 (com=0.50),0.5741191076494009
693373,1,34899,420,0,Cluster 0 (com=0.50),0.5362091964780873
693497,1,34899,819,0,Cluster 0 (com=0.50),0.5162975545018407
693519,1,34899,296,0,Cluster 0 (com=0.50),0.5758450164744381
693573,1,34899,677,0,Cluster 0 (com=0.50),0.5703821662414135
693628,1,34899,523,0,Cluster 0 (com=0.50),0.579096468710456
693764,1,34899,60,1,Cluster 1 (com=0.69),0.41397935880621517
693806,1,34899,627,0,Cluster 0 (com=0.50),0.551836959888925
693812,1,34899,31,1,Cluster 1 (com=0.69),0.43576012246605034
693873,1,34899,417,0,Cluster 0 (com=0.50),0.5768593336110868
693903,1,34899,243,0,Cluster 0 (com=0.50),0.2560032523441894
693906,1,34899,246,0,Cluster 0 (com=0.50),0.24003691734144866
693907,1,34899,449,0,Cluster 0 (com=0.50),0.4645478884785896
694128,1,34899,257,0,Cluster 0 (com=0.50),0.11559687426785814
694144,1,34899,637,0,Cluster 0 (com=0.50),0.48899509751856635
694221,1,34899,176,0,Cluster 0 (com=0.50),0.506110124025216
694284,1,34899,96,1,Cluster 1 (com=0.69),0.3476468552074086
694376,1,34899,396,0,Cluster 0 (com=0.50),0.13672418326325633
694428,1,34899,372,1,Cluster 1 (com=0.69),0.08141289385048506
694456,1,34899,606,0,Cluster 0 (com=0.50),0.33816543953510403
694622,1,34899,419,0,Cluster 0 (com=0.50),0.5415209106928891
694716,1,34899,327,1,Cluster 1 (com=0.69),0.25105912943368663
694827,1,34899,421,0,Cluster 0 (com=0.50),0.4716308031803569
694836,1,34899,479,0,Cluster 0 (com=0.50),0.511782473823539
694848,1,34899,721,0,Cluster 0 (com=0.50),0.17668200791316277
695090,1,34899,116,0,Cluster 0 (com=0.50),0.1813133862624704
695169,1,34899,356,0,Cluster 0 (com=0.50),0.45172431070491037
695220,1,34899,302,0,Cluster 0 (com=0.50),0.3595112922039936
695250,1,34899,644,0,Cluster 0 (com=0.50),0.4920153680334644
695251,1,34899,535,0,Cluster 0 (com=0.50),0.5680050602911433
695369,1,34899,176,0,Cluster 0 (com=0.50),0.5084210980568014
695471,1,34899,279,0,Cluster 0 (com=0.50),0.1362624063037608
695485,1,34899,315,0,Cluster 0 (com=0.50),0.24996818333017368
695550,1,34899,192,0,Cluster 0 (com=0.50),0.05054486711382054
695637,1,34899,464,0,Cluster 0 (com=0.50),0.5523300635775953
695676,1,34899,320,1,Cluster 1 (com=0.69),0.1754585867182518
695700,1,34899,277,0,Cluster 0 (com=0.50),0.1189870529023739
695729,1,34899,765,0,Cluster 0 (com=0.50),0.5594650602372131
695748,1,34899,402,0,Cluster 0 (com=0.50),0.5668571953644749
695803,1,34899,860,0,Cluster 0 (com=0.50),0.34235411379796293
695825,1,34899,729,0,Cluster 0 (com=0.50),0.5478318436142907
695869,1,34899,478,0,Cluster 0 (com=0.50),0.35652115659785855
695879,1,34899,192,0,Cluster 0 (com=0.50),0.5498189303906492
695926,1,34899,440,0,Cluster 0 (com=0.50),0.5689529563606497
695964,1,34899,109,0,Cluster 0 (com=0.50),0.17175635003411804
696039,1,34899,277,0,Cluster 0 (com=0.50),0.26073614204213974
696043,1,34899,126,1,Cluster 1 (com=0.69),0.15123902113660687
696071,1,34899,398,0,Cluster 0 (com=0.50),0.5830148858887201
696082,1,34899,243,1,Cluster 1 (com=0.69),0.07810136378263893
696188,1,34899,204,0,Cluster 0 (com=0.50),0.12428231367553552
696275,1,34899,503,0,Cluster 0 (com=0.50),0.2835788778915387
696318,1,34899,250,0,Cluster 0 (com=0.50),0.48789109722573654
696329,1,34899,959,0,Cluster 0 (com=0.50),0.4973814629134716
696347,1,34899,532,0,Cluster 0 (com=0.50),0.5271718013788308
696364,1,34899,440,0,Cluster 0 (com=0.50),0.3741224902618955
696410,1,34899,296,0,Cluster 0 (com=0.50),0.5246693315650857
696456,1,34899,125,1,Cluster 1 (com=0.69),0.20098351348487806
696583,1,34899,283,1,Cluster 1 (com=0.69),0.3727017634211609
696615,1,34899,282,0,Cluster 0 (com=0.50),0.16870477232536654
696653,1,34899,362,0,Cluster 0 (com=0.50),0.35186920373901437
696659,1,34899,117,0,Cluster 0 (com=0.50),0.07510521834409932
696662,1,34899,991,0,Cluster 0 (com=0.50),0.48130233942182093
696666,1,34899,103,1,Cluster 1 (com=0.69),0.2748114817931736
696671,1,34899,257,0,Cluster 0 (com=0.50),0.5158740141375704
696672,1,34899,89,0,Cluster 0 (com=0.50),0.16924483692977726
696674,1,34899,187,0,Cluster 0 (com=0.50),0.36055620201153055
696678,1,34899,246,0,Cluster 0 (com=0.50),0.1965030597404925
696729,1,34899,811,0,Cluster 0 (com=0.50),0.5268456889159379
697027,1,34899,1104,0,Cluster 0 (com=0.50),0.5277802970039491
697042,1,34899,769,0,Cluster 0 (com=0.50),0.4929543382908717
697114,1,34899,119,1,Cluster 1 (com=0.69),0.283391906497633
697160,1,34899,82,0,Cluster 0 (com=0.50),0.3699466538083895
697192,1,34899,188,0,Cluster 0 (com=0.50),0.5480041982892473
697255,1,34899,610,0,Cluster 0 (com=0.50),0.45298524545744356
697299,1,34899,158,0,Cluster 0 (com=0.50),0.428067857166595
697438,1,34899,632,0,Cluster 0 (com=0.50),0.4887389242830413
697478,1,34899,486,0,Cluster 0 (com=0.50),0.5834181069643204
697665,1,34899,89,1,Cluster 1 (com=0.69),-0.00803157617956559
697878,1,34899,436,0,Cluster 0 (com=0.50),0.22113658656463392
697998,1,34899,294,0,Cluster 0 (com=0.50),0.5885631902005428
698015,1,34899,87,0,Cluster 0 (com=0.50),0.13887521501990072
698020,1,34899,570,0,Cluster 0 (com=0.50),0.5229711165780733
698112,1,34899,125,0,Cluster 0 (com=0.50),0.5957818272582432
698193,1,34899,140,0,Cluster 0 (com=0.50),0.4070877692414524
698278,1,34899,486,0,Cluster 0 (com=0.50),0.5229562875224862
698384,1,34899,725,0,Cluster 0 (com=0.50),0.5661092566540271
698407,1,34899,74,1,Cluster 1 (com=0.69),0.1991042279703157
698485,1,34899,259,0,Cluster 0 (com=0.50),0.16487713669326107
698656,1,34899,290,0,Cluster 0 (com=0.50),0.539643612285297
698762,1,34899,294,0,Cluster 0 (com=0.50),0.45050609433380734
699126,1,34899,89,1,Cluster 1 (com=0.69),0.5183117804507859
699127,1,34899,183,0,Cluster 0 (com=0.50),0.19407077439825465
699128,1,34899,559,0,Cluster 0 (com=0.50),0.5789375174957853
836614,1,34899,357,0,Cluster 0 (com=0.50),0.519804193559134
884652,1,34899,415,0,Cluster 0 (com=0.50),0.3641635894054954
895524,1,34899,1746,0,Cluster 0 (com=0.50),0.4929326838864631
1021350,1,34899,284,0,Cluster 0 (com=0.50),0.3472165208812152
1042726,1,34899,636,0,Cluster 0 (com=0.50),0.3335068749650947
1318759,1,34899,624,1,Cluster 1 (com=0.69),-0.030935015415438638
1348205,1,34899,1806,0,Cluster 0 (com=0.50),0.5852129122572748
1391717,1,34899,224,0,Cluster 0 (com=0.50),0.4195904208859465
1409532,1,34899,531,0,Cluster 0 (com=0.50),0.5789134664917417
1413902,1,34899,617,0,Cluster 0 (com=0.50),0.4695949139034684
1424608,1,34899,209,1,Cluster 1 (com=0.69),0.44265999676995066
1448966,1,34899,281,0,Cluster 0 (com=0.50),0.32018331957891355
1450604,1,34899,416,0,Cluster 0 (com=0.50),0.3648013771782536
1473878,1,34899,507,0,Cluster 0 (com=0.50),0.4212283938456769
1477284,1,34899,234,0,Cluster 0 (com=0.50),0.20275415993882473
1501577,1,34899,639,0,Cluster 0 (com=0.50),0.5066005215729966
1514245,1,34899,107,0,Cluster 0 (com=0.50),0.5088837093366423
1532711,1,34899,203,0,Cluster 0 (com=0.50),0.16710369962904723
1585671,1,34899,478,0,Cluster 0 (com=0.50),0.40777159209160857
1588621,1,34899,93,0,Cluster 0 (com=0.50),0.34884358453979997
1603549,1,34899,151,0,Cluster 0 (com=0.50),0.3654303529156136
1631797,1,34899,431,0,Cluster 0 (com=0.50),0.4804472433888906
1639699,1,34899,399,0,Cluster 0 (com=0.50),0.23462302322400647
1640680,1,34899,324,0,Cluster 0 (com=0.50),0.18772719877893035
1658963,1,34899,374,0,Cluster 0 (com=0.50),0.5046858042369663
1677677,1,34899,717,0,Cluster 0 (com=0.50),0.11284357977038321
1683192,1,34899,113,1,Cluster 1 (com=0.69),0.4820056833340766
1722493,1,34899,1590,0,Cluster 0 (com=0.50),0.5598723275716826
1733664,1,34899,3191,0,Cluster 0 (com=0.50),0.5408630701822785
1752994,1,34899,648,0,Cluster 0 (com=0.50),0.27683568199019404
1755594,1,34899,945,0,Cluster 0 (com=0.50),0.5940551510210232
1765045,1,34899,38,0,Cluster 0 (com=0.50),0.1979195871914347
1771775,1,34899,381,0,Cluster 0 (com=0.50),0.08757602416361825
1796402,1,34899,631,0,Cluster 0 (com=0.50),0.4531430780182673
1810759,1,34899,359,0,Cluster 0 (com=0.50),0.2746413309382277
1816458,1,34899,1087,0,Cluster 0 (com=0.50),0.5577178754149366
1817710,1,34899,145,0,Cluster 0 (com=0.50),0.25473704966471294
1818385,1,34899,598,0,Cluster 0 (com=0.50),0.3607866588925922
1836241,1,34899,547,0,Cluster 0 (com=0.50),0.3495095933918676
1837138,1,34899,2382,0,Cluster 0 (com=0.50),0.5862965202095709
1856869,1,34899,260,1,Cluster 1 (com=0.69),0.4521901322443712
1871598,1,34899,3429,0,Cluster 0 (com=0.50),0.5367435068582911
1871684,1,34899,431,0,Cluster 0 (com=0.50),0.5798305854444167
1877902,1,34899,725,1,Cluster 1 (com=0.69),0.1511694403345731
1879321,1,34899,1095,0,Cluster 0 (com=0.50),0.5104571506500254
1881231,1,34899,449,1,Cluster 1 (com=0.69),0.3086117396498319
1887108,1,34899,273,0,Cluster 0 (com=0.50),0.5848131246756746
1889752,1,34899,792,0,Cluster 0 (com=0.50),0.468798927219853
1944167,1,34899,357,1,Cluster 1 (com=0.69),0.19976899806982032
1948159,1,34899,1226,0,Cluster 0 (com=0.50),0.5913738715185625
1962049,1,34899,750,0,Cluster 0 (com=0.50),0.5170473759850682
1962062,1,34899,419,0,Cluster 0 (com=0.50),0.536030266452123
1972092,1,34899,2078,0,Cluster 0 (com=0.50),0.5188244867418252
1995177,1,34899,830,0,Cluster 0 (com=0.50),0.554801475929024
1998834,1,34899,200,1,Cluster 1 (com=0.69),0.5028849755161721
2017487,1,34899,973,0,Cluster 0 (com=0.50),0.5068998186200165
2020628,1,34899,2605,0,Cluster 0 (com=0.50),0.5869271374021352
2026075,1,34899,482,1,Cluster 1 (com=0.69),0.25378802405857503
2028523,1,34899,609,1,Cluster 1 (com=0.69),0.300472548821167
2029571,1,34899,585,1,Cluster 1 (com=0.69),0.2490159576532285
2035700,1,34899,741,0,Cluster 0 (com=0.50),0.5768255768047246
2036893,1,34899,790,0,Cluster 0 (com=0.50),0.535758521502318
2047575,1,34899,706,0,Cluster 0 (com=0.50),0.36952559018222686
2065972,1,34899,454,0,Cluster 0 (com=0.50),0.3685668972096444
2067799,1,34899,424,0,Cluster 0 (com=0.50),0.04939517378627967
2081123,1,34899,81,0,Cluster 0 (com=0.50),0.4286278751642968
2096251,1,34899,629,0,Cluster 0 (com=0.50),0.05891732144208685
2103552,1,34899,409,0,Cluster 0 (com=0.50),0.384819047657417
2104819,1,34899,659,0,Cluster 0 (com=0.50),0.5178871113956851
2106955,1,34899,995,0,Cluster 0 (com=0.50),0.41805663855688835
2107747,1,34899,504,0,Cluster 0 (com=0.50),0.39019195343401014
2128283,1,34899,702,0,Cluster 0 (com=0.50),0.4231139439467011
2138970,1,34899,300,0,Cluster 0 (com=0.50),0.16582185519159331
2140300,1,34899,634,0,Cluster 0 (com=0.50),0.5859458400442015
2143312,1,34899,635,0,Cluster 0 (com=0.50),0.38761857325329274
2143440,1,34899,534,0,Cluster 0 (com=0.50),0.5828719288668273
2154361,1,34899,457,0,Cluster 0 (com=0.50),0.44308804834559523
2160316,1,34899,707,0,Cluster 0 (com=0.50),0.5755756468839827
2161710,1,34899,41,0,Cluster 0 (com=0.50),0.2719341214151174
2178837,1,34899,276,0,Cluster 0 (com=0.50),0.37182931594850277
2180090,1,34899,1046,0,Cluster 0 (com=0.50),0.5671975136772848
2185729,1,34899,942,0,Cluster 0 (com=0.50),0.5714675423984956
2195853,1,34899,391,1,Cluster 1 (com=0.69),0.19263728483658643
2197766,1,34899,318,0,Cluster 0 (com=0.50),0.44386295885157234
2198970,1,34899,197,0,Cluster 0 (com=0.50),0.4723195803717522
2223401,1,34899,236,1,Cluster 1 (com=0.69),0.4672040750259415
2254637,1,34899,261,0,Cluster 0 (com=0.50),0.5040326326302369
2256134,1,34899,371,0,Cluster 0 (com=0.50),0.05695790905941349
2272023,1,34899,214,0,Cluster 0 (com=0.50),0.32754292902768684
2274542,1,34899,619,0,Cluster 0 (com=0.50),0.576442391637003
2278101,1,34899,161,1,Cluster 1 (com=0.69),0.49349033930557423
2282620,1,34899,143,1,Cluster 1 (com=0.69),0.05038950072803676
2283708,1,34899,1873,0,Cluster 0 (com=0.50),0.5868918694709607
2293511,1,34899,794,0,Cluster 0 (com=0.50),0.5011614491180052
2298106,1,34899,170,0,Cluster 0 (com=0.50),0.1844864241220021
2298895,1,34899,674,0,Cluster 0 (com=0.50),0.5516155275731208
2301830,1,34899,982,0,Cluster 0 (com=0.50),0.4717084126620859
2306410,1,34899,455,0,Cluster 0 (com=0.50),0.505520372113811
2316717,1,34899,361,0,Cluster 0 (com=0.50),0.4822977942897033
2332934,1,34899,172,0,Cluster 0 (com=0.50),0.36803328391767365
2339267,1,34899,499,1,Cluster 1 (com=0.69),0.29397690048488156
2341420,1,34899,885,0,Cluster 0 (com=0.50),0.6010026239754197
2343785,1,34899,709,0,Cluster 0 (com=0.50),0.5417124629126929
2351969,1,34899,235,0,Cluster 0 (com=0.50),0.3751803513359313
2360559,1,34899,280,0,Cluster 0 (com=0.50),0.4566596915563015
2366656,1,34899,268,0,Cluster 0 (com=0.50),0.29584409456100413
2378208,1,34899,347,0,Cluster 0 (com=0.50),0.2804783530678429
2386732,1,34899,421,0,Cluster 0 (com=0.50),0.536031138541894
2395016,1,34899,381,0,Cluster 0 (com=0.50),0.48737030010661997
2399758,1,34899,315,1,Cluster 1 (com=0.69),0.4870849506642746
2403701,1,34899,2492,0,Cluster 0 (com=0.50),0.5353053765943376
2417433,1,34899,158,1,Cluster 1 (com=0.69),0.2488423589707108
2417975,1,34899,381,0,Cluster 0 (com=0.50),0.5221872272179502
2424257,1,34899,261,0,Cluster 0 (com=0.50),0.5549362450921774
2427845,1,34899,462,0,Cluster 0 (com=0.50),0.48358391310492915
2438784,1,34899,712,0,Cluster 0 (com=0.50),0.5668049043608978
2449490,1,34899,173,0,Cluster 0 (com=0.50),0.07060240000424829
2457440,1,34899,154,0,Cluster 0 (com=0.50),0.34700657075917823
2459292,1,34899,111,0,Cluster 0 (com=0.50),0.41826554292985213
2470326,1,34899,280,0,Cluster 0 (com=0.50),0.55517913121586
2480886,1,34899,718,0,Cluster 0 (com=0.50),0.4855348460953858
2482710,1,34899,623,1,Cluster 1 (com=0.69),0.3558287390704652
2486930,1,34899,158,1,Cluster 1 (com=0.69),0.3997931413615885
2499307,1,34899,338,0,Cluster 0 (com=0.50),0.22826484443661135
2504129,1,34899,167,0,Cluster 0 (com=0.50),0.3221773382176853
2505058,1,34899,128,1,Cluster 1 (com=0.69),0.2876440323933735
2519138,1,34899,798,0,Cluster 0 (com=0.50),0.5377542932699613
2529052,1,34899,234,0,Cluster 0 (com=0.50),0.41281202481151075
2529419,1,34899,725,0,Cluster 0 (com=0.50),0.5379433302580807
2530976,1,34899,411,0,Cluster 0 (com=0.50),0.5303524106906764
2537777,1,34899,433,0,Cluster 0 (com=0.50),0.4457499029459762
2540871,1,34899,569,0,Cluster 0 (com=0.50),0.33146684207259736
2542209,1,34899,274,0,Cluster 0 (com=0.50),0.29863569556733416
2544643,1,34899,510,0,Cluster 0 (com=0.50),0.27993714020113425
2544766,1,34899,210,0,Cluster 0 (com=0.50),0.4127672741030514
2546315,1,34899,770,0,Cluster 0 (com=0.50),0.18900780955676436
2550534,1,34899,404,0,Cluster 0 (com=0.50),0.43388980071669336
2557008,1,34899,854,0,Cluster 0 (com=0.50),0.5261471971787242
2559144,1,34899,102,0,Cluster 0 (com=0.50),0.5790741133177641
2563095,1,34899,125,0,Cluster 0 (com=0.50),0.4871775063698856
2579891,1,34899,304,1,Cluster 1 (com=0.69),0.439318245266771
2584244,1,34899,141,1,Cluster 1 (com=0.69),0.14180871114880958
2597117,1,34899,608,0,Cluster 0 (com=0.50),0.5545231858014223
2599162,1,34899,60,1,Cluster 1 (com=0.69),0.3525246375154093
2599883,1,34899,765,0,Cluster 0 (com=0.50),0.3769661517502808
2602542,1,34899,514,1,Cluster 1 (com=0.69),0.07417313446393795
2603027,1,34899,1067,0,Cluster 0 (com=0.50),0.29762672947201524
2612102,1,34899,753,0,Cluster 0 (com=0.50),0.39348374245869583
2612728,1,34899,324,0,Cluster 0 (com=0.50),0.44422719849205056
2624028,1,34899,639,0,Cluster 0 (com=0.50),0.45786171712289925
2641156,1,34899,259,0,Cluster 0 (com=0.50),0.46247325464580724
2642532,1,34899,142,0,Cluster 0 (com=0.50),0.44956048373199475
2643472,1,34899,294,0,Cluster 0 (com=0.50),0.24268375172242412
2643829,1,34899,801,0,Cluster 0 (com=0.50),0.4895030645125022
2649948,1,34899,385,0,Cluster 0 (com=0.50),0.0955913680510601
2657913,1,34899,425,0,Cluster 0 (com=0.50),0.4473827961903084
2658856,1,34899,312,0,Cluster 0 (com=0.50),0.4974171536578355
2667478,1,34899,704,0,Cluster 0 (com=0.50),0.46787624646737447
2678580,1,34899,177,0,Cluster 0 (com=0.50),0.5872652336478554
2681198,1,34899,886,0,Cluster 0 (com=0.50),0.4035141414640877
2682682,1,34899,538,0,Cluster 0 (com=0.50),0.4718265204924199
2683857,1,34899,944,0,Cluster 0 (com=0.50),0.46163326406616734
2684048,1,34899,281,0,Cluster 0 (com=0.50),0.5678810651262607
2686035,1,34899,356,0,Cluster 0 (com=0.50),0.24442754363962044
2693932,1,34899,731,0,Cluster 0 (com=0.50),0.24485581247982888
2694139,1,34899,101,1,Cluster 1 (com=0.69),0.49623600070264856
2697921,1,34899,251,0,Cluster 0 (com=0.50),0.39459343864546825
31296,2,34900,42,1,Cluster 1 (com=0.69),0.5140619854300861
40878,2,34900,398,0,Cluster 0 (com=0.50),0.45589233399380674
42552,2,34900,1187,0,Cluster 0 (com=0.50),0.5431819253590371
43958,2,34900,420,0,Cluster 0 (com=0.50),0.3219857207514643
45423,2,34900,698,0,Cluster 0 (com=0.50),0.5424764328328933
47861,2,34900,1491,0,Cluster 0 (com=0.50),0.5029895936610095
56637,2,34900,696,0,Cluster 0 (com=0.50),0.45767770991707085
56667,2,34900,7,1,Cluster 1 (com=0.69),0.458436932391436
58884,2,34900,678,0,Cluster 0 (com=0.50),0.43490403167202224
63112,2,34900,51,1,Cluster 1 (com=0.69),0.4399408328599792
64427,2,34900,532,0,Cluster 0 (com=0.50),0.5314211638385744
69439,2,34900,49,1,Cluster 1 (com=0.69),0.21872200028030497
71159,2,34900,483,1,Cluster 1 (com=0.69),0.21423921845437643
74165,2,34900,204,0,Cluster 0 (com=0.50),0.43377263920730796
75107,2,34900,642,0,Cluster 0 (com=0.50),0.567733238825261
77692,2,34900,205,1,Cluster 1 (com=0.69),0.23364010486212297
77995,2,34900,37,1,Cluster 1 (com=0.69),0.10462055482881977
79610,2,34900,456,0,Cluster 0 (com=0.50),0.5544914519402075
80438,2,34900,450,0,Cluster 0 (com=0.50),0.12944530672182739
84604,2,34900,1106,0,Cluster 0 (com=0.50),0.5571374476160862
87264,2,34900,1281,0,Cluster 0 (com=0.50),0.5123058329407575
87322,2,34900,259,0,Cluster 0 (com=0.50),0.32008301775689885
94749,2,34900,596,0,Cluster 0 (com=0.50),0.35818944147529064
98256,2,34900,118,0,Cluster 0 (com=0.50),0.39173889609060814
102854,2,34900,379,0,Cluster 0 (com=0.50),0.44827899695637613
105939,2,34900,409,0,Cluster 0 (com=0.50),0.3666661227388219
107455,2,34900,138,0,Cluster 0 (com=0.50),0.2445390078318771
109577,2,34900,176,0,Cluster 0 (com=0.50),0.5256795243857691
110820,2,34900,378,0,Cluster 0 (com=0.50),0.34694552900695375
113702,2,34900,458,0,Cluster 0 (com=0.50),0.11964231171749845
119310,2,34900,333,1,Cluster 1 (com=0.69),0.22609233295962244
119865,2,34900,552,0,Cluster 0 (com=0.50),0.4242451240780917
125063,2,34900,376,0,Cluster 0 (com=0.50),0.5584847286492544
127179,2,34900,347,1,Cluster 1 (com=0.69),0.155875304987814
129907,2,34900,446,0,Cluster 0 (com=0.50),0.5219431000790321
130409,2,34900,214,0,Cluster 0 (com=0.50),0.3234712299540846
131597,2,34900,557,1,Cluster 1 (com=0.69),0.0053522667333770835
132475,2,34900,519,0,Cluster 0 (com=0.50),0.31693264190683385
135280,2,34900,166,0,Cluster 0 (com=0.50),0.2538013547097854
139206,2,34900,684,0,Cluster 0 (com=0.50),0.44222964795597824
142310,2,34900,234,0,Cluster 0 (com=0.50),0.22256673708000932
143755,2,34900,530,0,Cluster 0 (com=0.50),0.5865358995364134
144959,2,34900,53,1,Cluster 1 (com=0.69),0.49764767751846484
149178,2,34900,659,0,Cluster 0 (com=0.50),0.07710371996739505
150282,2,34900,123,0,Cluster 0 (com=0.50),0.3724281267889357
152524,2,34900,1030,0,Cluster 0 (com=0.50),0.5379592606040775
152917,2,34900,894,1,Cluster 1 (com=0.69),0.1515840689111713
155938,2,34900,508,0,Cluster 0 (com=0.50),0.42276985568899933
159906,2,34900,228,0,Cluster 0 (com=0.50),0.5417063771072071
159947,2,34900,659,0,Cluster 0 (com=0.50),0.49981840835408253
164148,2,34900,727,0,Cluster 0 (com=0.50),0.501081229532515
166123,2,34900,603,0,Cluster 0 (com=0.50),0.4674182350202975
169596,2,34900,216,0,Cluster 0 (com=0.50),0.055574660497550415
170874,2,34900,299,0,Cluster 0 (com=0.50),0.45943865592924976
172493,2,34900,346,0,Cluster 0 (com=0.50),0.4176064885762388
173412,2,34900,47,0,Cluster 0 (com=0.50),0.27679708965675603
177492,2,34900,578,0,Cluster 0 (com=0.50),0.49901071756767534
184720,2,34900,167,0,Cluster 0 (com=0.50),0.5207466475816842
185994,2,34900,505,0,Cluster 0 (com=0.50),0.5599276035544483
194163,2,34900,416,0,Cluster 0 (com=0.50),0.49924644102776033
195246,2,34900,208,0,Cluster 0 (com=0.50),0.4877208510721277
195552,2,34900,587,0,Cluster 0 (com=0.50),0.4931068433244875
197536,2,34900,376,1,Cluster 1 (com=0.69),0.4665347275205148
199009,2,34900,196,0,Cluster 0 (com=0.50),0.16005541479743737
204117,2,34900,351,1,Cluster 1 (com=0.69),0.2411930597490873
226955,2,34900,81,1,Cluster 1 (com=0.69),0.1806966583177992
228633,2,34900,518,0,Cluster 0 (com=0.50),0.4354567585100532
229498,2,34900,722,0,Cluster 0 (com=0.50),0.5170579006647275
232173,2,34900,437,0,Cluster 0 (com=0.50),0.4739399631403953
234661,2,34900,644,0,Cluster 0 (com=0.50),0.4010511333182717
235768,2,34900,508,0,Cluster 0 (com=0.50),0.2983335826562454
235971,2,34900,653,0,Cluster 0 (com=0.50),0.5897183053014936
236090,2,34900,587,0,Cluster 0 (com=0.50),0.595668190392432
237891,2,34900,283,0,Cluster 0 (com=0.50),0.1414841208756452
249357,2,34900,678,0,Cluster 0 (com=0.50),0.3687668126551899
251166,2,34900,746,0,Cluster 0 (com=0.50),0.4771701272138069
253633,2,34900,453,0,Cluster 0 (com=0.50),0.41617090404024365
253763,2,34900,957,0,Cluster 0 (com=0.50),0.4800164177806074
258245,2,34900,380,0,Cluster 0 (com=0.50),0.2781616227684989
258509,2,34900,459,1,Cluster 1 (com=0.69),0.325902641170869
258978,2,34900,277,0,Cluster 0 (com=0.50),0.18779142668650073
261863,2,34900,191,1,Cluster 1 (com=0.69),0.4078327909501441
262025,2,34900,230,0,Cluster 0 (com=0.50),0.4015909813634025
262394,2,34900,117,1,Cluster 1 (com=0.69),0.47202651396880085
263862,2,34900,247,0,Cluster 0 (com=0.50),0.2880340712330511
265497,2,34900,151,0,Cluster 0 (com=0.50),0.16904338295637172
269584,2,34900,252,1,Cluster 1 (com=0.69),0.14481455766443732
270421,2,34900,116,1,Cluster 1 (com=0.69),0.4969872413537459
276337,2,34900,33,0,Cluster 0 (com=0.50),0.327699303371411
277384,2,34900,590,0,Cluster 0 (com=0.50),0.499233440245678
278380,2,34900,372,0,Cluster 0 (com=0.50),0.19856563177816924
279440,2,34900,232,0,Cluster 0 (com=0.50),0.5232176832866303
279653,2,34900,499,0,Cluster 0 (com=0.50),0.18989918929417887
281134,2,34900,542,0,Cluster 0 (com=0.50),0.4314668116842823
282849,2,34900,734,0,Cluster 0 (com=0.50),0.5843555790374034
283402,2,34900,631,1,Cluster 1 (com=0.69),0.19635201961564328
286778,2,34900,583,0,Cluster 0 (com=0.50),0.45981644540572936
287079,2,34900,787,0,Cluster 0 (com=0.50),0.4734146378793744
287258,2,34900,392,0,Cluster 0 (com=0.50),0.476844383741432
289247,2,34900,471,0,Cluster 0 (com=0.50),0.3308781831943113
294112,2,34900,550,1,Cluster 1 (com=0.69),0.04256840486753423
294219,2,34900,516,0,Cluster 0 (com=0.50),0.5556800564936301
294920,2,34900,898,0,Cluster 0 (com=0.50),0.0945167129741645
294929,2,34900,739,0,Cluster 0 (com=0.50),0.1723407394095905
295893,2,34900,79,1,Cluster 1 (com=0.69),0.25300248299958844
297218,2,34900,87,1,Cluster 1 (com=0.69),0.03971191189649242
297341,2,34900,427,0,Cluster 0 (com=0.50),0.3900123509818094
301074,2,34900,235,0,Cluster 0 (com=0.50),0.4441963212927794
301561,2,34900,42,1,Cluster 1 (com=0.69),0.5097640482291704
305064,2,34900,565,0,Cluster 0 (com=0.50),0.482222347161541
305659,2,34900,193,1,Cluster 1 (com=0.69),0.19246892453782505
310205,2,34900,462,0,Cluster 0 (com=0.50),0.4692619444015719
312126,2,34900,216,0,Cluster 0 (com=0.50),0.4285416584453472
312231,2,34900,102,1,Cluster 1 (com=0.69),0.1475819281268069
312960,2,34900,52,0,Cluster 0 (com=0.50),0.4122256665226112
315795,2,34900,55,0,Cluster 0 (com=0.50),0.4381177958322625
316082,2,34900,413,0,Cluster 0 (com=0.50),0.4674569881961251
318139,2,34900,86,0,Cluster 0 (com=0.50),0.5122973066973636
318147,2,34900,412,0,Cluster 0 (com=0.50),0.11877755841452847
319073,2,34900,379,0,Cluster 0 (com=0.50),0.3159731182521423
320133,2,34900,791,0,Cluster 0 (com=0.50),0.5988294256064988
320612,2,34900,727,0,Cluster 0 (com=0.50),0.5312538016274896
322499,2,34900,375,0,Cluster 0 (com=0.50),0.200590303743602
328797,2,34900,407,1,Cluster 1 (com=0.69),0.3809346107727729
329895,2,34900,68,1,Cluster 1 (com=0.69),0.49877850189631057
331789,2,34900,457,0,Cluster 0 (com=0.50),0.5142805757909024
333993,2,34900,635,0,Cluster 0 (com=0.50),0.429019678001801
334224,2,34900,32,0,Cluster 0 (com=0.50),0.4218021453774521
335095,2,34900,464,0,Cluster 0 (com=0.50),0.4523897938942099
337000,2,34900,300,0,Cluster 0 (com=0.50),0.5462640938951541
338689,2,34900,129,1,Cluster 1 (com=0.69),0.45636298017361837
339519,2,34900,520,0,Cluster 0 (com=0.50),0.31043116754231503
341457,2,34900,403,1,Cluster 1 (com=0.69),0.1713032769817757
341629,2,34900,137,0,Cluster 0 (com=0.50),0.5112491577572451
345271,2,34900,1678,0,Cluster 0 (com=0.50),0.5301155770295538
347197,2,34900,354,0,Cluster 0 (com=0.50),0.3564221180494253
348108,2,34900,102,1,Cluster 1 (com=0.69),0.5285901904875381
348324,2,34900,94,0,Cluster 0 (com=0.50),0.0758774508224852
349515,2,34900,500,0,Cluster 0 (com=0.50),0.4284344337232786
351147,2,34900,274,0,Cluster 0 (com=0.50),0.5425124000880353
354698,2,34900,174,0,Cluster 0 (com=0.50),0.2765010417116169
355293,2,34900,5,0,Cluster 0 (com=0.50),0.21077187140494671
364066,2,34900,1185,0,Cluster 0 (com=0.50),0.5636183666443159
366140,2,34900,538,0,Cluster 0 (com=0.50),0.21554274633532702
367151,2,34900,519,0,Cluster 0 (com=0.50),0.5738776700329145
369242,2,34900,216,0,Cluster 0 (com=0.50),0.10081311853476774
369450,2,34900,707,0,Cluster 0 (com=0.50),0.41932886624258564
369644,2,34900,249,1,Cluster 1 (com=0.69),0.20822380992689854
370735,2,34900,385,0,Cluster 0 (com=0.50),0.3745501517074486
372345,2,34900,432,0,Cluster 0 (com=0.50),0.11795733011716769
372509,2,34900,153,0,Cluster 0 (com=0.50),0.4812443694627692
372511,2,34900,117,1,Cluster 1 (com=0.69),0.49877838439117467
374353,2,34900,168,0,Cluster 0 (com=0.50),0.1973659870873511
378705,2,34900,247,0,Cluster 0 (com=0.50),0.15060246161078863
378946,2,34900,861,0,Cluster 0 (com=0.50),0.5471530387104756
379278,2,34900,1348,0,Cluster 0 (com=0.50),0.5614437897586946
379311,2,34900,89,1,Cluster 1 (com=0.69),0.08705251513874786
381257,2,34900,546,0,Cluster 0 (com=0.50),0.5650389854402086
381414,2,34900,60,0,Cluster 0 (com=0.50),0.5217111151456306
381428,2,34900,216,0,Cluster 0 (com=0.50),0.4961830135906917
383445,2,34900,121,1,Cluster 1 (com=0.69),0.07990059880673761
383602,2,34900,735,1,Cluster 1 (com=0.69),0.5017922387144369
383629,2,34900,174,0,Cluster 0 (com=0.50),0.20640917101044604
384107,2,34900,377,0,Cluster 0 (com=0.50),0.48667748760868434
386389,2,34900,389,0,Cluster 0 (com=0.50),0.5480268404621418
386956,2,34900,248,1,Cluster 1 (com=0.69),0.5271895992380035
389853,2,34900,68,0,Cluster 0 (com=0.50),0.037091617823200994
390070,2,34900,105,1,Cluster 1 (com=0.69),0.48669124907217975
393141,2,34900,27,1,Cluster 1 (com=0.69),0.19861516945484176
395758,2,34900,108,1,Cluster 1 (com=0.69),0.4419848415408122
396683,2,34900,211,0,Cluster 0 (com=0.50),0.24185488864796342
396834,2,34900,222,0,Cluster 0 (com=0.50),0.38761561325117827
396907,2,34900,544,0,Cluster 0 (com=0.50),0.13195269508955196
397219,2,34900,925,0,Cluster 0 (com=0.50),0.4870321989748726
397292,2,34900,220,1,Cluster 1 (com=0.69),0.3411858737603527
397671,2,34900,381,0,Cluster 0 (com=0.50),0.5289855805425612
398550,2,34900,409,0,Cluster 0 (com=0.50),0.09159250882552868
398630,2,34900,205,0,Cluster 0 (com=0.50),0.4085070646173473
399429,2,34900,721,0,Cluster 0 (com=0.50),0.5783509283426573
402695,2,34900,339,0,Cluster 0 (com=0.50),0.4726177099261865
405193,2,34900,757,0,Cluster 0 (com=0.50),0.48022882365243086
407232,2,34900,897,0,Cluster 0 (com=0.50),0.4423677531728274
408499,2,34900,580,0,Cluster 0 (com=0.50),0.4374859600640772
410407,2,34900,1233,0,Cluster 0 (com=0.50),0.5626119224420053
410883,2,34900,247,1,Cluster 1 (com=0.69),0.49979611695292997
411304,2,34900,249,0,Cluster 0 (com=0.50),0.4338346611431462
412353,2,34900,1483,0,Cluster 0 (com=0.50),0.5035141639688675
413180,2,34900,130,0,Cluster 0 (com=0.50),0.4384299836728377
413709,2,34900,172,1,Cluster 1 (com=0.69),0.10506025222689529
413949,2,34900,530,0,Cluster 0 (com=0.50),0.48450377181494103
416199,2,34900,736,0,Cluster 0 (com=0.50),0.027869618729287504
416407,2,34900,391,0,Cluster 0 (com=0.50),0.5815733341118566
418201,2,34900,407,0,Cluster 0 (com=0.50),0.4720033492574395
419059,2,34900,319,0,Cluster 0 (com=0.50),0.34275863963092085
419081,2,34900,317,0,Cluster 0 (com=0.50),0.2849551560546691
421070,2,34900,226,0,Cluster 0 (com=0.50),0.27729686334736303
423210,2,34900,74,1,Cluster 1 (com=0.69),0.4460160893777421
423488,2,34900,311,1,Cluster 1 (com=0.69),0.4943080120200651
423781,2,34900,325,0,Cluster 0 (com=0.50),0.37377539806873794
427256,2,34900,422,0,Cluster 0 (com=0.50),0.4824941317050855
429832,2,34900,42,0,Cluster 0 (com=0.50),0.21427045287652546
431139,2,34900,266,1,Cluster 1 (com=0.69),0.024441819491829237
434476,2,34900,1947,0,Cluster 0 (com=0.50),0.5961644391362935
438063,2,34900,44,0,Cluster 0 (com=0.50),0.3695693427983779
438644,2,34900,13,0,Cluster 0 (com=0.50),0.3626795194094993
439950,2,34900,178,1,Cluster 1 (com=0.69),0.41756648663769225
439995,2,34900,293,0,Cluster 0 (com=0.50),0.46471832956287823
440818,2,34900,1143,0,Cluster 0 (com=0.50),0.5288967290143706
441165,2,34900,324,0,Cluster 0 (com=0.50),0.4476267480902845
441421,2,34900,116,1,Cluster 1 (com=0.69),0.010644620886040285
442563,2,34900,338,0,Cluster 0 (com=0.50),0.504835834217597
442802,2,34900,921,0,Cluster 0 (com=0.50),0.42042143775805996
443151,2,34900,252,0,Cluster 0 (com=0.50),0.5147043955314929
443514,2,34900,416,0,Cluster 0 (com=0.50),0.5240863561857239
443696,2,34900,213,1,Cluster 1 (com=0.69),0.03627517970554566
444011,2,34900,338,0,Cluster 0 (com=0.50),0.5194311397893742
444619,2,34900,78,1,Cluster 1 (com=0.69),0.45327645330831273
444907,2,34900,268,1,Cluster 1 (com=0.69),0.4190621289217774
445686,2,34900,104,0,Cluster 0 (com=0.50),0.23231537402939606
465078,2,34900,465,0,Cluster 0 (com=0.50),0.472815482761928
465121,2,34900,150,1,Cluster 1 (com=0.69),0.2871545506341896
465294,2,34900,619,0,Cluster 0 (com=0.50),0.4318201749591295
466120,2,34900,342,0,Cluster 0 (com=0.50),0.5534407625654018
466807,2,34900,35,1,Cluster 1 (com=0.69),0.4665347275205148
466987,2,34900,393,0,Cluster 0 (com=0.50),0.30750244743391897
467363,2,34900,54,0,Cluster 0 (com=0.50),0.30411686228442186
469499,2,34900,673,0,Cluster 0 (com=0.50),0.2988877095700853
471284,2,34900,38,0,Cluster 0 (com=0.50),0.5552755767497968
474667,2,34900,403,0,Cluster 0 (com=0.50),0.18815594615039632
475015,2,34900,500,0,Cluster 0 (com=0.50),0.5054797415128901
476401,2,34900,1659,0,Cluster 0 (com=0.50),0.577259036529868
476629,2,34900,392,0,Cluster 0 (com=0.50),0.5258771690613411
477833,2,34900,446,0,Cluster 0 (com=0.50),0.5339015517485789
479939,2,34900,749,0,Cluster 0 (com=0.50),0.4159709271062707
480303,2,34900,316,0,Cluster 0 (com=0.50),0.3626894927388834
481717,2,34900,752,0,Cluster 0 (com=0.50),0.5827008295840628
482644,2,34900,320,1,Cluster 1 (com=0.69),0.20772763593006843
483037,2,34900,664,0,Cluster 0 (com=0.50),0.33947910586612184
483656,2,34900,147,0,Cluster 0 (com=0.50),0.35058756084426856
484010,2,34900,399,0,Cluster 0 (com=0.50),0.31409778231840657
484594,2,34900,1606,0,Cluster 0 (com=0.50),0.5807389522791322
485228,2,34900,477,0,Cluster 0 (com=0.50),0.44036748150142074
486087,2,34900,271,0,Cluster 0 (com=0.50),0.47842010234930615
486964,2,34900,119,0,Cluster 0 (com=0.50),0.19851398061066944
488525,2,34900,129,0,Cluster 0 (com=0.50),0.4550128461703704
489553,2,34900,140,0,Cluster 0 (com=0.50),0.09989291437004627
491126,2,34900,422,0,Cluster 0 (com=0.50),0.5685225321669292
491863,2,34900,139,0,Cluster 0 (com=0.50),0.0652119494847653
492024,2,34900,134,0,Cluster 0 (com=0.50),0.09591578209925083
492557,2,34900,15,0,Cluster 0 (com=0.50),0.34903256954958684
493793,2,34900,171,0,Cluster 0 (com=0.50),0.383359521701588
494046,2,34900,418,0,Cluster 0 (com=0.50),0.38187324456467897
494184,2,34900,319,0,Cluster 0 (com=0.50),0.5351147291185008
496493,2,34900,42,0,Cluster 0 (com=0.50),0.20528990602719738
497415,2,34900,806,0,Cluster 0 (com=0.50),0.5740583411509872
498442,2,34900,669,0,Cluster 0 (com=0.50),0.5486009793883263
499244,2,34900,134,0,Cluster 0 (com=0.50),0.28466271713301744
499404,2,34900,500,0,Cluster 0 (com=0.50),0.4601432653271758
500068,2,34900,812,0,Cluster 0 (com=0.50),0.4284445467722229
500618,2,34900,126,0,Cluster 0 (com=0.50),0.4715204917190972
501444,2,34900,314,1,Cluster 1 (com=0.69),0.2646033269004762
501897,2,34900,383,0,Cluster 0 (com=0.50),0.39153997121666295
502011,2,34900,425,0,Cluster 0 (com=0.50),0.4058715181668621
504270,2,34900,69,0,Cluster 0 (com=0.50),0.07343323465207904
505773,2,34900,377,0,Cluster 0 (com=0.50),0.2799985087784884
506705,2,34900,220,0,Cluster 0 (com=0.50),0.37335070115128677
507743,2,34900,734,0,Cluster 0 (com=0.50),0.2871066217381644
507935,2,34900,969,0,Cluster 0 (com=0.50),0.35458570351024593
508626,2,34900,1207,0,Cluster 0 (com=0.50),0.5453021268760598
509536,2,34900,682,0,Cluster 0 (com=0.50),0.42943641213726386
511309,2,34900,213,0,Cluster 0 (com=0.50),0.3977489791413332
511350,2,34900,42,1,Cluster 1 (com=0.69),0.4445324275788425
511981,2,34900,217,1,Cluster 1 (com=0.69),0.2136455488015109
513272,2,34900,62,1,Cluster 1 (com=0.69),0.47630158853094323
513422,2,34900,164,1,Cluster 1 (com=0.69),0.04984937836091925
513428,2,34900,105,0,Cluster 0 (com=0.50),0.2844519671542085
514078,2,34900,415,0,Cluster 0 (com=0.50),0.44920416010674985
514556,2,34900,208,0,Cluster 0 (com=0.50),0.36111704123894844
516602,2,34900,114,0,Cluster 0 (com=0.50),0.2373018481712124
517551,2,34900,260,0,Cluster 0 (com=0.50),0.3474929312148726
519115,2,34900,88,0,Cluster 0 (com=0.50),0.11999475491950962
521115,2,34900,405,0,Cluster 0 (com=0.50),0.5681481189253145
521153,2,34900,66,1,Cluster 1 (com=0.69),0.4960183049146435
522082,2,34900,319,0,Cluster 0 (com=0.50),0.5447953948199157
523017,2,34900,300,0,Cluster 0 (com=0.50),0.4236386490734197
523249,2,34900,225,1,Cluster 1 (com=0.69),0.5162016501538728
524827,2,34900,166,0,Cluster 0 (com=0.50),0.4496501657111469
526721,2,34900,814,0,Cluster 0 (com=0.50),0.38104738832703006
526819,2,34900,178,0,Cluster 0 (com=0.50),0.3584813762996935
529693,2,34900,139,1,Cluster 1 (com=0.69),0.4997059060010001
529991,2,34900,252,1,Cluster 1 (com=0.69),0.05767774069005557
530148,2,34900,226,0,Cluster 0 (com=0.50),0.5780262495722943
531018,2,34900,519,0,Cluster 0 (com=0.50),0.23544034219953758
531871,2,34900,410,0,Cluster 0 (com=0.50),0.48175517906205284
532254,2,34900,466,0,Cluster 0 (com=0.50),0.33367030048979773
533418,2,34900,403,0,Cluster 0 (com=0.50),0.5761173920142517
534112,2,34900,347,0,Cluster 0 (com=0.50),0.39908589119888493
534457,2,34900,271,0,Cluster 0 (com=0.50),0.5183558778675774
535671,2,34900,99,1,Cluster 1 (com=0.69),-0.020298241307349797
536351,2,34900,609,0,Cluster 0 (com=0.50),0.5818250751842433
536475,2,34900,126,1,Cluster 1 (com=0.69),0.27141992545858945
536963,2,34900,266,0,Cluster 0 (com=0.50),0.24691805391654348
537322,2,34900,342,0,Cluster 0 (com=0.50),0.08143135139360115
537606,2,34900,373,0,Cluster 0 (com=0.50),0.44549434206900596
537811,2,34900,2087,0,Cluster 0 (com=0.50),0.5067524640652356
539308,2,34900,283,0,Cluster 0 (com=0.50),0.5505216544784182
539945,2,34900,471,1,Cluster 1 (com=0.69),0.34858964985902285
540723,2,34900,1089,0,Cluster 0 (com=0.50),0.5697316166525473
541532,2,34900,419,0,Cluster 0 (com=0.50),0.5968152939671187
541921,2,34900,1011,0,Cluster 0 (com=0.50),0.5485653718287787
542202,2,34900,565,0,Cluster 0 (com=0.50),0.5765527034092875
542550,2,34900,21,0,Cluster 0 (com=0.50),0.2174964894898478
543010,2,34900,430,0,Cluster 0 (com=0.50),0.5419717457882474
543432,2,34900,419,0,Cluster 0 (com=0.50),0.41176950695803466
544141,2,34900,219,0,Cluster 0 (com=0.50),0.47147915122687245
544745,2,34900,219,0,Cluster 0 (com=0.50),0.5414034957320591
545164,2,34900,489,0,Cluster 0 (com=0.50),0.5090647267380157
545962,2,34900,758,0,Cluster 0 (com=0.50),0.5133009582595913
546547,2,34900,977,0,Cluster 0 (com=0.50),0.5306174458624828
546645,2,34900,630,0,Cluster 0 (com=0.50),0.5537805697496712
547347,2,34900,43,0,Cluster 0 (com=0.50),0.30857182642728875
549219,2,34900,435,1,Cluster 1 (com=0.69),0.15137316349001603
549321,2,34900,526,0,Cluster 0 (com=0.50),0.3177874617221489
549523,2,34900,900,0,Cluster 0 (com=0.50),0.25889886411231594
549847,2,34900,554,0,Cluster 0 (com=0.50),0.4900198501991392
550420,2,34900,492,0,Cluster 0 (com=0.50),0.5087933767991507
550703,2,34900,385,0,Cluster 0 (com=0.50),0.5663664330303824
552173,2,34900,1157,0,Cluster 0 (com=0.50),0.5483136088342738
553031,2,34900,591,0,Cluster 0 (com=0.50),0.5984426231721177
553284,2,34900,764,0,Cluster 0 (com=0.50),0.4233995141031253
553813,2,34900,153,1,Cluster 1 (com=0.69),0.2366930886559457
554063,2,34900,724,0,Cluster 0 (com=0.50),0.04225423649373465
554525,2,34900,476,0,Cluster 0 (com=0.50),0.5824059572538898
555049,2,34900,472,0,Cluster 0 (com=0.50),0.5197249710830266
555827,2,34900,38,0,Cluster 0 (com=0.50),0.3156050074921494
557085,2,34900,972,0,Cluster 0 (com=0.50),0.36271641434303814
557290,2,34900,321,0,Cluster 0 (com=0.50),0.4969767533839506
558044,2,34900,408,0,Cluster 0 (com=0.50),0.556949597869215
558342,2,34900,102,1,Cluster 1 (com=0.69),0.27128342048010673
558764,2,34900,528,0,Cluster 0 (com=0.50),0.5087204461395934
560047,2,34900,370,0,Cluster 0 (com=0.50),0.47188894608045806
560459,2,34900,219,0,Cluster 0 (com=0.50),0.4268553383800696
560645,2,34900,519,0,Cluster 0 (com=0.50),0.23395294028667898
561231,2,34900,654,0,Cluster 0 (com=0.50),0.5746723817896184
562754,2,34900,528,0,Cluster 0 (com=0.50),0.5935295968400254
562990,2,34900,201,0,Cluster 0 (com=0.50),0.5244791948893355
563108,2,34900,135,1,Cluster 1 (com=0.69),0.38595288419626117
563414,2,34900,779,0,Cluster 0 (com=0.50),0.22497252971981296
564243,2,34900,691,0,Cluster 0 (com=0.50),0.153925078706861
564617,2,34900,1034,0,Cluster 0 (com=0.50),0.4623152697477474
564933,2,34900,195,0,Cluster 0 (com=0.50),0.44949427327735936
565017,2,34900,607,0,Cluster 0 (com=0.50),0.5846315347517493
566823,2,34900,177,1,Cluster 1 (com=0.69),0.46772592241145083
568987,2,34900,85,1,Cluster 1 (com=0.69),0.4109920887018629
568998,2,34900,166,1,Cluster 1 (com=0.69),0.48007992011383777
569034,2,34900,1536,0,Cluster 0 (com=0.50),0.5140636056190232
569080,2,34900,507,0,Cluster 0 (com=0.50),0.33195928916348016
569108,2,34900,351,0,Cluster 0 (com=0.50),0.1417449162411793
569876,2,34900,984,0,Cluster 0 (com=0.50),0.479353957737999
570004,2,34900,42,0,Cluster 0 (com=0.50),0.2952924751202371
570213,2,34900,703,0,Cluster 0 (com=0.50),0.44019096821841436
570689,2,34900,55,1,Cluster 1 (com=0.69),0.49332319932466506
571074,2,34900,528,0,Cluster 0 (com=0.50),0.40496719231044553
572074,2,34900,1334,1,Cluster 1 (com=0.69),0.5165329822854862
572213,2,34900,172,0,Cluster 0 (com=0.50),0.4822230375619652
572265,2,34900,70,1,Cluster 1 (com=0.69),0.17085380454044463
573583,2,34900,131,1,Cluster 1 (com=0.69),0.4362508752840904
573697,2,34900,50,0,Cluster 0 (com=0.50),0.42888829690588515
574527,2,34900,554,0,Cluster 0 (com=0.50),0.41100799460203147
575069,2,34900,278,0,Cluster 0 (com=0.50),0.18260632243397007
575112,2,34900,174,0,Cluster 0 (com=0.50),0.20885068105338583
575302,2,34900,663,0,Cluster 0 (com=0.50),0.47289572941458224
575685,2,34900,167,0,Cluster 0 (com=0.50),0.29793023457396506
577032,2,34900,263,0,Cluster 0 (com=0.50),0.5727243615353556
577429,2,34900,445,0,Cluster 0 (com=0.50),0.40998498618931345
578152,2,34900,167,0,Cluster 0 (com=0.50),0.2837981155224454
578847,2,34900,821,0,Cluster 0 (com=0.50),0.5244283393943125
579221,2,34900,413,0,Cluster 0 (com=0.50),0.4773167595211574
579660,2,34900,267,0,Cluster 0 (com=0.50),0.4823120526402296
579686,2,34900,142,1,Cluster 1 (com=0.69),0.3758275627904436
580459,2,34900,314,0,Cluster 0 (com=0.50),0.40055021368025134
580834,2,34900,1175,0,Cluster 0 (com=0.50),0.4877594775140346
580845,2,34900,181,0,Cluster 0 (com=0.50),0.5062511033920682
580926,2,34900,46,0,Cluster 0 (com=0.50),0.271218833899386
581253,2,34900,476,0,Cluster 0 (com=0.50),0.3817925877294318
581659,2,34900,946,0,Cluster 0 (com=0.50),0.47465393072531353
581779,2,34900,351,0,Cluster 0 (com=0.50),0.47227112501445534
582034,2,34900,446,0,Cluster 0 (com=0.50),0.5742090897484706
582117,2,34900,280,0,Cluster 0 (com=0.50),0.33114052828838464
582266,2,34900,328,1,Cluster 1 (com=0.69),0.10937200858884533
582332,2,34900,311,0,Cluster 0 (com=0.50),0.5068068411836224
582530,2,34900,119,1,Cluster 1 (com=0.69),0.29643409014703304
582653,2,34900,119,1,Cluster 1 (com=0.69),-0.0025287314966408033
582670,2,34900,222,1,Cluster 1 (com=0.69),-0.01288507005710456
583056,2,34900,20,0,Cluster 0 (com=0.50),0.34183707824879966
583318,2,34900,109,1,Cluster 1 (com=0.69),0.469535622744673
583487,2,34900,3774,0,Cluster 0 (com=0.50),0.5623732181594885
584515,2,34900,543,0,Cluster 0 (com=0.50),0.4565019812024461
584673,2,34900,272,0,Cluster 0 (com=0.50),0.36725739074200503
585224,2,34900,440,0,Cluster 0 (com=0.50),0.20338536182056857
585261,2,34900,1123,0,Cluster 0 (com=0.50),0.5739176921397592
585284,2,34900,143,1,Cluster 1 (com=0.69),-0.0076423250484427595
585503,2,34900,805,0,Cluster 0 (com=0.50),0.37736909727951257
585572,2,34900,837,0,Cluster 0 (com=0.50),0.5851551160103567
585825,2,34900,401,0,Cluster 0 (com=0.50),0.5124493039217368
585958,2,34900,99,0,Cluster 0 (com=0.50),0.46990113151861773
586906,2,34900,455,0,Cluster 0 (com=0.50),0.05844803977823323
587571,2,34900,1232,0,Cluster 0 (com=0.50),0.5746128667593927
587654,2,34900,398,0,Cluster 0 (com=0.50),0.42297476817583624
587706,2,34900,156,1,Cluster 1 (com=0.69),0.4398525308732914
588128,2,34900,153,0,Cluster 0 (com=0.50),0.3151015245627937
588628,2,34900,918,0,Cluster 0 (com=0.50),0.5408429313278154
589080,2,34900,1182,0,Cluster 0 (com=0.50),0.32145241282293424
589162,2,34900,574,0,Cluster 0 (com=0.50),0.384950405710222
589332,2,34900,939,0,Cluster 0 (com=0.50),0.5004759319170021
589389,2,34900,42,0,Cluster 0 (com=0.50),0.03723264083483669
589441,2,34900,99,1,Cluster 1 (com=0.69),0.4782819327069954
589828,2,34900,40,1,Cluster 1 (com=0.69),0.4146847656524577
590120,2,34900,525,0,Cluster 0 (com=0.50),0.5514457216566373
591525,2,34900,151,0,Cluster 0 (com=0.50),0.22874405660108457
591581,2,34900,227,0,Cluster 0 (com=0.50),0.4502053312747113
591746,2,34900,235,0,Cluster 0 (com=0.50),0.4724783116455842
591946,2,34900,318,0,Cluster 0 (com=0.50),0.4513681881204273
592218,2,34900,338,0,Cluster 0 (com=0.50),0.3781353100742629
592295,2,34900,157,0,Cluster 0 (com=0.50),0.3253663943672167
592558,2,34900,605,0,Cluster 0 (com=0.50),0.32629660321231535
592939,2,34900,144,0,Cluster 0 (com=0.50),0.1170360568096085
593136,2,34900,693,0,Cluster 0 (com=0.50),0.5342291003747063
593563,2,34900,518,0,Cluster 0 (com=0.50),0.4718313764186713
593722,2,34900,528,0,Cluster 0 (com=0.50),0.3691783565198932
593796,2,34900,1349,0,Cluster 0 (com=0.50),0.47791581681100626
594065,2,34900,399,0,Cluster 0 (com=0.50),0.28352724781077165
594122,2,34900,470,0,Cluster 0 (com=0.50),0.43368656068707984
594229,2,34900,457,0,Cluster 0 (com=0.50),0.5278496716093073
594258,2,34900,38,0,Cluster 0 (com=0.50),0.13455056912044622
594406,2,34900,476,0,Cluster 0 (com=0.50),0.5410749293899113
594615,2,34900,110,1,Cluster 1 (com=0.69),0.459510201103766
594636,2,34900,562,0,Cluster 0 (com=0.50),0.5839548111722368
595262,2,34900,247,0,Cluster 0 (com=0.50),0.2810746643333765
595721,2,34900,249,0,Cluster 0 (com=0.50),0.3459527829086685
595943,2,34900,513,0,Cluster 0 (com=0.50),0.18709636167441943
596243,2,34900,73,0,Cluster 0 (com=0.50),0.2114863033795255
596253,2,34900,634,0,Cluster 0 (com=0.50),0.3083637210745537
596758,2,34900,199,0,Cluster 0 (com=0.50),0.30245430984218974
596805,2,34900,97,0,Cluster 0 (com=0.50),0.05449959498642591
597740,2,34900,393,0,Cluster 0 (com=0.50),0.3756958397966268
597937,2,34900,539,0,Cluster 0 (com=0.50),0.56904839578547
598308,2,34900,275,0,Cluster 0 (com=0.50),0.0724902241500278
598540,2,34900,868,0,Cluster 0 (com=0.50),0.595749621791828
598559,2,34900,521,0,Cluster 0 (com=0.50),0.46269651032118275
599297,2,34900,14,0,Cluster 0 (com=0.50),0.38956298289400637
600071,2,34900,539,0,Cluster 0 (com=0.50),0.43987043779461843
600405,2,34900,441,0,Cluster 0 (com=0.50),0.48066016842226
600615,2,34900,7,0,Cluster 0 (com=0.50),0.2174964894898478
600773,2,34900,876,0,Cluster 0 (com=0.50),0.5965889229746049
601008,2,34900,183,1,Cluster 1 (com=0.69),0.5002304066958874
601235,2,34900,421,0,Cluster 0 (com=0.50),0.4625960433147208
601271,2,34900,332,0,Cluster 0 (com=0.50),0.5967926485065216
601680,2,34900,336,0,Cluster 0 (com=0.50),0.04972052295442405
601820,2,34900,112,1,Cluster 1 (com=0.69),0.4412461925888603
602594,2,34900,275,0,Cluster 0 (com=0.50),0.18654924323058616
603648,2,34900,509,1,Cluster 1 (com=0.69),-0.024340535960160063
603931,2,34900,9,0,Cluster 0 (com=0.50),0.3220625043798969
604567,2,34900,207,0,Cluster 0 (com=0.50),0.4066850250334661
604614,2,34900,205,1,Cluster 1 (com=0.69),0.2175412312005307
605180,2,34900,184,0,Cluster 0 (com=0.50),0.2725500473667116
605394,2,34900,144,1,Cluster 1 (com=0.69),0.45695883816941485
605682,2,34900,241,0,Cluster 0 (com=0.50),0.5153212932792027
606257,2,34900,529,0,Cluster 0 (com=0.50),0.4570159601515032
606428,2,34900,125,1,Cluster 1 (com=0.69),0.019306572225457896
606805,2,34900,237,1,Cluster 1 (com=0.69),0.48501263081159457
606904,2,34900,69,1,Cluster 1 (com=0.69),0.524464021252842
607243,2,34900,1074,0,Cluster 0 (com=0.50),0.5105762349450229
607303,2,34900,409,0,Cluster 0 (com=0.50),0.46377507123893025
607501,2,34900,1068,0,Cluster 0 (com=0.50),0.5118141038902393
607679,2,34900,564,0,Cluster 0 (com=0.50),0.30763744602818627
607700,2,34900,189,0,Cluster 0 (com=0.50),0.6026195862742189
609142,2,34900,907,0,Cluster 0 (com=0.50),0.5845400187058029
609240,2,34900,461,0,Cluster 0 (com=0.50),0.42380257860796494
611603,2,34900,141,0,Cluster 0 (com=0.50),0.22983590560632955
612842,2,34900,174,1,Cluster 1 (com=0.69),0.49722050015080493
613165,2,34900,283,0,Cluster 0 (com=0.50),0.05005385717750488
613330,2,34900,566,0,Cluster 0 (com=0.50),0.5456559549490779
613634,2,34900,536,0,Cluster 0 (com=0.50),0.5219887805365505
613899,2,34900,1327,0,Cluster 0 (com=0.50),0.49892834422963583
613966,2,34900,677,0,Cluster 0 (com=0.50),0.5248124390589362
614059,2,34900,344,0,Cluster 0 (com=0.50),0.08988545355559455
614984,2,34900,309,0,Cluster 0 (com=0.50),0.42197826898477875
615266,2,34900,801,0,Cluster 0 (com=0.50),0.5891963423996731
615299,2,34900,978,0,Cluster 0 (com=0.50),0.4616615723126322
615301,2,34900,970,1,Cluster 1 (com=0.69),0.16098588852333343
615302,2,34900,626,0,Cluster 0 (com=0.50),0.3800697514027634
615306,2,34900,444,0,Cluster 0 (com=0.50),0.4241921792078368
615328,2,34900,310,1,Cluster 1 (com=0.69),0.35781600011594034
615340,2,34900,27,1,Cluster 1 (com=0.69),0.46584695694812883
615342,2,34900,49,0,Cluster 0 (com=0.50),0.20989007263137902
615356,2,34900,301,0,Cluster 0 (com=0.50),0.28717938644968255
616517,2,34900,644,0,Cluster 0 (com=0.50),0.586405769427907
616912,2,34900,336,0,Cluster 0 (com=0.50),0.11422868682873039
617010,2,34900,475,0,Cluster 0 (com=0.50),0.5256887303959101
617119,2,34900,603,0,Cluster 0 (com=0.50),0.22985221799375397
617150,2,34900,549,0,Cluster 0 (com=0.50),0.20053765246669514
617436,2,34900,481,0,Cluster 0 (com=0.50),0.4244726137353445
617580,2,34900,1604,0,Cluster 0 (com=0.50),0.5693924713669928
617783,2,34900,194,0,Cluster 0 (com=0.50),0.15090663174236774
617922,2,34900,574,0,Cluster 0 (com=0.50),0.507362233815674
618663,2,34900,118,0,Cluster 0 (com=0.50),0.06016943583872508
619204,2,34900,160,1,Cluster 1 (com=0.69),0.1361342745464985
619292,2,34900,737,0,Cluster 0 (com=0.50),0.4780821377228137
619321,2,34900,676,0,Cluster 0 (com=0.50),0.5455277285351116
619502,2,34900,250,1,Cluster 1 (com=0.69),0.3915177771330237
620094,2,34900,1455,0,Cluster 0 (com=0.50),0.5864872711988304
620112,2,34900,165,1,Cluster 1 (com=0.69),0.1896484775525357
620269,2,34900,247,0,Cluster 0 (com=0.50),0.4817479378882681
620349,2,34900,557,0,Cluster 0 (com=0.50),0.47444359875065223
620431,2,34900,961,0,Cluster 0 (com=0.50),0.5913042692277668
620740,2,34900,156,1,Cluster 1 (com=0.69),0.4287577756801475
620750,2,34900,344,0,Cluster 0 (com=0.50),0.517963571836551
620810,2,34900,207,1,Cluster 1 (com=0.69),0.47536539082522217
622275,2,34900,609,0,Cluster 0 (com=0.50),0.43100493540981455
622481,2,34900,498,0,Cluster 0 (com=0.50),0.16492056509287684
622760,2,34900,372,1,Cluster 1 (com=0.69),0.25357063763303506
622934,2,34900,531,1,Cluster 1 (com=0.69),0.35586697655556526
622967,2,34900,204,0,Cluster 0 (com=0.50),0.2822071867125207
623166,2,34900,583,0,Cluster 0 (com=0.50),0.47386462013055947
623230,2,34900,433,0,Cluster 0 (com=0.50),0.54075642565193
623471,2,34900,534,0,Cluster 0 (com=0.50),0.5456485633695017
623589,2,34900,358,0,Cluster 0 (com=0.50),0.5847006179145654
623765,2,34900,548,0,Cluster 0 (com=0.50),0.21698829743899614
624282,2,34900,490,0,Cluster 0 (com=0.50),0.4216263339041682
624864,2,34900,428,0,Cluster 0 (com=0.50),0.45678680837780733
624970,2,34900,553,0,Cluster 0 (com=0.50),0.5521681900427591
625245,2,34900,498,0,Cluster 0 (com=0.50),0.08729057710060026
625330,2,34900,284,0,Cluster 0 (com=0.50),0.2823719392990891
625515,2,34900,326,0,Cluster 0 (com=0.50),0.19031339847521894
625609,2,34900,161,0,Cluster 0 (com=0.50),0.5187668928183746
625743,2,34900,505,0,Cluster 0 (com=0.50),0.19700845444984524
625802,2,34900,575,1,Cluster 1 (com=0.69),0.1301555144006112
625838,2,34900,687,0,Cluster 0 (com=0.50),0.5083717909271455
626033,2,34900,1432,0,Cluster 0 (com=0.50),0.5651946646278464
626416,2,34900,433,0,Cluster 0 (com=0.50),0.34978394780327543
626454,2,34900,427,1,Cluster 1 (com=0.69),0.06633230853972774
626477,2,34900,205,0,Cluster 0 (com=0.50),0.5304578329149858
626514,2,34900,1159,0,Cluster 0 (com=0.50),0.5426949367589933
626539,2,34900,58,0,Cluster 0 (com=0.50),0.16435513753660982
626552,2,34900,279,0,Cluster 0 (com=0.50),0.4780001771024666
626579,2,34900,101,1,Cluster 1 (com=0.69),0.48782977297578367
627365,2,34900,669,0,Cluster 0 (com=0.50),0.5757620046717615
627829,2,34900,488,0,Cluster 0 (com=0.50),0.33925000342163564
628149,2,34900,929,0,Cluster 0 (com=0.50),0.424007785021434
628157,2,34900,75,1,Cluster 1 (com=0.69),0.5111710478721297
628308,2,34900,158,0,Cluster 0 (com=0.50),0.44931392197770864
628383,2,34900,354,0,Cluster 0 (com=0.50),0.4180865476228427
628521,2,34900,275,0,Cluster 0 (com=0.50),0.2747529416093917
628888,2,34900,337,0,Cluster 0 (com=0.50),0.4762031498257691
628964,2,34900,611,0,Cluster 0 (com=0.50),0.4821734000330758
629029,2,34900,351,0,Cluster 0 (com=0.50),0.38818728610591235
629182,2,34900,20,0,Cluster 0 (com=0.50),0.28527414906415915
629491,2,34900,564,0,Cluster 0 (com=0.50),0.25561207137138114
629522,2,34900,487,0,Cluster 0 (com=0.50),0.4848648673385824
629594,2,34900,79,0,Cluster 0 (com=0.50),0.2591905467824815
629818,2,34900,397,0,Cluster 0 (com=0.50),0.42204318849409844
629922,2,34900,739,1,Cluster 1 (com=0.69),0.3240765914186531
629944,2,34900,315,1,Cluster 1 (com=0.69),0.5010227068455018
630109,2,34900,485,1,Cluster 1 (com=0.69),0.02576501073573911
630158,2,34900,502,0,Cluster 0 (com=0.50),0.4871281857716395
630745,2,34900,367,0,Cluster 0 (com=0.50),0.5849004991573443
630835,2,34900,1411,0,Cluster 0 (com=0.50),0.5206757939859579
630905,2,34900,1960,0,Cluster 0 (com=0.50),0.5772409264831874
630910,2,34900,429,0,Cluster 0 (com=0.50),0.5014009948255397
630992,2,34900,20,0,Cluster 0 (com=0.50),0.3882632398754454
631524,2,34900,906,0,Cluster 0 (com=0.50),0.2707265477845085
631658,2,34900,1999,0,Cluster 0 (com=0.50),0.4924851192757826
631681,2,34900,158,1,Cluster 1 (com=0.69),0.15782294502135874
631715,2,34900,219,0,Cluster 0 (com=0.50),0.39691672887615326
631740,2,34900,336,0,Cluster 0 (com=0.50),0.43398550442762923
631837,2,34900,552,0,Cluster 0 (com=0.50),0.3747155079380846
631924,2,34900,560,0,Cluster 0 (com=0.50),0.3230378403146567
632074,2,34900,401,0,Cluster 0 (com=0.50),0.49994018101671833
632179,2,34900,45,1,Cluster 1 (com=0.69),0.48542075367406373
632290,2,34900,235,1,Cluster 1 (com=0.69),0.05051485222539283
632458,2,34900,689,0,Cluster 0 (com=0.50),0.5471132922196782
632556,2,34900,164,1,Cluster 1 (com=0.69),0.427883538961995
632597,2,34900,24,1,Cluster 1 (com=0.69),0.4665347275205148
632826,2,34900,378,1,Cluster 1 (com=0.69),0.2610591439949532
632836,2,34900,519,0,Cluster 0 (com=0.50),0.37280684900496897
633079,2,34900,317,0,Cluster 0 (com=0.50),0.45103047132115226
633516,2,34900,141,0,Cluster 0 (com=0.50),0.433071801567623
633555,2,34900,599,0,Cluster 0 (com=0.50),0.30147028978660934
633568,2,34900,500,0,Cluster 0 (com=0.50),0.5166021446724537
633628,2,34900,106,0,Cluster 0 (com=0.50),0.4720410499312715
633867,2,34900,499,0,Cluster 0 (com=0.50),0.552883650833227
633931,2,34900,918,0,Cluster 0 (com=0.50),0.5343843723310672
634088,2,34900,287,1,Cluster 1 (com=0.69),0.00372415716484982
634114,2,34900,6,0,Cluster 0 (com=0.50),0.26098965070624247
634512,2,34900,340,0,Cluster 0 (com=0.50),0.4402744934860109
634526,2,34900,608,1,Cluster 1 (com=0.69),0.07615167482402899
634601,2,34900,205,1,Cluster 1 (com=0.69),0.06299623734386303
634749,2,34900,1723,0,Cluster 0 (com=0.50),0.5219175271237564
635184,2,34900,246,0,Cluster 0 (com=0.50),0.5811075461237041
635751,2,34900,127,0,Cluster 0 (com=0.50),0.22720930346945648
635795,2,34900,827,0,Cluster 0 (com=0.50),0.44684787755141464
635903,2,34900,241,0,Cluster 0 (com=0.50),0.24519964171633754
635985,2,34900,81,1,Cluster 1 (com=0.69),0.2267896413248673
636314,2,34900,836,0,Cluster 0 (com=0.50),0.4799907762812045
636375,2,34900,331,0,Cluster 0 (com=0.50),0.38310690467868624
636400,2,34900,282,0,Cluster 0 (com=0.50),0.42400133179508803
636408,2,34900,139,1,Cluster 1 (com=0.69),0.33057864347932203
636469,2,34900,267,0,Cluster 0 (com=0.50),0.5962408252287231
636547,2,34900,11,0,Cluster 0 (com=0.50),0.3881517923832128
636565,2,34900,65,1,Cluster 1 (com=0.69),0.4904228447919186
636656,2,34900,388,1,Cluster 1 (com=0.69),0.028395264534251428
636704,2,34900,153,0,Cluster 0 (com=0.50),0.2157835515210611
636783,2,34900,752,0,Cluster 0 (com=0.50),0.1851582987051564
636830,2,34900,929,0,Cluster 0 (com=0.50),0.4956475601007379
636832,2,34900,669,0,Cluster 0 (com=0.50),0.5501000857151042
637004,2,34900,596,0,Cluster 0 (com=0.50),0.3462928171643506
637358,2,34900,388,0,Cluster 0 (com=0.50),0.3297815701959111
637563,2,34900,346,1,Cluster 1 (com=0.69),0.3304948426406147
637582,2,34900,269,0,Cluster 0 (com=0.50),0.38812360211360974
637708,2,34900,406,0,Cluster 0 (com=0.50),0.48666990542472477
637788,2,34900,40,1,Cluster 1 (com=0.69),0.49407936889243326
637906,2,34900,403,0,Cluster 0 (com=0.50),0.5588802587604624
637939,2,34900,153,1,Cluster 1 (com=0.69),0.4965615961766707
637980,2,34900,293,0,Cluster 0 (com=0.50),0.4956712200309862
638034,2,34900,605,0,Cluster 0 (com=0.50),0.49741270187691056
638388,2,34900,179,0,Cluster 0 (com=0.50),0.4809294124846393
638411,2,34900,1738,0,Cluster 0 (com=0.50),0.4649285376112882
638498,2,34900,362,0,Cluster 0 (com=0.50),0.5535388404942067
638515,2,34900,230,0,Cluster 0 (com=0.50),0.17852351383676385
638625,2,34900,684,0,Cluster 0 (com=0.50),0.5741878929310718
638655,2,34900,436,0,Cluster 0 (com=0.50),0.2236100740017256
638677,2,34900,365,0,Cluster 0 (com=0.50),0.12179590385565675
639028,2,34900,393,0,Cluster 0 (com=0.50),0.4380275460127368
639231,2,34900,175,0,Cluster 0 (com=0.50),0.40701392794437485
639234,2,34900,436,0,Cluster 0 (com=0.50),0.37918732174015873
639238,2,34900,399,0,Cluster 0 (com=0.50),0.6011741495856654
639522,2,34900,239,1,Cluster 1 (com=0.69),0.29952364375805185
640098,2,34900,440,0,Cluster 0 (com=0.50),0.47537056344699896
640278,2,34900,1735,0,Cluster 0 (com=0.50),0.5333132509777756
640329,2,34900,429,0,Cluster 0 (com=0.50),0.5242785006788174
640429,2,34900,911,0,Cluster 0 (com=0.50),0.4870715061869762
640584,2,34900,86,1,Cluster 1 (com=0.69),0.361692362427493
640711,2,34900,248,0,Cluster 0 (com=0.50),0.43585251268306674
640752,2,34900,768,0,Cluster 0 (com=0.50),0.5342940690421669
640848,2,34900,74,1,Cluster 1 (com=0.69),0.1716894793286993
640892,2,34900,279,0,Cluster 0 (com=0.50),0.1966562271474064
640913,2,34900,90,1,Cluster 1 (com=0.69),0.46632738619812064
640927,2,34900,358,1,Cluster 1 (com=0.69),0.09459067365227558
641085,2,34900,33,1,Cluster 1 (com=0.69),0.3681692382690333
641137,2,34900,194,0,Cluster 0 (com=0.50),0.0539504208804176
641309,2,34900,492,0,Cluster 0 (com=0.50),0.4869371288510126
641311,2,34900,790,0,Cluster 0 (com=0.50),0.40569650923434813
641363,2,34900,53,1,Cluster 1 (com=0.69),0.4610329105279915
641401,2,34900,234,1,Cluster 1 (com=0.69),0.2857126591052329
641433,2,34900,193,1,Cluster 1 (com=0.69),0.125479268602967
641461,2,34900,181,0,Cluster 0 (com=0.50),0.3217017802908305
641470,2,34900,96,0,Cluster 0 (com=0.50),0.30620856093700677
641547,2,34900,60,1,Cluster 1 (com=0.69),0.12602955818869427
641804,2,34900,81,0,Cluster 0 (com=0.50),0.24910442945828792
641864,2,34900,408,0,Cluster 0 (com=0.50),0.30946516547703706
641914,2,34900,637,0,Cluster 0 (com=0.50),0.44353717709726825
642029,2,34900,469,0,Cluster 0 (com=0.50),0.5492263961642193
642056,2,34900,284,0,Cluster 0 (com=0.50),0.33260931238065117
642375,2,34900,288,0,Cluster 0 (com=0.50),0.3500962442460716
642448,2,34900,583,0,Cluster 0 (com=0.50),0.47378964714899613
642449,2,34900,190,0,Cluster 0 (com=0.50),0.40872750621719023
642493,2,34900,663,0,Cluster 0 (com=0.50),0.5017286308487244
642496,2,34900,177,1,Cluster 1 (com=0.69),-0.021807499375708046
642498,2,34900,412,0,Cluster 0 (com=0.50),0.579467030294384
642551,2,34900,340,0,Cluster 0 (com=0.50),0.5599863523591212
642626,2,34900,307,0,Cluster 0 (com=0.50),0.42615088949193497
642740,2,34900,622,0,Cluster 0 (com=0.50),0.2005746916100251
642750,2,34900,667,0,Cluster 0 (com=0.50),0.48280943833202833
642790,2,34900,291,0,Cluster 0 (com=0.50),0.42049669872560147
642840,2,34900,483,0,Cluster 0 (com=0.50),0.26326654430077073
642843,2,34900,906,0,Cluster 0 (com=0.50),0.5684026814044664
642872,2,34900,463,0,Cluster 0 (com=0.50),0.5877853049135139
642909,2,34900,109,0,Cluster 0 (com=0.50),0.25029174349975564
643069,2,34900,134,0,Cluster 0 (com=0.50),0.4734274978443673
643202,2,34900,249,0,Cluster 0 (com=0.50),0.5538148799920616
643220,2,34900,178,1,Cluster 1 (com=0.69),0.4077249714065625
643273,2,34900,527,0,Cluster 0 (com=0.50),0.5351139520924556
643326,2,34900,1361,0,Cluster 0 (com=0.50),0.5692861383279528
643372,2,34900,150,0,Cluster 0 (com=0.50),0.22725252993713208
643466,2,34900,248,0,Cluster 0 (com=0.50),0.4712290499118059
643477,2,34900,783,0,Cluster 0 (com=0.50),0.18856662797913715
643496,2,34900,1028,0,Cluster 0 (com=0.50),0.5546975146740393
643502,2,34900,203,0,Cluster 0 (com=0.50),0.05025866885058267
643591,2,34900,973,0,Cluster 0 (com=0.50),0.5446813363989502
643653,2,34900,394,0,Cluster 0 (com=0.50),0.47593066650516763
643696,2,34900,370,0,Cluster 0 (com=0.50),0.38036349832027316
643751,2,34900,590,0,Cluster 0 (com=0.50),0.3880430845399127
643754,2,34900,658,0,Cluster 0 (com=0.50),0.5580418234592027
643757,2,34900,89,0,Cluster 0 (com=0.50),0.33862739432995226
644025,2,34900,540,0,Cluster 0 (com=0.50),0.5404344333762507
644210,2,34900,226,0,Cluster 0 (com=0.50),0.5211605758261764
644343,2,34900,198,1,Cluster 1 (com=0.69),0.36301065744688077
644361,2,34900,2152,0,Cluster 0 (com=0.50),0.591748646239668
644369,2,34900,67,0,Cluster 0 (com=0.50),0.3044991206921199
644450,2,34900,935,0,Cluster 0 (com=0.50),0.5996112311682813
644508,2,34900,1901,1,Cluster 1 (com=0.69),-0.037457832730787455
644761,2,34900,873,0,Cluster 0 (com=0.50),0.548100258134718
644784,2,34900,1086,0,Cluster 0 (com=0.50),0.5041079248485855
644791,2,34900,657,0,Cluster 0 (com=0.50),0.38226321970479155
644818,2,34900,374,0,Cluster 0 (com=0.50),0.5108551445797682
644847,2,34900,216,1,Cluster 1 (com=0.69),0.14769345429766054
644936,2,34900,71,0,Cluster 0 (com=0.50),0.3940611452639507
644974,2,34900,826,0,Cluster 0 (com=0.50),0.5030544495282115
645003,2,34900,410,0,Cluster 0 (com=0.50),0.44889801321831724
645020,2,34900,475,0,Cluster 0 (com=0.50),0.5582833975121803
645078,2,34900,395,0,Cluster 0 (com=0.50),0.40544261852213137
645145,2,34900,116,0,Cluster 0 (com=0.50),0.5064299152920079
645405,2,34900,1361,0,Cluster 0 (com=0.50),0.3955148262701749
645433,2,34900,143,0,Cluster 0 (com=0.50),0.053365509977710085
645496,2,34900,409,0,Cluster 0 (com=0.50),0.6022575230095082
645518,2,34900,843,0,Cluster 0 (com=0.50),0.29629698777889213
645586,2,34900,277,1,Cluster 1 (com=0.69),0.22606334828823296
645705,2,34900,292,0,Cluster 0 (com=0.50),0.09843552538583585
645732,2,34900,156,0,Cluster 0 (com=0.50),0.4813421884242441
645784,2,34900,385,0,Cluster 0 (com=0.50),0.4185949137831732
645790,2,34900,12,0,Cluster 0 (com=0.50),0.3108388247800258
645840,2,34900,788,0,Cluster 0 (com=0.50),0.5751852084809076
645880,2,34900,72,1,Cluster 1 (com=0.69),0.3304598061148692
645948,2,34900,656,0,Cluster 0 (com=0.50),0.527837067607996
645960,2,34900,232,0,Cluster 0 (com=0.50),0.3727253115859496
645997,2,34900,603,0,Cluster 0 (com=0.50),0.5369980595955077
646015,2,34900,350,0,Cluster 0 (com=0.50),0.48342864095469573
646017,2,34900,1005,0,Cluster 0 (com=0.50),0.47446971769542523
646053,2,34900,635,0,Cluster 0 (com=0.50),0.5175302723755318
646074,2,34900,825,0,Cluster 0 (com=0.50),0.46569189627091256
646085,2,34900,552,0,Cluster 0 (com=0.50),0.4524993039128275
646138,2,34900,202,0,Cluster 0 (com=0.50),0.2590534585622339
646313,2,34900,516,0,Cluster 0 (com=0.50),0.3470783099031829
646357,2,34900,758,0,Cluster 0 (com=0.50),0.4982404377210205
646402,2,34900,576,0,Cluster 0 (com=0.50),0.5769837583343977
646460,2,34900,436,0,Cluster 0 (com=0.50),0.31243465943306586
646539,2,34900,254,0,Cluster 0 (com=0.50),0.39757269990639243
646540,2,34900,493,1,Cluster 1 (com=0.69),0.06818052076534116
646551,2,34900,825,0,Cluster 0 (com=0.50),0.30690229185262186
646638,2,34900,106,1,Cluster 1 (com=0.69),0.24107091083230342
646670,2,34900,275,1,Cluster 1 (com=0.69),0.273928932011256
646734,2,34900,108,1,Cluster 1 (com=0.69),0.014572600038867714
646750,2,34900,379,0,Cluster 0 (com=0.50),0.12705040061174816
646778,2,34900,537,0,Cluster 0 (com=0.50),0.5141422062507517
646807,2,34900,480,0,Cluster 0 (com=0.50),0.4490285535144673
646990,2,34900,434,0,Cluster 0 (com=0.50),0.4299834044692469
647005,2,34900,425,0,Cluster 0 (com=0.50),0.39028014571559566
647040,2,34900,828,0,Cluster 0 (com=0.50),0.5024277533243123
647154,2,34900,384,1,Cluster 1 (com=0.69),0.23330626971236398
647169,2,34900,331,0,Cluster 0 (com=0.50),0.2688543338298834
647320,2,34900,829,0,Cluster 0 (com=0.50),0.5976460447589194
647324,2,34900,709,0,Cluster 0 (com=0.50),0.45885453371473245
647339,2,34900,45,1,Cluster 1 (com=0.69),0.4130523660968179
647348,2,34900,85,1,Cluster 1 (com=0.69),0.4338002695426932
647391,2,34900,133,1,Cluster 1 (com=0.69),0.26775488325265073
647398,2,34900,496,0,Cluster 0 (com=0.50),0.5727050934542304
647399,2,34900,926,0,Cluster 0 (com=0.50),0.47632844763190263
647425,2,34900,1275,0,Cluster 0 (com=0.50),0.5973605674354103
647485,2,34900,216,1,Cluster 1 (com=0.69),0.27848184304751555
647496,2,34900,169,0,Cluster 0 (com=0.50),0.265910296357327
647765,2,34900,312,0,Cluster 0 (com=0.50),0.4765288551610158
647841,2,34900,508,0,Cluster 0 (com=0.50),0.34146038008200297
647898,2,34900,187,1,Cluster 1 (com=0.69),0.08155005279367775
647910,2,34900,651,1,Cluster 1 (com=0.69),0.2641404823760863
647945,2,34900,304,0,Cluster 0 (com=0.50),0.5245159646538466
647987,2,34900,693,0,Cluster 0 (com=0.50),0.46526522214462834
648027,2,34900,302,0,Cluster 0 (com=0.50),0.36695612913147
648037,2,34900,1234,0,Cluster 0 (com=0.50),0.5746489685590545
648038,2,34900,495,0,Cluster 0 (com=0.50),0.4612314137129615
648040,2,34900,653,0,Cluster 0 (com=0.50),0.438139750622932
648086,2,34900,178,0,Cluster 0 (com=0.50),0.48741931189984095
648105,2,34900,550,0,Cluster 0 (com=0.50),0.051785137643595346
648114,2,34900,574,0,Cluster 0 (com=0.50),0.568056390565785
648116,2,34900,505,0,Cluster 0 (com=0.50),0.3667932232130912
648140,2,34900,261,0,Cluster 0 (com=0.50),0.18195560345101885
648244,2,34900,87,1,Cluster 1 (com=0.69),0.29406159833233153
648254,2,34900,358,0,Cluster 0 (com=0.50),0.5760904508265577
648287,2,34900,522,0,Cluster 0 (com=0.50),0.437279783841016
648353,2,34900,118,0,Cluster 0 (com=0.50),0.4402668304689016
648365,2,34900,1236,0,Cluster 0 (com=0.50),0.536887090046222
648366,2,34900,722,0,Cluster 0 (com=0.50),0.4166498281970448
648457,2,34900,362,0,Cluster 0 (com=0.50),0.5429116904568556
648470,2,34900,795,0,Cluster 0 (com=0.50),0.42214109477195266
648508,2,34900,18,0,Cluster 0 (com=0.50),0.33685002520240087
648515,2,34900,219,0,Cluster 0 (com=0.50),0.5903396878401327
648531,2,34900,479,0,Cluster 0 (com=0.50),0.5445148753278307
648536,2,34900,498,0,Cluster 0 (com=0.50),0.5411296645778282
648564,2,34900,656,0,Cluster 0 (com=0.50),0.45689185259271964
648571,2,34900,433,0,Cluster 0 (com=0.50),0.37449447115530277
648590,2,34900,280,0,Cluster 0 (com=0.50),0.38599253313935133
648613,2,34900,145,0,Cluster 0 (com=0.50),0.18108100082634035
648661,2,34900,116,1,Cluster 1 (com=0.69),0.27762641305380714
648685,2,34900,769,0,Cluster 0 (com=0.50),0.08611585659732068
648804,2,34900,374,0,Cluster 0 (com=0.50),0.32376187277573376
648815,2,34900,745,0,Cluster 0 (com=0.50),0.5000752508495427
648903,2,34900,553,0,Cluster 0 (com=0.50),0.5485005708278621
648972,2,34900,117,1,Cluster 1 (com=0.69),0.2495840498054885
648995,2,34900,218,0,Cluster 0 (com=0.50),0.48038657117514716
649004,2,34900,1408,0,Cluster 0 (com=0.50),0.5041953841408552
649009,2,34900,69,1,Cluster 1 (com=0.69),0.5169092661871335
649036,2,34900,60,0,Cluster 0 (com=0.50),0.12118607962300687
649079,2,34900,1017,0,Cluster 0 (com=0.50),0.5587848613887159
649084,2,34900,513,0,Cluster 0 (com=0.50),0.5319340449104248
649093,2,34900,275,0,Cluster 0 (com=0.50),0.5695048829462975
649118,2,34900,313,0,Cluster 0 (com=0.50),0.3887989557512923
649141,2,34900,358,0,Cluster 0 (com=0.50),0.553569583949657
649159,2,34900,400,0,Cluster 0 (com=0.50),0.5913455006332625
649165,2,34900,387,0,Cluster 0 (com=0.50),0.2497349785322647
649207,2,34900,606,0,Cluster 0 (com=0.50),0.527839890708998
649212,2,34900,256,1,Cluster 1 (com=0.69),0.09430829219880531
649230,2,34900,298,1,Cluster 1 (com=0.69),0.13440638422119028
649258,2,34900,133,1,Cluster 1 (com=0.69),0.32723460637764273
649284,2,34900,281,0,Cluster 0 (com=0.50),0.2594252600345504
649325,2,34900,67,0,Cluster 0 (com=0.50),0.3553966557463515
649336,2,34900,196,1,Cluster 1 (com=0.69),0.4903962998982202
649379,2,34900,651,0,Cluster 0 (com=0.50),0.5521595150478307
649385,2,34900,89,0,Cluster 0 (com=0.50),0.2761371030811565
649400,2,34900,103,0,Cluster 0 (com=0.50),0.4484033829900933
649434,2,34900,429,0,Cluster 0 (com=0.50),0.4082624230971063
649435,2,34900,60,0,Cluster 0 (com=0.50),0.29709561558131536
649457,2,34900,869,0,Cluster 0 (com=0.50),0.5474766007455087
649469,2,34900,713,0,Cluster 0 (com=0.50),0.5743373430484291
649566,2,34900,35,1,Cluster 1 (com=0.69),0.5032829260096278
649619,2,34900,467,0,Cluster 0 (com=0.50),0.5131692548621952
649735,2,34900,175,1,Cluster 1 (com=0.69),0.21226544663900382
649806,2,34900,168,1,Cluster 1 (com=0.69),0.3725950927950624
649891,2,34900,160,1,Cluster 1 (com=0.69),0.25741721026045283
649952,2,34900,399,1,Cluster 1 (com=0.69),0.006086148280701478
649954,2,34900,512,0,Cluster 0 (com=0.50),0.14680146892053933
649979,2,34900,280,0,Cluster 0 (com=0.50),0.2938231710775782
650031,2,34900,396,0,Cluster 0 (com=0.50),0.5472823257762446
650054,2,34900,451,0,Cluster 0 (com=0.50),0.45664074980350927
650108,2,34900,757,0,Cluster 0 (com=0.50),0.590463377974982
650123,2,34900,355,0,Cluster 0 (com=0.50),0.08046410726912985
650148,2,34900,61,1,Cluster 1 (com=0.69),0.4665347275205148
650160,2,34900,503,0,Cluster 0 (com=0.50),0.39212300478932854
650170,2,34900,1044,0,Cluster 0 (com=0.50),0.4268931063519134
650251,2,34900,478,0,Cluster 0 (com=0.50),0.22287052177707745
650287,2,34900,681,0,Cluster 0 (com=0.50),0.23998662858154213
650363,2,34900,75,1,Cluster 1 (com=0.69),0.5357464391572573
650370,2,34900,212,0,Cluster 0 (com=0.50),0.271816167704501
650424,2,34900,488,0,Cluster 0 (com=0.50),0.5493716844957176
650461,2,34900,137,1,Cluster 1 (com=0.69),0.49645582954266654
650469,2,34900,312,0,Cluster 0 (com=0.50),0.44374541684498575
650473,2,34900,389,0,Cluster 0 (com=0.50),0.47970042324460194
650570,2,34900,348,0,Cluster 0 (com=0.50),0.4707718573912071
650682,2,34900,356,0,Cluster 0 (com=0.50),0.37077892675561036
650717,2,34900,637,0,Cluster 0 (com=0.50),0.5568151072883896
650758,2,34900,109,1,Cluster 1 (com=0.69),0.23617181238552534
650861,2,34900,19,1,Cluster 1 (com=0.69),0.4665347275205148
650866,2,34900,1131,0,Cluster 0 (com=0.50),0.5543959858365203
650923,2,34900,144,0,Cluster 0 (com=0.50),0.5328767964322928
650960,2,34900,39,0,Cluster 0 (com=0.50),0.27889771391460794
651040,2,34900,107,0,Cluster 0 (com=0.50),0.4569682856657632
651121,2,34900,340,0,Cluster 0 (com=0.50),0.3409963509826334
651126,2,34900,125,0,Cluster 0 (com=0.50),0.491389178261574
651182,2,34900,99,1,Cluster 1 (com=0.69),0.05940415322062655
651200,2,34900,152,0,Cluster 0 (com=0.50),0.3403426874911282
651238,2,34900,717,0,Cluster 0 (com=0.50),0.18560832974657435
651253,2,34900,390,0,Cluster 0 (com=0.50),0.3857930762765338
651330,2,34900,61,1,Cluster 1 (com=0.69),0.4932260353487306
651334,2,34900,105,0,Cluster 0 (com=0.50),0.3718341586734887
651354,2,34900,625,0,Cluster 0 (com=0.50),0.5322765152810943
651381,2,34900,533,0,Cluster 0 (com=0.50),0.2623644197342684
651419,2,34900,598,0,Cluster 0 (com=0.50),0.5312257914935283
651478,2,34900,1282,0,Cluster 0 (com=0.50),0.5556062764577916
651498,2,34900,419,0,Cluster 0 (com=0.50),0.41043778970428796
651555,2,34900,219,1,Cluster 1 (com=0.69),0.5107166296734614
651598,2,34900,440,0,Cluster 0 (com=0.50),0.5969472818655529
651881,2,34900,385,0,Cluster 0 (com=0.50),0.595791033593508
651886,2,34900,231,0,Cluster 0 (com=0.50),0.06858444461126287
651927,2,34900,169,0,Cluster 0 (com=0.50),0.4373648935497776
651990,2,34900,343,0,Cluster 0 (com=0.50),0.5439425717402837
652008,2,34900,384,0,Cluster 0 (com=0.50),0.3926706465838722
652064,2,34900,682,0,Cluster 0 (com=0.50),0.09176918078198855
652087,2,34900,273,0,Cluster 0 (com=0.50),0.3272771161078558
652333,2,34900,190,0,Cluster 0 (com=0.50),0.26317454860414613
652335,2,34900,642,0,Cluster 0 (com=0.50),0.4615737082439563
652438,2,34900,216,0,Cluster 0 (com=0.50),0.5209354251319371
652576,2,34900,383,0,Cluster 0 (com=0.50),0.14655714163246542
652625,2,34900,428,1,Cluster 1 (com=0.69),0.0016654894270994379
652647,2,34900,187,0,Cluster 0 (com=0.50),0.49928762086954975
652659,2,34900,251,0,Cluster 0 (com=0.50),0.21942175071504533
652664,2,34900,87,0,Cluster 0 (com=0.50),0.22998008512412962
652672,2,34900,262,0,Cluster 0 (com=0.50),0.27966678643748544
652684,2,34900,1320,0,Cluster 0 (com=0.50),0.5153620349929415
652711,2,34900,361,1,Cluster 1 (com=0.69),0.19803081984461113
652753,2,34900,1081,0,Cluster 0 (com=0.50),0.44085155687050614
652769,2,34900,51,1,Cluster 1 (com=0.69),0.4665347275205148
652788,2,34900,507,0,Cluster 0 (com=0.50),0.33595582159976006
652801,2,34900,464,0,Cluster 0 (com=0.50),0.5737752460400521
652832,2,34900,132,1,Cluster 1 (com=0.69),0.42927123098367215
652887,2,34900,290,0,Cluster 0 (com=0.50),0.4757328664345719
652890,2,34900,113,1,Cluster 1 (com=0.69),0.09296966271583122
652898,2,34900,666,0,Cluster 0 (com=0.50),0.4393733678788245
652994,2,34900,79,1,Cluster 1 (com=0.69),0.22633470310848336
653045,2,34900,765,0,Cluster 0 (com=0.50),0.5134840614608237
653115,2,34900,35,1,Cluster 1 (com=0.69),0.5115187412339521
653144,2,34900,189,0,Cluster 0 (com=0.50),0.051421300089737845
653297,2,34900,321,0,Cluster 0 (com=0.50),0.05790349582573734
653301,2,34900,459,0,Cluster 0 (com=0.50),0.585355110189514
653356,2,34900,226,1,Cluster 1 (com=0.69),0.06447777422633517
653372,2,34900,44,1,Cluster 1 (com=0.69),0.13535810572457202
653381,2,34900,397,0,Cluster 0 (com=0.50),0.484824629688058
653417,2,34900,96,1,Cluster 1 (com=0.69),0.5089439645752517
653536,2,34900,251,0,Cluster 0 (com=0.50),0.5554015812390306
653558,2,34900,575,0,Cluster 0 (com=0.50),0.5196333790231581
653567,2,34900,375,0,Cluster 0 (com=0.50),0.5857615030335074
653595,2,34900,439,0,Cluster 0 (com=0.50),0.24435515613114225
653653,2,34900,149,1,Cluster 1 (com=0.69),0.07980418555789368
653659,2,34900,55,1,Cluster 1 (com=0.69),0.4665347275205148
653773,2,34900,520,0,Cluster 0 (com=0.50),0.5310495899768468
653797,2,34900,458,0,Cluster 0 (com=0.50),0.46342704963549497
653841,2,34900,388,0,Cluster 0 (com=0.50),0.0881077752798224
653857,2,34900,266,0,Cluster 0 (com=0.50),0.1714570664040826
654045,2,34900,325,1,Cluster 1 (com=0.69),0.5160583453906714
654048,2,34900,276,0,Cluster 0 (com=0.50),0.479167941657311
654094,2,34900,125,0,Cluster 0 (com=0.50),0.47630706402669815
654114,2,34900,536,0,Cluster 0 (com=0.50),0.39985492421354646
654169,2,34900,408,0,Cluster 0 (com=0.50),0.2433964954317443
654217,2,34900,271,0,Cluster 0 (com=0.50),0.5651945519632796
654228,2,34900,79,0,Cluster 0 (com=0.50),0.26776163212637755
654236,2,34900,251,0,Cluster 0 (com=0.50),0.1060450911826789
654260,2,34900,183,0,Cluster 0 (com=0.50),0.24692083806257836
654339,2,34900,130,0,Cluster 0 (com=0.50),0.5765114925762003
654441,2,34900,894,0,Cluster 0 (com=0.50),0.40620985422660044
654563,2,34900,332,0,Cluster 0 (com=0.50),0.319888201962343
654565,2,34900,79,1,Cluster 1 (com=0.69),0.3566115939670918
654578,2,34900,373,0,Cluster 0 (com=0.50),0.3752445748363795
654597,2,34900,421,0,Cluster 0 (com=0.50),0.26992818970971183
654692,2,34900,402,0,Cluster 0 (com=0.50),0.2961443406336106
654819,2,34900,1674,0,Cluster 0 (com=0.50),0.5664760961072567
654824,2,34900,801,0,Cluster 0 (com=0.50),0.5688448979065907
654834,2,34900,673,0,Cluster 0 (com=0.50),0.4808620498804859
654852,2,34900,481,0,Cluster 0 (com=0.50),0.5560828385531043
654867,2,34900,520,0,Cluster 0 (com=0.50),0.26770509067657683
654947,2,34900,425,1,Cluster 1 (com=0.69),0.5092392796450942
655028,2,34900,249,0,Cluster 0 (com=0.50),0.2983482760083927
655115,2,34900,616,0,Cluster 0 (com=0.50),0.2954379067852756
655124,2,34900,17,1,Cluster 1 (com=0.69),0.5008967914484921
655127,2,34900,528,0,Cluster 0 (com=0.50),0.5237748867688466
655353,2,34900,870,0,Cluster 0 (com=0.50),0.59693394656038
655386,2,34900,766,0,Cluster 0 (com=0.50),0.2740317706734842
655412,2,34900,234,0,Cluster 0 (com=0.50),0.05824932419933939
655416,2,34900,86,0,Cluster 0 (com=0.50),0.2499863463042191
655445,2,34900,402,0,Cluster 0 (com=0.50),0.4099025106521103
655569,2,34900,201,0,Cluster 0 (com=0.50),0.15582332835711013
655796,2,34900,205,0,Cluster 0 (com=0.50),0.1538302808818884
655927,2,34900,146,1,Cluster 1 (com=0.69),0.4790969096586785
655981,2,34900,151,0,Cluster 0 (com=0.50),0.11544320144379416
656065,2,34900,429,0,Cluster 0 (com=0.50),0.5900071911217551
656086,2,34900,468,0,Cluster 0 (com=0.50),0.5301498602759409
656092,2,34900,427,0,Cluster 0 (com=0.50),0.44237779742211536
656131,2,34900,308,0,Cluster 0 (com=0.50),0.15463531112734535
656145,2,34900,20,1,Cluster 1 (com=0.69),0.4593496632670221
656158,2,34900,719,0,Cluster 0 (com=0.50),0.5085738323593886
656159,2,34900,325,0,Cluster 0 (com=0.50),0.1647622428492014
656165,2,34900,288,0,Cluster 0 (com=0.50),0.2052082890881352
656234,2,34900,499,0,Cluster 0 (com=0.50),0.5385109432172016
656323,2,34900,486,0,Cluster 0 (com=0.50),0.47605021591908175
656353,2,34900,564,0,Cluster 0 (com=0.50),0.5930814828858936
656360,2,34900,422,0,Cluster 0 (com=0.50),0.03300038785464471
656414,2,34900,346,0,Cluster 0 (com=0.50),0.43744911422752736
656436,2,34900,186,0,Cluster 0 (com=0.50),0.30278038390387196
656529,2,34900,829,0,Cluster 0 (com=0.50),0.5309122063151767
656579,2,34900,356,0,Cluster 0 (com=0.50),0.5695519326961963
656607,2,34900,274,0,Cluster 0 (com=0.50),0.3262369292119337
656651,2,34900,156,0,Cluster 0 (com=0.50),0.42573864179758497
656734,2,34900,881,0,Cluster 0 (com=0.50),0.5833720285536428
656791,2,34900,1190,0,Cluster 0 (com=0.50),0.5661294797426549
656800,2,34900,189,1,Cluster 1 (com=0.69),0.4541242458441065
656882,2,34900,1001,0,Cluster 0 (com=0.50),0.5551809303585116
656988,2,34900,367,0,Cluster 0 (com=0.50),0.4798275068443495
656996,2,34900,311,0,Cluster 0 (com=0.50),0.3017664794252501
657048,2,34900,263,0,Cluster 0 (com=0.50),0.3751151000289556
657220,2,34900,220,0,Cluster 0 (com=0.50),0.3243482657839642
657330,2,34900,470,0,Cluster 0 (com=0.50),0.4872815080760104
657344,2,34900,574,0,Cluster 0 (com=0.50),0.5156521917517551
674222,2,34900,412,0,Cluster 0 (com=0.50),0.5234085546049043
674226,2,34900,442,0,Cluster 0 (com=0.50),0.28325129614486844
674236,2,34900,143,0,Cluster 0 (com=0.50),0.5028983791879948
674262,2,34900,737,0,Cluster 0 (com=0.50),0.5228520470219143
674320,2,34900,306,0,Cluster 0 (com=0.50),0.5626252567323106
674387,2,34900,680,0,Cluster 0 (com=0.50),0.428231811528824
674406,2,34900,223,0,Cluster 0 (com=0.50),0.16797531719503028
674451,2,34900,235,0,Cluster 0 (com=0.50),0.5400000355952176
674478,2,34900,336,1,Cluster 1 (com=0.69),0.4782515577024844
674484,2,34900,519,0,Cluster 0 (com=0.50),0.09199882671780056
674497,2,34900,321,0,Cluster 0 (com=0.50),0.29346735455631434
674509,2,34900,1357,0,Cluster 0 (com=0.50),0.5519101693853878
674584,2,34900,382,1,Cluster 1 (com=0.69),0.006861489094222549
674594,2,34900,296,0,Cluster 0 (com=0.50),0.5334763740610333
674644,2,34900,423,0,Cluster 0 (com=0.50),0.4207108101400818
674657,2,34900,511,0,Cluster 0 (com=0.50),0.4189741053368458
674671,2,34900,455,0,Cluster 0 (com=0.50),0.46575840922866213
674691,2,34900,733,0,Cluster 0 (com=0.50),0.24608747383820015
674694,2,34900,369,0,Cluster 0 (com=0.50),0.40315312458160396
674699,2,34900,432,0,Cluster 0 (com=0.50),0.41907222722948423
674751,2,34900,291,1,Cluster 1 (com=0.69),0.172824527790944
674831,2,34900,342,0,Cluster 0 (com=0.50),0.5717244982405649
674870,2,34900,951,0,Cluster 0 (com=0.50),0.46148760131795413
674921,2,34900,673,0,Cluster 0 (com=0.50),0.3613360614207927
675021,2,34900,546,0,Cluster 0 (com=0.50),0.5630804093973911
675054,2,34900,216,0,Cluster 0 (com=0.50),0.37886213155255505
675193,2,34900,232,0,Cluster 0 (com=0.50),0.5155502005465644
675225,2,34900,409,0,Cluster 0 (com=0.50),0.43729098358983126
675233,2,34900,470,0,Cluster 0 (com=0.50),0.4265886012867202
675261,2,34900,201,1,Cluster 1 (com=0.69),0.4837445435055039
675273,2,34900,89,0,Cluster 0 (com=0.50),0.09926064561309472
675279,2,34900,1639,0,Cluster 0 (com=0.50),0.5651829706106106
675315,2,34900,572,1,Cluster 1 (com=0.69),0.31832586161873383
675328,2,34900,337,0,Cluster 0 (com=0.50),0.5207902830839108
675474,2,34900,75,1,Cluster 1 (com=0.69),0.15906848443609348
675566,2,34900,284,0,Cluster 0 (com=0.50),0.190854914612874
675577,2,34900,278,0,Cluster 0 (com=0.50),0.45844087833126196
675636,2,34900,471,0,Cluster 0 (com=0.50),0.2802465279778123
675710,2,34900,498,0,Cluster 0 (com=0.50),0.5872360009840756
675989,2,34900,684,0,Cluster 0 (com=0.50),0.550176068045201
676007,2,34900,228,0,Cluster 0 (com=0.50),0.5152385600901139
676040,2,34900,285,0,Cluster 0 (com=0.50),0.4720600241095908
676064,2,34900,528,0,Cluster 0 (com=0.50),0.5554555333692118
676103,2,34900,341,0,Cluster 0 (com=0.50),0.11003101867324766
676139,2,34900,368,0,Cluster 0 (com=0.50),0.5387157266436388
676190,2,34900,534,0,Cluster 0 (com=0.50),0.16146713220350772
676265,2,34900,316,0,Cluster 0 (com=0.50),0.47067523501704006
676303,2,34900,92,1,Cluster 1 (com=0.69),0.4093924882976657
676378,2,34900,336,0,Cluster 0 (com=0.50),0.2597120715952461
676444,2,34900,1107,0,Cluster 0 (com=0.50),0.46461000292642546
676458,2,34900,417,0,Cluster 0 (com=0.50),0.258912333931772
676459,2,34900,389,0,Cluster 0 (com=0.50),0.5195960421472083
676478,2,34900,350,0,Cluster 0 (com=0.50),0.5527051735389132
676492,2,34900,822,0,Cluster 0 (com=0.50),0.41657776606087266
676610,2,34900,913,0,Cluster 0 (com=0.50),0.5557830496900036
676626,2,34900,618,0,Cluster 0 (com=0.50),0.48701788531978474
676866,2,34900,812,0,Cluster 0 (com=0.50),0.3601562825169348
676882,2,34900,352,0,Cluster 0 (com=0.50),0.5218998237062169
677085,2,34900,301,0,Cluster 0 (com=0.50),0.316326064953986
677111,2,34900,616,0,Cluster 0 (com=0.50),0.3281151481357257
677138,2,34900,520,0,Cluster 0 (com=0.50),0.3915547726240872
677155,2,34900,602,0,Cluster 0 (com=0.50),0.18662455965516608
677167,2,34900,231,0,Cluster 0 (com=0.50),0.4781326274886986
677206,2,34900,272,0,Cluster 0 (com=0.50),0.5505405248725233
677221,2,34900,617,0,Cluster 0 (com=0.50),0.5753700497840584
677235,2,34900,34,0,Cluster 0 (com=0.50),0.5732402444369687
677382,2,34900,666,0,Cluster 0 (com=0.50),0.11103999738998471
677400,2,34900,558,0,Cluster 0 (com=0.50),0.524533713004715
677436,2,34900,430,0,Cluster 0 (com=0.50),0.5530418613209171
677456,2,34900,703,0,Cluster 0 (com=0.50),0.4014773714684711
677486,2,34900,352,0,Cluster 0 (com=0.50),0.4288270089761013
677546,2,34900,199,0,Cluster 0 (com=0.50),0.230694950470126
677582,2,34900,490,0,Cluster 0 (com=0.50),0.43043183403437474
677655,2,34900,681,0,Cluster 0 (com=0.50),0.567950724621349
677687,2,34900,104,0,Cluster 0 (com=0.50),0.13689183289473278
677748,2,34900,363,0,Cluster 0 (com=0.50),0.48934784907232615
677767,2,34900,299,0,Cluster 0 (com=0.50),0.20525067606997194
677833,2,34900,702,0,Cluster 0 (com=0.50),0.20079858066673717
677867,2,34900,1039,0,Cluster 0 (com=0.50),0.5652433426858134
678088,2,34900,1662,0,Cluster 0 (com=0.50),0.5838603327717861
678203,2,34900,179,1,Cluster 1 (com=0.69),0.3923018159952601
678235,2,34900,1190,0,Cluster 0 (com=0.50),0.5706362013441103
678270,2,34900,35,0,Cluster 0 (com=0.50),0.4597285038927789
678381,2,34900,276,0,Cluster 0 (com=0.50),0.48346540819030637
678407,2,34900,669,0,Cluster 0 (com=0.50),0.59270842708898
678452,2,34900,92,0,Cluster 0 (com=0.50),0.35868818454705576
678528,2,34900,650,0,Cluster 0 (com=0.50),0.5615525643079481
678619,2,34900,204,0,Cluster 0 (com=0.50),0.5255101652055527
678628,2,34900,216,0,Cluster 0 (com=0.50),0.4867538396060254
678659,2,34900,225,0,Cluster 0 (com=0.50),0.5366487474519683
678819,2,34900,448,0,Cluster 0 (com=0.50),0.5744599737846027
678831,2,34900,46,1,Cluster 1 (com=0.69),0.2471361421229832
678859,2,34900,585,0,Cluster 0 (com=0.50),0.5695052461274794
678877,2,34900,352,0,Cluster 0 (com=0.50),0.5277308259784256
678946,2,34900,701,0,Cluster 0 (com=0.50),0.5724898409636352
678954,2,34900,591,0,Cluster 0 (com=0.50),0.4474983651879141
679019,2,34900,120,0,Cluster 0 (com=0.50),0.06145749769327093
679036,2,34900,2804,0,Cluster 0 (com=0.50),0.5028067626669185
679111,2,34900,317,0,Cluster 0 (com=0.50),0.23138335671129326
679189,2,34900,715,0,Cluster 0 (com=0.50),0.3984639168860578
679227,2,34900,576,0,Cluster 0 (com=0.50),0.5097170730429873
679237,2,34900,592,1,Cluster 1 (com=0.69),0.3701304214033786
679251,2,34900,119,1,Cluster 1 (com=0.69),-0.0031112576689970198
679262,2,34900,197,0,Cluster 0 (com=0.50),0.12697536223529068
679278,2,34900,224,0,Cluster 0 (com=0.50),0.2069829593114069
679342,2,34900,453,0,Cluster 0 (com=0.50),0.40399873633582706
679384,2,34900,494,0,Cluster 0 (com=0.50),0.4803652469729997
679386,2,34900,133,1,Cluster 1 (com=0.69),0.4326683869994387
679402,2,34900,238,0,Cluster 0 (com=0.50),0.5114141085115518
679445,2,34900,337,0,Cluster 0 (com=0.50),0.24465845284297563
679448,2,34900,741,0,Cluster 0 (com=0.50),0.41980965528495034
679498,2,34900,186,0,Cluster 0 (com=0.50),0.4019405430105276
679509,2,34900,203,0,Cluster 0 (com=0.50),0.46061902069066113
679594,2,34900,839,0,Cluster 0 (com=0.50),0.576348486167518
679676,2,34900,900,0,Cluster 0 (com=0.50),0.5773134964177726
679788,2,34900,129,0,Cluster 0 (com=0.50),0.5486887900729623
679790,2,34900,505,0,Cluster 0 (com=0.50),0.11702917335627666
679939,2,34900,152,0,Cluster 0 (com=0.50),0.2661927117860919
680014,2,34900,594,0,Cluster 0 (com=0.50),0.5857737518569291
680018,2,34900,247,0,Cluster 0 (com=0.50),0.5121297518661779
680027,2,34900,1299,0,Cluster 0 (com=0.50),0.5483041525155059
680080,2,34900,830,0,Cluster 0 (com=0.50),0.48556583552594373
680145,2,34900,71,1,Cluster 1 (com=0.69),0.3438423746785739
680212,2,34900,465,1,Cluster 1 (com=0.69),0.18114572131869947
680231,2,34900,225,0,Cluster 0 (com=0.50),0.2666954772684936
680266,2,34900,488,0,Cluster 0 (com=0.50),0.3504350742686704
680270,2,34900,607,0,Cluster 0 (com=0.50),0.4714371187384612
680273,2,34900,898,0,Cluster 0 (com=0.50),0.506056827705096
680322,2,34900,468,0,Cluster 0 (com=0.50),0.5522420634853921
680343,2,34900,799,0,Cluster 0 (com=0.50),0.378410411014307
680348,2,34900,447,0,Cluster 0 (com=0.50),0.4821569569668476
680443,2,34900,855,0,Cluster 0 (com=0.50),0.4319167382908603
680464,2,34900,312,0,Cluster 0 (com=0.50),0.5653267355040298
680506,2,34900,71,1,Cluster 1 (com=0.69),0.3551250183401428
680572,2,34900,1448,0,Cluster 0 (com=0.50),0.576921805791736
680708,2,34900,234,1,Cluster 1 (com=0.69),0.06890409420507008
680713,2,34900,573,0,Cluster 0 (com=0.50),0.4716302585284849
680747,2,34900,351,0,Cluster 0 (com=0.50),0.5681052445097315
680775,2,34900,128,1,Cluster 1 (com=0.69),0.01713496586398371
680810,2,34900,1252,0,Cluster 0 (com=0.50),0.45703908126298265
680872,2,34900,135,0,Cluster 0 (com=0.50),0.23632490371205742
680912,2,34900,301,0,Cluster 0 (com=0.50),0.5319307288214447
680955,2,34900,624,0,Cluster 0 (com=0.50),0.39747819316769945
680974,2,34900,172,0,Cluster 0 (com=0.50),0.21272462500191666
681004,2,34900,476,0,Cluster 0 (com=0.50),0.16037187092616467
681152,2,34900,317,0,Cluster 0 (com=0.50),0.2887239289778691
681235,2,34900,282,0,Cluster 0 (com=0.50),0.06125068011278972
681277,2,34900,55,1,Cluster 1 (com=0.69),0.5207603959789161
681328,2,34900,581,0,Cluster 0 (com=0.50),0.46330085590210907
681341,2,34900,96,1,Cluster 1 (com=0.69),0.02272393642381376
681352,2,34900,336,0,Cluster 0 (com=0.50),0.18952989341490453
681354,2,34900,100,1,Cluster 1 (com=0.69),0.25920022415567057
681452,2,34900,39,1,Cluster 1 (com=0.69),0.4899582602639401
681490,2,34900,730,0,Cluster 0 (com=0.50),0.33680267615370973
681608,2,34900,106,1,Cluster 1 (com=0.69),0.028731374606338244
681633,2,34900,464,0,Cluster 0 (com=0.50),0.15619810796976796
681652,2,34900,373,0,Cluster 0 (com=0.50),0.4608875442718667
681655,2,34900,376,0,Cluster 0 (com=0.50),0.3583893480328905
681658,2,34900,415,0,Cluster 0 (com=0.50),0.5513512514931946
681735,2,34900,152,0,Cluster 0 (com=0.50),0.47535547148712715
681755,2,34900,201,0,Cluster 0 (com=0.50),0.556641951244977
681763,2,34900,836,0,Cluster 0 (com=0.50),0.26379436665996614
681938,2,34900,254,0,Cluster 0 (com=0.50),0.4259561538729966
681973,2,34900,194,1,Cluster 1 (com=0.69),0.29185461917093625
682019,2,34900,226,1,Cluster 1 (com=0.69),0.16952200125468264
682025,2,34900,106,0,Cluster 0 (com=0.50),0.06705931122541933
682070,2,34900,509,0,Cluster 0 (com=0.50),0.5742961882777906
682276,2,34900,372,0,Cluster 0 (com=0.50),0.5369323351116044
682298,2,34900,411,0,Cluster 0 (com=0.50),0.49632730520534013
682358,2,34900,359,0,Cluster 0 (com=0.50),0.1664092426677733
682390,2,34900,80,1,Cluster 1 (com=0.69),0.06735462328037994
682391,2,34900,248,0,Cluster 0 (com=0.50),0.46329009044933034
682436,2,34900,451,0,Cluster 0 (com=0.50),0.2960116425326889
682437,2,34900,918,0,Cluster 0 (com=0.50),0.5886350328149795
682504,2,34900,145,0,Cluster 0 (com=0.50),0.21984712911756318
682511,2,34900,297,0,Cluster 0 (com=0.50),0.1853712103914993
682539,2,34900,644,0,Cluster 0 (com=0.50),0.2903557936952991
682569,2,34900,819,0,Cluster 0 (com=0.50),0.42723957525061845
682588,2,34900,632,0,Cluster 0 (com=0.50),0.5716085272827652
682613,2,34900,871,0,Cluster 0 (com=0.50),0.483123189532759
682632,2,34900,865,0,Cluster 0 (com=0.50),0.48496917812789225
682695,2,34900,348,0,Cluster 0 (com=0.50),0.5729361605773997
682753,2,34900,521,0,Cluster 0 (com=0.50),0.5703664227339409
682839,2,34900,846,0,Cluster 0 (com=0.50),0.38184176240982654
682863,2,34900,217,0,Cluster 0 (com=0.50),0.3312327581507266
682894,2,34900,555,0,Cluster 0 (com=0.50),0.50952389757595
682963,2,34900,324,0,Cluster 0 (com=0.50),0.37967195929296815
682981,2,34900,548,0,Cluster 0 (com=0.50),0.08159869944130121
682983,2,34900,293,0,Cluster 0 (com=0.50),0.46558395805189967
682985,2,34900,240,1,Cluster 1 (com=0.69),0.0421640483533906
682990,2,34900,758,0,Cluster 0 (com=0.50),0.45223475728349405
683033,2,34900,707,0,Cluster 0 (com=0.50),0.396246828030739
683094,2,34900,98,0,Cluster 0 (com=0.50),0.5682146287721938
683177,2,34900,410,1,Cluster 1 (com=0.69),0.316755870611267
683178,2,34900,487,0,Cluster 0 (com=0.50),0.17744461982147125
683243,2,34900,179,0,Cluster 0 (com=0.50),0.2226772328314801
683305,2,34900,95,0,Cluster 0 (com=0.50),0.34393283763460736
683346,2,34900,583,0,Cluster 0 (com=0.50),0.4945916693949939
683352,2,34900,446,0,Cluster 0 (com=0.50),0.18840273845172745
683353,2,34900,455,1,Cluster 1 (com=0.69),0.14793826526802809
683375,2,34900,326,0,Cluster 0 (com=0.50),0.4727615029322417
683403,2,34900,775,0,Cluster 0 (com=0.50),0.5064755998641485
683446,2,34900,214,0,Cluster 0 (com=0.50),0.406191667299987
683467,2,34900,86,1,Cluster 1 (com=0.69),0.42722803220515115
683530,2,34900,1446,0,Cluster 0 (com=0.50),0.5488671012204306
683550,2,34900,74,1,Cluster 1 (com=0.69),0.37288764260757495
683555,2,34900,102,1,Cluster 1 (com=0.69),0.06318920396393227
683604,2,34900,682,0,Cluster 0 (com=0.50),0.5741272312062082
683624,2,34900,1374,0,Cluster 0 (com=0.50),0.4964200710258615
683699,2,34900,127,0,Cluster 0 (com=0.50),0.4162886935641565
683745,2,34900,386,0,Cluster 0 (com=0.50),0.46484928234657313
683764,2,34900,197,0,Cluster 0 (com=0.50),0.1329107650994629
683772,2,34900,431,1,Cluster 1 (com=0.69),0.20376893363610796
683820,2,34900,327,0,Cluster 0 (com=0.50),0.569244322937018
683832,2,34900,239,0,Cluster 0 (com=0.50),0.2902627906566514
683902,2,34900,105,0,Cluster 0 (com=0.50),0.5416884574567319
683934,2,34900,600,0,Cluster 0 (com=0.50),0.2743678695513827
684013,2,34900,509,0,Cluster 0 (com=0.50),0.5226446965175289
684040,2,34900,473,0,Cluster 0 (com=0.50),0.4787240419975169
684183,2,34900,524,0,Cluster 0 (com=0.50),0.5007807006666893
684311,2,34900,228,0,Cluster 0 (com=0.50),0.4716197150210496
684383,2,34900,518,0,Cluster 0 (com=0.50),0.29818120667990927
684386,2,34900,624,0,Cluster 0 (com=0.50),0.5447078280368977
684526,2,34900,540,0,Cluster 0 (com=0.50),0.4820264381684628
684592,2,34900,290,0,Cluster 0 (com=0.50),0.5022533384668585
684671,2,34900,556,0,Cluster 0 (com=0.50),0.555451447854378
684675,2,34900,127,0,Cluster 0 (com=0.50),0.29514749047329814
684882,2,34900,1889,0,Cluster 0 (com=0.50),0.4916531437943269
684981,2,34900,1184,0,Cluster 0 (com=0.50),0.4770802777304348
685004,2,34900,222,1,Cluster 1 (com=0.69),-0.01716015898455975
685105,2,34900,56,1,Cluster 1 (com=0.69),0.4190474867792722
685128,2,34900,310,0,Cluster 0 (com=0.50),0.5306966132023048
685140,2,34900,224,0,Cluster 0 (com=0.50),0.21369850563561996
685155,2,34900,414,0,Cluster 0 (com=0.50),0.30971516963998685
685212,2,34900,678,0,Cluster 0 (com=0.50),0.46096954961798015
685276,2,34900,482,0,Cluster 0 (com=0.50),0.10063405454946472
685283,2,34900,97,1,Cluster 1 (com=0.69),0.5134226976987065
685330,2,34900,1366,0,Cluster 0 (com=0.50),0.4270443401525166
685339,2,34900,258,0,Cluster 0 (com=0.50),0.4230369207556289
685367,2,34900,416,1,Cluster 1 (com=0.69),0.36677672771965886
685373,2,34900,537,0,Cluster 0 (com=0.50),0.5073993135434853
685378,2,34900,45,0,Cluster 0 (com=0.50),0.33441901951582065
685410,2,34900,811,0,Cluster 0 (com=0.50),0.3601413049067406
685619,2,34900,127,1,Cluster 1 (com=0.69),0.428143832366972
685657,2,34900,161,0,Cluster 0 (com=0.50),0.2101516767120203
685705,2,34900,452,0,Cluster 0 (com=0.50),0.22389353003957932
685708,2,34900,197,0,Cluster 0 (com=0.50),0.2524028428890416
685772,2,34900,535,0,Cluster 0 (com=0.50),0.4711563470719558
685831,2,34900,310,0,Cluster 0 (com=0.50),0.10060158669281828
685860,2,34900,441,0,Cluster 0 (com=0.50),0.3395891707850498
686065,2,34900,576,0,Cluster 0 (com=0.50),0.5200180833218311
686314,2,34900,123,0,Cluster 0 (com=0.50),0.2683276943402508
686317,2,34900,168,1,Cluster 1 (com=0.69),0.2621054657141734
686344,2,34900,542,0,Cluster 0 (com=0.50),0.5270088903460451
686348,2,34900,940,0,Cluster 0 (com=0.50),0.4687691424161712
686498,2,34900,404,0,Cluster 0 (com=0.50),0.5450558850828175
686522,2,34900,345,0,Cluster 0 (com=0.50),0.5553413423248993
686558,2,34900,137,1,Cluster 1 (com=0.69),-0.009419535629710566
686700,2,34900,72,1,Cluster 1 (com=0.69),0.4665347275205148
686705,2,34900,227,0,Cluster 0 (com=0.50),0.48749935983211884
686786,2,34900,189,0,Cluster 0 (com=0.50),0.5456025965299217
686946,2,34900,131,1,Cluster 1 (com=0.69),0.5026686364985212
687033,2,34900,150,1,Cluster 1 (com=0.69),0.2929416707729757
687073,2,34900,307,0,Cluster 0 (com=0.50),0.5252891063683653
687112,2,34900,548,1,Cluster 1 (com=0.69),0.06515286940763576
687115,2,34900,119,1,Cluster 1 (com=0.69),0.2689031824471099
687288,2,34900,398,0,Cluster 0 (com=0.50),0.2456098979388672
687304,2,34900,281,0,Cluster 0 (com=0.50),0.3599171517245594
687341,2,34900,231,0,Cluster 0 (com=0.50),0.5610014791464011
687345,2,34900,126,0,Cluster 0 (com=0.50),0.316578301259167
687351,2,34900,471,1,Cluster 1 (com=0.69),0.2552465454208764
687410,2,34900,288,0,Cluster 0 (com=0.50),0.44326745244004123
687434,2,34900,1210,0,Cluster 0 (com=0.50),0.29146117673260974
687468,2,34900,411,0,Cluster 0 (com=0.50),0.523195033417277
687485,2,34900,598,0,Cluster 0 (com=0.50),0.42159459973217467
687503,2,34900,655,0,Cluster 0 (com=0.50),0.27500718703029575
687510,2,34900,50,0,Cluster 0 (com=0.50),0.23241988962130328
687511,2,34900,146,1,Cluster 1 (com=0.69),0.33311918558520937
687525,2,34900,227,0,Cluster 0 (com=0.50),0.43791864993038654
687686,2,34900,251,0,Cluster 0 (com=0.50),0.3192204801706165
687752,2,34900,79,1,Cluster 1 (com=0.69),0.18509706489199207
687846,2,34900,154,1,Cluster 1 (com=0.69),0.3274578062567075
687910,2,34900,460,0,Cluster 0 (com=0.50),0.10298148454597698
687930,2,34900,857,0,Cluster 0 (com=0.50),0.5591808740604017
687931,2,34900,484,0,Cluster 0 (com=0.50),0.5888571575537491
687988,2,34900,380,0,Cluster 0 (com=0.50),0.5021448036486612
688008,2,34900,371,0,Cluster 0 (com=0.50),0.22501607233219653
688127,2,34900,567,0,Cluster 0 (com=0.50),0.2746414889199229
688136,2,34900,979,0,Cluster 0 (com=0.50),0.5922525942679584
688159,2,34900,495,0,Cluster 0 (com=0.50),0.551312662089747
688192,2,34900,391,0,Cluster 0 (com=0.50),0.5676178580697432
688225,2,34900,543,0,Cluster 0 (com=0.50),0.4603157973375944
688250,2,34900,42,1,Cluster 1 (com=0.69),0.38604186300396826
688265,2,34900,315,0,Cluster 0 (com=0.50),0.45345005249596804
688337,2,34900,318,0,Cluster 0 (com=0.50),0.3339246116487237
688470,2,34900,105,1,Cluster 1 (com=0.69),0.20299234129509772
688543,2,34900,638,0,Cluster 0 (com=0.50),0.5288511948063329
688667,2,34900,782,0,Cluster 0 (com=0.50),0.43921466839606027
688685,2,34900,351,0,Cluster 0 (com=0.50),0.5460942716674262
688727,2,34900,1174,0,Cluster 0 (com=0.50),0.569682882499397
688881,2,34900,208,0,Cluster 0 (com=0.50),0.04146363183952615
688891,2,34900,70,0,Cluster 0 (com=0.50),0.3631339968097414
688895,2,34900,776,0,Cluster 0 (com=0.50),0.22607746643761506
688904,2,34900,765,0,Cluster 0 (com=0.50),0.20750671458222733
688976,2,34900,245,1,Cluster 1 (com=0.69),-0.00343546362071432
689005,2,34900,115,0,Cluster 0 (com=0.50),0.2086383892624905
689052,2,34900,40,1,Cluster 1 (com=0.69),0.5002378669845077
689056,2,34900,239,0,Cluster 0 (com=0.50),0.4994665649009589
689260,2,34900,235,0,Cluster 0 (com=0.50),0.5357524978840335
689280,2,34900,649,0,Cluster 0 (com=0.50),0.4120831534038902
689347,2,34900,221,0,Cluster 0 (com=0.50),0.25102884123166064
689444,2,34900,557,0,Cluster 0 (com=0.50),0.5985259127497724
689796,2,34900,878,0,Cluster 0 (com=0.50),0.3235027125717927
689832,2,34900,234,0,Cluster 0 (com=0.50),0.38197362139442187
689855,2,34900,316,0,Cluster 0 (com=0.50),0.5267042893782466
689924,2,34900,485,1,Cluster 1 (com=0.69),0.337809811065172
690075,2,34900,250,0,Cluster 0 (com=0.50),0.3790318015267447
690198,2,34900,516,0,Cluster 0 (com=0.50),0.3007252253964178
690296,2,34900,238,0,Cluster 0 (com=0.50),0.27929762537536645
690382,2,34900,310,0,Cluster 0 (com=0.50),0.18739848035463078
690628,2,34900,416,0,Cluster 0 (com=0.50),0.44504934466465834
690635,2,34900,126,1,Cluster 1 (com=0.69),0.09138833249951005
690746,2,34900,957,0,Cluster 0 (com=0.50),0.46629410954175976
690832,2,34900,1191,0,Cluster 0 (com=0.50),0.5555037250655901
690872,2,34900,351,1,Cluster 1 (com=0.69),0.13841926229099005
690962,2,34900,95,0,Cluster 0 (com=0.50),0.3657790299296023
691269,2,34900,382,0,Cluster 0 (com=0.50),0.36015302096225543
691280,2,34900,26,0,Cluster 0 (com=0.50),0.2518679718483356
691326,2,34900,1493,0,Cluster 0 (com=0.50),0.5787428430162186
691375,2,34900,269,0,Cluster 0 (com=0.50),0.569448351711166
691465,2,34900,334,0,Cluster 0 (com=0.50),0.5739038481490417
691699,2,34900,306,0,Cluster 0 (com=0.50),0.5551070564916013
691722,2,34900,773,0,Cluster 0 (com=0.50),0.5816061687542373
691873,2,34900,279,0,Cluster 0 (com=0.50),0.5717696075160797
691932,2,34900,555,0,Cluster 0 (com=0.50),0.5675016300581353
692010,2,34900,735,0,Cluster 0 (com=0.50),0.5778816890539782
692097,2,34900,415,0,Cluster 0 (com=0.50),0.5647389595755657
692220,2,34900,217,0,Cluster 0 (com=0.50),0.5520618566588454
692297,2,34900,45,1,Cluster 1 (com=0.69),0.3957912264124004
692301,2,34900,62,1,Cluster 1 (com=0.69),0.39128252697977073
692334,2,34900,474,0,Cluster 0 (com=0.50),0.5347842918150707
692454,2,34900,327,0,Cluster 0 (com=0.50),0.3660851756192562
692612,2,34900,780,0,Cluster 0 (com=0.50),0.5912492456059322
692632,2,34900,291,1,Cluster 1 (com=0.69),0.3417549317843931
692893,2,34900,102,1,Cluster 1 (com=0.69),-0.011018677372688511
692946,2,34900,40,0,Cluster 0 (com=0.50),0.09254740121698005
692962,2,34900,901,0,Cluster 0 (com=0.50),0.5253638121274298
692968,2,34900,236,0,Cluster 0 (com=0.50),0.3520945778480929
693160,2,34900,302,0,Cluster 0 (com=0.50),0.4949027263752474
693162,2,34900,794,0,Cluster 0 (com=0.50),0.5341682657852964
693197,2,34900,123,0,Cluster 0 (com=0.50),0.3882640782985771
693236,2,34900,448,0,Cluster 0 (com=0.50),0.14258858765514956
693345,2,34900,75,1,Cluster 1 (com=0.69),0.4665347275205148
693373,2,34900,522,0,Cluster 0 (com=0.50),0.4417268270656295
693497,2,34900,764,0,Cluster 0 (com=0.50),0.570192984493177
693519,2,34900,74,1,Cluster 1 (com=0.69),0.5084522342342271
693573,2,34900,219,1,Cluster 1 (com=0.69),0.18301833648164806
693628,2,34900,519,0,Cluster 0 (com=0.50),0.47606070070196366
693764,2,34900,45,0,Cluster 0 (com=0.50),0.32872829466839215
693806,2,34900,596,0,Cluster 0 (com=0.50),0.42302424978367836
693873,2,34900,272,0,Cluster 0 (com=0.50),0.40326107881014456
693903,2,34900,206,0,Cluster 0 (com=0.50),0.3600127388331738
693906,2,34900,248,0,Cluster 0 (com=0.50),0.4634193531260686
693907,2,34900,451,0,Cluster 0 (com=0.50),0.28000230176824276
694128,2,34900,534,0,Cluster 0 (com=0.50),0.5685005961555256
694144,2,34900,261,0,Cluster 0 (com=0.50),0.5613412163964243
694221,2,34900,139,0,Cluster 0 (com=0.50),0.34383131864759403
694284,2,34900,488,0,Cluster 0 (com=0.50),0.40244925987514024
694428,2,34900,116,0,Cluster 0 (com=0.50),0.3237894419559832
694456,2,34900,13,1,Cluster 1 (com=0.69),0.22575413009466017
694622,2,34900,611,0,Cluster 0 (com=0.50),0.5559771991221709
694716,2,34900,214,0,Cluster 0 (com=0.50),0.45870004986284896
694827,2,34900,297,1,Cluster 1 (com=0.69),0.03723169391921096
694836,2,34900,438,0,Cluster 0 (com=0.50),0.3545119199155028
694848,2,34900,603,0,Cluster 0 (com=0.50),0.5736139082022952
695090,2,34900,138,1,Cluster 1 (com=0.69),0.2883800932146426
695169,2,34900,366,0,Cluster 0 (com=0.50),0.24157833126752598
695250,2,34900,408,0,Cluster 0 (com=0.50),0.532101720861105
695471,2,34900,258,0,Cluster 0 (com=0.50),0.3841341207035054
695485,2,34900,387,0,Cluster 0 (com=0.50),0.41589858497437543
695550,2,34900,423,0,Cluster 0 (com=0.50),0.3912603236650011
695637,2,34900,650,0,Cluster 0 (com=0.50),0.5817490807359563
695700,2,34900,212,1,Cluster 1 (com=0.69),0.12958559540820053
695729,2,34900,1038,0,Cluster 0 (com=0.50),0.5754949503307559
695748,2,34900,435,0,Cluster 0 (com=0.50),0.31331782229113064
695803,2,34900,547,0,Cluster 0 (com=0.50),0.523166131279737
695825,2,34900,679,0,Cluster 0 (com=0.50),0.48448146505447537
695869,2,34900,540,0,Cluster 0 (com=0.50),0.5019921538261987
695926,2,34900,347,0,Cluster 0 (com=0.50),0.3365958869203377
696039,2,34900,244,0,Cluster 0 (com=0.50),0.17633578017946053
696043,2,34900,101,0,Cluster 0 (com=0.50),0.2569896808328997
696071,2,34900,367,0,Cluster 0 (com=0.50),0.45999946260436414
696082,2,34900,267,0,Cluster 0 (com=0.50),0.2516371948195575
696188,2,34900,49,1,Cluster 1 (com=0.69),0.49780271299155787
696275,2,34900,1319,0,Cluster 0 (com=0.50),0.5039194911343683
696318,2,34900,316,0,Cluster 0 (com=0.50),0.582109231728061
696329,2,34900,701,0,Cluster 0 (com=0.50),0.5469866624626344
696347,2,34900,695,0,Cluster 0 (com=0.50),0.3018493849405978
696364,2,34900,265,0,Cluster 0 (com=0.50),0.5750531242870747
696456,2,34900,80,1,Cluster 1 (com=0.69),0.09381484142435291
696583,2,34900,122,1,Cluster 1 (com=0.69),-0.0026237811466457714
696615,2,34900,99,1,Cluster 1 (com=0.69),0.43752040209457355
696653,2,34900,183,0,Cluster 0 (com=0.50),0.4881647119667386
696659,2,34900,525,1,Cluster 1 (com=0.69),0.06395702803624559
696662,2,34900,1178,0,Cluster 0 (com=0.50),0.30214478836959746
696666,2,34900,95,0,Cluster 0 (com=0.50),0.4875423503461125
696671,2,34900,260,0,Cluster 0 (com=0.50),0.464980049222546
696674,2,34900,88,0,Cluster 0 (com=0.50),0.3102662584872393
696678,2,34900,277,0,Cluster 0 (com=0.50),0.48689897044239366
696729,2,34900,439,0,Cluster 0 (com=0.50),0.5678784840279448
697027,2,34900,568,0,Cluster 0 (com=0.50),0.5260798258929147
697042,2,34900,721,0,Cluster 0 (com=0.50),0.12430927268271928
697114,2,34900,64,1,Cluster 1 (com=0.69),0.500352607808101
697255,2,34900,418,0,Cluster 0 (com=0.50),0.4604311872499435
697438,2,34900,453,0,Cluster 0 (com=0.50),0.556412312507441
697478,2,34900,242,0,Cluster 0 (com=0.50),0.5203446135634251
697878,2,34900,470,0,Cluster 0 (com=0.50),0.5081436849882791
697998,2,34900,215,1,Cluster 1 (com=0.69),0.10820314142020633
698015,2,34900,42,1,Cluster 1 (com=0.69),0.44454904709842885
698384,2,34900,972,0,Cluster 0 (com=0.50),0.5152607482002888
698485,2,34900,310,1,Cluster 1 (com=0.69),0.16343636523574215
698656,2,34900,372,0,Cluster 0 (com=0.50),0.5430065465937438
699126,2,34900,41,1,Cluster 1 (com=0.69),0.4665347275205148
699127,2,34900,116,1,Cluster 1 (com=0.69),0.5007207557666903
699128,2,34900,430,0,Cluster 0 (com=0.50),0.5505342154849786
836614,2,34900,553,0,Cluster 0 (com=0.50),0.34669211618960527
895524,2,34900,876,0,Cluster 0 (com=0.50),0.4914721728546014
1021350,2,34900,47,0,Cluster 0 (com=0.50),0.3007745071863173
1042726,2,34900,485,0,Cluster 0 (com=0.50),0.1528982535641209
1318759,2,34900,1055,0,Cluster 0 (com=0.50),0.5498971414390352
1348205,2,34900,974,0,Cluster 0 (com=0.50),0.5360539865178597
1391717,2,34900,320,0,Cluster 0 (com=0.50),0.5753053852058627
1409532,2,34900,433,0,Cluster 0 (com=0.50),0.23013123406991665
1413902,2,34900,653,1,Cluster 1 (com=0.69),0.03467950438590162
1448966,2,34900,99,1,Cluster 1 (com=0.69),0.49177205288312664
1450604,2,34900,412,1,Cluster 1 (com=0.69),0.21706590108474827
1473878,2,34900,438,0,Cluster 0 (com=0.50),0.5164599782270551
1477284,2,34900,401,0,Cluster 0 (com=0.50),0.5583770540790479
1501577,2,34900,269,0,Cluster 0 (com=0.50),0.33709011548827794
1514245,2,34900,181,0,Cluster 0 (com=0.50),0.09699801569912474
1532711,2,34900,168,1,Cluster 1 (com=0.69),0.3617263376982311
1585671,2,34900,458,0,Cluster 0 (com=0.50),0.3233183003221927
1603549,2,34900,258,1,Cluster 1 (com=0.69),0.2985182018464047
1631797,2,34900,417,0,Cluster 0 (com=0.50),0.04564507058282533
1639699,2,34900,481,0,Cluster 0 (com=0.50),0.535370217179846
1640680,2,34900,147,0,Cluster 0 (com=0.50),0.28133478942608703
1658963,2,34900,172,1,Cluster 1 (com=0.69),0.37067140487196265
1677677,2,34900,423,0,Cluster 0 (com=0.50),0.1976687480527341
1722493,2,34900,1116,0,Cluster 0 (com=0.50),0.49752598608360404
1733664,2,34900,967,0,Cluster 0 (com=0.50),0.46154704493115195
1752994,2,34900,477,0,Cluster 0 (com=0.50),0.42667922120906004
1755594,2,34900,424,0,Cluster 0 (com=0.50),0.475559039423796
1771775,2,34900,332,0,Cluster 0 (com=0.50),0.3228758473695017
1796402,2,34900,569,0,Cluster 0 (com=0.50),0.4841150558229651
1810759,2,34900,321,0,Cluster 0 (com=0.50),0.4163356256271221
1816458,2,34900,659,0,Cluster 0 (com=0.50),0.4828358728879686
1817710,2,34900,372,0,Cluster 0 (com=0.50),0.5668896393857333
1818385,2,34900,295,0,Cluster 0 (com=0.50),0.5928112309682094
1836241,2,34900,583,0,Cluster 0 (com=0.50),0.5554256550272335
1837138,2,34900,1848,0,Cluster 0 (com=0.50),0.47791628862271573
1856869,2,34900,203,0,Cluster 0 (com=0.50),0.18900937081849417
1871598,2,34900,3264,0,Cluster 0 (com=0.50),0.5333724215676677
1871684,2,34900,252,0,Cluster 0 (com=0.50),0.5555310144166015
1877902,2,34900,464,0,Cluster 0 (com=0.50),0.4937782354393442
1879321,2,34900,1164,0,Cluster 0 (com=0.50),0.5889160744265431
1881231,2,34900,146,0,Cluster 0 (com=0.50),0.5006355137288531
1887108,2,34900,715,0,Cluster 0 (com=0.50),0.5649654718449552
1889752,2,34900,1092,0,Cluster 0 (com=0.50),0.33162176782280667
1944167,2,34900,125,0,Cluster 0 (com=0.50),0.12191815191013793
1948159,2,34900,351,1,Cluster 1 (com=0.69),0.13083493152360934
1962049,2,34900,1126,0,Cluster 0 (com=0.50),0.5435594277337508
1962062,2,34900,302,0,Cluster 0 (com=0.50),0.30413617023223943
1972092,2,34900,1420,0,Cluster 0 (com=0.50),0.5526924616966962
1995177,2,34900,909,0,Cluster 0 (com=0.50),0.363090300698179
1998834,2,34900,101,0,Cluster 0 (com=0.50),0.15051852720068074
2017487,2,34900,671,0,Cluster 0 (com=0.50),0.5387295824716352
2020628,2,34900,3904,0,Cluster 0 (com=0.50),0.4331127305628984
2026075,2,34900,681,0,Cluster 0 (com=0.50),0.5489089969430586
2029571,2,34900,800,0,Cluster 0 (com=0.50),0.5809331321085193
2035700,2,34900,956,0,Cluster 0 (com=0.50),0.5395567014737107
2047575,2,34900,875,0,Cluster 0 (com=0.50),0.5265032912618905
2065972,2,34900,302,0,Cluster 0 (com=0.50),0.5273988842731959
2067799,2,34900,129,1,Cluster 1 (com=0.69),0.5171661972861044
2081123,2,34900,138,0,Cluster 0 (com=0.50),0.32966690014958344
2096251,2,34900,544,0,Cluster 0 (com=0.50),0.4080107172094173
2103552,2,34900,422,0,Cluster 0 (com=0.50),0.5679354521697608
2104819,2,34900,354,1,Cluster 1 (com=0.69),0.03735261877749747
2106955,2,34900,770,0,Cluster 0 (com=0.50),0.5049172450385645
2107747,2,34900,288,0,Cluster 0 (com=0.50),0.5504575379992841
2128283,2,34900,575,0,Cluster 0 (com=0.50),0.5101115386753148
2138970,2,34900,151,0,Cluster 0 (com=0.50),0.2087081039784692
2140300,2,34900,740,0,Cluster 0 (com=0.50),0.5202891493623537
2143312,2,34900,345,0,Cluster 0 (com=0.50),0.5193591307232472
2143440,2,34900,436,0,Cluster 0 (com=0.50),0.5457135837780652
2154361,2,34900,248,0,Cluster 0 (com=0.50),0.4628371536165775
2160316,2,34900,629,0,Cluster 0 (com=0.50),0.25143948207502076
2178837,2,34900,349,0,Cluster 0 (com=0.50),0.43434952137422034
2180090,2,34900,1079,0,Cluster 0 (com=0.50),0.5965692740673393
2185729,2,34900,484,0,Cluster 0 (com=0.50),0.49571509271712516
2197766,2,34900,663,0,Cluster 0 (com=0.50),0.37150920737584003
2198970,2,34900,289,1,Cluster 1 (com=0.69),0.5108844531024653
2254637,2,34900,270,1,Cluster 1 (com=0.69),0.05698117993869674
2256134,2,34900,694,0,Cluster 0 (com=0.50),0.4882846383508762
2272023,2,34900,137,1,Cluster 1 (com=0.69),0.20316931898008492
2274542,2,34900,685,0,Cluster 0 (com=0.50),0.5553847368554519
2278101,2,34900,265,1,Cluster 1 (com=0.69),0.20096230238830662
2282620,2,34900,1091,0,Cluster 0 (com=0.50),0.35592106611214336
2283708,2,34900,898,0,Cluster 0 (com=0.50),0.4221258319001731
2293511,2,34900,719,0,Cluster 0 (com=0.50),0.4743187250549809
2298106,2,34900,156,1,Cluster 1 (com=0.69),0.49420808413001494
2298895,2,34900,417,0,Cluster 0 (com=0.50),0.4872821260954639
2301830,2,34900,1163,0,Cluster 0 (com=0.50),0.5709304942634698
2306410,2,34900,391,0,Cluster 0 (com=0.50),0.49001819618121234
2316717,2,34900,609,0,Cluster 0 (com=0.50),0.375794907973844
2332934,2,34900,171,0,Cluster 0 (com=0.50),0.2443825985545815
2339267,2,34900,178,1,Cluster 1 (com=0.69),0.3302956831136836
2341420,2,34900,334,0,Cluster 0 (com=0.50),0.4814110886366674
2343785,2,34900,309,0,Cluster 0 (com=0.50),0.3011853360955542
2351969,2,34900,189,0,Cluster 0 (com=0.50),0.2801335598362443
2360559,2,34900,1090,0,Cluster 0 (com=0.50),0.4849438050777283
2366656,2,34900,415,0,Cluster 0 (com=0.50),0.35307491911618505
2378208,2,34900,157,0,Cluster 0 (com=0.50),0.291519059702729
2386732,2,34900,854,0,Cluster 0 (com=0.50),0.5885837622105738
2399758,2,34900,615,0,Cluster 0 (com=0.50),0.5871660458047855
2403701,2,34900,1714,0,Cluster 0 (com=0.50),0.5365627557032344
2417975,2,34900,705,0,Cluster 0 (com=0.50),0.46327087493668906
2424257,2,34900,440,0,Cluster 0 (com=0.50),0.4518540449427097
2427845,2,34900,498,0,Cluster 0 (com=0.50),0.5154727237286028
2438784,2,34900,152,0,Cluster 0 (com=0.50),0.3847542188527684
2457440,2,34900,504,0,Cluster 0 (com=0.50),0.5342030071110769
2459292,2,34900,18,0,Cluster 0 (com=0.50),0.18816544339402658
2470326,2,34900,20,0,Cluster 0 (com=0.50),0.37108713311873043
2480886,2,34900,398,0,Cluster 0 (com=0.50),0.4254943304734044
2482710,2,34900,623,0,Cluster 0 (com=0.50),0.22011577051111456
2486930,2,34900,28,0,Cluster 0 (com=0.50),0.3483701976082524
2499307,2,34900,194,0,Cluster 0 (com=0.50),0.46565268226088835
2504129,2,34900,93,1,Cluster 1 (com=0.69),0.1543022941649804
2519138,2,34900,931,0,Cluster 0 (com=0.50),0.5268325080790663
2529052,2,34900,58,1,Cluster 1 (com=0.69),0.4866587706506762
2529419,2,34900,351,1,Cluster 1 (com=0.69),0.2040744200751632
2530976,2,34900,274,0,Cluster 0 (com=0.50),0.49539352990564045
2537777,2,34900,292,1,Cluster 1 (com=0.69),0.05982990776240454
2540871,2,34900,585,0,Cluster 0 (com=0.50),0.5555240172624492
2542209,2,34900,683,0,Cluster 0 (com=0.50),0.424168241811228
2544643,2,34900,887,0,Cluster 0 (com=0.50),0.4459579800588222
2544766,2,34900,44,1,Cluster 1 (com=0.69),0.013982293582603961
2546315,2,34900,419,0,Cluster 0 (com=0.50),0.09301080682630028
2550534,2,34900,317,0,Cluster 0 (com=0.50),0.3639592749370642
2557008,2,34900,1027,1,Cluster 1 (com=0.69),0.023984273440338957
2558365,2,34900,127,0,Cluster 0 (com=0.50),0.2047373663289814
2559144,2,34900,73,0,Cluster 0 (com=0.50),0.25378043867966976
2563095,2,34900,344,0,Cluster 0 (com=0.50),0.525015180776473
2579891,2,34900,320,0,Cluster 0 (com=0.50),0.49010818043289395
2584244,2,34900,301,1,Cluster 1 (com=0.69),0.4843611489097983
2597117,2,34900,529,0,Cluster 0 (com=0.50),0.4304113087635888
2599883,2,34900,457,0,Cluster 0 (com=0.50),0.4341018371624287
2602542,2,34900,606,0,Cluster 0 (com=0.50),0.3671603038203518
2603027,2,34900,937,0,Cluster 0 (com=0.50),0.3581035985165201
2612102,2,34900,355,0,Cluster 0 (com=0.50),0.5876571972629255
2624028,2,34900,727,0,Cluster 0 (com=0.50),0.5819866942201509
2630284,2,34900,197,0,Cluster 0 (com=0.50),0.23738884025392015
2641156,2,34900,130,1,Cluster 1 (com=0.69),0.14620957027739856
2642532,2,34900,105,1,Cluster 1 (com=0.69),0.3241066341816437
2643472,2,34900,134,1,Cluster 1 (com=0.69),0.4665347275205148
2643829,2,34900,474,1,Cluster 1 (com=0.69),0.13921800427702338
2649948,2,34900,284,1,Cluster 1 (com=0.69),0.125704600156858
2657913,2,34900,396,0,Cluster 0 (com=0.50),0.5699591617066367
2658856,2,34900,276,0,Cluster 0 (com=0.50),0.5144931714361929
2667478,2,34900,483,0,Cluster 0 (com=0.50),0.5345836574901422
2678580,2,34900,81,0,Cluster 0 (com=0.50),0.542706284607653
2681198,2,34900,536,0,Cluster 0 (com=0.50),0.560485677393073
2682682,2,34900,339,0,Cluster 0 (com=0.50),0.427536933996746
2683857,2,34900,418,0,Cluster 0 (com=0.50),0.4418634660839092
2686035,2,34900,174,0,Cluster 0 (com=0.50),0.08408187351133929
2693932,2,34900,405,0,Cluster 0 (com=0.50),0.42905608651483923
2694139,2,34900,263,1,Cluster 1 (com=0.69),0.1844216983039901
2697921,2,34900,108,1,Cluster 1 (com=0.69),0.49028586859336737
31296,3,34901,171,1,Cluster 1 (com=0.69),0.04542635545242964
40878,3,34901,357,0,Cluster 0 (com=0.50),0.5282100612954064
42552,3,34901,339,1,Cluster 1 (com=0.69),0.39748678310896135
43958,3,34901,357,0,Cluster 0 (com=0.50),0.504129724938339
45423,3,34901,830,0,Cluster 0 (com=0.50),0.11563268174722055
47861,3,34901,555,0,Cluster 0 (com=0.50),0.5510135480259702
56637,3,34901,1151,0,Cluster 0 (com=0.50),0.5732638732074212
56667,3,34901,17,0,Cluster 0 (com=0.50),0.38027171617893496
58884,3,34901,327,0,Cluster 0 (com=0.50),0.5330943371325177
63112,3,34901,77,1,Cluster 1 (com=0.69),0.4361319398679593
64427,3,34901,834,0,Cluster 0 (com=0.50),0.510635201088295
71159,3,34901,656,0,Cluster 0 (com=0.50),0.19952669511305632
74165,3,34901,387,1,Cluster 1 (com=0.69),-0.02631637120993714
75107,3,34901,687,0,Cluster 0 (com=0.50),0.5137352633996649
77692,3,34901,171,1,Cluster 1 (com=0.69),0.4665347275205148
79610,3,34901,157,0,Cluster 0 (com=0.50),0.1052408210571713
80438,3,34901,234,0,Cluster 0 (com=0.50),0.4447977042847321
84604,3,34901,1160,0,Cluster 0 (com=0.50),0.5317848640075147
87264,3,34901,350,1,Cluster 1 (com=0.69),0.37744967113058403
87322,3,34901,68,1,Cluster 1 (com=0.69),0.4542693392484349
94749,3,34901,232,0,Cluster 0 (com=0.50),0.5865829095480022
102854,3,34901,774,0,Cluster 0 (com=0.50),0.5340963145990854
105939,3,34901,400,0,Cluster 0 (com=0.50),0.5229241289737157
107455,3,34901,98,1,Cluster 1 (com=0.69),0.47158700733438735
108949,3,34901,20,0,Cluster 0 (com=0.50),0.4069735771798341
109577,3,34901,113,1,Cluster 1 (com=0.69),0.4313810265410364
116529,3,34901,38,0,Cluster 0 (com=0.50),0.4963379153724268
119310,3,34901,203,0,Cluster 0 (com=0.50),0.16282777392183015
119865,3,34901,167,0,Cluster 0 (com=0.50),0.3126637259300768
125063,3,34901,371,0,Cluster 0 (com=0.50),0.27622673340758824
129907,3,34901,669,0,Cluster 0 (com=0.50),0.4340964029686804
130409,3,34901,10,1,Cluster 1 (com=0.69),0.0690966336294994
131597,3,34901,222,0,Cluster 0 (com=0.50),0.5137811727709232
132475,3,34901,544,0,Cluster 0 (com=0.50),0.42333282031072866
135280,3,34901,180,1,Cluster 1 (com=0.69),0.5040986185127696
136944,3,34901,30,1,Cluster 1 (com=0.69),0.5002625519954705
139206,3,34901,816,0,Cluster 0 (com=0.50),0.520407796916882
142310,3,34901,225,0,Cluster 0 (com=0.50),0.15236052318359852
143755,3,34901,579,0,Cluster 0 (com=0.50),0.22857547718372856
149178,3,34901,558,0,Cluster 0 (com=0.50),0.47727372404351026
150282,3,34901,120,0,Cluster 0 (com=0.50),0.13859707917082928
152524,3,34901,1159,0,Cluster 0 (com=0.50),0.5277466675433679
152917,3,34901,577,0,Cluster 0 (com=0.50),0.37387069878925383
155938,3,34901,325,0,Cluster 0 (com=0.50),0.4923098144159994
159906,3,34901,69,1,Cluster 1 (com=0.69),-0.022208292242755563
159947,3,34901,263,0,Cluster 0 (com=0.50),0.43974671430200035
164148,3,34901,1036,0,Cluster 0 (com=0.50),0.5528411051398701
166123,3,34901,273,0,Cluster 0 (com=0.50),0.32071594992222635
169596,3,34901,334,1,Cluster 1 (com=0.69),0.34891786713818645
170874,3,34901,463,1,Cluster 1 (com=0.69),0.27607089663632617
171692,3,34901,29,0,Cluster 0 (com=0.50),0.08763378356673558
172493,3,34901,605,0,Cluster 0 (com=0.50),0.5049570616606038
177492,3,34901,378,0,Cluster 0 (com=0.50),0.5755430277283433
185994,3,34901,339,0,Cluster 0 (com=0.50),0.4641591405788073
194163,3,34901,352,0,Cluster 0 (com=0.50),0.432361482801006
195246,3,34901,69,0,Cluster 0 (com=0.50),0.4062752017823491
195552,3,34901,477,1,Cluster 1 (com=0.69),0.5197315800619624
197536,3,34901,139,1,Cluster 1 (com=0.69),0.251454714175674
199009,3,34901,326,0,Cluster 0 (com=0.50),0.32524249197062605
226955,3,34901,321,1,Cluster 1 (com=0.69),0.5005424847780874
228633,3,34901,208,0,Cluster 0 (com=0.50),0.15175231998691677
229498,3,34901,412,0,Cluster 0 (com=0.50),0.49093625378438627
232173,3,34901,733,0,Cluster 0 (com=0.50),0.5016623913054158
234661,3,34901,509,0,Cluster 0 (com=0.50),0.06316599977943674
235768,3,34901,211,0,Cluster 0 (com=0.50),0.23775437893652768
235971,3,34901,344,0,Cluster 0 (com=0.50),0.5491838196155919
236090,3,34901,834,0,Cluster 0 (com=0.50),0.5071691179408574
237891,3,34901,128,0,Cluster 0 (com=0.50),0.39398249305429295
249357,3,34901,122,0,Cluster 0 (com=0.50),0.27642318737552984
251166,3,34901,359,0,Cluster 0 (com=0.50),0.37703558109098506
253633,3,34901,492,0,Cluster 0 (com=0.50),0.5083976436424646
253763,3,34901,895,0,Cluster 0 (com=0.50),0.5011024790016849
258245,3,34901,330,1,Cluster 1 (com=0.69),0.3052737186471691
258509,3,34901,379,0,Cluster 0 (com=0.50),0.4547059173903106
258978,3,34901,232,1,Cluster 1 (com=0.69),0.11029642261452373
261863,3,34901,46,0,Cluster 0 (com=0.50),0.15493717033268978
262025,3,34901,297,1,Cluster 1 (com=0.69),0.45982121232082596
262394,3,34901,140,1,Cluster 1 (com=0.69),0.5268278799149699
263862,3,34901,115,1,Cluster 1 (com=0.69),0.3170235821431189
265497,3,34901,129,0,Cluster 0 (com=0.50),0.06973961564694531
269584,3,34901,206,0,Cluster 0 (com=0.50),0.39217725403584447
270421,3,34901,102,1,Cluster 1 (com=0.69),0.4665347275205148
276265,3,34901,14,1,Cluster 1 (com=0.69),0.22844984214052264
278380,3,34901,64,0,Cluster 0 (com=0.50),0.06339688462711039
279440,3,34901,454,0,Cluster 0 (com=0.50),0.07157469316663093
279653,3,34901,776,0,Cluster 0 (com=0.50),0.12857072853346502
281134,3,34901,323,0,Cluster 0 (com=0.50),0.47557535352454394
282849,3,34901,959,0,Cluster 0 (com=0.50),0.5552143249379354
283402,3,34901,1151,0,Cluster 0 (com=0.50),0.36173083105738923
286778,3,34901,218,1,Cluster 1 (com=0.69),0.4799014686499236
287079,3,34901,309,0,Cluster 0 (com=0.50),0.4627755443994361
287258,3,34901,377,0,Cluster 0 (com=0.50),0.5125417604370952
289247,3,34901,304,1,Cluster 1 (com=0.69),-0.003468704450247619
294219,3,34901,258,1,Cluster 1 (com=0.69),0.17481451270502651
294929,3,34901,301,0,Cluster 0 (com=0.50),0.5315177434102242
297218,3,34901,20,0,Cluster 0 (com=0.50),0.279254326247615
297341,3,34901,129,0,Cluster 0 (com=0.50),0.5014224701995902
301074,3,34901,434,0,Cluster 0 (com=0.50),0.17459066643291798
305064,3,34901,1155,0,Cluster 0 (com=0.50),0.42800789097612585
305659,3,34901,52,1,Cluster 1 (com=0.69),0.4665347275205148
310205,3,34901,572,0,Cluster 0 (com=0.50),0.3210591039421913
312960,3,34901,85,1,Cluster 1 (com=0.69),0.3774504980134764
315795,3,34901,194,0,Cluster 0 (com=0.50),0.15368293530640265
316082,3,34901,89,0,Cluster 0 (com=0.50),0.185216074240692
318147,3,34901,832,0,Cluster 0 (com=0.50),0.5241495319168161
319073,3,34901,404,1,Cluster 1 (com=0.69),-0.02819815914407205
320133,3,34901,1152,0,Cluster 0 (com=0.50),0.45306182040300885
320612,3,34901,861,0,Cluster 0 (com=0.50),0.445640421380222
328797,3,34901,195,1,Cluster 1 (com=0.69),0.40164773388290587
329895,3,34901,14,0,Cluster 0 (com=0.50),0.4312651834276195
331789,3,34901,651,0,Cluster 0 (com=0.50),0.523889189338571
333993,3,34901,295,1,Cluster 1 (com=0.69),0.38466908045250786
334224,3,34901,175,0,Cluster 0 (com=0.50),0.18563934653717148
335095,3,34901,602,0,Cluster 0 (com=0.50),0.5052149917907429
337000,3,34901,217,0,Cluster 0 (com=0.50),0.44338821912324244
338689,3,34901,176,1,Cluster 1 (com=0.69),0.5203664292678957
339519,3,34901,213,1,Cluster 1 (com=0.69),0.42670856722927636
341457,3,34901,363,1,Cluster 1 (com=0.69),0.5078412716154499
341629,3,34901,375,1,Cluster 1 (com=0.69),0.46419718603590443
343709,3,34901,140,1,Cluster 1 (com=0.69),0.4194165761811837
345271,3,34901,977,0,Cluster 0 (com=0.50),0.47571756286021094
347197,3,34901,180,0,Cluster 0 (com=0.50),0.15831101399724193
348108,3,34901,126,1,Cluster 1 (com=0.69),0.5316348972330093
348324,3,34901,49,0,Cluster 0 (com=0.50),0.29464338598749756
349515,3,34901,134,1,Cluster 1 (com=0.69),0.4852744919296022
351147,3,34901,484,1,Cluster 1 (com=0.69),-0.00878445258763205
354698,3,34901,141,1,Cluster 1 (com=0.69),0.4665347275205148
355293,3,34901,56,1,Cluster 1 (com=0.69),0.06764716641871844
364066,3,34901,856,0,Cluster 0 (com=0.50),0.5751513673014332
366140,3,34901,1064,0,Cluster 0 (com=0.50),0.5584503315165376
367151,3,34901,560,0,Cluster 0 (com=0.50),0.38361229652981893
369242,3,34901,443,0,Cluster 0 (com=0.50),0.5843246113867991
369450,3,34901,669,0,Cluster 0 (com=0.50),0.563637424370004
370735,3,34901,322,0,Cluster 0 (com=0.50),0.06882986239665197
372345,3,34901,258,1,Cluster 1 (com=0.69),0.5315688613109154
372509,3,34901,226,1,Cluster 1 (com=0.69),0.5214373641201996
372511,3,34901,128,1,Cluster 1 (com=0.69),0.49103598341295523
375527,3,34901,178,0,Cluster 0 (com=0.50),0.5764729437769477
378946,3,34901,1391,0,Cluster 0 (com=0.50),0.5598981930181351
379278,3,34901,1109,1,Cluster 1 (com=0.69),0.11762174285939181
380952,3,34901,88,1,Cluster 1 (com=0.69),0.48706628798865015
381257,3,34901,252,0,Cluster 0 (com=0.50),0.43336376365219664
381414,3,34901,153,0,Cluster 0 (com=0.50),0.4220952295412691
383445,3,34901,43,1,Cluster 1 (com=0.69),0.4356766086398672
383602,3,34901,629,1,Cluster 1 (com=0.69),0.3956416033586256
383629,3,34901,130,0,Cluster 0 (com=0.50),0.4912194892082918
384107,3,34901,64,1,Cluster 1 (com=0.69),0.04215260219310619
386389,3,34901,201,1,Cluster 1 (com=0.69),0.3080553222555506
390070,3,34901,275,1,Cluster 1 (com=0.69),0.35915751244496874
396683,3,34901,198,1,Cluster 1 (com=0.69),0.3074664279065319
396834,3,34901,95,1,Cluster 1 (com=0.69),0.4468992087058401
397219,3,34901,1147,0,Cluster 0 (com=0.50),0.2864832850252485
397671,3,34901,984,0,Cluster 0 (com=0.50),0.5182513438268201
398550,3,34901,264,0,Cluster 0 (com=0.50),0.44092545364814656
398630,3,34901,146,1,Cluster 1 (com=0.69),0.5178049986560979
399429,3,34901,609,0,Cluster 0 (com=0.50),0.5591208768804105
402695,3,34901,143,0,Cluster 0 (com=0.50),0.3258724396886236
405193,3,34901,705,0,Cluster 0 (com=0.50),0.35869486713776083
407232,3,34901,797,0,Cluster 0 (com=0.50),0.5137511784845334
410407,3,34901,1179,0,Cluster 0 (com=0.50),0.5256308709138896
410883,3,34901,148,1,Cluster 1 (com=0.69),0.4477826517522983
411304,3,34901,246,0,Cluster 0 (com=0.50),0.0618252413790344
412353,3,34901,368,0,Cluster 0 (com=0.50),0.5185762073331249
413180,3,34901,57,1,Cluster 1 (com=0.69),0.3268845096644693
413709,3,34901,574,0,Cluster 0 (com=0.50),0.4854012080262392
413949,3,34901,599,0,Cluster 0 (com=0.50),0.5831139939593747
416199,3,34901,661,0,Cluster 0 (com=0.50),0.448258607798703
416407,3,34901,205,0,Cluster 0 (com=0.50),0.5144570715755402
418201,3,34901,138,0,Cluster 0 (com=0.50),0.3364774980047228
419059,3,34901,772,0,Cluster 0 (com=0.50),0.5782908322272867
423210,3,34901,262,1,Cluster 1 (com=0.69),0.14869297408779217
423488,3,34901,345,1,Cluster 1 (com=0.69),0.3240373177177832
423781,3,34901,378,1,Cluster 1 (com=0.69),0.0048578248224439916
427256,3,34901,367,0,Cluster 0 (com=0.50),0.3926603794312943
429832,3,34901,49,1,Cluster 1 (com=0.69),0.29438633178027923
431139,3,34901,67,0,Cluster 0 (com=0.50),0.5534721825230411
434476,3,34901,2660,0,Cluster 0 (com=0.50),0.5482851702707491
439995,3,34901,326,0,Cluster 0 (com=0.50),0.5153283585357773
440818,3,34901,1059,0,Cluster 0 (com=0.50),0.5873442615778188
441165,3,34901,184,0,Cluster 0 (com=0.50),0.3341751437237747
441421,3,34901,218,1,Cluster 1 (com=0.69),0.3836084917377978
442199,3,34901,100,1,Cluster 1 (com=0.69),0.48724143728639113
442563,3,34901,176,0,Cluster 0 (com=0.50),0.39709719233504553
442802,3,34901,596,0,Cluster 0 (com=0.50),0.3429881384790122
443151,3,34901,89,1,Cluster 1 (com=0.69),0.3108273416906359
443514,3,34901,250,0,Cluster 0 (com=0.50),0.3323320505238486
443696,3,34901,227,0,Cluster 0 (com=0.50),0.3204719945837705
444011,3,34901,45,1,Cluster 1 (com=0.69),0.5118472329404212
444619,3,34901,944,0,Cluster 0 (com=0.50),0.2149399591480467
444907,3,34901,87,0,Cluster 0 (com=0.50),0.09998996102254229
465121,3,34901,113,0,Cluster 0 (com=0.50),0.25110575867130197
465294,3,34901,332,0,Cluster 0 (com=0.50),0.07240763057872891
466120,3,34901,171,0,Cluster 0 (com=0.50),0.06743119466522864
466807,3,34901,167,1,Cluster 1 (com=0.69),0.15121180173864535
466987,3,34901,475,0,Cluster 0 (com=0.50),0.4986894186617717
467363,3,34901,359,0,Cluster 0 (com=0.50),0.40992991651663385
469499,3,34901,1955,0,Cluster 0 (com=0.50),0.0868571028740098
471284,3,34901,389,1,Cluster 1 (com=0.69),0.07924337296972765
474667,3,34901,251,1,Cluster 1 (com=0.69),0.5069791082384951
475015,3,34901,568,0,Cluster 0 (com=0.50),0.6016788959611865
476401,3,34901,1412,0,Cluster 0 (com=0.50),0.49178102976102833
476629,3,34901,82,0,Cluster 0 (com=0.50),0.4648678191135086
477833,3,34901,329,0,Cluster 0 (com=0.50),0.5752306085227877
479939,3,34901,1586,0,Cluster 0 (com=0.50),0.49455985327264257
481717,3,34901,774,0,Cluster 0 (com=0.50),0.518402953613059
482644,3,34901,617,0,Cluster 0 (com=0.50),0.4850559242228434
483037,3,34901,421,0,Cluster 0 (com=0.50),0.5453212284309954
484010,3,34901,61,1,Cluster 1 (com=0.69),0.31212032522666916
484594,3,34901,1205,0,Cluster 0 (com=0.50),0.5906841159922045
485228,3,34901,199,0,Cluster 0 (com=0.50),0.2571805944232482
486087,3,34901,77,1,Cluster 1 (com=0.69),0.3095551089920968
486964,3,34901,25,1,Cluster 1 (com=0.69),0.4315156917953569
488525,3,34901,158,1,Cluster 1 (com=0.69),0.16549468150922156
489553,3,34901,23,0,Cluster 0 (com=0.50),0.2509944842717584
491126,3,34901,561,1,Cluster 1 (com=0.69),-0.036024120442972526
491756,3,34901,6,0,Cluster 0 (com=0.50),0.2885651599075037
491863,3,34901,202,0,Cluster 0 (com=0.50),0.44520339187503105
492024,3,34901,129,1,Cluster 1 (com=0.69),0.44726115327904215
493793,3,34901,418,1,Cluster 1 (com=0.69),0.24470179499125344
494046,3,34901,558,0,Cluster 0 (com=0.50),0.2847561790045757
494184,3,34901,253,0,Cluster 0 (com=0.50),0.10204641477257241
497415,3,34901,589,0,Cluster 0 (com=0.50),0.5585057547884562
498442,3,34901,1183,0,Cluster 0 (com=0.50),0.42226537940870246
499404,3,34901,647,0,Cluster 0 (com=0.50),0.30113087897315494
500068,3,34901,872,0,Cluster 0 (com=0.50),0.4722286467070538
500618,3,34901,29,1,Cluster 1 (com=0.69),0.4511370581534194
501444,3,34901,648,0,Cluster 0 (com=0.50),0.5775417694419489
501897,3,34901,422,0,Cluster 0 (com=0.50),0.5376327340059321
502011,3,34901,621,0,Cluster 0 (com=0.50),0.49113681774268003
505773,3,34901,863,0,Cluster 0 (com=0.50),0.4939714650680153
506705,3,34901,175,1,Cluster 1 (com=0.69),0.2846988931798454
507743,3,34901,1028,0,Cluster 0 (com=0.50),0.5117604893718316
507935,3,34901,828,0,Cluster 0 (com=0.50),0.47832015964972885
508626,3,34901,1225,0,Cluster 0 (com=0.50),0.5911108373929405
509536,3,34901,330,0,Cluster 0 (com=0.50),0.5634318868136827
511309,3,34901,90,0,Cluster 0 (com=0.50),0.4532036372632685
511350,3,34901,28,1,Cluster 1 (com=0.69),0.4665347275205148
511981,3,34901,107,0,Cluster 0 (com=0.50),0.31422812983434895
513422,3,34901,111,1,Cluster 1 (com=0.69),0.0635565317291108
513428,3,34901,236,1,Cluster 1 (com=0.69),0.4954993761776723
514078,3,34901,903,0,Cluster 0 (com=0.50),0.20581479970856187
514556,3,34901,44,1,Cluster 1 (com=0.69),0.3333230060909843
516602,3,34901,66,1,Cluster 1 (com=0.69),0.42089432369302293
517551,3,34901,294,1,Cluster 1 (com=0.69),0.34804454522566
519115,3,34901,94,0,Cluster 0 (com=0.50),0.48189971846738694
521115,3,34901,351,1,Cluster 1 (com=0.69),0.2071574033670265
522082,3,34901,104,0,Cluster 0 (com=0.50),0.39693907082028224
523017,3,34901,326,0,Cluster 0 (com=0.50),0.5164141828727646
523249,3,34901,336,1,Cluster 1 (com=0.69),0.26557811562330247
526721,3,34901,625,0,Cluster 0 (com=0.50),0.3851463786000584
526819,3,34901,100,1,Cluster 1 (com=0.69),0.4600851221991335
529693,3,34901,538,1,Cluster 1 (com=0.69),0.49442448311048487
529991,3,34901,441,0,Cluster 0 (com=0.50),0.4057822766483769
530148,3,34901,35,1,Cluster 1 (com=0.69),0.3264003148147509
531018,3,34901,340,0,Cluster 0 (com=0.50),0.34600878579267536
531871,3,34901,368,0,Cluster 0 (com=0.50),0.3163430552106483
532254,3,34901,60,0,Cluster 0 (com=0.50),0.5690888782113968
533418,3,34901,304,0,Cluster 0 (com=0.50),0.5159661131190353
534112,3,34901,122,0,Cluster 0 (com=0.50),0.314216058506446
534457,3,34901,220,1,Cluster 1 (com=0.69),0.48514053553739045
535671,3,34901,156,1,Cluster 1 (com=0.69),0.1015513168531159
535997,3,34901,46,1,Cluster 1 (com=0.69),0.09956543084346134
536351,3,34901,231,1,Cluster 1 (com=0.69),0.5028328835697499
536475,3,34901,158,1,Cluster 1 (com=0.69),0.4976527663429835
536963,3,34901,152,1,Cluster 1 (com=0.69),0.3218942371486628
537322,3,34901,543,0,Cluster 0 (com=0.50),0.402658102981977
537811,3,34901,994,0,Cluster 0 (com=0.50),0.6015636527519845
539308,3,34901,333,0,Cluster 0 (com=0.50),0.5166579695066307
539945,3,34901,646,1,Cluster 1 (com=0.69),0.04886025631823542
540723,3,34901,1390,0,Cluster 0 (com=0.50),0.5030779716780727
541532,3,34901,281,0,Cluster 0 (com=0.50),0.420666679581017
541921,3,34901,529,0,Cluster 0 (com=0.50),0.18486648910253106
542202,3,34901,643,0,Cluster 0 (com=0.50),0.5558443600568062
543010,3,34901,619,0,Cluster 0 (com=0.50),0.5651176437362436
543432,3,34901,409,0,Cluster 0 (com=0.50),0.1442248399047579
544745,3,34901,540,1,Cluster 1 (com=0.69),0.3192179263117528
545164,3,34901,322,0,Cluster 0 (com=0.50),0.3487021129181833
545962,3,34901,696,0,Cluster 0 (com=0.50),0.438536742822475
546547,3,34901,586,0,Cluster 0 (com=0.50),0.29083846548061115
546645,3,34901,249,0,Cluster 0 (com=0.50),0.5195815493890483
547347,3,34901,126,0,Cluster 0 (com=0.50),0.26814234507336876
549219,3,34901,487,0,Cluster 0 (com=0.50),0.3319510859957057
549321,3,34901,186,1,Cluster 1 (com=0.69),0.33102643508515117
549847,3,34901,495,0,Cluster 0 (com=0.50),0.463408924652944
550420,3,34901,717,0,Cluster 0 (com=0.50),0.4839493448149767
550703,3,34901,442,1,Cluster 1 (com=0.69),-0.025846957867824764
552173,3,34901,741,0,Cluster 0 (com=0.50),0.5232351279082164
553031,3,34901,1043,0,Cluster 0 (com=0.50),0.5108852435311407
553284,3,34901,663,0,Cluster 0 (com=0.50),0.5879453800698704
553813,3,34901,325,0,Cluster 0 (com=0.50),0.22480044659641263
554063,3,34901,289,1,Cluster 1 (com=0.69),0.06124723928684874
554525,3,34901,631,0,Cluster 0 (com=0.50),0.3347489755263287
555049,3,34901,725,0,Cluster 0 (com=0.50),0.35451019908856196
555827,3,34901,17,0,Cluster 0 (com=0.50),0.05704292828790353
556126,3,34901,31,1,Cluster 1 (com=0.69),0.18713190344746722
557085,3,34901,1158,0,Cluster 0 (com=0.50),0.5463549393754625
557290,3,34901,256,0,Cluster 0 (com=0.50),0.4219864913568041
558044,3,34901,650,0,Cluster 0 (com=0.50),0.4212232442747824
558764,3,34901,477,0,Cluster 0 (com=0.50),0.41803348872961016
560047,3,34901,516,0,Cluster 0 (com=0.50),0.5218790332247915
560459,3,34901,134,1,Cluster 1 (com=0.69),0.3366820302083616
560645,3,34901,1242,0,Cluster 0 (com=0.50),0.5550227340817685
561231,3,34901,434,1,Cluster 1 (com=0.69),0.27960320776820863
562064,3,34901,300,1,Cluster 1 (com=0.69),0.48110788986635095
562754,3,34901,197,0,Cluster 0 (com=0.50),0.46779236304199007
562990,3,34901,262,1,Cluster 1 (com=0.69),0.12075768530239776
563108,3,34901,25,1,Cluster 1 (com=0.69),0.46825100639438244
563414,3,34901,1172,0,Cluster 0 (com=0.50),0.5263024880883314
564243,3,34901,1202,0,Cluster 0 (com=0.50),0.5068812165939703
564617,3,34901,724,0,Cluster 0 (com=0.50),0.5869311846645267
564933,3,34901,222,0,Cluster 0 (com=0.50),0.13744492865296692
565017,3,34901,1144,0,Cluster 0 (com=0.50),0.14826118879850328
568987,3,34901,46,1,Cluster 1 (com=0.69),0.4033545675395631
569034,3,34901,824,0,Cluster 0 (com=0.50),0.569005520930032
569080,3,34901,1042,0,Cluster 0 (com=0.50),0.559258600664119
569108,3,34901,672,0,Cluster 0 (com=0.50),0.06347818230573357
569876,3,34901,1480,0,Cluster 0 (com=0.50),0.5514270898644864
570004,3,34901,93,1,Cluster 1 (com=0.69),0.013956181330344593
570213,3,34901,359,0,Cluster 0 (com=0.50),0.581336838524057
571074,3,34901,748,0,Cluster 0 (com=0.50),0.20227559974105053
572074,3,34901,181,0,Cluster 0 (com=0.50),0.442780201386811
572213,3,34901,183,1,Cluster 1 (com=0.69),0.5242900590009107
573583,3,34901,387,1,Cluster 1 (com=0.69),0.49953159095428185
574527,3,34901,646,0,Cluster 0 (com=0.50),0.5470024467178304
575069,3,34901,238,1,Cluster 1 (com=0.69),0.05562319969880692
575112,3,34901,593,0,Cluster 0 (com=0.50),0.453774147136024
575302,3,34901,1018,0,Cluster 0 (com=0.50),0.4459804269529676
575685,3,34901,49,1,Cluster 1 (com=0.69),0.02968963760626353
577032,3,34901,126,0,Cluster 0 (com=0.50),0.41247233161666497
577429,3,34901,944,0,Cluster 0 (com=0.50),0.552147835644877
577533,3,34901,79,1,Cluster 1 (com=0.69),0.5311441176572662
578152,3,34901,44,0,Cluster 0 (com=0.50),0.5263943046954419
578847,3,34901,86,1,Cluster 1 (com=0.69),0.4443991874527524
579660,3,34901,260,1,Cluster 1 (com=0.69),0.4389506872905137
579686,3,34901,278,0,Cluster 0 (com=0.50),0.4245985803262415
580459,3,34901,462,0,Cluster 0 (com=0.50),0.592553351608219
580834,3,34901,1377,0,Cluster 0 (com=0.50),0.44106881599783115
580845,3,34901,133,1,Cluster 1 (com=0.69),0.44445262302646804
581253,3,34901,1262,0,Cluster 0 (com=0.50),0.5604445557332074
581659,3,34901,916,0,Cluster 0 (com=0.50),0.5593438167945423
581779,3,34901,494,0,Cluster 0 (com=0.50),0.5155875770022118
582034,3,34901,444,0,Cluster 0 (com=0.50),0.37595259988602076
582117,3,34901,229,0,Cluster 0 (com=0.50),0.18937337425168596
582266,3,34901,45,1,Cluster 1 (com=0.69),0.1916102143607029
582332,3,34901,592,0,Cluster 0 (com=0.50),0.3675145043472793
582653,3,34901,36,1,Cluster 1 (com=0.69),0.49024753104604335
582670,3,34901,65,0,Cluster 0 (com=0.50),0.1774115021365333
583056,3,34901,692,1,Cluster 1 (com=0.69),0.5147450801667957
583318,3,34901,8,1,Cluster 1 (com=0.69),0.11974486710670344
583487,3,34901,2037,0,Cluster 0 (com=0.50),0.5330348983250373
584515,3,34901,101,0,Cluster 0 (com=0.50),0.573435954400074
585224,3,34901,766,0,Cluster 0 (com=0.50),0.49855405626792304
585261,3,34901,417,0,Cluster 0 (com=0.50),0.44622461210188885
585284,3,34901,337,0,Cluster 0 (com=0.50),0.13052613414193737
585503,3,34901,1275,0,Cluster 0 (com=0.50),0.5829713816168507
585572,3,34901,132,0,Cluster 0 (com=0.50),0.32672774251550746
585825,3,34901,883,0,Cluster 0 (com=0.50),0.4877269980267747
585958,3,34901,280,0,Cluster 0 (com=0.50),0.5698368756164136
586906,3,34901,250,0,Cluster 0 (com=0.50),0.37486861337509203
587571,3,34901,1305,0,Cluster 0 (com=0.50),0.5835482932245581
588128,3,34901,146,0,Cluster 0 (com=0.50),0.2169012742621859
588628,3,34901,509,0,Cluster 0 (com=0.50),0.5796981104169061
589080,3,34901,671,0,Cluster 0 (com=0.50),0.5777270373388362
589162,3,34901,597,0,Cluster 0 (com=0.50),0.530812533465518
589332,3,34901,822,0,Cluster 0 (com=0.50),0.49272267634390154
589389,3,34901,132,1,Cluster 1 (com=0.69),0.32065869798110735
589828,3,34901,29,0,Cluster 0 (com=0.50),0.3287802810271001
590120,3,34901,452,0,Cluster 0 (com=0.50),0.07369860304652699
591525,3,34901,299,0,Cluster 0 (com=0.50),0.2536940061133051
591581,3,34901,163,0,Cluster 0 (com=0.50),0.54768000830513
591746,3,34901,582,1,Cluster 1 (com=0.69),0.08649960020718998
591946,3,34901,585,0,Cluster 0 (com=0.50),0.4120460284721539
592218,3,34901,444,1,Cluster 1 (com=0.69),0.021395909954195037
592295,3,34901,110,0,Cluster 0 (com=0.50),0.42183846370467837
592558,3,34901,463,0,Cluster 0 (com=0.50),0.05356090499020193
592939,3,34901,40,0,Cluster 0 (com=0.50),0.27390876881991605
593136,3,34901,164,0,Cluster 0 (com=0.50),0.07496768490523023
593563,3,34901,514,0,Cluster 0 (com=0.50),0.4699509008389887
593722,3,34901,252,0,Cluster 0 (com=0.50),0.33602658027878696
593796,3,34901,1184,0,Cluster 0 (com=0.50),0.5231241533890298
594065,3,34901,248,0,Cluster 0 (com=0.50),0.25441781403883296
594122,3,34901,321,0,Cluster 0 (com=0.50),0.5286841158379733
594229,3,34901,462,0,Cluster 0 (com=0.50),0.5379320312662396
594258,3,34901,17,1,Cluster 1 (com=0.69),0.3513485536850154
594406,3,34901,139,0,Cluster 0 (com=0.50),0.18657856499796804
594636,3,34901,497,0,Cluster 0 (com=0.50),0.587647748791913
595262,3,34901,236,0,Cluster 0 (com=0.50),0.24011078127275154
595721,3,34901,152,1,Cluster 1 (com=0.69),0.040042819556152645
595943,3,34901,447,0,Cluster 0 (com=0.50),0.46808768067622014
596243,3,34901,330,1,Cluster 1 (com=0.69),0.1226276758178646
596253,3,34901,360,1,Cluster 1 (com=0.69),0.05185122459472164
596758,3,34901,572,0,Cluster 0 (com=0.50),0.5506740508257214
597740,3,34901,231,1,Cluster 1 (com=0.69),0.12375729160668551
597937,3,34901,636,0,Cluster 0 (com=0.50),0.5629423820517125
598308,3,34901,522,0,Cluster 0 (com=0.50),0.5295447187951255
598540,3,34901,537,0,Cluster 0 (com=0.50),0.5823122953684803
598559,3,34901,880,0,Cluster 0 (com=0.50),0.5958730776397181
600071,3,34901,590,0,Cluster 0 (com=0.50),0.27029804467046026
600773,3,34901,368,0,Cluster 0 (com=0.50),0.5258532620605939
601008,3,34901,249,1,Cluster 1 (com=0.69),0.5008969069460137
601235,3,34901,603,0,Cluster 0 (com=0.50),0.5039217057379219
601271,3,34901,145,0,Cluster 0 (com=0.50),0.3043439077494232
601680,3,34901,107,1,Cluster 1 (com=0.69),0.3943052510442151
602594,3,34901,669,0,Cluster 0 (com=0.50),0.5013994839696235
603648,3,34901,550,0,Cluster 0 (com=0.50),0.3859014810600199
604567,3,34901,351,0,Cluster 0 (com=0.50),0.401965512369171
604614,3,34901,103,0,Cluster 0 (com=0.50),0.3097013635916366
605180,3,34901,28,1,Cluster 1 (com=0.69),0.4665347275205148
605228,3,34901,42,0,Cluster 0 (com=0.50),0.3935863279196873
605394,3,34901,36,1,Cluster 1 (com=0.69),0.495818114065287
605682,3,34901,493,0,Cluster 0 (com=0.50),0.545825521007904
606257,3,34901,1637,0,Cluster 0 (com=0.50),0.5937092545925399
606805,3,34901,168,1,Cluster 1 (com=0.69),0.47811609917683534
606904,3,34901,268,0,Cluster 0 (com=0.50),0.2673729708413719
607243,3,34901,1191,0,Cluster 0 (com=0.50),0.5335336123759951
607303,3,34901,386,0,Cluster 0 (com=0.50),0.4193364593647846
607501,3,34901,566,0,Cluster 0 (com=0.50),0.09384371001431416
607679,3,34901,551,0,Cluster 0 (com=0.50),0.5198382943297754
607700,3,34901,245,0,Cluster 0 (com=0.50),0.18451960506981036
609142,3,34901,502,0,Cluster 0 (com=0.50),0.5108170113129956
609240,3,34901,329,0,Cluster 0 (com=0.50),0.09924410396474828
611603,3,34901,96,0,Cluster 0 (com=0.50),0.32799459150924615
612842,3,34901,130,0,Cluster 0 (com=0.50),0.17914976492600906
613165,3,34901,281,0,Cluster 0 (com=0.50),0.5161862891662834
613330,3,34901,690,0,Cluster 0 (com=0.50),0.5062464699737447
613634,3,34901,214,0,Cluster 0 (com=0.50),0.3021809108081857
613899,3,34901,1942,0,Cluster 0 (com=0.50),0.5302397159379352
614059,3,34901,72,1,Cluster 1 (com=0.69),0.21401413082127607
614984,3,34901,380,0,Cluster 0 (com=0.50),0.5125052316546524
615266,3,34901,769,0,Cluster 0 (com=0.50),0.5012967305321323
615299,3,34901,743,0,Cluster 0 (com=0.50),0.22749978926397288
615301,3,34901,1148,0,Cluster 0 (com=0.50),0.5631415121608581
615302,3,34901,766,0,Cluster 0 (com=0.50),0.5410950688852317
615306,3,34901,892,0,Cluster 0 (com=0.50),0.46121999937367525
615328,3,34901,265,1,Cluster 1 (com=0.69),0.5235785553086213
615340,3,34901,113,0,Cluster 0 (com=0.50),0.15981063176810592
615342,3,34901,315,0,Cluster 0 (com=0.50),0.42198358585078
615356,3,34901,353,0,Cluster 0 (com=0.50),0.5604796750748569
616517,3,34901,511,0,Cluster 0 (com=0.50),0.4595151834378687
616912,3,34901,278,0,Cluster 0 (com=0.50),0.5141387686556372
617010,3,34901,715,0,Cluster 0 (com=0.50),0.39057132616068635
617119,3,34901,384,1,Cluster 1 (com=0.69),0.4076110326725475
617436,3,34901,420,1,Cluster 1 (com=0.69),0.5257277212930789
617580,3,34901,1145,0,Cluster 0 (com=0.50),0.5804893740161543
617783,3,34901,231,1,Cluster 1 (com=0.69),0.3718003785188031
617922,3,34901,272,0,Cluster 0 (com=0.50),0.4777358082369237
618663,3,34901,477,0,Cluster 0 (com=0.50),0.13830550627566707
619204,3,34901,58,1,Cluster 1 (com=0.69),0.35117120062393226
619292,3,34901,1149,0,Cluster 0 (com=0.50),0.17569459714816515
619321,3,34901,569,0,Cluster 0 (com=0.50),0.36591295042566635
619502,3,34901,296,1,Cluster 1 (com=0.69),0.5164855041374632
620094,3,34901,2462,0,Cluster 0 (com=0.50),0.5975556493000612
620269,3,34901,246,0,Cluster 0 (com=0.50),0.3682062677337102
620349,3,34901,933,0,Cluster 0 (com=0.50),0.49937834882036053
620431,3,34901,311,1,Cluster 1 (com=0.69),0.1036241056077663
620740,3,34901,44,1,Cluster 1 (com=0.69),0.14100757444786433
620810,3,34901,443,1,Cluster 1 (com=0.69),0.43342525010337135
622275,3,34901,546,0,Cluster 0 (com=0.50),0.42082611337999887
622481,3,34901,574,0,Cluster 0 (com=0.50),0.48166646684680214
622760,3,34901,185,0,Cluster 0 (com=0.50),0.24062432175464074
622934,3,34901,720,1,Cluster 1 (com=0.69),0.26561820670579556
622967,3,34901,79,1,Cluster 1 (com=0.69),0.27085342687743424
623471,3,34901,364,0,Cluster 0 (com=0.50),0.5838478069758696
623589,3,34901,463,1,Cluster 1 (com=0.69),0.40954148244401284
623765,3,34901,580,0,Cluster 0 (com=0.50),0.5471399050745956
624282,3,34901,360,1,Cluster 1 (com=0.69),0.1503123794272144
624864,3,34901,748,0,Cluster 0 (com=0.50),0.5117002160462104
624970,3,34901,513,0,Cluster 0 (com=0.50),0.5067985101471062
625245,3,34901,677,0,Cluster 0 (com=0.50),0.3749507689731885
625330,3,34901,655,0,Cluster 0 (com=0.50),0.5655068713030731
625515,3,34901,154,0,Cluster 0 (com=0.50),0.3250295383373889
625743,3,34901,151,1,Cluster 1 (com=0.69),0.519442234277292
625802,3,34901,202,0,Cluster 0 (com=0.50),0.557569223270185
625838,3,34901,633,1,Cluster 1 (com=0.69),0.16945396847749714
626033,3,34901,1232,0,Cluster 0 (com=0.50),0.3273204766496264
626349,3,34901,182,0,Cluster 0 (com=0.50),0.479635090198534
626416,3,34901,421,0,Cluster 0 (com=0.50),0.5548842378902992
626454,3,34901,379,1,Cluster 1 (com=0.69),0.3754694724458562
626477,3,34901,470,0,Cluster 0 (com=0.50),0.3765899899196062
626514,3,34901,838,0,Cluster 0 (com=0.50),0.501651054148999
626552,3,34901,321,1,Cluster 1 (com=0.69),0.1174134271430388
626579,3,34901,43,1,Cluster 1 (com=0.69),0.38478385394993553
627365,3,34901,383,0,Cluster 0 (com=0.50),0.5257775821912366
627829,3,34901,253,0,Cluster 0 (com=0.50),0.11418957853433635
628149,3,34901,847,0,Cluster 0 (com=0.50),0.49639405952437593
628157,3,34901,41,1,Cluster 1 (com=0.69),0.4661318624700413
628383,3,34901,413,0,Cluster 0 (com=0.50),0.17190898689112633
628521,3,34901,342,0,Cluster 0 (com=0.50),0.10065829424915529
628888,3,34901,363,0,Cluster 0 (com=0.50),0.2396522614908993
628964,3,34901,620,0,Cluster 0 (com=0.50),0.5668855121461441
629029,3,34901,166,0,Cluster 0 (com=0.50),0.19264430730463938
629491,3,34901,819,0,Cluster 0 (com=0.50),0.4722593657424861
629522,3,34901,156,1,Cluster 1 (com=0.69),0.26564319991466506
629818,3,34901,177,1,Cluster 1 (com=0.69),0.5347044211184719
629922,3,34901,322,1,Cluster 1 (com=0.69),0.3734686684494069
629944,3,34901,451,0,Cluster 0 (com=0.50),0.14132752748081273
630109,3,34901,302,0,Cluster 0 (com=0.50),0.28575017872925085
630158,3,34901,520,1,Cluster 1 (com=0.69),-0.03004409412559446
630835,3,34901,1202,0,Cluster 0 (com=0.50),0.5453511279374554
630905,3,34901,1707,0,Cluster 0 (com=0.50),0.5942067731754367
630910,3,34901,617,0,Cluster 0 (com=0.50),0.08750653517614082
630992,3,34901,75,0,Cluster 0 (com=0.50),0.27217329192410544
631524,3,34901,527,0,Cluster 0 (com=0.50),0.37845816140086563
631658,3,34901,1760,0,Cluster 0 (com=0.50),0.5042527890236848
631681,3,34901,205,0,Cluster 0 (com=0.50),0.27688799250297774
631715,3,34901,310,1,Cluster 1 (com=0.69),0.5254414420232458
631740,3,34901,322,1,Cluster 1 (com=0.69),0.39022315214989356
631837,3,34901,806,0,Cluster 0 (com=0.50),0.5672086253638972
631924,3,34901,1141,0,Cluster 0 (com=0.50),0.37926069385499533
632074,3,34901,422,0,Cluster 0 (com=0.50),0.29735445413590783
632290,3,34901,154,1,Cluster 1 (com=0.69),0.2850194793988759
632458,3,34901,944,0,Cluster 0 (com=0.50),0.5214166667431136
632556,3,34901,191,1,Cluster 1 (com=0.69),0.5205239738980999
632597,3,34901,21,1,Cluster 1 (com=0.69),0.4665347275205148
632826,3,34901,583,0,Cluster 0 (com=0.50),0.4506224540293375
632836,3,34901,431,1,Cluster 1 (com=0.69),0.3729434425198502
633079,3,34901,151,1,Cluster 1 (com=0.69),0.35854145538462007
633516,3,34901,139,0,Cluster 0 (com=0.50),0.47670264840869636
633555,3,34901,981,0,Cluster 0 (com=0.50),0.5065986166898798
633568,3,34901,566,0,Cluster 0 (com=0.50),0.5158725392765665
633867,3,34901,459,0,Cluster 0 (com=0.50),0.5702128589666025
633931,3,34901,1144,0,Cluster 0 (com=0.50),0.5600260491803778
634088,3,34901,371,0,Cluster 0 (com=0.50),0.388226269367124
634114,3,34901,11,0,Cluster 0 (com=0.50),0.3985582740109232
634512,3,34901,795,0,Cluster 0 (com=0.50),0.5698186768351607
634526,3,34901,781,0,Cluster 0 (com=0.50),0.5749752502562064
634601,3,34901,103,0,Cluster 0 (com=0.50),0.02262216957167153
634749,3,34901,1944,0,Cluster 0 (com=0.50),0.58345050943998
635184,3,34901,554,0,Cluster 0 (com=0.50),0.26005904466773144
635751,3,34901,74,0,Cluster 0 (com=0.50),0.46805950515253403
635795,3,34901,233,0,Cluster 0 (com=0.50),0.06017474200078281
635903,3,34901,233,0,Cluster 0 (com=0.50),0.19698062185436974
636314,3,34901,666,0,Cluster 0 (com=0.50),0.5328872409939517
636400,3,34901,185,0,Cluster 0 (com=0.50),0.5324093671764645
636408,3,34901,25,0,Cluster 0 (com=0.50),0.148259449678845
636469,3,34901,458,0,Cluster 0 (com=0.50),0.38544362523935405
636547,3,34901,201,1,Cluster 1 (com=0.69),0.01529920060747719
636565,3,34901,150,1,Cluster 1 (com=0.69),0.48238876410094117
636656,3,34901,209,0,Cluster 0 (com=0.50),0.5082226389239825
636704,3,34901,135,0,Cluster 0 (com=0.50),0.36809601340955855
636783,3,34901,657,0,Cluster 0 (com=0.50),0.5971471298529427
636830,3,34901,863,0,Cluster 0 (com=0.50),0.5832256135730088
636832,3,34901,1679,0,Cluster 0 (com=0.50),0.43640773789199905
637004,3,34901,387,0,Cluster 0 (com=0.50),0.3033219876793028
637089,3,34901,165,1,Cluster 1 (com=0.69),0.5085444947500242
637358,3,34901,159,0,Cluster 0 (com=0.50),0.4377466922058072
637509,3,34901,82,1,Cluster 1 (com=0.69),0.15864590711783766
637514,3,34901,62,0,Cluster 0 (com=0.50),0.34178057245530563
637582,3,34901,159,0,Cluster 0 (com=0.50),0.25799536394592
637708,3,34901,527,0,Cluster 0 (com=0.50),0.5121040018533839
637906,3,34901,123,0,Cluster 0 (com=0.50),0.31953477605098507
637939,3,34901,24,1,Cluster 1 (com=0.69),0.4665347275205148
637980,3,34901,535,0,Cluster 0 (com=0.50),0.3140137195075804
638034,3,34901,248,1,Cluster 1 (com=0.69),0.16937358414182377
638388,3,34901,137,1,Cluster 1 (com=0.69),0.3072311987867076
638411,3,34901,1208,0,Cluster 0 (com=0.50),0.40957865389590675
638498,3,34901,402,0,Cluster 0 (com=0.50),0.349300950636437
638515,3,34901,65,1,Cluster 1 (com=0.69),0.048264760408789714
638625,3,34901,1196,0,Cluster 0 (com=0.50),0.4997684961284789
638655,3,34901,581,0,Cluster 0 (com=0.50),0.5606816791969085
638677,3,34901,121,0,Cluster 0 (com=0.50),0.29172292242051595
638831,3,34901,294,1,Cluster 1 (com=0.69),0.11387382493343338
639028,3,34901,501,1,Cluster 1 (com=0.69),-0.01839058379265419
639231,3,34901,293,0,Cluster 0 (com=0.50),0.5336991765566054
639234,3,34901,853,0,Cluster 0 (com=0.50),0.5167921715823257
639522,3,34901,58,1,Cluster 1 (com=0.69),0.4546625386821779
640098,3,34901,412,0,Cluster 0 (com=0.50),0.4914740348518209
640278,3,34901,1908,0,Cluster 0 (com=0.50),0.5513915603237967
640329,3,34901,322,0,Cluster 0 (com=0.50),0.40892222417688495
640429,3,34901,1274,0,Cluster 0 (com=0.50),0.2572012587300863
640711,3,34901,818,0,Cluster 0 (com=0.50),0.42064346181072
640752,3,34901,452,1,Cluster 1 (com=0.69),0.05469467406657309
640848,3,34901,87,1,Cluster 1 (com=0.69),0.5178026922394429
640892,3,34901,192,1,Cluster 1 (com=0.69),0.4665347275205148
640913,3,34901,131,1,Cluster 1 (com=0.69),0.4665347275205148
640927,3,34901,696,0,Cluster 0 (com=0.50),0.5835614166680126
641137,3,34901,146,0,Cluster 0 (com=0.50),0.24805211768345445
641309,3,34901,307,0,Cluster 0 (com=0.50),0.06055880166348391
641311,3,34901,826,0,Cluster 0 (com=0.50),0.5574664873304694
641363,3,34901,42,1,Cluster 1 (com=0.69),0.4665347275205148
641401,3,34901,368,1,Cluster 1 (com=0.69),0.14730596372679525
641461,3,34901,158,0,Cluster 0 (com=0.50),0.20568293282516584
641470,3,34901,64,1,Cluster 1 (com=0.69),0.017853356713080776
641547,3,34901,369,1,Cluster 1 (com=0.69),0.3300312474244031
641864,3,34901,468,0,Cluster 0 (com=0.50),0.44145838956338096
641914,3,34901,1566,0,Cluster 0 (com=0.50),0.4775254124295057
642029,3,34901,59,0,Cluster 0 (com=0.50),0.5481684566224325
642056,3,34901,213,1,Cluster 1 (com=0.69),0.44406104308098
642375,3,34901,210,0,Cluster 0 (com=0.50),0.5652192463129827
642448,3,34901,230,0,Cluster 0 (com=0.50),0.5626536725430032
642449,3,34901,247,0,Cluster 0 (com=0.50),0.4976094607838138
642493,3,34901,754,0,Cluster 0 (com=0.50),0.09544504735008746
642498,3,34901,845,0,Cluster 0 (com=0.50),0.2697688465499145
642551,3,34901,639,0,Cluster 0 (com=0.50),0.5481354893508381
642740,3,34901,499,1,Cluster 1 (com=0.69),0.2676641317149026
642750,3,34901,290,0,Cluster 0 (com=0.50),0.5244626351650061
642840,3,34901,576,0,Cluster 0 (com=0.50),0.5895087014799086
642843,3,34901,788,0,Cluster 0 (com=0.50),0.5194175529724462
642872,3,34901,357,0,Cluster 0 (com=0.50),0.3888960320310749
642909,3,34901,43,1,Cluster 1 (com=0.69),0.48662143020128074
643069,3,34901,155,0,Cluster 0 (com=0.50),0.40046689737919455
643202,3,34901,740,0,Cluster 0 (com=0.50),0.5431744101322974
643220,3,34901,193,1,Cluster 1 (com=0.69),0.5244194350441493
643273,3,34901,596,0,Cluster 0 (com=0.50),0.37054361229236005
643326,3,34901,374,0,Cluster 0 (com=0.50),0.4127940017467804
643466,3,34901,627,0,Cluster 0 (com=0.50),0.09235944955160702
643477,3,34901,1113,0,Cluster 0 (com=0.50),0.5841678024348482
643496,3,34901,1038,0,Cluster 0 (com=0.50),0.23705862101133346
643502,3,34901,158,0,Cluster 0 (com=0.50),0.3924219001229971
643591,3,34901,995,0,Cluster 0 (com=0.50),0.602219221096438
643653,3,34901,505,0,Cluster 0 (com=0.50),0.4531830005562777
643696,3,34901,292,0,Cluster 0 (com=0.50),0.5633159009452031
643751,3,34901,855,0,Cluster 0 (com=0.50),0.44875841208906225
643754,3,34901,588,0,Cluster 0 (com=0.50),0.3779079051529977
644025,3,34901,363,1,Cluster 1 (com=0.69),0.12158829030849151
644210,3,34901,399,0,Cluster 0 (com=0.50),0.4433199602832079
644343,3,34901,68,1,Cluster 1 (com=0.69),0.5327133063657126
644361,3,34901,2971,0,Cluster 0 (com=0.50),0.5782803312832588
644369,3,34901,63,1,Cluster 1 (com=0.69),0.05820055651718734
644450,3,34901,1422,0,Cluster 0 (com=0.50),0.42616417903673215
644508,3,34901,448,0,Cluster 0 (com=0.50),0.3841946424453282
644761,3,34901,405,0,Cluster 0 (com=0.50),0.5424863660139385
644784,3,34901,648,1,Cluster 1 (com=0.69),0.42629319521270426
644791,3,34901,1569,0,Cluster 0 (com=0.50),0.5627506587309373
644818,3,34901,1324,0,Cluster 0 (com=0.50),0.5056826213163622
644847,3,34901,161,0,Cluster 0 (com=0.50),0.4549566515225284
644936,3,34901,230,0,Cluster 0 (com=0.50),0.46055573904022906
644974,3,34901,492,0,Cluster 0 (com=0.50),0.5523302147153463
645003,3,34901,155,0,Cluster 0 (com=0.50),0.3987227540002685
645020,3,34901,179,0,Cluster 0 (com=0.50),0.4887928701720933
645078,3,34901,550,0,Cluster 0 (com=0.50),0.47002756403701035
645145,3,34901,27,0,Cluster 0 (com=0.50),0.44455248595497954
645405,3,34901,1480,0,Cluster 0 (com=0.50),0.43099557694045443
645433,3,34901,112,1,Cluster 1 (com=0.69),0.4981008869266286
645496,3,34901,494,0,Cluster 0 (com=0.50),0.47543526517140566
645518,3,34901,393,0,Cluster 0 (com=0.50),0.4279362904263673
645586,3,34901,324,1,Cluster 1 (com=0.69),0.49338094836025415
645705,3,34901,122,0,Cluster 0 (com=0.50),0.21658009502640826
645732,3,34901,223,0,Cluster 0 (com=0.50),0.15855610126526318
645784,3,34901,342,0,Cluster 0 (com=0.50),0.4591759612126355
645840,3,34901,586,0,Cluster 0 (com=0.50),0.5385884958839462
645880,3,34901,66,1,Cluster 1 (com=0.69),0.4486638035705662
645948,3,34901,336,0,Cluster 0 (com=0.50),0.3287830625566396
645960,3,34901,133,1,Cluster 1 (com=0.69),0.39683279585518116
645997,3,34901,481,0,Cluster 0 (com=0.50),0.4668465654717487
646015,3,34901,555,0,Cluster 0 (com=0.50),0.49221462636890734
646017,3,34901,1191,0,Cluster 0 (com=0.50),0.580645869219576
646053,3,34901,483,1,Cluster 1 (com=0.69),0.5012599739907265
646074,3,34901,1038,0,Cluster 0 (com=0.50),0.5438420844959838
646085,3,34901,510,0,Cluster 0 (com=0.50),0.5364362886022503
646138,3,34901,80,0,Cluster 0 (com=0.50),0.31187758797228127
646313,3,34901,89,0,Cluster 0 (com=0.50),0.21712240989802345
646357,3,34901,539,0,Cluster 0 (com=0.50),0.5734810778482325
646402,3,34901,391,0,Cluster 0 (com=0.50),0.3234958302413051
646460,3,34901,709,0,Cluster 0 (com=0.50),0.53732305487043
646539,3,34901,437,1,Cluster 1 (com=0.69),0.37060281931963
646540,3,34901,173,0,Cluster 0 (com=0.50),0.33359100402602293
646551,3,34901,1465,0,Cluster 0 (com=0.50),0.4722528902020308
646638,3,34901,57,1,Cluster 1 (com=0.69),0.47046634409161137
646670,3,34901,67,1,Cluster 1 (com=0.69),0.3242034956302181
646734,3,34901,79,1,Cluster 1 (com=0.69),0.4970476078362305
646750,3,34901,162,1,Cluster 1 (com=0.69),0.2962978434976044
646778,3,34901,681,0,Cluster 0 (com=0.50),0.3040889808316964
646807,3,34901,362,0,Cluster 0 (com=0.50),0.3231588281723816
646990,3,34901,432,0,Cluster 0 (com=0.50),0.33026509148444194
647040,3,34901,391,0,Cluster 0 (com=0.50),0.29172795948600877
647154,3,34901,103,1,Cluster 1 (com=0.69),0.5180265783499486
647169,3,34901,240,0,Cluster 0 (com=0.50),0.20242600793473234
647320,3,34901,635,1,Cluster 1 (com=0.69),0.035060647789340635
647324,3,34901,572,0,Cluster 0 (com=0.50),0.4416024267915654
647391,3,34901,48,1,Cluster 1 (com=0.69),0.5075722368137856
647398,3,34901,527,0,Cluster 0 (com=0.50),0.2531846184466882
647399,3,34901,1561,0,Cluster 0 (com=0.50),0.5805186954912432
647425,3,34901,1458,0,Cluster 0 (com=0.50),0.5563936192955153
647485,3,34901,217,1,Cluster 1 (com=0.69),0.35171611767666006
647496,3,34901,253,0,Cluster 0 (com=0.50),0.313369438367267
647765,3,34901,302,0,Cluster 0 (com=0.50),0.33317226801977223
647841,3,34901,683,0,Cluster 0 (com=0.50),0.5884350101235825
647898,3,34901,353,0,Cluster 0 (com=0.50),0.5516773835509916
647945,3,34901,444,0,Cluster 0 (com=0.50),0.3780096075715981
647987,3,34901,161,0,Cluster 0 (com=0.50),0.44406273756846604
648027,3,34901,263,1,Cluster 1 (com=0.69),0.46207341783359457
648037,3,34901,361,0,Cluster 0 (com=0.50),0.5701022201387962
648038,3,34901,534,0,Cluster 0 (com=0.50),0.5652297143343347
648040,3,34901,1030,0,Cluster 0 (com=0.50),0.5733178365699105
648086,3,34901,431,1,Cluster 1 (com=0.69),-0.028204032699038387
648105,3,34901,814,0,Cluster 0 (com=0.50),0.43542395811235635
648114,3,34901,545,0,Cluster 0 (com=0.50),0.42308780696300513
648116,3,34901,180,0,Cluster 0 (com=0.50),0.44985638059671595
648140,3,34901,185,1,Cluster 1 (com=0.69),0.2046381690370009
648254,3,34901,216,1,Cluster 1 (com=0.69),0.35374185546079445
648287,3,34901,448,0,Cluster 0 (com=0.50),0.573949429871377
648365,3,34901,612,0,Cluster 0 (com=0.50),0.5221701368977106
648366,3,34901,388,0,Cluster 0 (com=0.50),0.4951799815107184
648457,3,34901,137,1,Cluster 1 (com=0.69),0.4341808541891645
648470,3,34901,928,0,Cluster 0 (com=0.50),0.43987053363608525
648531,3,34901,517,0,Cluster 0 (com=0.50),0.40521326527646684
648536,3,34901,197,1,Cluster 1 (com=0.69),0.0020075015909417717
648564,3,34901,452,0,Cluster 0 (com=0.50),0.3768135304815595
648571,3,34901,415,0,Cluster 0 (com=0.50),0.44665309017464844
648590,3,34901,43,1,Cluster 1 (com=0.69),0.02642486778183856
648613,3,34901,203,1,Cluster 1 (com=0.69),0.46182203512205805
648685,3,34901,586,0,Cluster 0 (com=0.50),0.36853443741482433
648804,3,34901,515,0,Cluster 0 (com=0.50),0.5225174587963742
648815,3,34901,1180,0,Cluster 0 (com=0.50),0.4002321158025566
648903,3,34901,96,1,Cluster 1 (com=0.69),0.5003786434100693
648972,3,34901,40,1,Cluster 1 (com=0.69),0.4560098013210158
649004,3,34901,1889,0,Cluster 0 (com=0.50),0.594965107783031
649009,3,34901,9,1,Cluster 1 (com=0.69),0.11236022717403563
649079,3,34901,1802,0,Cluster 0 (com=0.50),0.5623043796571845
649084,3,34901,496,0,Cluster 0 (com=0.50),0.34347410568703657
649093,3,34901,234,0,Cluster 0 (com=0.50),0.4864088391673042
649141,3,34901,280,0,Cluster 0 (com=0.50),0.3446950548046781
649159,3,34901,444,0,Cluster 0 (com=0.50),0.5433185819503896
649165,3,34901,205,1,Cluster 1 (com=0.69),0.291106270903764
649207,3,34901,892,0,Cluster 0 (com=0.50),0.5493681657195432
649212,3,34901,199,1,Cluster 1 (com=0.69),0.4562804278811705
649230,3,34901,88,1,Cluster 1 (com=0.69),0.431856634010523
649258,3,34901,172,1,Cluster 1 (com=0.69),0.3956903594323039
649284,3,34901,183,1,Cluster 1 (com=0.69),0.5002801649187454
649325,3,34901,453,1,Cluster 1 (com=0.69),0.007432272537896161
649379,3,34901,454,0,Cluster 0 (com=0.50),0.5841505733769156
649400,3,34901,143,0,Cluster 0 (com=0.50),0.4140524922003439
649434,3,34901,598,0,Cluster 0 (com=0.50),0.5006957257240694
649435,3,34901,515,0,Cluster 0 (com=0.50),0.3273813742148382
649457,3,34901,659,0,Cluster 0 (com=0.50),0.5906139053014304
649469,3,34901,152,0,Cluster 0 (com=0.50),0.33651632169302853
649619,3,34901,425,0,Cluster 0 (com=0.50),0.44504282267847234
649735,3,34901,105,1,Cluster 1 (com=0.69),0.2967739983075706
649806,3,34901,60,1,Cluster 1 (com=0.69),0.01334834990462663
649891,3,34901,55,1,Cluster 1 (com=0.69),0.48439382515819895
649952,3,34901,1101,0,Cluster 0 (com=0.50),0.321278575210336
649954,3,34901,1079,0,Cluster 0 (com=0.50),0.4476994220910985
649979,3,34901,185,0,Cluster 0 (com=0.50),0.41711674372303553
650031,3,34901,418,1,Cluster 1 (com=0.69),0.00019883810419277163
650054,3,34901,134,0,Cluster 0 (com=0.50),0.5117332518104623
650108,3,34901,723,0,Cluster 0 (com=0.50),0.45437726995532557
650160,3,34901,668,0,Cluster 0 (com=0.50),0.2670658225936926
650170,3,34901,350,0,Cluster 0 (com=0.50),0.3498918135015454
650251,3,34901,1004,0,Cluster 0 (com=0.50),0.4310369083662173
650363,3,34901,149,1,Cluster 1 (com=0.69),0.5173635663415083
650370,3,34901,210,0,Cluster 0 (com=0.50),0.28815335646181073
650424,3,34901,609,0,Cluster 0 (com=0.50),0.39911707978731154
650469,3,34901,123,0,Cluster 0 (com=0.50),0.2778723031006511
650473,3,34901,925,0,Cluster 0 (com=0.50),0.46225888761924333
650570,3,34901,201,0,Cluster 0 (com=0.50),0.18594449661966023
650682,3,34901,273,1,Cluster 1 (com=0.69),0.06919668823213944
650758,3,34901,119,1,Cluster 1 (com=0.69),0.49492643502171874
650861,3,34901,106,1,Cluster 1 (com=0.69),0.4665347275205148
650866,3,34901,1159,0,Cluster 0 (com=0.50),0.579391753025109
650923,3,34901,60,0,Cluster 0 (com=0.50),0.40846270386999073
650960,3,34901,38,1,Cluster 1 (com=0.69),0.4665347275205148
651040,3,34901,36,1,Cluster 1 (com=0.69),0.18879806483424094
651121,3,34901,937,0,Cluster 0 (com=0.50),0.5032181069083971
651126,3,34901,306,0,Cluster 0 (com=0.50),0.17402631239761845
651182,3,34901,8,0,Cluster 0 (com=0.50),0.20528990602719738
651238,3,34901,537,0,Cluster 0 (com=0.50),0.4472609012983013
651330,3,34901,63,1,Cluster 1 (com=0.69),0.4972011544935117
651354,3,34901,636,0,Cluster 0 (com=0.50),0.5335429950329305
651381,3,34901,629,0,Cluster 0 (com=0.50),0.16891088526401668
651419,3,34901,771,0,Cluster 0 (com=0.50),0.4763582007666869
651478,3,34901,2741,0,Cluster 0 (com=0.50),0.574066170122118
651498,3,34901,310,0,Cluster 0 (com=0.50),0.5453522505832961
651555,3,34901,74,1,Cluster 1 (com=0.69),0.5017109849172647
651598,3,34901,569,0,Cluster 0 (com=0.50),0.5652931705250298
651693,3,34901,194,1,Cluster 1 (com=0.69),0.4665347275205148
651881,3,34901,176,0,Cluster 0 (com=0.50),0.3413487026571508
651927,3,34901,184,0,Cluster 0 (com=0.50),0.5175830860757836
651990,3,34901,310,0,Cluster 0 (com=0.50),0.47808271408749176
652008,3,34901,360,0,Cluster 0 (com=0.50),0.3785932148893796
652064,3,34901,1144,0,Cluster 0 (com=0.50),0.5411005553518266
652087,3,34901,426,0,Cluster 0 (com=0.50),0.5150500888588924
652333,3,34901,367,1,Cluster 1 (com=0.69),0.2586988238869121
652335,3,34901,1507,0,Cluster 0 (com=0.50),0.4725997862971051
652438,3,34901,95,1,Cluster 1 (com=0.69),0.05866855165268088
652576,3,34901,184,0,Cluster 0 (com=0.50),0.044534222116010345
652625,3,34901,476,0,Cluster 0 (com=0.50),0.5620519655446743
652659,3,34901,64,1,Cluster 1 (com=0.69),0.20220177359076022
652664,3,34901,62,1,Cluster 1 (com=0.69),0.3778554893142027
652672,3,34901,273,0,Cluster 0 (com=0.50),0.21310645265019218
652684,3,34901,858,0,Cluster 0 (com=0.50),0.07039815476573777
652711,3,34901,522,1,Cluster 1 (com=0.69),0.3895942439502748
652753,3,34901,488,0,Cluster 0 (com=0.50),0.5214190768836033
652788,3,34901,502,1,Cluster 1 (com=0.69),0.05077913901457727
652887,3,34901,406,0,Cluster 0 (com=0.50),0.4442084032196086
652890,3,34901,107,1,Cluster 1 (com=0.69),0.421194791933164
652898,3,34901,651,0,Cluster 0 (com=0.50),0.3655225486501495
652994,3,34901,57,1,Cluster 1 (com=0.69),0.3845846875261709
653045,3,34901,646,0,Cluster 0 (com=0.50),0.5271956446983618
653115,3,34901,273,1,Cluster 1 (com=0.69),0.34731716025750997
653144,3,34901,264,1,Cluster 1 (com=0.69),0.04885953530604828
653297,3,34901,310,1,Cluster 1 (com=0.69),0.3095429071175342
653301,3,34901,344,0,Cluster 0 (com=0.50),0.3712425592609951
653381,3,34901,138,0,Cluster 0 (com=0.50),0.3770470824345377
653417,3,34901,101,1,Cluster 1 (com=0.69),0.4572075303482728
653536,3,34901,331,0,Cluster 0 (com=0.50),0.2730429299047566
653558,3,34901,213,0,Cluster 0 (com=0.50),0.346662554344166
653567,3,34901,181,1,Cluster 1 (com=0.69),0.11325774122272775
653595,3,34901,242,0,Cluster 0 (com=0.50),0.36006783264362496
653653,3,34901,169,0,Cluster 0 (com=0.50),0.2966488747068427
653773,3,34901,556,0,Cluster 0 (com=0.50),0.4827856105433751
653841,3,34901,1038,1,Cluster 1 (com=0.69),0.17905014630877406
653857,3,34901,548,1,Cluster 1 (com=0.69),0.3543600295833997
654045,3,34901,256,0,Cluster 0 (com=0.50),0.37292832796859715
654114,3,34901,438,0,Cluster 0 (com=0.50),0.4169703678627224
654169,3,34901,337,0,Cluster 0 (com=0.50),0.5686852748549743
654217,3,34901,53,0,Cluster 0 (com=0.50),0.3454408569623469
654236,3,34901,101,0,Cluster 0 (com=0.50),0.29624238866557684
654260,3,34901,502,1,Cluster 1 (com=0.69),0.3453870490972453
654339,3,34901,86,0,Cluster 0 (com=0.50),0.5005691508051175
654441,3,34901,1258,0,Cluster 0 (com=0.50),0.18264413204360228
654565,3,34901,435,1,Cluster 1 (com=0.69),0.4777321177903022
654578,3,34901,576,0,Cluster 0 (com=0.50),0.3898414537096724
654597,3,34901,489,0,Cluster 0 (com=0.50),0.4713769817310167
654684,3,34901,218,1,Cluster 1 (com=0.69),0.40486031466189265
654692,3,34901,217,1,Cluster 1 (com=0.69),0.20904750843279346
654819,3,34901,1139,0,Cluster 0 (com=0.50),0.5879973176978873
654824,3,34901,607,0,Cluster 0 (com=0.50),0.5160824421408094
654834,3,34901,897,0,Cluster 0 (com=0.50),0.5692118528948614
654852,3,34901,1185,0,Cluster 0 (com=0.50),0.5279641917415934
654867,3,34901,724,0,Cluster 0 (com=0.50),0.395175132916731
654947,3,34901,435,1,Cluster 1 (com=0.69),0.2688836450676874
655028,3,34901,106,0,Cluster 0 (com=0.50),0.038444216138308306
655115,3,34901,467,0,Cluster 0 (com=0.50),0.5402472193293717
655124,3,34901,111,1,Cluster 1 (com=0.69),0.43889398217213155
655127,3,34901,590,0,Cluster 0 (com=0.50),0.5426220927051755
655353,3,34901,381,0,Cluster 0 (com=0.50),0.48949896160813633
655386,3,34901,430,0,Cluster 0 (com=0.50),0.5997696126197959
655412,3,34901,488,0,Cluster 0 (com=0.50),0.5199402261901165
655445,3,34901,292,0,Cluster 0 (com=0.50),0.5326090552475949
655569,3,34901,59,0,Cluster 0 (com=0.50),0.31508113592760745
655796,3,34901,25,0,Cluster 0 (com=0.50),0.3449510094970058
655927,3,34901,82,1,Cluster 1 (com=0.69),0.3476863415194473
655981,3,34901,161,0,Cluster 0 (com=0.50),0.49665401416217764
656065,3,34901,179,1,Cluster 1 (com=0.69),0.5136081282983479
656086,3,34901,680,0,Cluster 0 (com=0.50),0.5339418124715322
656092,3,34901,574,0,Cluster 0 (com=0.50),0.5812358184067774
656131,3,34901,337,0,Cluster 0 (com=0.50),0.33582542547411875
656158,3,34901,473,0,Cluster 0 (com=0.50),0.5576107830384451
656159,3,34901,653,0,Cluster 0 (com=0.50),0.3913741334121333
656165,3,34901,342,1,Cluster 1 (com=0.69),-0.017966574171304855
656234,3,34901,526,1,Cluster 1 (com=0.69),0.413325077858633
656323,3,34901,407,0,Cluster 0 (com=0.50),0.48971341063530127
656353,3,34901,544,0,Cluster 0 (com=0.50),0.5417703376730736
656414,3,34901,153,0,Cluster 0 (com=0.50),0.45566935698020394
656436,3,34901,276,0,Cluster 0 (com=0.50),0.2810799838611902
656529,3,34901,732,1,Cluster 1 (com=0.69),0.412734015307648
656579,3,34901,495,1,Cluster 1 (com=0.69),0.3767472709940536
656607,3,34901,577,1,Cluster 1 (com=0.69),0.17535738200975656
656651,3,34901,139,0,Cluster 0 (com=0.50),0.4611198222126345
656734,3,34901,778,0,Cluster 0 (com=0.50),0.558769443606306
656791,3,34901,1175,0,Cluster 0 (com=0.50),0.5667071309479612
656882,3,34901,785,0,Cluster 0 (com=0.50),0.5623072909360467
656988,3,34901,170,0,Cluster 0 (com=0.50),0.4912502287608345
656996,3,34901,184,1,Cluster 1 (com=0.69),0.3481378356018427
657048,3,34901,106,1,Cluster 1 (com=0.69),0.4892217189610697
657220,3,34901,75,1,Cluster 1 (com=0.69),0.3337959068849081
657330,3,34901,341,0,Cluster 0 (com=0.50),0.5457331771801682
657344,3,34901,572,0,Cluster 0 (com=0.50),0.5890169415572306
674222,3,34901,326,0,Cluster 0 (com=0.50),0.41723331989347096
674226,3,34901,90,1,Cluster 1 (com=0.69),0.28246795005134423
674236,3,34901,506,1,Cluster 1 (com=0.69),0.5076642772617291
674262,3,34901,604,0,Cluster 0 (com=0.50),0.4116403531331828
674320,3,34901,306,1,Cluster 1 (com=0.69),0.3905909123576131
674387,3,34901,504,0,Cluster 0 (com=0.50),0.5047040675189459
674406,3,34901,189,0,Cluster 0 (com=0.50),0.37022299164339717
674451,3,34901,367,0,Cluster 0 (com=0.50),0.5383473414682561
674478,3,34901,208,1,Cluster 1 (com=0.69),0.4925039258158101
674484,3,34901,778,0,Cluster 0 (com=0.50),0.5979533689150814
674497,3,34901,281,0,Cluster 0 (com=0.50),0.5334491268636238
674509,3,34901,1231,0,Cluster 0 (com=0.50),0.5902943009473011
674584,3,34901,371,0,Cluster 0 (com=0.50),0.5641599830763547
674594,3,34901,27,0,Cluster 0 (com=0.50),0.38663089659531014
674644,3,34901,359,1,Cluster 1 (com=0.69),0.33121273693092473
674657,3,34901,200,0,Cluster 0 (com=0.50),0.5017970563483066
674671,3,34901,715,0,Cluster 0 (com=0.50),0.46745201744109366
674691,3,34901,778,0,Cluster 0 (com=0.50),0.47151506433279117
674694,3,34901,738,0,Cluster 0 (com=0.50),0.2790431940311564
674699,3,34901,159,0,Cluster 0 (com=0.50),0.33277132776834084
674751,3,34901,351,0,Cluster 0 (com=0.50),0.26395283682005083
674831,3,34901,497,0,Cluster 0 (com=0.50),0.38817820615520876
674870,3,34901,712,0,Cluster 0 (com=0.50),0.060261951528708765
674921,3,34901,689,0,Cluster 0 (com=0.50),0.5064721566535854
675021,3,34901,788,1,Cluster 1 (com=0.69),0.36258828015384104
675054,3,34901,98,0,Cluster 0 (com=0.50),0.38867185282326117
675193,3,34901,551,0,Cluster 0 (com=0.50),0.5069446134266835
675225,3,34901,618,0,Cluster 0 (com=0.50),0.5263951140028283
675233,3,34901,1657,0,Cluster 0 (com=0.50),0.48586038173282714
675261,3,34901,225,0,Cluster 0 (com=0.50),0.3516579945389787
675273,3,34901,78,1,Cluster 1 (com=0.69),0.49204884700064117
675279,3,34901,755,0,Cluster 0 (com=0.50),0.538799322791721
675315,3,34901,566,0,Cluster 0 (com=0.50),0.5781990345195341
675328,3,34901,477,0,Cluster 0 (com=0.50),0.1760963463197224
675474,3,34901,80,1,Cluster 1 (com=0.69),-0.022617855247084675
675566,3,34901,181,1,Cluster 1 (com=0.69),0.2811260628859626
675577,3,34901,215,0,Cluster 0 (com=0.50),0.4695772006840592
675636,3,34901,708,0,Cluster 0 (com=0.50),0.5790617765726896
675710,3,34901,377,0,Cluster 0 (com=0.50),0.3305086769488759
675989,3,34901,857,0,Cluster 0 (com=0.50),0.5415206289517718
676007,3,34901,91,0,Cluster 0 (com=0.50),0.576112524662043
676064,3,34901,409,0,Cluster 0 (com=0.50),0.47385547740955636
676103,3,34901,596,0,Cluster 0 (com=0.50),0.3872347701566481
676139,3,34901,283,1,Cluster 1 (com=0.69),0.24858372601120374
676190,3,34901,503,0,Cluster 0 (com=0.50),0.5702257207394671
676265,3,34901,639,0,Cluster 0 (com=0.50),0.4200967362171673
676272,3,34901,18,1,Cluster 1 (com=0.69),0.4665347275205148
676303,3,34901,71,1,Cluster 1 (com=0.69),0.502476532052662
676378,3,34901,509,0,Cluster 0 (com=0.50),0.5264898839556353
676444,3,34901,844,0,Cluster 0 (com=0.50),0.48682755952830176
676458,3,34901,388,0,Cluster 0 (com=0.50),0.32453002757748595
676459,3,34901,625,0,Cluster 0 (com=0.50),0.5959339296835555
676478,3,34901,347,0,Cluster 0 (com=0.50),0.4817955170417314
676492,3,34901,952,0,Cluster 0 (com=0.50),0.502820908847926
676610,3,34901,423,0,Cluster 0 (com=0.50),0.44980777042571823
676626,3,34901,647,0,Cluster 0 (com=0.50),0.5188455950931103
676866,3,34901,784,0,Cluster 0 (com=0.50),0.5393669082492316
676882,3,34901,418,0,Cluster 0 (com=0.50),0.45728595981579606
677085,3,34901,148,0,Cluster 0 (com=0.50),0.29334921112841544
677111,3,34901,818,1,Cluster 1 (com=0.69),0.054731749394866115
677138,3,34901,429,0,Cluster 0 (com=0.50),0.5360961984105649
677155,3,34901,404,0,Cluster 0 (com=0.50),0.28418135165156866
677167,3,34901,240,1,Cluster 1 (com=0.69),0.024821775342336243
677206,3,34901,131,1,Cluster 1 (com=0.69),0.4977899808894168
677221,3,34901,699,0,Cluster 0 (com=0.50),0.2992934068936995
677235,3,34901,15,1,Cluster 1 (com=0.69),0.4665347275205148
677382,3,34901,987,0,Cluster 0 (com=0.50),0.13842196558669354
677400,3,34901,324,0,Cluster 0 (com=0.50),0.38085380694490145
677436,3,34901,319,1,Cluster 1 (com=0.69),0.1708405349662446
677456,3,34901,1008,0,Cluster 0 (com=0.50),0.5697976109979773
677546,3,34901,195,0,Cluster 0 (com=0.50),0.41363626512508367
677582,3,34901,369,1,Cluster 1 (com=0.69),0.23842653976548392
677655,3,34901,245,0,Cluster 0 (com=0.50),0.4811019617691139
677687,3,34901,76,1,Cluster 1 (com=0.69),0.4145962987954218
677748,3,34901,431,0,Cluster 0 (com=0.50),0.4475156644175223
677767,3,34901,166,1,Cluster 1 (com=0.69),0.5095551115285325
677833,3,34901,496,0,Cluster 0 (com=0.50),0.4693059049119284
678088,3,34901,714,0,Cluster 0 (com=0.50),0.5862035184317396
678203,3,34901,42,1,Cluster 1 (com=0.69),0.44980486392790286
678235,3,34901,865,0,Cluster 0 (com=0.50),0.5617566227743317
678270,3,34901,58,0,Cluster 0 (com=0.50),0.2856936414724714
678381,3,34901,111,0,Cluster 0 (com=0.50),0.28248665340193807
678407,3,34901,493,0,Cluster 0 (com=0.50),0.5646150972286087
678452,3,34901,163,1,Cluster 1 (com=0.69),0.38364002748945153
678528,3,34901,369,0,Cluster 0 (com=0.50),0.43968103496206484
678619,3,34901,274,1,Cluster 1 (com=0.69),0.18601268819616443
678628,3,34901,73,1,Cluster 1 (com=0.69),0.4236424001689106
678659,3,34901,174,1,Cluster 1 (com=0.69),0.2502022541830861
678819,3,34901,479,0,Cluster 0 (com=0.50),0.5515522468144657
678859,3,34901,726,1,Cluster 1 (com=0.69),-0.02798921787633015
678946,3,34901,453,0,Cluster 0 (com=0.50),0.526182060852492
678954,3,34901,784,0,Cluster 0 (com=0.50),0.4709319496647286
679019,3,34901,30,1,Cluster 1 (com=0.69),0.5205877960496582
679036,3,34901,1798,0,Cluster 0 (com=0.50),0.5966863739080749
679111,3,34901,435,0,Cluster 0 (com=0.50),0.5127001022808777
679189,3,34901,627,0,Cluster 0 (com=0.50),0.5732751083740292
679227,3,34901,219,0,Cluster 0 (com=0.50),0.3620447090467473
679237,3,34901,532,1,Cluster 1 (com=0.69),0.4792172620056589
679262,3,34901,52,1,Cluster 1 (com=0.69),0.38571876906689073
679278,3,34901,217,0,Cluster 0 (com=0.50),0.49137529577799466
679342,3,34901,294,0,Cluster 0 (com=0.50),0.5376299873443304
679384,3,34901,874,0,Cluster 0 (com=0.50),0.44400421006847046
679386,3,34901,171,0,Cluster 0 (com=0.50),0.20045459596901957
679402,3,34901,285,0,Cluster 0 (com=0.50),0.5368077530745579
679445,3,34901,627,0,Cluster 0 (com=0.50),0.4377647208032585
679448,3,34901,1175,0,Cluster 0 (com=0.50),0.08356136799825248
679498,3,34901,151,0,Cluster 0 (com=0.50),0.38947886566992107
679509,3,34901,56,1,Cluster 1 (com=0.69),0.44168909599079914
679594,3,34901,577,0,Cluster 0 (com=0.50),0.5869380930897873
679676,3,34901,686,0,Cluster 0 (com=0.50),0.4854646277028653
679788,3,34901,461,1,Cluster 1 (com=0.69),0.2035260487491135
679790,3,34901,124,0,Cluster 0 (com=0.50),0.4197819794631255
679939,3,34901,110,1,Cluster 1 (com=0.69),0.4242716890023961
680014,3,34901,385,0,Cluster 0 (com=0.50),0.2721393066173108
680018,3,34901,266,1,Cluster 1 (com=0.69),0.06477959562884242
680027,3,34901,1406,0,Cluster 0 (com=0.50),0.5950440346700497
680080,3,34901,968,0,Cluster 0 (com=0.50),0.5859184743276327
680145,3,34901,60,1,Cluster 1 (com=0.69),-0.0005333250716054491
680212,3,34901,22,1,Cluster 1 (com=0.69),0.4665347275205148
680266,3,34901,762,0,Cluster 0 (com=0.50),0.5967973836166818
680270,3,34901,433,0,Cluster 0 (com=0.50),0.25718912243204284
680322,3,34901,352,0,Cluster 0 (com=0.50),0.1938867066144613
680343,3,34901,536,1,Cluster 1 (com=0.69),0.19937026698299207
680348,3,34901,616,0,Cluster 0 (com=0.50),0.41072157666894277
680443,3,34901,1126,0,Cluster 0 (com=0.50),0.5809409662258772
680464,3,34901,464,0,Cluster 0 (com=0.50),0.5678174151095505
680506,3,34901,229,1,Cluster 1 (com=0.69),0.3238014889858951
680572,3,34901,306,0,Cluster 0 (com=0.50),0.36702783216523943
680708,3,34901,106,0,Cluster 0 (com=0.50),0.34649570994132545
680713,3,34901,489,0,Cluster 0 (com=0.50),0.4769720707554883
680747,3,34901,230,1,Cluster 1 (com=0.69),0.2723176743792941
680775,3,34901,64,0,Cluster 0 (com=0.50),0.20813312324672661
680810,3,34901,622,1,Cluster 1 (com=0.69),0.44187013981976275
680872,3,34901,110,0,Cluster 0 (com=0.50),0.15875306508305934
680912,3,34901,276,0,Cluster 0 (com=0.50),0.44831587328672934
680955,3,34901,911,0,Cluster 0 (com=0.50),0.5036303352566018
680974,3,34901,79,1,Cluster 1 (com=0.69),0.505290761499272
681004,3,34901,693,0,Cluster 0 (com=0.50),0.3659562592721143
681235,3,34901,217,1,Cluster 1 (com=0.69),0.4890859950520594
681328,3,34901,619,0,Cluster 0 (com=0.50),0.5931666735697758
681341,3,34901,262,1,Cluster 1 (com=0.69),0.5294752734563444
681352,3,34901,734,1,Cluster 1 (com=0.69),0.004680640130979816
681354,3,34901,14,0,Cluster 0 (com=0.50),0.3799252227419455
681452,3,34901,95,1,Cluster 1 (com=0.69),0.3985238988257439
681490,3,34901,763,0,Cluster 0 (com=0.50),0.4667948117721767
681608,3,34901,43,1,Cluster 1 (com=0.69),0.507532136116019
681633,3,34901,337,0,Cluster 0 (com=0.50),0.27170767792897926
681652,3,34901,107,0,Cluster 0 (com=0.50),0.36804284592778014
681655,3,34901,863,1,Cluster 1 (com=0.69),0.1829750635942134
681658,3,34901,257,0,Cluster 0 (com=0.50),0.43228195784978873
681755,3,34901,148,0,Cluster 0 (com=0.50),0.5859182017188971
681763,3,34901,1621,0,Cluster 0 (com=0.50),0.5957951923969038
681938,3,34901,273,1,Cluster 1 (com=0.69),0.5371304473422445
681973,3,34901,143,1,Cluster 1 (com=0.69),0.43354137263464254
682019,3,34901,68,1,Cluster 1 (com=0.69),0.44512059760402467
682070,3,34901,582,0,Cluster 0 (com=0.50),0.32894003546187206
682276,3,34901,284,0,Cluster 0 (com=0.50),0.5589163117989205
682298,3,34901,336,0,Cluster 0 (com=0.50),0.32524543762253877
682358,3,34901,160,0,Cluster 0 (com=0.50),0.2174964894898478
682390,3,34901,49,0,Cluster 0 (com=0.50),0.2843985231791935
682436,3,34901,368,1,Cluster 1 (com=0.69),0.4052937017053625
682437,3,34901,877,0,Cluster 0 (com=0.50),0.3089553703843452
682511,3,34901,444,0,Cluster 0 (com=0.50),0.2450906060664226
682539,3,34901,458,0,Cluster 0 (com=0.50),0.5759728847812599
682569,3,34901,753,0,Cluster 0 (com=0.50),0.5354325252056464
682588,3,34901,532,1,Cluster 1 (com=0.69),0.2821781518910378
682613,3,34901,595,0,Cluster 0 (com=0.50),0.18996769224028545
682632,3,34901,663,0,Cluster 0 (com=0.50),0.5661889608928173
682695,3,34901,388,0,Cluster 0 (com=0.50),0.5773210174189026
682753,3,34901,474,0,Cluster 0 (com=0.50),0.6013222573493058
682839,3,34901,830,1,Cluster 1 (com=0.69),0.06428523322861084
682894,3,34901,143,0,Cluster 0 (com=0.50),0.36370745859578996
682963,3,34901,905,0,Cluster 0 (com=0.50),0.48429967870873214
682981,3,34901,915,0,Cluster 0 (com=0.50),0.5283120931135813
682983,3,34901,392,0,Cluster 0 (com=0.50),0.48822122498593956
682985,3,34901,189,1,Cluster 1 (com=0.69),0.463952161877804
682990,3,34901,909,0,Cluster 0 (com=0.50),0.5696401925696417
683033,3,34901,249,0,Cluster 0 (com=0.50),0.5642205950436784
683094,3,34901,66,0,Cluster 0 (com=0.50),0.4125632662836133
683178,3,34901,555,0,Cluster 0 (com=0.50),0.40554544756257166
683243,3,34901,52,0,Cluster 0 (com=0.50),0.22152026715310122
683305,3,34901,25,1,Cluster 1 (com=0.69),0.49504466710493655
683346,3,34901,891,0,Cluster 0 (com=0.50),0.40150812075597464
683352,3,34901,405,0,Cluster 0 (com=0.50),0.3031906722989124
683353,3,34901,811,0,Cluster 0 (com=0.50),0.2136154143236244
683375,3,34901,314,0,Cluster 0 (com=0.50),0.4368036186785213
683403,3,34901,510,0,Cluster 0 (com=0.50),0.445890732034105
683467,3,34901,34,1,Cluster 1 (com=0.69),0.4665347275205148
683530,3,34901,1139,0,Cluster 0 (com=0.50),0.4555593327623286
683550,3,34901,9,0,Cluster 0 (com=0.50),0.020889600647459147
683604,3,34901,895,0,Cluster 0 (com=0.50),0.5787707502351972
683624,3,34901,791,0,Cluster 0 (com=0.50),0.4773975916369703
683764,3,34901,204,0,Cluster 0 (com=0.50),0.32711862487900023
683820,3,34901,316,0,Cluster 0 (com=0.50),0.5735596183127719
683902,3,34901,48,1,Cluster 1 (com=0.69),0.3827344189076407
683934,3,34901,356,0,Cluster 0 (com=0.50),0.4932437577915036
684013,3,34901,1125,0,Cluster 0 (com=0.50),0.5294697887776105
684183,3,34901,237,0,Cluster 0 (com=0.50),0.17194696199998064
684311,3,34901,242,0,Cluster 0 (com=0.50),0.5947933128419872
684383,3,34901,390,0,Cluster 0 (com=0.50),0.5053912054385823
684386,3,34901,37,0,Cluster 0 (com=0.50),0.2879172416638411
684526,3,34901,99,0,Cluster 0 (com=0.50),0.5504058158924848
684592,3,34901,293,1,Cluster 1 (com=0.69),0.09543618836339776
684671,3,34901,70,0,Cluster 0 (com=0.50),0.3880391475277303
684675,3,34901,87,1,Cluster 1 (com=0.69),0.4665347275205148
684882,3,34901,394,0,Cluster 0 (com=0.50),0.42741160585325905
684981,3,34901,974,0,Cluster 0 (com=0.50),0.4166227936601911
685128,3,34901,263,1,Cluster 1 (com=0.69),0.4885220386971638
685140,3,34901,111,0,Cluster 0 (com=0.50),0.13365277677607976
685155,3,34901,580,0,Cluster 0 (com=0.50),0.458369276607377
685212,3,34901,867,0,Cluster 0 (com=0.50),0.09780788660005525
685276,3,34901,1411,0,Cluster 0 (com=0.50),0.4187478926930688
685283,3,34901,61,0,Cluster 0 (com=0.50),0.4670376361242871
685330,3,34901,1282,0,Cluster 0 (com=0.50),0.4059395154386525
685339,3,34901,195,0,Cluster 0 (com=0.50),0.2822060284514483
685367,3,34901,110,1,Cluster 1 (com=0.69),0.3592704436387571
685373,3,34901,601,0,Cluster 0 (com=0.50),0.5567591298580745
685410,3,34901,906,0,Cluster 0 (com=0.50),0.4328715357976631
685619,3,34901,38,1,Cluster 1 (com=0.69),0.08972320873499125
685705,3,34901,489,0,Cluster 0 (com=0.50),0.20452107092555452
685708,3,34901,355,0,Cluster 0 (com=0.50),0.562193240971221
685772,3,34901,893,0,Cluster 0 (com=0.50),0.5043568491088892
685831,3,34901,286,1,Cluster 1 (com=0.69),-0.021151509691782887
686065,3,34901,469,0,Cluster 0 (com=0.50),0.35533542616084585
686314,3,34901,207,0,Cluster 0 (com=0.50),0.37027289872645675
686317,3,34901,161,1,Cluster 1 (com=0.69),0.16244056627159917
686344,3,34901,546,0,Cluster 0 (com=0.50),0.5397923016253297
686348,3,34901,862,0,Cluster 0 (com=0.50),0.5021621580777776
686498,3,34901,488,0,Cluster 0 (com=0.50),0.5176118959667517
686522,3,34901,162,0,Cluster 0 (com=0.50),0.5334182094116339
686558,3,34901,62,1,Cluster 1 (com=0.69),0.4148094981022994
686700,3,34901,31,1,Cluster 1 (com=0.69),0.3577059374407699
686705,3,34901,385,0,Cluster 0 (com=0.50),0.36708231423891197
686786,3,34901,158,0,Cluster 0 (com=0.50),0.46837886328907724
686946,3,34901,71,1,Cluster 1 (com=0.69),0.04784066161772237
687033,3,34901,22,1,Cluster 1 (com=0.69),0.4839115749865234
687073,3,34901,222,0,Cluster 0 (com=0.50),0.5474783400053687
687112,3,34901,416,1,Cluster 1 (com=0.69),0.21837145985605663
687115,3,34901,112,1,Cluster 1 (com=0.69),0.5025537510426256
687345,3,34901,121,0,Cluster 0 (com=0.50),0.32659241233179714
687351,3,34901,336,1,Cluster 1 (com=0.69),0.3859256941982309
687410,3,34901,333,1,Cluster 1 (com=0.69),0.45841060685142815
687434,3,34901,1073,0,Cluster 0 (com=0.50),0.4372325140790139
687468,3,34901,502,0,Cluster 0 (com=0.50),0.2450133197757317
687485,3,34901,465,1,Cluster 1 (com=0.69),0.06589187883121249
687503,3,34901,809,0,Cluster 0 (com=0.50),0.4621135914784175
687686,3,34901,398,1,Cluster 1 (com=0.69),0.5242860134713014
687846,3,34901,46,1,Cluster 1 (com=0.69),0.4665347275205148
687910,3,34901,502,0,Cluster 0 (com=0.50),0.4230654607651129
687930,3,34901,284,1,Cluster 1 (com=0.69),0.23426939815653786
687931,3,34901,510,0,Cluster 0 (com=0.50),0.41654170543060826
687988,3,34901,685,0,Cluster 0 (com=0.50),0.47466183492412506
688008,3,34901,280,0,Cluster 0 (com=0.50),0.4103175581018433
688127,3,34901,353,1,Cluster 1 (com=0.69),0.5368963549588607
688136,3,34901,338,0,Cluster 0 (com=0.50),0.4214008534912719
688192,3,34901,509,0,Cluster 0 (com=0.50),0.5644261226234413
688225,3,34901,663,0,Cluster 0 (com=0.50),0.4862392708822054
688265,3,34901,96,0,Cluster 0 (com=0.50),0.34295633090035094
688337,3,34901,217,1,Cluster 1 (com=0.69),0.28785873484662505
688470,3,34901,93,1,Cluster 1 (com=0.69),0.502254512231151
688543,3,34901,229,0,Cluster 0 (com=0.50),0.3105684511667266
688667,3,34901,907,0,Cluster 0 (com=0.50),0.5801650911846093
688685,3,34901,312,0,Cluster 0 (com=0.50),0.43041246789753257
688727,3,34901,1039,0,Cluster 0 (com=0.50),0.5906375307942234
688891,3,34901,644,0,Cluster 0 (com=0.50),0.5350928815856396
688895,3,34901,1101,0,Cluster 0 (com=0.50),0.5898444061117714
688904,3,34901,454,0,Cluster 0 (com=0.50),0.4675167765258602
689005,3,34901,87,0,Cluster 0 (com=0.50),0.3869856074213052
689056,3,34901,26,1,Cluster 1 (com=0.69),0.5032940594612171
689260,3,34901,361,0,Cluster 0 (com=0.50),0.34457713479154944
689280,3,34901,1131,0,Cluster 0 (com=0.50),0.38770246389186397
689347,3,34901,192,0,Cluster 0 (com=0.50),0.4060272229630141
689444,3,34901,172,1,Cluster 1 (com=0.69),0.43747680118282184
689796,3,34901,771,0,Cluster 0 (com=0.50),0.10003238773905747
689832,3,34901,368,0,Cluster 0 (com=0.50),0.4461017938307034
689855,3,34901,487,0,Cluster 0 (com=0.50),0.48385798776407496
689924,3,34901,177,0,Cluster 0 (com=0.50),0.07173251959833028
690075,3,34901,88,1,Cluster 1 (com=0.69),0.5029025960929905
690198,3,34901,297,0,Cluster 0 (com=0.50),0.0729597447223767
690382,3,34901,40,1,Cluster 1 (com=0.69),0.36861481268473956
690628,3,34901,706,0,Cluster 0 (com=0.50),0.4916245806533938
690635,3,34901,212,1,Cluster 1 (com=0.69),0.5056039529827608
690746,3,34901,1052,0,Cluster 0 (com=0.50),0.5572456600018971
690832,3,34901,67,0,Cluster 0 (com=0.50),0.35825828982268587
690872,3,34901,926,1,Cluster 1 (com=0.69),0.3999265877031657
690962,3,34901,22,1,Cluster 1 (com=0.69),0.4977899056736996
691269,3,34901,695,0,Cluster 0 (com=0.50),0.28063791394828935
691280,3,34901,116,1,Cluster 1 (com=0.69),0.3215865721761907
691326,3,34901,444,0,Cluster 0 (com=0.50),0.47999737509804724
691375,3,34901,159,0,Cluster 0 (com=0.50),0.21537064069403547
691465,3,34901,272,0,Cluster 0 (com=0.50),0.42988796702850324
691699,3,34901,198,1,Cluster 1 (com=0.69),0.38050721778380686
691722,3,34901,686,0,Cluster 0 (com=0.50),0.5482403761361135
691873,3,34901,56,0,Cluster 0 (com=0.50),0.5929476920896155
691932,3,34901,959,0,Cluster 0 (com=0.50),0.5496181860766531
692010,3,34901,794,0,Cluster 0 (com=0.50),0.5587498993537635
692097,3,34901,748,0,Cluster 0 (com=0.50),0.4634465063229711
692220,3,34901,441,1,Cluster 1 (com=0.69),-0.0037577517305639697
692301,3,34901,50,1,Cluster 1 (com=0.69),0.5113068609836732
692334,3,34901,447,0,Cluster 0 (com=0.50),0.48441811753005204
692454,3,34901,704,0,Cluster 0 (com=0.50),0.5877848745197208
692612,3,34901,1301,0,Cluster 0 (com=0.50),0.28762717012204475
692893,3,34901,164,1,Cluster 1 (com=0.69),0.4937497716861448
692946,3,34901,53,0,Cluster 0 (com=0.50),0.41134287765608524
692962,3,34901,557,0,Cluster 0 (com=0.50),0.5559860836769066
692968,3,34901,65,1,Cluster 1 (com=0.69),0.4626264249857116
693160,3,34901,454,0,Cluster 0 (com=0.50),0.5125653929523317
693162,3,34901,774,0,Cluster 0 (com=0.50),0.5142622529539765
693197,3,34901,77,1,Cluster 1 (com=0.69),0.15437996979412305
693236,3,34901,306,0,Cluster 0 (com=0.50),0.4623873852074986
693345,3,34901,195,0,Cluster 0 (com=0.50),0.1467412657574496
693373,3,34901,103,0,Cluster 0 (com=0.50),0.24484834135860237
693497,3,34901,575,0,Cluster 0 (com=0.50),0.4325607260672766
693519,3,34901,25,1,Cluster 1 (com=0.69),0.4878043916765462
693628,3,34901,506,0,Cluster 0 (com=0.50),0.24277806353770298
693764,3,34901,57,1,Cluster 1 (com=0.69),0.2753793850055549
693806,3,34901,412,0,Cluster 0 (com=0.50),0.2587735697143606
693873,3,34901,190,1,Cluster 1 (com=0.69),0.510532874773304
693903,3,34901,301,0,Cluster 0 (com=0.50),0.5900964965463216
693907,3,34901,298,1,Cluster 1 (com=0.69),0.36595290476874665
694128,3,34901,276,0,Cluster 0 (com=0.50),0.25999052883014284
694144,3,34901,278,1,Cluster 1 (com=0.69),0.3446583536144041
694221,3,34901,71,0,Cluster 0 (com=0.50),0.4935791852068117
694456,3,34901,33,0,Cluster 0 (com=0.50),0.2174964894898478
694622,3,34901,379,0,Cluster 0 (com=0.50),0.2424521715465974
694716,3,34901,593,0,Cluster 0 (com=0.50),0.48763157875022145
694827,3,34901,185,1,Cluster 1 (com=0.69),0.25416413785245906
694836,3,34901,247,0,Cluster 0 (com=0.50),0.26140878237952836
694848,3,34901,299,0,Cluster 0 (com=0.50),0.5598283133248353
695090,3,34901,116,1,Cluster 1 (com=0.69),0.13463205187005226
695169,3,34901,186,1,Cluster 1 (com=0.69),0.4805166366740755
695471,3,34901,630,0,Cluster 0 (com=0.50),0.4650004055845122
695485,3,34901,77,0,Cluster 0 (com=0.50),0.0854245221929057
695637,3,34901,337,0,Cluster 0 (com=0.50),0.5530875846096698
695729,3,34901,1615,0,Cluster 0 (com=0.50),0.41709254619634395
695803,3,34901,381,0,Cluster 0 (com=0.50),0.28486363185865926
695825,3,34901,469,0,Cluster 0 (com=0.50),0.4250517388407636
695869,3,34901,824,0,Cluster 0 (com=0.50),0.588531312542755
696039,3,34901,167,0,Cluster 0 (com=0.50),0.07065613897337503
696043,3,34901,128,1,Cluster 1 (com=0.69),0.06491066655135594
696082,3,34901,316,1,Cluster 1 (com=0.69),0.036588250416240704
696188,3,34901,53,1,Cluster 1 (com=0.69),0.40100377952574895
696275,3,34901,1440,0,Cluster 0 (com=0.50),0.5967685004203774
696318,3,34901,377,0,Cluster 0 (com=0.50),0.3828937563801775
696329,3,34901,818,0,Cluster 0 (com=0.50),0.37384007674083697
696347,3,34901,407,0,Cluster 0 (com=0.50),0.5008118243879046
696364,3,34901,159,0,Cluster 0 (com=0.50),0.07267042208828917
696583,3,34901,429,0,Cluster 0 (com=0.50),0.4061683993931796
696653,3,34901,204,1,Cluster 1 (com=0.69),0.3602984482635656
696659,3,34901,78,0,Cluster 0 (com=0.50),0.39283435829226654
696662,3,34901,1309,0,Cluster 0 (com=0.50),0.5712351516514718
696666,3,34901,32,1,Cluster 1 (com=0.69),0.4878537853467161
696671,3,34901,258,0,Cluster 0 (com=0.50),0.17126855952723982
696672,3,34901,41,1,Cluster 1 (com=0.69),0.5196582540833855
696674,3,34901,116,0,Cluster 0 (com=0.50),0.3415104315375959
696678,3,34901,168,1,Cluster 1 (com=0.69),0.19515644562961626
696729,3,34901,427,0,Cluster 0 (com=0.50),0.520414544371477
697027,3,34901,577,0,Cluster 0 (com=0.50),0.44878615555982004
697114,3,34901,59,1,Cluster 1 (com=0.69),0.50278386246134
697255,3,34901,562,1,Cluster 1 (com=0.69),0.43065589078731126
697438,3,34901,630,0,Cluster 0 (com=0.50),0.556048815181876
697478,3,34901,127,0,Cluster 0 (com=0.50),0.28249592571852533
697878,3,34901,627,1,Cluster 1 (com=0.69),0.1950505091652331
697998,3,34901,73,0,Cluster 0 (com=0.50),0.47758613173011766
698384,3,34901,407,0,Cluster 0 (com=0.50),0.20554112823758564
698485,3,34901,282,0,Cluster 0 (com=0.50),0.20313650279204848
698656,3,34901,602,0,Cluster 0 (com=0.50),0.4527355651070088
699126,3,34901,53,1,Cluster 1 (com=0.69),0.46742593501794794
699127,3,34901,96,1,Cluster 1 (com=0.69),0.4665347275205148
699128,3,34901,88,1,Cluster 1 (com=0.69),0.5091870432039413
895524,3,34901,1572,0,Cluster 0 (com=0.50),0.5905041406088084
1042726,3,34901,183,1,Cluster 1 (com=0.69),0.11774441585118543
1318759,3,34901,380,0,Cluster 0 (com=0.50),0.4862115997633474
1348205,3,34901,1260,0,Cluster 0 (com=0.50),0.5835428962011509
1391717,3,34901,180,1,Cluster 1 (com=0.69),0.09549033581416663
1409532,3,34901,359,0,Cluster 0 (com=0.50),0.5949519893793425
1413902,3,34901,343,0,Cluster 0 (com=0.50),0.27332117423843866
1448966,3,34901,33,1,Cluster 1 (com=0.69),0.4665347275205148
1450604,3,34901,565,0,Cluster 0 (com=0.50),0.49366199781307923
1473878,3,34901,125,0,Cluster 0 (com=0.50),0.547949719096247
1501577,3,34901,193,0,Cluster 0 (com=0.50),0.4731375464011188
1532711,3,34901,309,1,Cluster 1 (com=0.69),0.5191480924451296
1585671,3,34901,517,0,Cluster 0 (com=0.50),0.4820669830703558
1603549,3,34901,113,1,Cluster 1 (com=0.69),0.06865327750711016
1631797,3,34901,177,1,Cluster 1 (com=0.69),0.01010490480312205
1639699,3,34901,259,0,Cluster 0 (com=0.50),0.5513906837536995
1640680,3,34901,386,0,Cluster 0 (com=0.50),0.5066327780487841
1658963,3,34901,17,1,Cluster 1 (com=0.69),0.1208892449235432
1722493,3,34901,911,0,Cluster 0 (com=0.50),0.5853252542388842
1733664,3,34901,1491,1,Cluster 1 (com=0.69),0.3672130586022906
1752994,3,34901,785,0,Cluster 0 (com=0.50),0.42295933515151
1755594,3,34901,314,0,Cluster 0 (com=0.50),0.5970322605888576
1771775,3,34901,295,1,Cluster 1 (com=0.69),0.5166258642056436
1796402,3,34901,102,1,Cluster 1 (com=0.69),0.37948598413115087
1810759,3,34901,149,0,Cluster 0 (com=0.50),0.05960405310522449
1816458,3,34901,817,0,Cluster 0 (com=0.50),0.5200162767587378
1817710,3,34901,209,1,Cluster 1 (com=0.69),0.5286525317459381
1818385,3,34901,433,0,Cluster 0 (com=0.50),0.49174471176318413
1836241,3,34901,569,0,Cluster 0 (com=0.50),0.5202012911381488
1837138,3,34901,1998,0,Cluster 0 (com=0.50),0.5611253317587076
1856869,3,34901,199,0,Cluster 0 (com=0.50),0.055761748853996054
1871598,3,34901,1781,0,Cluster 0 (com=0.50),0.6018615390186451
1871684,3,34901,125,0,Cluster 0 (com=0.50),0.4820337360543797
1877902,3,34901,742,0,Cluster 0 (com=0.50),0.48880996867499443
1879321,3,34901,836,0,Cluster 0 (com=0.50),0.5827470989514545
1881231,3,34901,329,0,Cluster 0 (com=0.50),0.3084285616801075
1887108,3,34901,835,0,Cluster 0 (com=0.50),0.19451771034450613
1889752,3,34901,300,0,Cluster 0 (com=0.50),0.5264801127077068
1944167,3,34901,226,0,Cluster 0 (com=0.50),0.24014309243419485
1948159,3,34901,213,0,Cluster 0 (com=0.50),0.45848334352327497
1962049,3,34901,1734,0,Cluster 0 (com=0.50),0.5645539940997204
1962062,3,34901,298,0,Cluster 0 (com=0.50),0.35532588620258265
1972092,3,34901,1069,0,Cluster 0 (com=0.50),0.5925232816328249
1995177,3,34901,406,0,Cluster 0 (com=0.50),0.48056979717539766
1998834,3,34901,110,0,Cluster 0 (com=0.50),0.23392998756887842
2017487,3,34901,743,0,Cluster 0 (com=0.50),0.5539458507449005
2020628,3,34901,1236,0,Cluster 0 (com=0.50),0.5574955826628911
2026075,3,34901,670,0,Cluster 0 (com=0.50),0.2952710723396386
2029571,3,34901,459,0,Cluster 0 (com=0.50),0.24020743764530544
2035700,3,34901,1368,0,Cluster 0 (com=0.50),0.595761797182294
2047575,3,34901,792,0,Cluster 0 (com=0.50),0.39467767979522544
2065972,3,34901,465,0,Cluster 0 (com=0.50),0.4839905508841517
2067799,3,34901,53,1,Cluster 1 (com=0.69),0.4665347275205148
2081123,3,34901,194,0,Cluster 0 (com=0.50),0.15939589668738163
2096251,3,34901,371,0,Cluster 0 (com=0.50),0.5072944928634551
2103552,3,34901,289,0,Cluster 0 (com=0.50),0.4703293345314376
2106955,3,34901,1179,0,Cluster 0 (com=0.50),0.6003649836677973
2128283,3,34901,862,0,Cluster 0 (com=0.50),0.5652034953710613
2138970,3,34901,103,0,Cluster 0 (com=0.50),0.2855371971232772
2140300,3,34901,741,0,Cluster 0 (com=0.50),0.39234417942683664
2143312,3,34901,1448,0,Cluster 0 (com=0.50),0.35848369564257515
2143440,3,34901,519,0,Cluster 0 (com=0.50),0.1727542162576999
2154361,3,34901,195,1,Cluster 1 (com=0.69),0.4470452287189623
2160316,3,34901,1291,0,Cluster 0 (com=0.50),0.2872687519006417
2178837,3,34901,1258,0,Cluster 0 (com=0.50),0.580021635667062
2180090,3,34901,1841,0,Cluster 0 (com=0.50),0.5897887172612438
2185729,3,34901,633,0,Cluster 0 (com=0.50),0.41491488273958416
2197766,3,34901,376,0,Cluster 0 (com=0.50),0.24696312500932938
2254637,3,34901,493,0,Cluster 0 (com=0.50),0.5661152344955372
2274542,3,34901,441,0,Cluster 0 (com=0.50),0.48914556834612294
2278101,3,34901,183,1,Cluster 1 (com=0.69),0.3176688558702473
2293511,3,34901,889,0,Cluster 0 (com=0.50),0.45941385025907755
2298106,3,34901,1180,1,Cluster 1 (com=0.69),0.5271831377426612
2298895,3,34901,782,0,Cluster 0 (com=0.50),0.5519109210597495
2301830,3,34901,828,0,Cluster 0 (com=0.50),0.19490209661882282
2306410,3,34901,197,0,Cluster 0 (com=0.50),0.4564871860085518
2316717,3,34901,736,1,Cluster 1 (com=0.69),0.22958894625922477
2339267,3,34901,345,1,Cluster 1 (com=0.69),0.2103397848866936
2341420,3,34901,333,0,Cluster 0 (com=0.50),0.47308198549563435
2343785,3,34901,517,0,Cluster 0 (com=0.50),0.4857989799356054
2351969,3,34901,111,1,Cluster 1 (com=0.69),0.23436093155985493
2360559,3,34901,938,0,Cluster 0 (com=0.50),0.4747372787125132
2366656,3,34901,199,1,Cluster 1 (com=0.69),0.4911738681364433
2378208,3,34901,390,1,Cluster 1 (com=0.69),0.5369047743393439
2386732,3,34901,605,0,Cluster 0 (com=0.50),0.5970706075001566
2399758,3,34901,217,0,Cluster 0 (com=0.50),0.4974187493785282
2403701,3,34901,1836,0,Cluster 0 (com=0.50),0.5949211896768053
2417975,3,34901,731,0,Cluster 0 (com=0.50),0.4693206076458659
2424257,3,34901,433,0,Cluster 0 (com=0.50),0.2624958878037082
2427845,3,34901,803,0,Cluster 0 (com=0.50),0.45399254436863296
2438784,3,34901,379,1,Cluster 1 (com=0.69),0.5059987735002428
2457440,3,34901,99,0,Cluster 0 (com=0.50),0.20768345804475288
2459292,3,34901,106,1,Cluster 1 (com=0.69),0.31859098836331157
2480886,3,34901,419,0,Cluster 0 (com=0.50),0.3023057568563915
2482710,3,34901,468,1,Cluster 1 (com=0.69),0.11822642253571478
2486930,3,34901,127,1,Cluster 1 (com=0.69),0.4718856670193864
2499307,3,34901,329,0,Cluster 0 (com=0.50),0.32965998941321356
2519138,3,34901,435,0,Cluster 0 (com=0.50),0.3518432139377092
2529419,3,34901,316,0,Cluster 0 (com=0.50),0.41839081631137076
2530976,3,34901,187,0,Cluster 0 (com=0.50),0.5376974405273229
2537777,3,34901,288,0,Cluster 0 (com=0.50),0.22737705834834088
2540871,3,34901,439,0,Cluster 0 (com=0.50),0.526586193282364
2542209,3,34901,677,0,Cluster 0 (com=0.50),0.49583939161916274
2544643,3,34901,743,0,Cluster 0 (com=0.50),0.4592750503591397
2544766,3,34901,70,0,Cluster 0 (com=0.50),0.19775139601216252
2546315,3,34901,177,1,Cluster 1 (com=0.69),0.1226144548891883
2550534,3,34901,392,1,Cluster 1 (com=0.69),0.20649352481366282
2557008,3,34901,781,0,Cluster 0 (com=0.50),0.4256115673051271
2558365,3,34901,78,1,Cluster 1 (com=0.69),0.32258684442073754
2559144,3,34901,35,1,Cluster 1 (com=0.69),0.48698071364286744
2563095,3,34901,335,1,Cluster 1 (com=0.69),0.33443273680359753
2579891,3,34901,313,0,Cluster 0 (com=0.50),0.5485426576858493
2584244,3,34901,236,0,Cluster 0 (com=0.50),0.4241071600516836
2597117,3,34901,920,0,Cluster 0 (com=0.50),0.14139553146973538
2599883,3,34901,522,0,Cluster 0 (com=0.50),0.3141057551241742
2602542,3,34901,813,1,Cluster 1 (com=0.69),0.12450436821300347
2603027,3,34901,1220,0,Cluster 0 (com=0.50),0.4881641110871666
2612102,3,34901,757,1,Cluster 1 (com=0.69),0.10774944372707612
2624028,3,34901,254,0,Cluster 0 (com=0.50),0.5302735951581873
2641156,3,34901,209,0,Cluster 0 (com=0.50),0.5224490291021058
2642532,3,34901,187,0,Cluster 0 (com=0.50),0.302952583171966
2643472,3,34901,162,1,Cluster 1 (com=0.69),0.5033033578541493
2643829,3,34901,73,0,Cluster 0 (com=0.50),0.2240891870414332
2649948,3,34901,236,0,Cluster 0 (com=0.50),0.33399732458738385
2657913,3,34901,334,1,Cluster 1 (com=0.69),0.4385172809320634
2658856,3,34901,524,0,Cluster 0 (com=0.50),0.5796178610993934
2667478,3,34901,123,0,Cluster 0 (com=0.50),0.3116811668778426
2681198,3,34901,421,0,Cluster 0 (com=0.50),0.4370408844754406
2682682,3,34901,367,1,Cluster 1 (com=0.69),0.5123922894960369
2683857,3,34901,972,1,Cluster 1 (com=0.69),0.1031651204124139
2686035,3,34901,118,1,Cluster 1 (com=0.69),0.488543029188267
2693932,3,34901,499,0,Cluster 0 (com=0.50),0.30724882836054224
2694139,3,34901,755,0,Cluster 0 (com=0.50),0.4640836484027127
2697921,3,34901,122,1,Cluster 1 (com=0.69),0.517735603854632
31296,4,34902,42,0,Cluster 0 (com=0.50),0.29295054711548607
40878,4,34902,480,0,Cluster 0 (com=0.50),0.24274274913206817
42552,4,34902,790,0,Cluster 0 (com=0.50),0.5157934210675171
45423,4,34902,124,0,Cluster 0 (com=0.50),0.1670508435029316
47861,4,34902,811,0,Cluster 0 (com=0.50),0.3960577285322439
56637,4,34902,711,0,Cluster 0 (com=0.50),0.5783049782967431
56667,4,34902,42,0,Cluster 0 (com=0.50),0.2646337742278551
58884,4,34902,1099,0,Cluster 0 (com=0.50),0.5587006909190199
64427,4,34902,974,0,Cluster 0 (com=0.50),0.5499683641382725
71159,4,34902,659,1,Cluster 1 (com=0.69),0.136437689566441
74165,4,34902,12,1,Cluster 1 (com=0.69),0.42006320698827715
75107,4,34902,1210,0,Cluster 0 (com=0.50),0.5939284207985245
77692,4,34902,220,1,Cluster 1 (com=0.69),0.49599070816429236
77995,4,34902,50,0,Cluster 0 (com=0.50),0.3017173825300754
79610,4,34902,480,0,Cluster 0 (com=0.50),0.27387022055067567
80438,4,34902,1665,0,Cluster 0 (com=0.50),0.3787272777890742
84604,4,34902,1357,0,Cluster 0 (com=0.50),0.5472299739726622
87264,4,34902,1628,0,Cluster 0 (com=0.50),0.5317833951550434
87322,4,34902,167,1,Cluster 1 (com=0.69),0.5169519653097333
102854,4,34902,959,0,Cluster 0 (com=0.50),0.574999833982846
105939,4,34902,302,0,Cluster 0 (com=0.50),0.5563382385935043
107455,4,34902,154,0,Cluster 0 (com=0.50),0.13965137608291883
108949,4,34902,63,1,Cluster 1 (com=0.69),0.414558148615165
119310,4,34902,479,0,Cluster 0 (com=0.50),0.532773355918428
119865,4,34902,194,0,Cluster 0 (com=0.50),0.48433039023651975
125063,4,34902,347,1,Cluster 1 (com=0.69),0.4998399862684989
129907,4,34902,892,0,Cluster 0 (com=0.50),0.4817807209708128
130409,4,34902,15,0,Cluster 0 (com=0.50),0.3888933970935261
131597,4,34902,738,0,Cluster 0 (com=0.50),0.30299095646909485
132475,4,34902,568,0,Cluster 0 (com=0.50),0.5295037568521604
135280,4,34902,164,1,Cluster 1 (com=0.69),0.5000883970124996
136944,4,34902,227,0,Cluster 0 (com=0.50),0.3374402288743655
139206,4,34902,679,0,Cluster 0 (com=0.50),0.3143514542473403
142310,4,34902,387,0,Cluster 0 (com=0.50),0.4458917401538626
149178,4,34902,268,0,Cluster 0 (com=0.50),0.5845342693223452
150282,4,34902,105,1,Cluster 1 (com=0.69),0.48764101193121656
152524,4,34902,1172,0,Cluster 0 (com=0.50),0.5632603074166186
152917,4,34902,1408,0,Cluster 0 (com=0.50),0.1716082179902665
155938,4,34902,318,1,Cluster 1 (com=0.69),0.1292682463236819
159906,4,34902,284,1,Cluster 1 (com=0.69),0.24049784499310406
159947,4,34902,278,0,Cluster 0 (com=0.50),0.5443202419175937
164148,4,34902,794,0,Cluster 0 (com=0.50),0.4016476315314009
166123,4,34902,488,0,Cluster 0 (com=0.50),0.5468806992395139
170874,4,34902,499,0,Cluster 0 (com=0.50),0.4391148496724371
171692,4,34902,82,0,Cluster 0 (com=0.50),0.31606038997120783
172493,4,34902,764,0,Cluster 0 (com=0.50),0.4074769904118009
173412,4,34902,769,1,Cluster 1 (com=0.69),0.051406679953862174
177492,4,34902,524,0,Cluster 0 (com=0.50),0.5779373894763578
185994,4,34902,539,0,Cluster 0 (com=0.50),0.5145783712910976
194163,4,34902,657,0,Cluster 0 (com=0.50),0.5318977296437264
195246,4,34902,581,0,Cluster 0 (com=0.50),0.5140467460155114
195552,4,34902,1985,0,Cluster 0 (com=0.50),0.5218126032892367
197536,4,34902,176,1,Cluster 1 (com=0.69),0.49381999601925436
199009,4,34902,728,1,Cluster 1 (com=0.69),-0.03268005461400147
226955,4,34902,207,0,Cluster 0 (com=0.50),0.4214838216456223
228633,4,34902,159,1,Cluster 1 (com=0.69),0.02549895002424361
229498,4,34902,603,0,Cluster 0 (com=0.50),0.28895594034585476
232173,4,34902,591,0,Cluster 0 (com=0.50),0.5291348904377132
234661,4,34902,426,1,Cluster 1 (com=0.69),0.21071708845480322
235768,4,34902,47,1,Cluster 1 (com=0.69),0.16092801752195798
235971,4,34902,495,0,Cluster 0 (com=0.50),0.4369699152370902
236090,4,34902,623,0,Cluster 0 (com=0.50),0.5341618969316196
237891,4,34902,309,0,Cluster 0 (com=0.50),0.4832262209282406
249357,4,34902,324,0,Cluster 0 (com=0.50),0.3108509357223149
251166,4,34902,748,0,Cluster 0 (com=0.50),0.5695204053738105
253633,4,34902,312,0,Cluster 0 (com=0.50),0.44835162649282684
253763,4,34902,805,0,Cluster 0 (com=0.50),0.35520009952211895
258245,4,34902,282,0,Cluster 0 (com=0.50),0.1799317011269268
258509,4,34902,332,0,Cluster 0 (com=0.50),0.09089871004568727
258978,4,34902,308,1,Cluster 1 (com=0.69),0.11966766200662475
262025,4,34902,410,1,Cluster 1 (com=0.69),0.4430621473187271
262394,4,34902,176,1,Cluster 1 (com=0.69),0.5062310091669932
263862,4,34902,270,0,Cluster 0 (com=0.50),0.30177242169391866
265497,4,34902,228,0,Cluster 0 (com=0.50),0.30306176556394654
269584,4,34902,102,0,Cluster 0 (com=0.50),0.328485413900192
270421,4,34902,239,1,Cluster 1 (com=0.69),0.5306870083611281
278380,4,34902,230,1,Cluster 1 (com=0.69),0.3171938086029068
279440,4,34902,107,1,Cluster 1 (com=0.69),0.013158981272689945
279653,4,34902,785,0,Cluster 0 (com=0.50),0.5051299871217657
281134,4,34902,702,0,Cluster 0 (com=0.50),0.4061535481628709
282849,4,34902,1126,0,Cluster 0 (com=0.50),0.34578876408832815
283402,4,34902,904,0,Cluster 0 (com=0.50),0.46186490145437636
286778,4,34902,453,1,Cluster 1 (com=0.69),-0.03341077080068896
287079,4,34902,253,0,Cluster 0 (com=0.50),0.4510923953425898
287258,4,34902,627,0,Cluster 0 (com=0.50),0.4963003616794569
289247,4,34902,637,0,Cluster 0 (com=0.50),0.4323175118008334
294219,4,34902,533,1,Cluster 1 (com=0.69),0.20517471678869487
294929,4,34902,868,0,Cluster 0 (com=0.50),0.4698166503424196
297218,4,34902,41,0,Cluster 0 (com=0.50),0.031232748217193462
297341,4,34902,250,0,Cluster 0 (com=0.50),0.10727347930694797
301074,4,34902,437,0,Cluster 0 (com=0.50),0.4361696863700788
305064,4,34902,1014,0,Cluster 0 (com=0.50),0.5647432862897456
305659,4,34902,73,1,Cluster 1 (com=0.69),0.4521676362496457
310205,4,34902,577,1,Cluster 1 (com=0.69),0.11954921201599988
312231,4,34902,51,1,Cluster 1 (com=0.69),0.3947172935828649
312960,4,34902,37,1,Cluster 1 (com=0.69),0.3096545235208911
315795,4,34902,39,0,Cluster 0 (com=0.50),0.10688285189197215
316082,4,34902,481,1,Cluster 1 (com=0.69),0.2799820331713099
318147,4,34902,1085,0,Cluster 0 (com=0.50),0.577401499919097
319073,4,34902,283,1,Cluster 1 (com=0.69),0.24471284361346346
320133,4,34902,907,0,Cluster 0 (com=0.50),0.5674425725796637
320612,4,34902,751,0,Cluster 0 (com=0.50),0.5953216024139983
328797,4,34902,258,1,Cluster 1 (com=0.69),0.5170187495057693
329895,4,34902,145,0,Cluster 0 (com=0.50),0.29641321838155743
331789,4,34902,673,0,Cluster 0 (com=0.50),0.6024753803273026
333993,4,34902,407,0,Cluster 0 (com=0.50),0.27583698274947305
335095,4,34902,527,1,Cluster 1 (com=0.69),0.11270395648337182
337000,4,34902,624,0,Cluster 0 (com=0.50),0.5896201864862883
338689,4,34902,600,0,Cluster 0 (com=0.50),0.3362586110156241
338806,4,34902,110,1,Cluster 1 (com=0.69),0.48414503466512004
339519,4,34902,494,1,Cluster 1 (com=0.69),0.4335734114019355
341629,4,34902,436,0,Cluster 0 (com=0.50),0.5212590919464729
343709,4,34902,59,1,Cluster 1 (com=0.69),0.33364581266087623
345271,4,34902,878,0,Cluster 0 (com=0.50),0.3853596208147538
347197,4,34902,1051,0,Cluster 0 (com=0.50),0.5076608295958663
348108,4,34902,195,1,Cluster 1 (com=0.69),0.5163156059670915
348324,4,34902,331,0,Cluster 0 (com=0.50),0.4050223126676929
349515,4,34902,14,1,Cluster 1 (com=0.69),0.35527470395167876
351147,4,34902,615,0,Cluster 0 (com=0.50),0.5570680701801967
354698,4,34902,147,1,Cluster 1 (com=0.69),0.3651387848947609
355293,4,34902,396,0,Cluster 0 (com=0.50),0.2929127790720767
364066,4,34902,694,0,Cluster 0 (com=0.50),0.2263106783112219
366140,4,34902,1037,0,Cluster 0 (com=0.50),0.4765736068337714
367151,4,34902,689,1,Cluster 1 (com=0.69),0.3708615141724226
369242,4,34902,323,0,Cluster 0 (com=0.50),0.4301604313218251
369450,4,34902,974,0,Cluster 0 (com=0.50),0.5476751469258726
370735,4,34902,306,1,Cluster 1 (com=0.69),0.49400065345551375
372345,4,34902,124,1,Cluster 1 (com=0.69),0.4989206728053413
372509,4,34902,91,0,Cluster 0 (com=0.50),0.14970802167704522
372511,4,34902,78,1,Cluster 1 (com=0.69),0.4899269827376002
375527,4,34902,425,1,Cluster 1 (com=0.69),0.37941914131240434
378946,4,34902,1297,0,Cluster 0 (com=0.50),0.5344175073750592
380952,4,34902,162,0,Cluster 0 (com=0.50),0.32327155087262344
381257,4,34902,760,0,Cluster 0 (com=0.50),0.5117156034077058
381414,4,34902,109,0,Cluster 0 (com=0.50),0.5587451228808931
383445,4,34902,27,0,Cluster 0 (com=0.50),0.3848281926440338
383602,4,34902,879,0,Cluster 0 (com=0.50),0.5495070666612568
383629,4,34902,140,0,Cluster 0 (com=0.50),0.3352758361805408
384107,4,34902,80,1,Cluster 1 (com=0.69),-0.007668183092348966
386389,4,34902,435,1,Cluster 1 (com=0.69),0.15331026268444517
390070,4,34902,39,0,Cluster 0 (com=0.50),0.4210443611250934
396683,4,34902,196,1,Cluster 1 (com=0.69),0.2330269241378199
396834,4,34902,325,0,Cluster 0 (com=0.50),0.20730696457674874
396907,4,34902,340,1,Cluster 1 (com=0.69),0.281245208863112
397219,4,34902,1527,0,Cluster 0 (com=0.50),0.5994327536184776
397671,4,34902,601,0,Cluster 0 (com=0.50),0.5199870769587902
398550,4,34902,442,0,Cluster 0 (com=0.50),0.24462450752200873
398630,4,34902,167,1,Cluster 1 (com=0.69),0.47602387016803627
399429,4,34902,674,0,Cluster 0 (com=0.50),0.43559905360255197
402695,4,34902,730,1,Cluster 1 (com=0.69),0.2906210247849449
405193,4,34902,1731,0,Cluster 0 (com=0.50),0.5755499548821067
407232,4,34902,1882,0,Cluster 0 (com=0.50),0.4937875936439448
410407,4,34902,433,0,Cluster 0 (com=0.50),0.585834759228579
410883,4,34902,320,1,Cluster 1 (com=0.69),0.4972389919614504
411304,4,34902,281,1,Cluster 1 (com=0.69),0.3621675070856167
412353,4,34902,862,0,Cluster 0 (com=0.50),0.5401438792643717
413180,4,34902,1595,0,Cluster 0 (com=0.50),0.11019282625919856
413709,4,34902,484,0,Cluster 0 (com=0.50),0.31213472961286176
413949,4,34902,878,0,Cluster 0 (com=0.50),0.07269312670524183
416199,4,34902,545,0,Cluster 0 (com=0.50),0.31615866243348884
416407,4,34902,789,0,Cluster 0 (com=0.50),0.3117459512877069
419059,4,34902,272,1,Cluster 1 (com=0.69),0.424401770984042
423210,4,34902,274,1,Cluster 1 (com=0.69),0.4483849993101292
423488,4,34902,195,1,Cluster 1 (com=0.69),0.4665347275205148
423781,4,34902,505,0,Cluster 0 (com=0.50),0.5373484108781565
427256,4,34902,618,0,Cluster 0 (com=0.50),0.37795041750302466
429832,4,34902,40,1,Cluster 1 (com=0.69),0.5187279157543184
431139,4,34902,569,0,Cluster 0 (com=0.50),0.08770904821913636
434476,4,34902,2834,0,Cluster 0 (com=0.50),0.217418426732797
439950,4,34902,58,1,Cluster 1 (com=0.69),0.4085345843295658
439995,4,34902,322,0,Cluster 0 (com=0.50),0.334757088041472
440818,4,34902,803,0,Cluster 0 (com=0.50),0.48296446664694376
441165,4,34902,75,0,Cluster 0 (com=0.50),0.42400811905901464
442199,4,34902,95,1,Cluster 1 (com=0.69),-0.004024490524251064
442563,4,34902,238,0,Cluster 0 (com=0.50),0.3714270740320064
442802,4,34902,596,0,Cluster 0 (com=0.50),0.08737104865812521
443151,4,34902,188,1,Cluster 1 (com=0.69),0.19668723497505813
443514,4,34902,330,0,Cluster 0 (com=0.50),0.3125070360028177
443696,4,34902,295,1,Cluster 1 (com=0.69),0.18850747560124015
444011,4,34902,474,0,Cluster 0 (com=0.50),0.4609006858767722
444619,4,34902,2312,0,Cluster 0 (com=0.50),0.3065206181964717
444907,4,34902,306,1,Cluster 1 (com=0.69),0.10437890520119536
445686,4,34902,10,0,Cluster 0 (com=0.50),0.4634185138649686
465121,4,34902,74,0,Cluster 0 (com=0.50),0.46539473268632503
465294,4,34902,530,0,Cluster 0 (com=0.50),0.27791925599056533
466120,4,34902,237,0,Cluster 0 (com=0.50),0.28727900109954957
466987,4,34902,546,0,Cluster 0 (com=0.50),0.20887683397597104
467363,4,34902,68,1,Cluster 1 (com=0.69),0.4987093199776093
469499,4,34902,1527,0,Cluster 0 (com=0.50),0.4787098099783552
471284,4,34902,219,1,Cluster 1 (com=0.69),0.5347949212925097
474667,4,34902,557,1,Cluster 1 (com=0.69),0.47823374547154424
475015,4,34902,340,0,Cluster 0 (com=0.50),0.10708572699392797
476401,4,34902,1382,0,Cluster 0 (com=0.50),0.5941878926615884
476629,4,34902,232,0,Cluster 0 (com=0.50),0.5159645853923381
477833,4,34902,1297,0,Cluster 0 (com=0.50),0.48581272022649424
479939,4,34902,1756,0,Cluster 0 (com=0.50),0.5795798899811353
481717,4,34902,462,0,Cluster 0 (com=0.50),0.5722292512763867
482644,4,34902,549,0,Cluster 0 (com=0.50),0.4992673603452784
483037,4,34902,745,0,Cluster 0 (com=0.50),0.5484627581193191
484010,4,34902,290,0,Cluster 0 (com=0.50),0.5956317117216945
484594,4,34902,1366,0,Cluster 0 (com=0.50),0.5052490245186039
485228,4,34902,624,0,Cluster 0 (com=0.50),0.4435492870685238
486087,4,34902,708,0,Cluster 0 (com=0.50),0.52932689539741
486964,4,34902,37,1,Cluster 1 (com=0.69),0.4599281194950821
488525,4,34902,524,0,Cluster 0 (com=0.50),0.2846706203687934
489553,4,34902,49,0,Cluster 0 (com=0.50),0.3202705361400425
491126,4,34902,566,0,Cluster 0 (com=0.50),0.4977023278740729
491756,4,34902,91,0,Cluster 0 (com=0.50),0.3823642571574514
491863,4,34902,427,0,Cluster 0 (com=0.50),0.33985020026581597
492024,4,34902,369,1,Cluster 1 (com=0.69),0.5098713643787665
493793,4,34902,650,1,Cluster 1 (com=0.69),0.1732289254601522
494046,4,34902,831,0,Cluster 0 (com=0.50),0.4896621667944727
494184,4,34902,244,0,Cluster 0 (com=0.50),0.08025199546639115
497415,4,34902,118,0,Cluster 0 (com=0.50),0.46108609516131127
498442,4,34902,744,0,Cluster 0 (com=0.50),0.53296857774462
499404,4,34902,796,0,Cluster 0 (com=0.50),0.4638303739005901
500068,4,34902,705,0,Cluster 0 (com=0.50),0.5218797532722967
500618,4,34902,94,0,Cluster 0 (com=0.50),0.4627917327723056
501444,4,34902,673,0,Cluster 0 (com=0.50),0.4952785890555177
501897,4,34902,360,0,Cluster 0 (com=0.50),0.4879631633254914
502011,4,34902,451,0,Cluster 0 (com=0.50),0.1740356115925995
505773,4,34902,587,0,Cluster 0 (com=0.50),0.33641755377414223
506705,4,34902,229,1,Cluster 1 (com=0.69),0.1511329269647757
507743,4,34902,814,0,Cluster 0 (com=0.50),0.5875967127494606
507935,4,34902,715,0,Cluster 0 (com=0.50),0.40528996146327556
508626,4,34902,1456,0,Cluster 0 (com=0.50),0.5646520553086132
509536,4,34902,726,0,Cluster 0 (com=0.50),0.5817569798514634
511309,4,34902,257,0,Cluster 0 (com=0.50),0.45646520432630655
511981,4,34902,363,0,Cluster 0 (com=0.50),0.3423763733097421
513422,4,34902,209,1,Cluster 1 (com=0.69),0.358015589098802
513428,4,34902,322,0,Cluster 0 (com=0.50),0.4950048056984625
514078,4,34902,1177,0,Cluster 0 (com=0.50),0.34977528402219205
514556,4,34902,468,0,Cluster 0 (com=0.50),0.6002355798682328
516602,4,34902,56,1,Cluster 1 (com=0.69),0.2691676690583096
517551,4,34902,467,1,Cluster 1 (com=0.69),0.10252263585913275
519115,4,34902,267,1,Cluster 1 (com=0.69),0.29920968581160096
521115,4,34902,658,0,Cluster 0 (com=0.50),0.48194141005726954
521255,4,34902,491,0,Cluster 0 (com=0.50),0.45167624797461303
522082,4,34902,374,0,Cluster 0 (com=0.50),0.5280541639924297
523017,4,34902,979,0,Cluster 0 (com=0.50),0.33063130511741234
523249,4,34902,926,0,Cluster 0 (com=0.50),0.46693882771646783
526721,4,34902,639,0,Cluster 0 (com=0.50),0.5018746542251838
526819,4,34902,424,0,Cluster 0 (com=0.50),0.041739972543492807
529693,4,34902,428,1,Cluster 1 (com=0.69),0.5174712535534721
529991,4,34902,245,1,Cluster 1 (com=0.69),0.05277478903727969
530148,4,34902,21,1,Cluster 1 (com=0.69),0.4847211888078417
531018,4,34902,988,0,Cluster 0 (com=0.50),0.4485401378739667
531871,4,34902,27,1,Cluster 1 (com=0.69),0.4665347275205148
532254,4,34902,251,0,Cluster 0 (com=0.50),0.18300839723822673
533418,4,34902,700,0,Cluster 0 (com=0.50),0.5823239387689219
534112,4,34902,235,0,Cluster 0 (com=0.50),0.14360729501190164
534457,4,34902,212,1,Cluster 1 (com=0.69),0.49995010002828205
535671,4,34902,372,0,Cluster 0 (com=0.50),0.5226658073801026
536351,4,34902,392,0,Cluster 0 (com=0.50),0.3668512592379906
536475,4,34902,254,1,Cluster 1 (com=0.69),0.4665347275205148
536963,4,34902,597,0,Cluster 0 (com=0.50),0.47743714657477515
537322,4,34902,621,0,Cluster 0 (com=0.50),0.09981104341667003
537811,4,34902,1541,0,Cluster 0 (com=0.50),0.5929887539148839
539308,4,34902,95,1,Cluster 1 (com=0.69),0.4177200221713694
539945,4,34902,556,1,Cluster 1 (com=0.69),-0.022907438733474582
540723,4,34902,1320,0,Cluster 0 (com=0.50),0.42156112957574593
541532,4,34902,989,0,Cluster 0 (com=0.50),0.5684745704896444
541921,4,34902,372,0,Cluster 0 (com=0.50),0.48074285300551645
542202,4,34902,975,0,Cluster 0 (com=0.50),0.5722109706182722
543010,4,34902,703,0,Cluster 0 (com=0.50),0.4879116362213305
544745,4,34902,796,1,Cluster 1 (com=0.69),0.5216928504615514
545164,4,34902,185,0,Cluster 0 (com=0.50),0.5452413682309354
545962,4,34902,649,0,Cluster 0 (com=0.50),0.4192799103555972
546547,4,34902,636,1,Cluster 1 (com=0.69),0.05810085828980493
546645,4,34902,740,1,Cluster 1 (com=0.69),0.08440433518407378
547347,4,34902,337,0,Cluster 0 (com=0.50),0.5820069848512747
549219,4,34902,1228,0,Cluster 0 (com=0.50),0.4389962775234079
549321,4,34902,486,1,Cluster 1 (com=0.69),0.5265206081355296
549847,4,34902,949,0,Cluster 0 (com=0.50),0.5286289606855442
550420,4,34902,605,0,Cluster 0 (com=0.50),0.5470653922418737
550703,4,34902,825,0,Cluster 0 (com=0.50),0.5336104718228888
552173,4,34902,800,0,Cluster 0 (com=0.50),0.5878790454211358
553031,4,34902,558,1,Cluster 1 (com=0.69),0.23154612585996956
553284,4,34902,1014,0,Cluster 0 (com=0.50),0.5605825309806566
553813,4,34902,158,1,Cluster 1 (com=0.69),0.4956836117093604
554063,4,34902,738,0,Cluster 0 (com=0.50),0.4948975559835443
554525,4,34902,489,0,Cluster 0 (com=0.50),0.16556532231811907
555049,4,34902,781,0,Cluster 0 (com=0.50),0.5719580422211844
556126,4,34902,351,1,Cluster 1 (com=0.69),0.3682412773482473
557085,4,34902,1536,0,Cluster 0 (com=0.50),0.4790099029674213
557290,4,34902,371,1,Cluster 1 (com=0.69),0.045511122308418785
558044,4,34902,415,0,Cluster 0 (com=0.50),0.5112321232486647
558764,4,34902,773,0,Cluster 0 (com=0.50),0.47525528601154704
560047,4,34902,247,0,Cluster 0 (com=0.50),0.13804634490376064
560459,4,34902,138,1,Cluster 1 (com=0.69),0.22472040112273411
560645,4,34902,599,0,Cluster 0 (com=0.50),0.5408382924295186
561231,4,34902,422,1,Cluster 1 (com=0.69),0.2935944971933415
562064,4,34902,102,1,Cluster 1 (com=0.69),0.38632118084106043
562754,4,34902,217,0,Cluster 0 (com=0.50),0.17368021481686644
562990,4,34902,443,0,Cluster 0 (com=0.50),0.26440586466782334
563108,4,34902,71,0,Cluster 0 (com=0.50),0.06875680609078179
563414,4,34902,881,0,Cluster 0 (com=0.50),0.49022102564097647
564243,4,34902,852,0,Cluster 0 (com=0.50),0.5785140380786887
564617,4,34902,847,0,Cluster 0 (com=0.50),0.5596806699252355
564933,4,34902,468,0,Cluster 0 (com=0.50),0.15697584121046818
565017,4,34902,1135,0,Cluster 0 (com=0.50),0.5861603276578988
569034,4,34902,1780,0,Cluster 0 (com=0.50),0.5448681659462257
569080,4,34902,881,0,Cluster 0 (com=0.50),0.4231658695497073
569108,4,34902,617,0,Cluster 0 (com=0.50),0.5442799278638498
569876,4,34902,656,0,Cluster 0 (com=0.50),0.5294233006150583
570213,4,34902,426,0,Cluster 0 (com=0.50),0.5537209392529221
571074,4,34902,831,0,Cluster 0 (com=0.50),0.48666405982746264
572074,4,34902,2212,0,Cluster 0 (com=0.50),0.5854748466422786
572213,4,34902,387,1,Cluster 1 (com=0.69),0.3442484167541002
573583,4,34902,519,1,Cluster 1 (com=0.69),0.2932695581729515
574527,4,34902,371,0,Cluster 0 (com=0.50),0.3956703484654655
575069,4,34902,362,0,Cluster 0 (com=0.50),0.5724333018290849
575112,4,34902,746,0,Cluster 0 (com=0.50),0.30578263332928307
575302,4,34902,1035,0,Cluster 0 (com=0.50),0.5472281726661853
577032,4,34902,65,1,Cluster 1 (com=0.69),0.009734797979226852
577533,4,34902,12,0,Cluster 0 (com=0.50),0.24773276339137337
578152,4,34902,277,0,Cluster 0 (com=0.50),0.5797879806753972
578847,4,34902,160,0,Cluster 0 (com=0.50),0.4342442664334573
579660,4,34902,406,1,Cluster 1 (com=0.69),0.244351976485926
579686,4,34902,576,0,Cluster 0 (com=0.50),0.16244457962277062
580459,4,34902,603,0,Cluster 0 (com=0.50),0.5257139145095284
580834,4,34902,1461,0,Cluster 0 (com=0.50),0.3532308472550053
580845,4,34902,240,1,Cluster 1 (com=0.69),0.501084201731426
581219,4,34902,210,0,Cluster 0 (com=0.50),0.49321986080132507
581253,4,34902,782,0,Cluster 0 (com=0.50),0.5839949294213479
581659,4,34902,1224,0,Cluster 0 (com=0.50),0.5920675728830388
581779,4,34902,779,0,Cluster 0 (com=0.50),0.5250092280507899
582117,4,34902,332,0,Cluster 0 (com=0.50),0.5359401137333252
582266,4,34902,120,0,Cluster 0 (com=0.50),0.3708158143160737
582332,4,34902,653,0,Cluster 0 (com=0.50),0.4916016692406459
582653,4,34902,51,1,Cluster 1 (com=0.69),0.4665347275205148
583056,4,34902,713,0,Cluster 0 (com=0.50),0.5752562460564784
583318,4,34902,133,1,Cluster 1 (com=0.69),0.2359203051406611
583487,4,34902,1672,0,Cluster 0 (com=0.50),0.594736369740114
584515,4,34902,152,0,Cluster 0 (com=0.50),0.4532785421193273
585224,4,34902,627,0,Cluster 0 (com=0.50),0.5109096375745142
585261,4,34902,790,0,Cluster 0 (com=0.50),0.28949614292970977
585284,4,34902,324,0,Cluster 0 (com=0.50),0.4556690798162609
585503,4,34902,1227,0,Cluster 0 (com=0.50),0.5938980771647904
585572,4,34902,371,1,Cluster 1 (com=0.69),0.04392564819637219
585958,4,34902,689,0,Cluster 0 (com=0.50),0.5525436104452291
586906,4,34902,543,0,Cluster 0 (com=0.50),0.08497836696311693
587571,4,34902,1117,0,Cluster 0 (com=0.50),0.5983495722147326
588128,4,34902,325,1,Cluster 1 (com=0.69),0.36292442205539177
588628,4,34902,1132,0,Cluster 0 (com=0.50),0.5995554117260182
589080,4,34902,1033,0,Cluster 0 (com=0.50),0.5690964902488697
589162,4,34902,1196,0,Cluster 0 (com=0.50),0.4714964734535489
589332,4,34902,833,0,Cluster 0 (com=0.50),0.5858007294149498
589389,4,34902,46,0,Cluster 0 (com=0.50),0.264309650278802
589828,4,34902,185,0,Cluster 0 (com=0.50),0.2682447127049592
590120,4,34902,628,1,Cluster 1 (com=0.69),0.4252857501792741
591525,4,34902,601,0,Cluster 0 (com=0.50),0.5622279268235485
591581,4,34902,445,0,Cluster 0 (com=0.50),0.5770983118929374
591946,4,34902,404,0,Cluster 0 (com=0.50),0.23089259045324081
592218,4,34902,724,0,Cluster 0 (com=0.50),0.5215163265155166
592295,4,34902,230,0,Cluster 0 (com=0.50),0.38535867507351657
592558,4,34902,812,1,Cluster 1 (com=0.69),0.4349640728609437
592939,4,34902,81,0,Cluster 0 (com=0.50),0.33699572338842115
593136,4,34902,345,0,Cluster 0 (com=0.50),0.36690815833875634
593563,4,34902,725,0,Cluster 0 (com=0.50),0.5551937398759987
593722,4,34902,718,1,Cluster 1 (com=0.69),0.2670190480269257
593796,4,34902,2494,0,Cluster 0 (com=0.50),0.4047898660134196
594065,4,34902,643,0,Cluster 0 (com=0.50),0.08793418973299764
594122,4,34902,393,0,Cluster 0 (com=0.50),0.5353606417158681
594229,4,34902,649,0,Cluster 0 (com=0.50),0.42996520031925367
594258,4,34902,18,1,Cluster 1 (com=0.69),-0.010739115140432133
594636,4,34902,1217,0,Cluster 0 (com=0.50),0.5984847859202956
595721,4,34902,349,1,Cluster 1 (com=0.69),0.36050405232622174
595943,4,34902,700,0,Cluster 0 (com=0.50),0.5352291402416258
596243,4,34902,304,1,Cluster 1 (com=0.69),0.1878042642063431
596253,4,34902,513,1,Cluster 1 (com=0.69),0.3496883784456837
596758,4,34902,594,0,Cluster 0 (com=0.50),0.5929093879638294
597740,4,34902,450,0,Cluster 0 (com=0.50),0.5391413748303138
597937,4,34902,473,0,Cluster 0 (com=0.50),0.5725583629635764
598308,4,34902,444,0,Cluster 0 (com=0.50),0.13026189789662265
598540,4,34902,703,0,Cluster 0 (com=0.50),0.5999171058312573
598559,4,34902,608,0,Cluster 0 (com=0.50),0.49438374454054124
599865,4,34902,17,1,Cluster 1 (com=0.69),0.4665347275205148
600071,4,34902,730,0,Cluster 0 (com=0.50),0.4550304208299459
600773,4,34902,434,0,Cluster 0 (com=0.50),0.39463901056400896
600893,4,34902,83,1,Cluster 1 (com=0.69),0.41076868296866054
601008,4,34902,113,1,Cluster 1 (com=0.69),0.48741221990378436
601235,4,34902,956,0,Cluster 0 (com=0.50),0.5768042845080069
601271,4,34902,275,0,Cluster 0 (com=0.50),0.5115314800396531
601820,4,34902,105,1,Cluster 1 (com=0.69),0.5008089659321512
602594,4,34902,801,0,Cluster 0 (com=0.50),0.5670389010665124
603648,4,34902,863,0,Cluster 0 (com=0.50),0.23727437217392333
604567,4,34902,306,1,Cluster 1 (com=0.69),0.4592893583103047
604614,4,34902,510,0,Cluster 0 (com=0.50),0.20438041259030368
605180,4,34902,529,1,Cluster 1 (com=0.69),0.12864559332501918
605682,4,34902,646,0,Cluster 0 (com=0.50),0.4785026619975014
606257,4,34902,569,1,Cluster 1 (com=0.69),0.41670365961945016
606805,4,34902,984,0,Cluster 0 (com=0.50),0.4620314768085487
606904,4,34902,154,0,Cluster 0 (com=0.50),0.2422986586507
607243,4,34902,1867,0,Cluster 0 (com=0.50),0.4978682567438081
607303,4,34902,708,0,Cluster 0 (com=0.50),0.38158772884117603
607501,4,34902,824,0,Cluster 0 (com=0.50),0.09323920399381781
607679,4,34902,1013,0,Cluster 0 (com=0.50),0.5912108635116609
607700,4,34902,433,1,Cluster 1 (com=0.69),0.19071484937419314
607866,4,34902,15,0,Cluster 0 (com=0.50),0.3365658533215616
609142,4,34902,814,0,Cluster 0 (com=0.50),0.5777546290552811
609240,4,34902,549,0,Cluster 0 (com=0.50),0.5352091204961372
611603,4,34902,145,1,Cluster 1 (com=0.69),0.501561476606641
612842,4,34902,607,0,Cluster 0 (com=0.50),0.5406486396430216
613165,4,34902,1730,0,Cluster 0 (com=0.50),0.41062252972684204
613330,4,34902,693,0,Cluster 0 (com=0.50),0.4095390623448319
613634,4,34902,842,0,Cluster 0 (com=0.50),0.5461558095245408
613899,4,34902,1981,0,Cluster 0 (com=0.50),0.4999474764879904
614059,4,34902,200,1,Cluster 1 (com=0.69),0.20419789298002802
614984,4,34902,592,0,Cluster 0 (com=0.50),0.48781799084053207
615266,4,34902,807,0,Cluster 0 (com=0.50),0.5919501444632613
615299,4,34902,809,0,Cluster 0 (com=0.50),0.43151491868632635
615301,4,34902,1252,0,Cluster 0 (com=0.50),0.3702160528455786
615302,4,34902,1028,0,Cluster 0 (com=0.50),0.47179455212687677
615306,4,34902,949,0,Cluster 0 (com=0.50),0.44891172470110086
615328,4,34902,531,0,Cluster 0 (com=0.50),0.5171784593385609
615340,4,34902,9,0,Cluster 0 (com=0.50),0.2174964894898478
615342,4,34902,769,0,Cluster 0 (com=0.50),0.3056893034976792
615356,4,34902,551,0,Cluster 0 (com=0.50),0.4526543734547082
616517,4,34902,1026,0,Cluster 0 (com=0.50),0.5325544945508416
616912,4,34902,311,0,Cluster 0 (com=0.50),0.45839579500765787
617010,4,34902,736,0,Cluster 0 (com=0.50),0.546736018903984
617119,4,34902,782,1,Cluster 1 (com=0.69),0.3052702251536175
617580,4,34902,1927,0,Cluster 0 (com=0.50),0.595378508682121
617783,4,34902,514,1,Cluster 1 (com=0.69),0.19317163099865628
617922,4,34902,270,0,Cluster 0 (com=0.50),0.4723071680631894
618663,4,34902,166,1,Cluster 1 (com=0.69),0.4665347275205148
619204,4,34902,184,1,Cluster 1 (com=0.69),0.31909079163012743
619292,4,34902,1044,0,Cluster 0 (com=0.50),0.5891334728549541
619321,4,34902,451,0,Cluster 0 (com=0.50),0.49054453586725005
619502,4,34902,395,1,Cluster 1 (com=0.69),0.5191671953114109
620094,4,34902,2235,0,Cluster 0 (com=0.50),0.5962971307948091
620269,4,34902,273,1,Cluster 1 (com=0.69),0.08823667693514586
620349,4,34902,297,0,Cluster 0 (com=0.50),0.41877411215403726
620431,4,34902,645,0,Cluster 0 (com=0.50),0.44996053227045407
620740,4,34902,736,0,Cluster 0 (com=0.50),0.026113489357237594
620810,4,34902,141,0,Cluster 0 (com=0.50),0.07610674251295008
622481,4,34902,602,0,Cluster 0 (com=0.50),0.5515099571857136
622760,4,34902,314,0,Cluster 0 (com=0.50),0.03794506816647241
622934,4,34902,868,1,Cluster 1 (com=0.69),0.5195085605670586
623471,4,34902,593,0,Cluster 0 (com=0.50),0.5000736077176885
623589,4,34902,561,0,Cluster 0 (com=0.50),0.5776159634230488
623765,4,34902,864,0,Cluster 0 (com=0.50),0.3454376129870365
624282,4,34902,922,0,Cluster 0 (com=0.50),0.6016304638880321
624864,4,34902,762,0,Cluster 0 (com=0.50),0.55167052874581
624970,4,34902,800,0,Cluster 0 (com=0.50),0.5664730856068815
625245,4,34902,578,0,Cluster 0 (com=0.50),0.4752419971815823
625330,4,34902,398,0,Cluster 0 (com=0.50),0.505112860069055
625515,4,34902,398,0,Cluster 0 (com=0.50),0.17370943569086425
625743,4,34902,609,0,Cluster 0 (com=0.50),0.07287466600259951
625802,4,34902,1117,0,Cluster 0 (com=0.50),0.44965635599177817
625838,4,34902,416,0,Cluster 0 (com=0.50),0.2856608134778229
626033,4,34902,1277,0,Cluster 0 (com=0.50),0.3645979922106237
626349,4,34902,192,0,Cluster 0 (com=0.50),0.42552988516440815
626416,4,34902,1048,0,Cluster 0 (com=0.50),0.5320543120368378
626454,4,34902,359,1,Cluster 1 (com=0.69),0.47620640259588887
626477,4,34902,582,0,Cluster 0 (com=0.50),0.45874466781797685
626514,4,34902,757,0,Cluster 0 (com=0.50),0.534003105741881
626552,4,34902,508,0,Cluster 0 (com=0.50),0.2798846971976251
626579,4,34902,25,0,Cluster 0 (com=0.50),0.4983242403140118
627365,4,34902,319,0,Cluster 0 (com=0.50),0.13579234444977703
627829,4,34902,298,0,Cluster 0 (com=0.50),0.574622901930524
628149,4,34902,723,0,Cluster 0 (com=0.50),0.29375413551782564
628157,4,34902,91,1,Cluster 1 (com=0.69),0.33652508942460185
628383,4,34902,549,0,Cluster 0 (com=0.50),0.5969200018996914
628521,4,34902,130,1,Cluster 1 (com=0.69),0.4163813629427855
628888,4,34902,503,0,Cluster 0 (com=0.50),0.12215572058351089
628964,4,34902,624,0,Cluster 0 (com=0.50),0.5937921280043076
629029,4,34902,201,0,Cluster 0 (com=0.50),0.5518552738990229
629182,4,34902,174,1,Cluster 1 (com=0.69),0.44674217660175125
629491,4,34902,655,0,Cluster 0 (com=0.50),0.3188142189417595
629818,4,34902,139,1,Cluster 1 (com=0.69),0.3218743769246974
629922,4,34902,704,0,Cluster 0 (com=0.50),0.24910961729126976
629944,4,34902,229,1,Cluster 1 (com=0.69),0.1764385616381417
630109,4,34902,238,0,Cluster 0 (com=0.50),0.15409761849633155
630158,4,34902,768,0,Cluster 0 (com=0.50),0.450353001720659
630835,4,34902,1203,0,Cluster 0 (com=0.50),0.6016791557002203
630905,4,34902,1944,0,Cluster 0 (com=0.50),0.4249028709529583
630910,4,34902,605,0,Cluster 0 (com=0.50),0.4103959115128467
630992,4,34902,7,1,Cluster 1 (com=0.69),0.18457571765157396
631075,4,34902,118,0,Cluster 0 (com=0.50),0.2687964016854192
631658,4,34902,2536,0,Cluster 0 (com=0.50),0.3943953537753231
631681,4,34902,174,0,Cluster 0 (com=0.50),0.4487909814362322
631715,4,34902,1041,0,Cluster 0 (com=0.50),0.4832506947004086
631740,4,34902,427,0,Cluster 0 (com=0.50),0.06604042125249796
631837,4,34902,1191,0,Cluster 0 (com=0.50),0.5748139875647602
631924,4,34902,1003,0,Cluster 0 (com=0.50),0.5243488846292288
632074,4,34902,446,0,Cluster 0 (com=0.50),0.19912179275116645
632290,4,34902,98,1,Cluster 1 (com=0.69),0.5128027178621936
632458,4,34902,1932,0,Cluster 0 (com=0.50),0.5818018360563058
632556,4,34902,25,0,Cluster 0 (com=0.50),0.33630840021973496
632826,4,34902,449,0,Cluster 0 (com=0.50),0.5578204947157887
632836,4,34902,680,0,Cluster 0 (com=0.50),0.3397935600331084
633079,4,34902,517,0,Cluster 0 (com=0.50),0.5311364978512021
633516,4,34902,212,1,Cluster 1 (com=0.69),0.5250226501586982
633555,4,34902,982,0,Cluster 0 (com=0.50),0.531355402018519
633568,4,34902,498,0,Cluster 0 (com=0.50),0.5911402548283673
633867,4,34902,554,0,Cluster 0 (com=0.50),0.5392419429368327
633931,4,34902,596,0,Cluster 0 (com=0.50),0.4960130383478147
634088,4,34902,275,1,Cluster 1 (com=0.69),0.3912828734878058
634512,4,34902,452,0,Cluster 0 (com=0.50),0.29061224679684755
634526,4,34902,879,0,Cluster 0 (com=0.50),0.45345677739559925
634749,4,34902,1781,0,Cluster 0 (com=0.50),0.5658210275351735
635184,4,34902,488,0,Cluster 0 (com=0.50),0.3832571555695029
635795,4,34902,734,0,Cluster 0 (com=0.50),0.4790302199328769
635903,4,34902,125,1,Cluster 1 (com=0.69),0.4901371150165452
636314,4,34902,1030,0,Cluster 0 (com=0.50),0.571417033040263
636400,4,34902,681,0,Cluster 0 (com=0.50),0.5376726463189918
636408,4,34902,39,0,Cluster 0 (com=0.50),0.09389189939125205
636469,4,34902,472,1,Cluster 1 (com=0.69),0.1959215576743932
636547,4,34902,321,0,Cluster 0 (com=0.50),0.2358689564868777
636565,4,34902,135,1,Cluster 1 (com=0.69),-0.009696854146718111
636656,4,34902,321,0,Cluster 0 (com=0.50),0.17737135037916624
636704,4,34902,165,1,Cluster 1 (com=0.69),0.1294163409906562
636783,4,34902,1068,0,Cluster 0 (com=0.50),0.5894859172854816
636830,4,34902,1002,0,Cluster 0 (com=0.50),0.5058088553655747
636832,4,34902,1519,0,Cluster 0 (com=0.50),0.5654725949056457
637004,4,34902,1023,0,Cluster 0 (com=0.50),0.3026103507006598
637089,4,34902,97,1,Cluster 1 (com=0.69),0.5162985062164498
637358,4,34902,216,1,Cluster 1 (com=0.69),-0.009080875229278166
637514,4,34902,157,1,Cluster 1 (com=0.69),0.14542102984438002
637582,4,34902,225,0,Cluster 0 (com=0.50),0.552007002607092
637708,4,34902,953,0,Cluster 0 (com=0.50),0.41606453486022693
637906,4,34902,200,1,Cluster 1 (com=0.69),-0.018462244835553414
637939,4,34902,52,1,Cluster 1 (com=0.69),0.4906564603173023
637980,4,34902,791,0,Cluster 0 (com=0.50),0.46318341629768034
638034,4,34902,731,0,Cluster 0 (com=0.50),0.42830282359613
638388,4,34902,265,1,Cluster 1 (com=0.69),0.0711855881532488
638411,4,34902,1560,0,Cluster 0 (com=0.50),0.5370147711680604
638498,4,34902,422,0,Cluster 0 (com=0.50),0.31094371622190653
638515,4,34902,153,1,Cluster 1 (com=0.69),0.04555487020082015
638625,4,34902,753,0,Cluster 0 (com=0.50),0.5777892601791755
638655,4,34902,778,0,Cluster 0 (com=0.50),0.38832388532104045
638677,4,34902,346,0,Cluster 0 (com=0.50),0.5268728149738906
638831,4,34902,468,1,Cluster 1 (com=0.69),0.007650723955603622
639028,4,34902,473,1,Cluster 1 (com=0.69),0.0960063275451564
639231,4,34902,422,0,Cluster 0 (com=0.50),0.44547132816782004
639234,4,34902,566,0,Cluster 0 (com=0.50),0.4291176498849872
639522,4,34902,50,1,Cluster 1 (com=0.69),0.4920460970200008
640098,4,34902,599,0,Cluster 0 (com=0.50),0.5303763682084296
640278,4,34902,2970,0,Cluster 0 (com=0.50),0.5098138580783661
640329,4,34902,859,0,Cluster 0 (com=0.50),0.5046187266464289
640429,4,34902,1112,0,Cluster 0 (com=0.50),0.4886612960653031
640711,4,34902,693,0,Cluster 0 (com=0.50),0.35015840931163367
640752,4,34902,313,1,Cluster 1 (com=0.69),-0.007002340843597747
640848,4,34902,15,0,Cluster 0 (com=0.50),0.36712929425319213
640892,4,34902,443,1,Cluster 1 (com=0.69),0.31651309078613143
640913,4,34902,91,1,Cluster 1 (com=0.69),0.4665347275205148
640927,4,34902,782,0,Cluster 0 (com=0.50),0.5180262702182463
641137,4,34902,1149,0,Cluster 0 (com=0.50),0.5888007797673404
641309,4,34902,712,0,Cluster 0 (com=0.50),0.1232030694549842
641311,4,34902,1032,0,Cluster 0 (com=0.50),0.5676230712606068
641363,4,34902,76,1,Cluster 1 (com=0.69),0.48979885710269666
641401,4,34902,832,0,Cluster 0 (com=0.50),0.2557742547532279
641461,4,34902,413,0,Cluster 0 (com=0.50),0.07343773267844764
641547,4,34902,76,1,Cluster 1 (com=0.69),0.21456189452699448
641864,4,34902,575,0,Cluster 0 (com=0.50),0.5191583974361342
641914,4,34902,1590,0,Cluster 0 (com=0.50),0.53954969201965
642029,4,34902,255,0,Cluster 0 (com=0.50),0.3070897718919343
642056,4,34902,137,1,Cluster 1 (com=0.69),0.26789087595549615
642375,4,34902,374,0,Cluster 0 (com=0.50),0.5329227286396059
642448,4,34902,293,0,Cluster 0 (com=0.50),0.12742470257081914
642449,4,34902,405,0,Cluster 0 (com=0.50),0.08759417763889044
642493,4,34902,475,0,Cluster 0 (com=0.50),0.5702418520134745
642498,4,34902,152,0,Cluster 0 (com=0.50),0.3187256620781472
642551,4,34902,409,0,Cluster 0 (com=0.50),0.48943188036141677
642740,4,34902,1022,0,Cluster 0 (com=0.50),0.5575252193283158
642750,4,34902,1073,0,Cluster 0 (com=0.50),0.5968637130780358
642843,4,34902,1119,0,Cluster 0 (com=0.50),0.5016138311106377
642872,4,34902,2130,0,Cluster 0 (com=0.50),0.5625524793817364
642909,4,34902,53,1,Cluster 1 (com=0.69),0.5273133773313894
643069,4,34902,126,0,Cluster 0 (com=0.50),0.17293313471364657
643202,4,34902,851,0,Cluster 0 (com=0.50),0.521968558989557
643220,4,34902,128,1,Cluster 1 (com=0.69),0.49939005669084435
643273,4,34902,673,1,Cluster 1 (com=0.69),0.21669808778485222
643326,4,34902,1156,0,Cluster 0 (com=0.50),0.5775978324958336
643466,4,34902,739,0,Cluster 0 (com=0.50),0.4741891304710467
643477,4,34902,1068,0,Cluster 0 (com=0.50),0.580079200173707
643496,4,34902,1232,0,Cluster 0 (com=0.50),0.41132171423491243
643502,4,34902,178,0,Cluster 0 (com=0.50),0.21480861290979106
643591,4,34902,702,0,Cluster 0 (com=0.50),0.5677390772059796
643653,4,34902,298,0,Cluster 0 (com=0.50),0.510628434053974
643751,4,34902,1349,0,Cluster 0 (com=0.50),0.5628060153580665
643754,4,34902,1906,0,Cluster 0 (com=0.50),0.5497455680839504
644025,4,34902,599,0,Cluster 0 (com=0.50),0.5402152960033989
644210,4,34902,256,0,Cluster 0 (com=0.50),0.57164832017138
644343,4,34902,44,0,Cluster 0 (com=0.50),0.11579476400713701
644361,4,34902,3202,0,Cluster 0 (com=0.50),0.5946415208118291
644369,4,34902,123,1,Cluster 1 (com=0.69),0.34472625495646236
644450,4,34902,945,0,Cluster 0 (com=0.50),0.6021677175351914
644508,4,34902,557,1,Cluster 1 (com=0.69),-0.024618132942283676
644761,4,34902,1112,0,Cluster 0 (com=0.50),0.5892950107491753
644791,4,34902,1070,0,Cluster 0 (com=0.50),0.57814636473812
644818,4,34902,655,0,Cluster 0 (com=0.50),0.5825625308093306
644936,4,34902,197,1,Cluster 1 (com=0.69),0.5257785198153597
644974,4,34902,737,0,Cluster 0 (com=0.50),0.43910409128763284
645020,4,34902,331,0,Cluster 0 (com=0.50),0.29850421251401854
645078,4,34902,625,0,Cluster 0 (com=0.50),0.4400408061918602
645405,4,34902,1909,0,Cluster 0 (com=0.50),0.5522604980496172
645433,4,34902,155,1,Cluster 1 (com=0.69),0.4286962172438011
645496,4,34902,688,0,Cluster 0 (com=0.50),0.42329177064834295
645518,4,34902,722,0,Cluster 0 (com=0.50),0.49511970114589826
645586,4,34902,143,1,Cluster 1 (com=0.69),0.48427842580958813
645705,4,34902,275,0,Cluster 0 (com=0.50),0.4453469850232314
645784,4,34902,201,0,Cluster 0 (com=0.50),0.5143049547640911
645840,4,34902,649,0,Cluster 0 (com=0.50),0.28421392931916317
645880,4,34902,101,1,Cluster 1 (com=0.69),0.5030357958823497
645948,4,34902,176,1,Cluster 1 (com=0.69),0.2458282603705534
645960,4,34902,169,1,Cluster 1 (com=0.69),0.5124902831165252
645997,4,34902,504,0,Cluster 0 (com=0.50),0.5319941297522367
646015,4,34902,424,0,Cluster 0 (com=0.50),0.5039136310415657
646017,4,34902,1526,0,Cluster 0 (com=0.50),0.4989336241729368
646053,4,34902,854,1,Cluster 1 (com=0.69),0.1547597344002381
646074,4,34902,1123,0,Cluster 0 (com=0.50),0.5312281929611112
646085,4,34902,783,0,Cluster 0 (com=0.50),0.38746884419371724
646138,4,34902,300,0,Cluster 0 (com=0.50),0.3745878405161166
646313,4,34902,739,0,Cluster 0 (com=0.50),0.44102354997806464
646357,4,34902,612,0,Cluster 0 (com=0.50),0.5201415959379
646402,4,34902,525,0,Cluster 0 (com=0.50),0.5832919216796137
646460,4,34902,493,0,Cluster 0 (com=0.50),0.4174920400927064
646539,4,34902,310,1,Cluster 1 (com=0.69),0.09205356453537267
646540,4,34902,1074,0,Cluster 0 (com=0.50),0.42161158749389316
646551,4,34902,1433,0,Cluster 0 (com=0.50),0.57634239818643
646638,4,34902,301,0,Cluster 0 (com=0.50),0.09212739607435225
646670,4,34902,425,1,Cluster 1 (com=0.69),0.46754140523310134
646734,4,34902,123,1,Cluster 1 (com=0.69),0.4665347275205148
646750,4,34902,106,0,Cluster 0 (com=0.50),0.3553655809180043
646778,4,34902,913,0,Cluster 0 (com=0.50),0.5100941904754007
646990,4,34902,505,0,Cluster 0 (com=0.50),0.3610244787046069
647040,4,34902,441,0,Cluster 0 (com=0.50),0.13182969902406147
647154,4,34902,418,1,Cluster 1 (com=0.69),0.5278991285568443
647169,4,34902,461,0,Cluster 0 (com=0.50),0.41430233253682447
647320,4,34902,1216,1,Cluster 1 (com=0.69),0.28409487928742905
647324,4,34902,967,0,Cluster 0 (com=0.50),0.5055507015270236
647391,4,34902,81,1,Cluster 1 (com=0.69),0.09868717631213923
647398,4,34902,457,0,Cluster 0 (com=0.50),0.48665790062349484
647399,4,34902,822,0,Cluster 0 (com=0.50),0.5853582495312978
647425,4,34902,3121,0,Cluster 0 (com=0.50),0.5720703212797017
647485,4,34902,209,1,Cluster 1 (com=0.69),0.1183525821638081
647496,4,34902,220,0,Cluster 0 (com=0.50),0.3369154736150731
647765,4,34902,119,1,Cluster 1 (com=0.69),0.4665347275205148
647841,4,34902,224,0,Cluster 0 (com=0.50),0.4191063220189475
647898,4,34902,413,0,Cluster 0 (com=0.50),0.4146658049889778
647910,4,34902,151,1,Cluster 1 (com=0.69),0.43011305234324165
647945,4,34902,311,0,Cluster 0 (com=0.50),0.4966469289123109
647987,4,34902,104,1,Cluster 1 (com=0.69),0.43276139860512236
648027,4,34902,179,1,Cluster 1 (com=0.69),0.511760673052993
648037,4,34902,1021,0,Cluster 0 (com=0.50),0.5555648286457145
648038,4,34902,735,0,Cluster 0 (com=0.50),0.36074715081868697
648040,4,34902,854,0,Cluster 0 (com=0.50),0.5660865191849561
648086,4,34902,324,0,Cluster 0 (com=0.50),0.41271031754176984
648105,4,34902,549,1,Cluster 1 (com=0.69),0.11413910817632447
648114,4,34902,749,0,Cluster 0 (com=0.50),0.29197853747021774
648116,4,34902,700,0,Cluster 0 (com=0.50),0.538630584950238
648140,4,34902,126,0,Cluster 0 (com=0.50),0.10090150705292693
648254,4,34902,350,1,Cluster 1 (com=0.69),0.51503829861226
648287,4,34902,467,0,Cluster 0 (com=0.50),0.48950937150834356
648365,4,34902,1018,0,Cluster 0 (com=0.50),0.6003519594852662
648366,4,34902,664,0,Cluster 0 (com=0.50),0.49018722578468515
648457,4,34902,350,1,Cluster 1 (com=0.69),0.3128623016216733
648470,4,34902,852,0,Cluster 0 (com=0.50),0.5241940449282111
648531,4,34902,870,0,Cluster 0 (com=0.50),0.5834921785703974
648536,4,34902,142,1,Cluster 1 (com=0.69),0.4592133944903268
648564,4,34902,796,1,Cluster 1 (com=0.69),0.04718903907220279
648571,4,34902,592,0,Cluster 0 (com=0.50),0.42592258066531075
648590,4,34902,324,1,Cluster 1 (com=0.69),0.2291669208986729
648613,4,34902,443,1,Cluster 1 (com=0.69),0.4226818437398541
648685,4,34902,377,0,Cluster 0 (com=0.50),0.27211298737886336
648804,4,34902,306,0,Cluster 0 (com=0.50),0.3627558989101312
648815,4,34902,1115,0,Cluster 0 (com=0.50),0.5823108886754532
648903,4,34902,381,1,Cluster 1 (com=0.69),0.14576995471694995
648972,4,34902,166,1,Cluster 1 (com=0.69),0.48689257965099647
649004,4,34902,1619,0,Cluster 0 (com=0.50),0.5993817112222284
649009,4,34902,38,0,Cluster 0 (com=0.50),0.2972881425691818
649079,4,34902,1972,0,Cluster 0 (com=0.50),0.591966888296736
649084,4,34902,367,0,Cluster 0 (com=0.50),0.2845982991429135
649093,4,34902,223,0,Cluster 0 (com=0.50),0.32418411246130757
649118,4,34902,37,0,Cluster 0 (com=0.50),0.19855032559787197
649141,4,34902,250,1,Cluster 1 (com=0.69),0.06346888659768558
649159,4,34902,549,0,Cluster 0 (com=0.50),0.41304624011770424
649165,4,34902,192,1,Cluster 1 (com=0.69),0.46056600362781963
649207,4,34902,658,0,Cluster 0 (com=0.50),0.4375665675430129
649212,4,34902,859,0,Cluster 0 (com=0.50),0.3961253774383271
649230,4,34902,860,0,Cluster 0 (com=0.50),0.4665501962177312
649258,4,34902,59,1,Cluster 1 (com=0.69),0.36550913311270133
649284,4,34902,185,1,Cluster 1 (com=0.69),0.4500237537756576
649379,4,34902,1618,0,Cluster 0 (com=0.50),0.5850977806461785
649400,4,34902,681,0,Cluster 0 (com=0.50),0.039986218055185124
649434,4,34902,710,0,Cluster 0 (com=0.50),0.4572397637911382
649435,4,34902,382,0,Cluster 0 (com=0.50),0.10482014801946152
649457,4,34902,1137,0,Cluster 0 (com=0.50),0.5050984786193512
649566,4,34902,308,0,Cluster 0 (com=0.50),0.15564991871048336
649619,4,34902,741,0,Cluster 0 (com=0.50),0.5167935341331835
649735,4,34902,320,1,Cluster 1 (com=0.69),0.524025543280766
649806,4,34902,39,1,Cluster 1 (com=0.69),0.19816094403554546
649952,4,34902,844,0,Cluster 0 (com=0.50),0.4531809957869929
649979,4,34902,68,1,Cluster 1 (com=0.69),0.24497305377777065
650031,4,34902,240,1,Cluster 1 (com=0.69),0.27580363165126476
650108,4,34902,682,0,Cluster 0 (com=0.50),0.45122155436781514
650160,4,34902,780,0,Cluster 0 (com=0.50),0.35917407488654324
650251,4,34902,786,0,Cluster 0 (com=0.50),0.5076411235992182
650363,4,34902,456,0,Cluster 0 (com=0.50),0.02766808955999196
650370,4,34902,217,1,Cluster 1 (com=0.69),0.5063805284209792
650424,4,34902,438,0,Cluster 0 (com=0.50),0.5967872395519069
650461,4,34902,123,0,Cluster 0 (com=0.50),0.18102458462002693
650469,4,34902,843,0,Cluster 0 (com=0.50),0.5500955422813866
650473,4,34902,509,0,Cluster 0 (com=0.50),0.5215804640216714
650570,4,34902,529,0,Cluster 0 (com=0.50),0.3274757494929745
650866,4,34902,1672,0,Cluster 0 (com=0.50),0.500164403904085
650923,4,34902,134,1,Cluster 1 (com=0.69),0.34389000195808533
650960,4,34902,109,1,Cluster 1 (com=0.69),0.525766781576526
651040,4,34902,109,1,Cluster 1 (com=0.69),0.49886323730950277
651121,4,34902,790,0,Cluster 0 (com=0.50),0.39361461119987395
651126,4,34902,282,1,Cluster 1 (com=0.69),0.5001587944832642
651200,4,34902,23,0,Cluster 0 (com=0.50),0.20067296082183003
651238,4,34902,470,0,Cluster 0 (com=0.50),0.5137885747679626
651330,4,34902,203,1,Cluster 1 (com=0.69),0.49826000332637477
651354,4,34902,752,0,Cluster 0 (com=0.50),0.43703205139683865
651381,4,34902,639,1,Cluster 1 (com=0.69),0.36630425862079735
651419,4,34902,1547,0,Cluster 0 (com=0.50),0.4932989128292056
651478,4,34902,1179,0,Cluster 0 (com=0.50),0.5613056104888224
651498,4,34902,1021,0,Cluster 0 (com=0.50),0.5455959331245438
651555,4,34902,60,1,Cluster 1 (com=0.69),0.49467949494715646
651598,4,34902,336,0,Cluster 0 (com=0.50),0.3705348711992836
651693,4,34902,135,1,Cluster 1 (com=0.69),0.4665347275205148
651881,4,34902,450,0,Cluster 0 (com=0.50),0.40813660837621046
651927,4,34902,798,1,Cluster 1 (com=0.69),-0.01003998482802864
651990,4,34902,460,0,Cluster 0 (com=0.50),0.5628100683998228
652008,4,34902,484,0,Cluster 0 (com=0.50),0.4822716550811333
652064,4,34902,822,0,Cluster 0 (com=0.50),0.5886680598699154
652087,4,34902,221,0,Cluster 0 (com=0.50),0.48292936702509265
652333,4,34902,436,1,Cluster 1 (com=0.69),-0.009740681545002499
652335,4,34902,643,0,Cluster 0 (com=0.50),0.5770961208358711
652438,4,34902,95,0,Cluster 0 (com=0.50),0.13618968474145662
652576,4,34902,487,0,Cluster 0 (com=0.50),0.38351206379476555
652625,4,34902,510,0,Cluster 0 (com=0.50),0.5784661294045712
652672,4,34902,808,0,Cluster 0 (com=0.50),0.48637960324898405
652684,4,34902,880,0,Cluster 0 (com=0.50),0.5368363492860195
652711,4,34902,655,1,Cluster 1 (com=0.69),0.09521254960988546
652753,4,34902,275,0,Cluster 0 (com=0.50),0.4403210959446127
652788,4,34902,489,0,Cluster 0 (com=0.50),0.22263122213623224
652887,4,34902,261,0,Cluster 0 (com=0.50),0.4526210228355332
652890,4,34902,123,1,Cluster 1 (com=0.69),0.48483048841454096
652898,4,34902,1236,0,Cluster 0 (com=0.50),0.510769591732542
652994,4,34902,90,0,Cluster 0 (com=0.50),0.4910893701578735
653045,4,34902,220,0,Cluster 0 (com=0.50),0.3820859124345585
653115,4,34902,79,0,Cluster 0 (com=0.50),0.10811595041188632
653144,4,34902,161,0,Cluster 0 (com=0.50),0.23820748907655573
653297,4,34902,413,0,Cluster 0 (com=0.50),0.2725861693977978
653301,4,34902,711,0,Cluster 0 (com=0.50),0.5938366077777162
653381,4,34902,462,0,Cluster 0 (com=0.50),0.4996652558886336
653417,4,34902,110,1,Cluster 1 (com=0.69),0.36289191742921795
653536,4,34902,140,1,Cluster 1 (com=0.69),0.4389208272548646
653558,4,34902,295,0,Cluster 0 (com=0.50),0.1305623621589493
653567,4,34902,95,1,Cluster 1 (com=0.69),0.45840991857967117
653595,4,34902,662,0,Cluster 0 (com=0.50),0.48397443402623824
653653,4,34902,324,0,Cluster 0 (com=0.50),0.3176248525043541
653773,4,34902,992,0,Cluster 0 (com=0.50),0.5854924450857845
653841,4,34902,619,0,Cluster 0 (com=0.50),0.41610414196715356
653857,4,34902,78,0,Cluster 0 (com=0.50),0.2222767147496077
654045,4,34902,8,0,Cluster 0 (com=0.50),0.26685695400880577
654114,4,34902,488,0,Cluster 0 (com=0.50),0.5015502591079511
654169,4,34902,401,0,Cluster 0 (com=0.50),0.5068829600236726
654217,4,34902,106,0,Cluster 0 (com=0.50),0.3229991806451384
654236,4,34902,347,0,Cluster 0 (com=0.50),0.37883842321015954
654260,4,34902,397,0,Cluster 0 (com=0.50),0.06865757859050864
654339,4,34902,313,1,Cluster 1 (com=0.69),0.1264988419469458
654441,4,34902,1028,1,Cluster 1 (com=0.69),0.14995218176897845
654565,4,34902,373,1,Cluster 1 (com=0.69),0.3649843456361003
654578,4,34902,435,0,Cluster 0 (com=0.50),0.23644023653429533
654597,4,34902,406,0,Cluster 0 (com=0.50),0.36957322808437343
654684,4,34902,197,0,Cluster 0 (com=0.50),0.26217421425179305
654692,4,34902,408,0,Cluster 0 (com=0.50),0.5664255499609565
654819,4,34902,2039,0,Cluster 0 (com=0.50),0.5223232113384206
654824,4,34902,1056,0,Cluster 0 (com=0.50),0.562481452409469
654834,4,34902,993,0,Cluster 0 (com=0.50),0.4599390147714108
654867,4,34902,1011,0,Cluster 0 (com=0.50),0.3876593166949553
654947,4,34902,243,1,Cluster 1 (com=0.69),0.48974787665249386
655115,4,34902,527,0,Cluster 0 (com=0.50),0.5167201405508659
655124,4,34902,54,1,Cluster 1 (com=0.69),0.3584963771312128
655127,4,34902,706,0,Cluster 0 (com=0.50),0.3917877005851554
655353,4,34902,168,0,Cluster 0 (com=0.50),0.5521659849274155
655386,4,34902,1057,0,Cluster 0 (com=0.50),0.5962879609296887
655412,4,34902,692,0,Cluster 0 (com=0.50),0.5430139565279362
655445,4,34902,471,0,Cluster 0 (com=0.50),0.5291005736848182
655569,4,34902,169,0,Cluster 0 (com=0.50),0.40816781789782985
655796,4,34902,36,0,Cluster 0 (com=0.50),0.38753446342638265
655927,4,34902,284,0,Cluster 0 (com=0.50),0.0395819970782856
655981,4,34902,270,0,Cluster 0 (com=0.50),0.345212660524178
656065,4,34902,239,0,Cluster 0 (com=0.50),0.5655997960073011
656092,4,34902,616,0,Cluster 0 (com=0.50),0.5691100599989608
656131,4,34902,975,0,Cluster 0 (com=0.50),0.5093843602086137
656158,4,34902,613,1,Cluster 1 (com=0.69),0.5345812945883612
656159,4,34902,696,0,Cluster 0 (com=0.50),0.5724214274273312
656165,4,34902,445,1,Cluster 1 (com=0.69),0.43453140916791116
656234,4,34902,450,1,Cluster 1 (com=0.69),0.5062173529993822
656323,4,34902,348,0,Cluster 0 (com=0.50),0.5553125525295238
656414,4,34902,494,0,Cluster 0 (com=0.50),0.2979207869572033
656436,4,34902,83,0,Cluster 0 (com=0.50),0.2823829448767846
656529,4,34902,523,1,Cluster 1 (com=0.69),-0.0007195503636846514
656579,4,34902,1064,0,Cluster 0 (com=0.50),0.5437120262732231
656607,4,34902,262,1,Cluster 1 (com=0.69),0.30559553217032154
656651,4,34902,189,0,Cluster 0 (com=0.50),0.4315350105484174
656734,4,34902,1407,0,Cluster 0 (com=0.50),0.5642247193102274
656791,4,34902,1363,0,Cluster 0 (com=0.50),0.5916283435274541
656882,4,34902,425,0,Cluster 0 (com=0.50),0.302787843379911
656988,4,34902,109,1,Cluster 1 (com=0.69),0.10967278085595132
656996,4,34902,340,0,Cluster 0 (com=0.50),0.2149901019211747
657048,4,34902,197,1,Cluster 1 (com=0.69),0.5201169075609513
657220,4,34902,236,0,Cluster 0 (com=0.50),0.47961104403192645
657330,4,34902,778,0,Cluster 0 (com=0.50),0.591285552201148
657344,4,34902,568,0,Cluster 0 (com=0.50),0.5978536030364615
674222,4,34902,936,0,Cluster 0 (com=0.50),0.5715805410317853
674226,4,34902,532,0,Cluster 0 (com=0.50),0.3949630744483742
674236,4,34902,451,0,Cluster 0 (com=0.50),0.12861798607166441
674262,4,34902,983,0,Cluster 0 (com=0.50),0.5917364706399045
674320,4,34902,320,0,Cluster 0 (com=0.50),0.3831201390473521
674387,4,34902,922,0,Cluster 0 (com=0.50),0.3907156435467977
674406,4,34902,204,0,Cluster 0 (com=0.50),0.04904648244121703
674451,4,34902,427,1,Cluster 1 (com=0.69),0.442211448852817
674484,4,34902,799,0,Cluster 0 (com=0.50),0.5872294041011424
674497,4,34902,305,0,Cluster 0 (com=0.50),0.49243656497629157
674509,4,34902,1878,0,Cluster 0 (com=0.50),0.556226909414196
674584,4,34902,636,0,Cluster 0 (com=0.50),0.5339073080056568
674644,4,34902,965,0,Cluster 0 (com=0.50),0.3786336859959455
674657,4,34902,384,0,Cluster 0 (com=0.50),0.5023626478005948
674671,4,34902,510,0,Cluster 0 (com=0.50),0.4817765999915802
674691,4,34902,941,0,Cluster 0 (com=0.50),0.5957973116028914
674694,4,34902,1326,0,Cluster 0 (com=0.50),0.3336781282508369
674699,4,34902,155,1,Cluster 1 (com=0.69),0.13204254399685358
674751,4,34902,541,0,Cluster 0 (com=0.50),0.2129392903089064
674831,4,34902,514,0,Cluster 0 (com=0.50),0.5269465239213521
674870,4,34902,1293,0,Cluster 0 (com=0.50),0.5613411510687752
674921,4,34902,1154,0,Cluster 0 (com=0.50),0.3794294535938636
675021,4,34902,1312,1,Cluster 1 (com=0.69),0.3602935153764467
675054,4,34902,75,1,Cluster 1 (com=0.69),0.47950524002298156
675193,4,34902,460,0,Cluster 0 (com=0.50),0.5762089174898645
675225,4,34902,499,0,Cluster 0 (com=0.50),0.49605825252698804
675233,4,34902,1553,0,Cluster 0 (com=0.50),0.5404175870925111
675261,4,34902,417,1,Cluster 1 (com=0.69),0.39420049746707525
675273,4,34902,363,1,Cluster 1 (com=0.69),0.4317907870745295
675279,4,34902,542,0,Cluster 0 (com=0.50),0.1300066526186924
675315,4,34902,898,0,Cluster 0 (com=0.50),0.5960840973877115
675328,4,34902,376,0,Cluster 0 (com=0.50),0.5175042755679583
675474,4,34902,107,0,Cluster 0 (com=0.50),0.021271403649910887
675566,4,34902,135,1,Cluster 1 (com=0.69),0.5353089612611206
675636,4,34902,716,0,Cluster 0 (com=0.50),0.5553464162471444
675710,4,34902,686,0,Cluster 0 (com=0.50),0.540963672250813
675989,4,34902,906,0,Cluster 0 (com=0.50),0.5633090913200928
676007,4,34902,104,1,Cluster 1 (com=0.69),0.4327653761000061
676064,4,34902,508,1,Cluster 1 (com=0.69),0.3913346339308047
676103,4,34902,392,1,Cluster 1 (com=0.69),0.4904271867324903
676190,4,34902,1628,0,Cluster 0 (com=0.50),0.6026615518602263
676265,4,34902,523,0,Cluster 0 (com=0.50),0.4975302345450544
676272,4,34902,73,1,Cluster 1 (com=0.69),0.4665347275205148
676303,4,34902,213,1,Cluster 1 (com=0.69),0.40415935122178465
676378,4,34902,331,0,Cluster 0 (com=0.50),0.32700284459000595
676444,4,34902,1072,0,Cluster 0 (com=0.50),0.5745397847759875
676458,4,34902,412,0,Cluster 0 (com=0.50),0.5283726528894448
676459,4,34902,315,0,Cluster 0 (com=0.50),0.4144471711194326
676478,4,34902,743,1,Cluster 1 (com=0.69),0.03586888486729231
676492,4,34902,1446,0,Cluster 0 (com=0.50),0.24286876282704473
676610,4,34902,1059,0,Cluster 0 (com=0.50),0.4659438569130409
676626,4,34902,677,0,Cluster 0 (com=0.50),0.4479783869332916
676866,4,34902,515,0,Cluster 0 (com=0.50),0.5466598548067785
676882,4,34902,719,0,Cluster 0 (com=0.50),0.35014364868550324
677085,4,34902,462,0,Cluster 0 (com=0.50),0.5136201633503074
677111,4,34902,721,0,Cluster 0 (com=0.50),0.25943115624911245
677138,4,34902,838,0,Cluster 0 (com=0.50),0.4479813266327179
677155,4,34902,1225,0,Cluster 0 (com=0.50),0.5576658332367261
677167,4,34902,764,0,Cluster 0 (com=0.50),0.21747911775858847
677206,4,34902,740,0,Cluster 0 (com=0.50),0.3275791498458031
677221,4,34902,999,0,Cluster 0 (com=0.50),0.3753403174864639
677235,4,34902,26,1,Cluster 1 (com=0.69),0.3743950655800439
677382,4,34902,408,0,Cluster 0 (com=0.50),0.5051010928371474
677400,4,34902,557,0,Cluster 0 (com=0.50),0.4364687399228037
677436,4,34902,383,1,Cluster 1 (com=0.69),0.0937686458437675
677456,4,34902,694,0,Cluster 0 (com=0.50),0.4640724369803606
677486,4,34902,366,0,Cluster 0 (com=0.50),0.33571220097051846
677546,4,34902,341,1,Cluster 1 (com=0.69),0.2531608588481125
677582,4,34902,274,0,Cluster 0 (com=0.50),0.3394713300952346
677655,4,34902,564,0,Cluster 0 (com=0.50),0.5865922175505116
677687,4,34902,62,1,Cluster 1 (com=0.69),0.043439574733401064
677748,4,34902,225,0,Cluster 0 (com=0.50),0.3010205340134886
677767,4,34902,55,0,Cluster 0 (com=0.50),0.28948801916105105
677833,4,34902,1257,0,Cluster 0 (com=0.50),0.5058495728137321
677869,4,34902,36,0,Cluster 0 (com=0.50),0.14152300485745847
678088,4,34902,859,0,Cluster 0 (com=0.50),0.3974917103028022
678203,4,34902,313,1,Cluster 1 (com=0.69),0.4272627820020248
678235,4,34902,1039,0,Cluster 0 (com=0.50),0.487921658745178
678270,4,34902,42,1,Cluster 1 (com=0.69),0.5370375068743342
678381,4,34902,62,1,Cluster 1 (com=0.69),0.522912553142917
678452,4,34902,183,1,Cluster 1 (com=0.69),0.2846038484774711
678528,4,34902,305,1,Cluster 1 (com=0.69),0.5176372752598004
678628,4,34902,348,1,Cluster 1 (com=0.69),0.20562313933197407
678659,4,34902,694,1,Cluster 1 (com=0.69),0.5156505890830916
678819,4,34902,814,0,Cluster 0 (com=0.50),0.5620074462683737
678859,4,34902,731,0,Cluster 0 (com=0.50),0.5855151867929097
678946,4,34902,613,0,Cluster 0 (com=0.50),0.565918055722308
678954,4,34902,1003,0,Cluster 0 (com=0.50),0.49422668495302946
679036,4,34902,2948,0,Cluster 0 (com=0.50),0.5839489923858923
679189,4,34902,724,0,Cluster 0 (com=0.50),0.5409834136765136
679227,4,34902,391,1,Cluster 1 (com=0.69),0.35674518189109794
679237,4,34902,654,1,Cluster 1 (com=0.69),0.5155413255871498
679251,4,34902,273,1,Cluster 1 (com=0.69),0.440495531193529
679262,4,34902,81,1,Cluster 1 (com=0.69),0.43697949172664147
679278,4,34902,471,0,Cluster 0 (com=0.50),0.46092982939282684
679384,4,34902,875,0,Cluster 0 (com=0.50),0.5230227783802208
679386,4,34902,122,0,Cluster 0 (com=0.50),0.08383447096257077
679402,4,34902,162,0,Cluster 0 (com=0.50),0.07277540050245598
679445,4,34902,474,0,Cluster 0 (com=0.50),0.31040512981347407
679448,4,34902,758,0,Cluster 0 (com=0.50),0.5864644289435074
679498,4,34902,774,0,Cluster 0 (com=0.50),0.5755352771995652
679509,4,34902,130,1,Cluster 1 (com=0.69),0.4792433888589539
679594,4,34902,1623,0,Cluster 0 (com=0.50),0.4301097972093126
679676,4,34902,473,0,Cluster 0 (com=0.50),0.4201079534625823
679788,4,34902,196,0,Cluster 0 (com=0.50),0.4667451119108308
679790,4,34902,646,0,Cluster 0 (com=0.50),0.5043017978067933
679939,4,34902,241,1,Cluster 1 (com=0.69),0.0052020101932645085
680014,4,34902,412,1,Cluster 1 (com=0.69),0.31877370266159144
680027,4,34902,254,0,Cluster 0 (com=0.50),0.04713508471783428
680080,4,34902,483,0,Cluster 0 (com=0.50),0.3793695772071608
680145,4,34902,187,1,Cluster 1 (com=0.69),0.4558551507824354
680212,4,34902,52,1,Cluster 1 (com=0.69),0.493607783830351
680266,4,34902,362,0,Cluster 0 (com=0.50),0.3400879129468591
680270,4,34902,208,0,Cluster 0 (com=0.50),0.4553739678293001
680322,4,34902,698,1,Cluster 1 (com=0.69),0.17137736164735248
680343,4,34902,437,0,Cluster 0 (com=0.50),0.20704543774742934
680348,4,34902,524,0,Cluster 0 (com=0.50),0.5839944262656586
680443,4,34902,736,0,Cluster 0 (com=0.50),0.5201996959379782
680464,4,34902,364,0,Cluster 0 (com=0.50),0.1048884817615853
680506,4,34902,442,1,Cluster 1 (com=0.69),0.4864274340942206
680572,4,34902,324,0,Cluster 0 (com=0.50),0.5493103470306021
680708,4,34902,396,1,Cluster 1 (com=0.69),0.36033753383212286
680713,4,34902,969,0,Cluster 0 (com=0.50),0.5129433410534937
680747,4,34902,527,0,Cluster 0 (com=0.50),0.43725199644747875
680775,4,34902,224,0,Cluster 0 (com=0.50),0.5307196198913494
680810,4,34902,1019,0,Cluster 0 (com=0.50),0.5557991191194274
680872,4,34902,13,1,Cluster 1 (com=0.69),0.2004682605027375
680912,4,34902,448,0,Cluster 0 (com=0.50),0.4965837350770676
680955,4,34902,825,0,Cluster 0 (com=0.50),0.4991576884775911
680974,4,34902,55,1,Cluster 1 (com=0.69),0.49026053919540064
681004,4,34902,616,0,Cluster 0 (com=0.50),0.5775666117426916
681235,4,34902,204,0,Cluster 0 (com=0.50),0.4900511890626811
681328,4,34902,624,0,Cluster 0 (com=0.50),0.3207007066825311
681341,4,34902,230,1,Cluster 1 (com=0.69),0.4865082644413467
681352,4,34902,437,1,Cluster 1 (com=0.69),0.3304097538844252
681354,4,34902,75,0,Cluster 0 (com=0.50),0.22360331930745556
681452,4,34902,140,1,Cluster 1 (com=0.69),0.4728448739618225
681490,4,34902,1071,0,Cluster 0 (com=0.50),0.5547590847189664
681608,4,34902,160,1,Cluster 1 (com=0.69),0.471602937675852
681633,4,34902,1122,0,Cluster 0 (com=0.50),0.5151349651506074
681652,4,34902,923,0,Cluster 0 (com=0.50),0.4959825603338105
681655,4,34902,735,0,Cluster 0 (com=0.50),0.27110407505749906
681658,4,34902,109,1,Cluster 1 (com=0.69),0.3685393303485717
681755,4,34902,105,0,Cluster 0 (com=0.50),0.4571438127091017
681763,4,34902,954,0,Cluster 0 (com=0.50),0.5223815924876906
681938,4,34902,433,1,Cluster 1 (com=0.69),0.5137759243000746
681973,4,34902,229,1,Cluster 1 (com=0.69),0.4633512449992151
682019,4,34902,116,1,Cluster 1 (com=0.69),0.2544725835032666
682070,4,34902,778,0,Cluster 0 (com=0.50),0.5069193475489459
682298,4,34902,439,0,Cluster 0 (com=0.50),0.10797046590605772
682390,4,34902,162,1,Cluster 1 (com=0.69),0.35505654885501003
682436,4,34902,1056,0,Cluster 0 (com=0.50),0.021578449695473817
682437,4,34902,1019,0,Cluster 0 (com=0.50),0.5469105261956372
682511,4,34902,396,1,Cluster 1 (com=0.69),0.4975996114932412
682539,4,34902,1061,0,Cluster 0 (com=0.50),0.5648600230880384
682569,4,34902,703,0,Cluster 0 (com=0.50),0.501150239871818
682588,4,34902,580,0,Cluster 0 (com=0.50),0.24051232871013078
682613,4,34902,78,1,Cluster 1 (com=0.69),0.4721409719310061
682632,4,34902,1052,0,Cluster 0 (com=0.50),0.5353613088209971
682695,4,34902,392,0,Cluster 0 (com=0.50),0.530872764439901
682753,4,34902,458,0,Cluster 0 (com=0.50),0.25312131797680726
682839,4,34902,703,0,Cluster 0 (com=0.50),0.10708307471745461
682894,4,34902,531,0,Cluster 0 (com=0.50),0.3382397182269489
682963,4,34902,749,0,Cluster 0 (com=0.50),0.5134636314970257
682981,4,34902,662,0,Cluster 0 (com=0.50),0.49642302427487106
682983,4,34902,404,0,Cluster 0 (com=0.50),0.34077680593733933
682985,4,34902,184,1,Cluster 1 (com=0.69),0.4933003807377337
682990,4,34902,1672,0,Cluster 0 (com=0.50),0.5241612510071699
683033,4,34902,548,0,Cluster 0 (com=0.50),0.5346615492846462
683094,4,34902,248,0,Cluster 0 (com=0.50),0.5449007277412992
683178,4,34902,336,0,Cluster 0 (com=0.50),0.5289823537529706
683243,4,34902,338,1,Cluster 1 (com=0.69),0.048826270629519504
683305,4,34902,165,1,Cluster 1 (com=0.69),0.22516824113288217
683346,4,34902,715,0,Cluster 0 (com=0.50),0.49046190311106974
683352,4,34902,132,1,Cluster 1 (com=0.69),-0.025105420996470906
683353,4,34902,919,0,Cluster 0 (com=0.50),0.463592779254913
683375,4,34902,271,0,Cluster 0 (com=0.50),0.3051614302294686
683403,4,34902,755,0,Cluster 0 (com=0.50),0.49713694544145154
683467,4,34902,68,1,Cluster 1 (com=0.69),0.4938748705274334
683508,4,34902,53,1,Cluster 1 (com=0.69),0.2528872020066676
683530,4,34902,1375,0,Cluster 0 (com=0.50),0.5436572880711221
683550,4,34902,477,1,Cluster 1 (com=0.69),0.3204824420076976
683604,4,34902,957,0,Cluster 0 (com=0.50),0.5607006833872756
683624,4,34902,1912,0,Cluster 0 (com=0.50),0.42306604550187976
683820,4,34902,507,0,Cluster 0 (com=0.50),0.5450633464508736
683902,4,34902,384,1,Cluster 1 (com=0.69),0.5187526074666908
683934,4,34902,435,1,Cluster 1 (com=0.69),0.1363129455215192
684013,4,34902,749,0,Cluster 0 (com=0.50),0.5629779529561526
684183,4,34902,270,0,Cluster 0 (com=0.50),0.2594035788395476
684311,4,34902,465,0,Cluster 0 (com=0.50),0.5585594589897233
684383,4,34902,1008,1,Cluster 1 (com=0.69),0.057151151119737925
684386,4,34902,1049,0,Cluster 0 (com=0.50),0.3711279814654676
684526,4,34902,543,0,Cluster 0 (com=0.50),0.32764724990532446
684592,4,34902,329,1,Cluster 1 (com=0.69),0.14673152583146978
684671,4,34902,167,1,Cluster 1 (com=0.69),-0.03407142807821702
684675,4,34902,132,1,Cluster 1 (com=0.69),0.4807658081154248
684882,4,34902,560,0,Cluster 0 (com=0.50),0.5466517057858973
684981,4,34902,990,0,Cluster 0 (com=0.50),0.43225829459677767
685105,4,34902,54,1,Cluster 1 (com=0.69),0.5032228029444681
685128,4,34902,204,1,Cluster 1 (com=0.69),0.47996477398129944
685140,4,34902,58,0,Cluster 0 (com=0.50),0.07530015058755045
685155,4,34902,863,0,Cluster 0 (com=0.50),0.47274923382747913
685212,4,34902,720,0,Cluster 0 (com=0.50),0.16227256566558898
685276,4,34902,1602,0,Cluster 0 (com=0.50),0.49982502919395483
685283,4,34902,65,0,Cluster 0 (com=0.50),0.032747824704335834
685330,4,34902,769,0,Cluster 0 (com=0.50),0.3370283220442194
685339,4,34902,549,0,Cluster 0 (com=0.50),0.3817710116951045
685373,4,34902,430,0,Cluster 0 (com=0.50),0.519191929228649
685378,4,34902,89,1,Cluster 1 (com=0.69),0.10956648149489005
685410,4,34902,730,0,Cluster 0 (com=0.50),0.40217325397387615
685619,4,34902,104,0,Cluster 0 (com=0.50),0.1600640244940693
685705,4,34902,66,1,Cluster 1 (com=0.69),0.17790962930511772
685708,4,34902,437,0,Cluster 0 (com=0.50),0.5787835293051491
685772,4,34902,686,0,Cluster 0 (com=0.50),0.5881716462075376
685831,4,34902,427,0,Cluster 0 (com=0.50),0.5207335931104309
686065,4,34902,748,0,Cluster 0 (com=0.50),0.6014361584214861
686314,4,34902,198,1,Cluster 1 (com=0.69),0.5026806794469728
686317,4,34902,64,0,Cluster 0 (com=0.50),0.08061237138944422
686344,4,34902,907,0,Cluster 0 (com=0.50),0.36099671134143557
686348,4,34902,1349,0,Cluster 0 (com=0.50),0.3034915703494811
686498,4,34902,869,0,Cluster 0 (com=0.50),0.5772777523745165
686522,4,34902,353,0,Cluster 0 (com=0.50),0.561414151965473
686558,4,34902,98,1,Cluster 1 (com=0.69),0.48774461716791867
686700,4,34902,36,1,Cluster 1 (com=0.69),0.1463687811791757
686705,4,34902,213,0,Cluster 0 (com=0.50),0.4233201150421767
686946,4,34902,113,1,Cluster 1 (com=0.69),0.4901518708383549
687112,4,34902,726,1,Cluster 1 (com=0.69),0.32737435709314516
687115,4,34902,82,1,Cluster 1 (com=0.69),0.24179160798145327
687351,4,34902,483,1,Cluster 1 (com=0.69),0.4926506267103254
687410,4,34902,648,0,Cluster 0 (com=0.50),0.5227236480870899
687434,4,34902,1305,0,Cluster 0 (com=0.50),0.5443638237826399
687468,4,34902,753,0,Cluster 0 (com=0.50),0.5883272732417718
687485,4,34902,305,0,Cluster 0 (com=0.50),0.2921713953636147
687503,4,34902,1331,0,Cluster 0 (com=0.50),0.4814922071042282
687686,4,34902,168,0,Cluster 0 (com=0.50),0.16232709125856398
687846,4,34902,391,1,Cluster 1 (com=0.69),0.44508117120418056
687910,4,34902,996,0,Cluster 0 (com=0.50),0.47638003456278755
687930,4,34902,1557,0,Cluster 0 (com=0.50),0.5280957288333492
687931,4,34902,387,0,Cluster 0 (com=0.50),0.46815354798450254
687988,4,34902,824,0,Cluster 0 (com=0.50),0.48173602391297954
688008,4,34902,351,0,Cluster 0 (com=0.50),0.4059709371045158
688127,4,34902,351,1,Cluster 1 (com=0.69),0.35028702870057915
688136,4,34902,1553,0,Cluster 0 (com=0.50),0.5912943930854557
688192,4,34902,511,0,Cluster 0 (com=0.50),0.5561597380219979
688265,4,34902,23,1,Cluster 1 (com=0.69),0.49925841748169497
688337,4,34902,404,0,Cluster 0 (com=0.50),0.303537260784564
688470,4,34902,96,1,Cluster 1 (com=0.69),0.25930252582200797
688543,4,34902,566,0,Cluster 0 (com=0.50),0.4743757722489459
688667,4,34902,1001,0,Cluster 0 (com=0.50),0.6002543038956235
688685,4,34902,710,0,Cluster 0 (com=0.50),0.4668774740510014
688727,4,34902,1066,0,Cluster 0 (com=0.50),0.5510682668744157
688891,4,34902,301,0,Cluster 0 (com=0.50),0.3307282704828752
688895,4,34902,844,0,Cluster 0 (com=0.50),0.5058498923859734
688976,4,34902,59,1,Cluster 1 (com=0.69),0.2938906005172041
689005,4,34902,106,1,Cluster 1 (com=0.69),0.35295058799604323
689260,4,34902,223,1,Cluster 1 (com=0.69),0.013506222153008906
689280,4,34902,1036,0,Cluster 0 (com=0.50),0.38286536786684466
689347,4,34902,255,0,Cluster 0 (com=0.50),0.5431420984324132
689444,4,34902,396,0,Cluster 0 (com=0.50),0.1524894556437202
689796,4,34902,1525,0,Cluster 0 (com=0.50),0.434006636984888
689832,4,34902,346,0,Cluster 0 (com=0.50),0.10753416237217454
689855,4,34902,493,0,Cluster 0 (com=0.50),0.40123603102760425
689924,4,34902,340,0,Cluster 0 (com=0.50),0.06955869147401375
690075,4,34902,80,1,Cluster 1 (com=0.69),0.5129936004111015
690198,4,34902,478,1,Cluster 1 (com=0.69),0.3693078181998073
690382,4,34902,47,0,Cluster 0 (com=0.50),0.4626424370463621
690628,4,34902,593,1,Cluster 1 (com=0.69),0.03072239951886638
690635,4,34902,125,0,Cluster 0 (com=0.50),0.35395211316958003
690746,4,34902,1162,0,Cluster 0 (com=0.50),0.5812601581541033
690832,4,34902,1543,0,Cluster 0 (com=0.50),0.3438701321422113
690872,4,34902,674,0,Cluster 0 (com=0.50),0.287292134977634
691269,4,34902,427,1,Cluster 1 (com=0.69),0.23711489210824266
691280,4,34902,51,1,Cluster 1 (com=0.69),0.3100568639861033
691326,4,34902,501,0,Cluster 0 (com=0.50),0.4191804090661996
691465,4,34902,159,1,Cluster 1 (com=0.69),0.4299640041319271
691699,4,34902,317,0,Cluster 0 (com=0.50),0.5474358854496911
691722,4,34902,738,0,Cluster 0 (com=0.50),0.5025536407583195
691873,4,34902,554,1,Cluster 1 (com=0.69),0.02025720486212666
691932,4,34902,728,0,Cluster 0 (com=0.50),0.516829629994049
692010,4,34902,712,0,Cluster 0 (com=0.50),0.17385049057108534
692097,4,34902,1334,0,Cluster 0 (com=0.50),0.5026439118195083
692220,4,34902,517,0,Cluster 0 (com=0.50),0.5360414389857137
692301,4,34902,125,1,Cluster 1 (com=0.69),0.49625631673138976
692334,4,34902,881,0,Cluster 0 (com=0.50),0.4934885588102277
692454,4,34902,826,0,Cluster 0 (com=0.50),0.5421667903599607
692612,4,34902,600,0,Cluster 0 (com=0.50),0.5867126476444842
692893,4,34902,210,1,Cluster 1 (com=0.69),0.09980894900911973
692962,4,34902,610,0,Cluster 0 (com=0.50),0.595206101852916
692968,4,34902,20,0,Cluster 0 (com=0.50),0.161256161956711
693160,4,34902,242,0,Cluster 0 (com=0.50),0.20196428404979921
693162,4,34902,1145,0,Cluster 0 (com=0.50),0.36559185874185507
693197,4,34902,101,1,Cluster 1 (com=0.69),0.49747980199924086
693236,4,34902,221,0,Cluster 0 (com=0.50),0.5830176402167168
693345,4,34902,498,1,Cluster 1 (com=0.69),0.08183467064610288
693373,4,34902,1046,0,Cluster 0 (com=0.50),0.15970729601927233
693497,4,34902,463,0,Cluster 0 (com=0.50),0.359087370890805
693519,4,34902,68,1,Cluster 1 (com=0.69),0.4665347275205148
693628,4,34902,651,0,Cluster 0 (com=0.50),0.12121563625814134
693764,4,34902,85,0,Cluster 0 (com=0.50),0.23085189408140097
693806,4,34902,195,0,Cluster 0 (com=0.50),0.35044672985519987
693873,4,34902,230,1,Cluster 1 (com=0.69),0.483872526372839
693903,4,34902,722,0,Cluster 0 (com=0.50),0.4940965068070104
693907,4,34902,447,0,Cluster 0 (com=0.50),0.41111929245458334
694128,4,34902,80,0,Cluster 0 (com=0.50),0.36729321498739315
694144,4,34902,499,0,Cluster 0 (com=0.50),0.11447367928898483
694221,4,34902,433,0,Cluster 0 (com=0.50),0.4686209234714799
694428,4,34902,313,0,Cluster 0 (com=0.50),0.25759952522401625
694456,4,34902,134,1,Cluster 1 (com=0.69),0.4665347275205148
694622,4,34902,738,0,Cluster 0 (com=0.50),0.16070382336853295
694716,4,34902,300,1,Cluster 1 (com=0.69),0.532750700860491
694827,4,34902,94,1,Cluster 1 (com=0.69),0.4887949710585449
694836,4,34902,364,0,Cluster 0 (com=0.50),0.4317617156197404
694848,4,34902,594,1,Cluster 1 (com=0.69),0.05809015233565912
695090,4,34902,29,0,Cluster 0 (com=0.50),0.3889123573191763
695169,4,34902,205,1,Cluster 1 (com=0.69),0.4981099782460462
695471,4,34902,65,1,Cluster 1 (com=0.69),0.5135052475511774
695485,4,34902,142,1,Cluster 1 (com=0.69),0.5158210998061846
695637,4,34902,413,0,Cluster 0 (com=0.50),0.5631346680815976
695729,4,34902,1141,0,Cluster 0 (com=0.50),0.5109003418140655
695803,4,34902,347,0,Cluster 0 (com=0.50),0.31203653461411057
695825,4,34902,226,0,Cluster 0 (com=0.50),0.5930555957025859
695869,4,34902,743,0,Cluster 0 (com=0.50),0.43764190374251033
696039,4,34902,101,1,Cluster 1 (com=0.69),0.21965524779505124
696043,4,34902,527,0,Cluster 0 (com=0.50),0.11982407431196264
696082,4,34902,591,0,Cluster 0 (com=0.50),0.5310104343050953
696188,4,34902,244,1,Cluster 1 (com=0.69),0.5154453523913898
696275,4,34902,1576,0,Cluster 0 (com=0.50),0.5653306577538868
696318,4,34902,674,0,Cluster 0 (com=0.50),0.5066654284333623
696329,4,34902,1023,0,Cluster 0 (com=0.50),0.32242078733123086
696347,4,34902,633,0,Cluster 0 (com=0.50),0.5479030068153278
696364,4,34902,109,1,Cluster 1 (com=0.69),0.48019668992769055
696583,4,34902,351,1,Cluster 1 (com=0.69),0.2239741940975835
696659,4,34902,753,0,Cluster 0 (com=0.50),0.3982165758476947
696662,4,34902,1527,0,Cluster 0 (com=0.50),0.529771530490972
696666,4,34902,55,1,Cluster 1 (com=0.69),0.33657044022994265
696671,4,34902,47,1,Cluster 1 (com=0.69),0.05780294971265632
696674,4,34902,345,0,Cluster 0 (com=0.50),0.16367198020232906
696678,4,34902,963,0,Cluster 0 (com=0.50),0.3062191805253691
696729,4,34902,942,0,Cluster 0 (com=0.50),0.5095947140255346
697255,4,34902,511,0,Cluster 0 (com=0.50),0.32449999161625165
697438,4,34902,410,0,Cluster 0 (com=0.50),0.5517270991826032
697478,4,34902,364,1,Cluster 1 (com=0.69),0.10978728095703795
697878,4,34902,733,1,Cluster 1 (com=0.69),0.2620608509840472
697998,4,34902,351,1,Cluster 1 (com=0.69),0.26402648838423615
698015,4,34902,110,0,Cluster 0 (com=0.50),0.08101347614300267
698384,4,34902,511,0,Cluster 0 (com=0.50),0.4625746748831455
698485,4,34902,554,0,Cluster 0 (com=0.50),0.49811250420046305
698656,4,34902,635,0,Cluster 0 (com=0.50),0.4181776456587758
699126,4,34902,51,0,Cluster 0 (com=0.50),0.5215740482891518
699127,4,34902,156,1,Cluster 1 (com=0.69),0.4665347275205148
699128,4,34902,51,0,Cluster 0 (com=0.50),0.28914478328918924
895524,4,34902,1411,0,Cluster 0 (com=0.50),0.5571928721337329
1021350,4,34902,100,1,Cluster 1 (com=0.69),0.4665347275205148
1042726,4,34902,141,0,Cluster 0 (com=0.50),0.23901793501545424
1318759,4,34902,741,0,Cluster 0 (com=0.50),0.5959455719530122
1348205,4,34902,1459,0,Cluster 0 (com=0.50),0.5415287140938715
1391717,4,34902,266,1,Cluster 1 (com=0.69),0.10591900705128117
1409532,4,34902,308,0,Cluster 0 (com=0.50),0.5137764030085946
1413902,4,34902,473,1,Cluster 1 (com=0.69),0.19685824357215626
1448966,4,34902,204,1,Cluster 1 (com=0.69),0.39401284580165147
1450604,4,34902,1757,0,Cluster 0 (com=0.50),0.5149930594799669
1473878,4,34902,681,0,Cluster 0 (com=0.50),0.40711680732847827
1501577,4,34902,556,0,Cluster 0 (com=0.50),0.2998803634092425
1585671,4,34902,1234,0,Cluster 0 (com=0.50),0.5357889282340679
1603549,4,34902,313,0,Cluster 0 (com=0.50),0.3865800298063714
1631797,4,34902,334,1,Cluster 1 (com=0.69),0.20059395192256102
1639699,4,34902,302,1,Cluster 1 (com=0.69),0.17549490299450524
1640680,4,34902,705,0,Cluster 0 (com=0.50),0.5019903740192628
1658963,4,34902,296,0,Cluster 0 (com=0.50),0.5195593886476776
1677677,4,34902,1070,0,Cluster 0 (com=0.50),0.1207132524512695
1722493,4,34902,1433,0,Cluster 0 (com=0.50),0.3735907147038621
1752994,4,34902,445,0,Cluster 0 (com=0.50),0.5527338124144137
1755594,4,34902,653,0,Cluster 0 (com=0.50),0.3550357087302467
1771775,4,34902,229,1,Cluster 1 (com=0.69),0.47466307102633737
1796402,4,34902,748,0,Cluster 0 (com=0.50),0.5464145932244071
1810759,4,34902,603,0,Cluster 0 (com=0.50),0.47933514739304467
1816458,4,34902,932,0,Cluster 0 (com=0.50),0.47660390505072037
1817710,4,34902,461,1,Cluster 1 (com=0.69),0.009831256814629161
1818385,4,34902,675,0,Cluster 0 (com=0.50),0.5032851812611506
1836241,4,34902,1012,0,Cluster 0 (com=0.50),0.587356807417091
1837138,4,34902,1907,0,Cluster 0 (com=0.50),0.569970220778538
1856869,4,34902,604,0,Cluster 0 (com=0.50),0.5502015516138477
1866233,4,34902,273,0,Cluster 0 (com=0.50),0.09210893612645007
1871598,4,34902,1554,0,Cluster 0 (com=0.50),0.5121824422034195
1871684,4,34902,496,0,Cluster 0 (com=0.50),0.29409484461112606
1877902,4,34902,826,0,Cluster 0 (com=0.50),0.5978280884326518
1879321,4,34902,1120,0,Cluster 0 (com=0.50),0.5983612970919334
1881231,4,34902,185,0,Cluster 0 (com=0.50),0.5194800447378525
1887108,4,34902,1150,0,Cluster 0 (com=0.50),0.5953480746668033
1889752,4,34902,340,1,Cluster 1 (com=0.69),0.3827074099521711
1948159,4,34902,509,0,Cluster 0 (com=0.50),0.4212642287875885
1962049,4,34902,1319,0,Cluster 0 (com=0.50),0.5734010830094416
1962062,4,34902,115,1,Cluster 1 (com=0.69),0.35406476161662903
1972092,4,34902,1537,0,Cluster 0 (com=0.50),0.5334896323226065
1995177,4,34902,821,0,Cluster 0 (com=0.50),0.586239324890492
2017487,4,34902,807,0,Cluster 0 (com=0.50),0.47301178583160286
2020628,4,34902,1664,0,Cluster 0 (com=0.50),0.5821279843056548
2026075,4,34902,759,0,Cluster 0 (com=0.50),0.5765122013641292
2029571,4,34902,342,0,Cluster 0 (com=0.50),0.40465787376267637
2035700,4,34902,1628,0,Cluster 0 (com=0.50),0.4725407264993579
2047575,4,34902,753,0,Cluster 0 (com=0.50),0.23472297052536975
2065972,4,34902,386,0,Cluster 0 (com=0.50),0.24836260925808662
2067799,4,34902,220,1,Cluster 1 (com=0.69),0.4718984991200977
2081123,4,34902,44,0,Cluster 0 (com=0.50),0.38181992077977683
2096251,4,34902,580,0,Cluster 0 (com=0.50),0.48443728623771015
2103552,4,34902,394,0,Cluster 0 (com=0.50),0.3181424871731749
2106955,4,34902,648,0,Cluster 0 (com=0.50),0.2566640428817194
2128283,4,34902,656,0,Cluster 0 (com=0.50),0.5340404385750087
2138970,4,34902,330,1,Cluster 1 (com=0.69),0.4115935537961134
2140300,4,34902,854,0,Cluster 0 (com=0.50),0.3592681626326044
2143312,4,34902,1173,0,Cluster 0 (com=0.50),0.45427311035107437
2143440,4,34902,554,0,Cluster 0 (com=0.50),0.5024589670234142
2154361,4,34902,173,1,Cluster 1 (com=0.69),0.4185718258604916
2160316,4,34902,979,0,Cluster 0 (com=0.50),0.5950318057025048
2161710,4,34902,85,0,Cluster 0 (com=0.50),0.1595255140959981
2178837,4,34902,792,0,Cluster 0 (com=0.50),0.5810187537241255
2180090,4,34902,1447,0,Cluster 0 (com=0.50),0.5694176394930666
2185729,4,34902,680,0,Cluster 0 (com=0.50),0.5215762284385095
2197766,4,34902,378,1,Cluster 1 (com=0.69),0.18587174727165554
2254637,4,34902,375,0,Cluster 0 (com=0.50),0.11615452829501312
2274542,4,34902,1235,0,Cluster 0 (com=0.50),0.5954588581195599
2278101,4,34902,234,0,Cluster 0 (com=0.50),0.456425955981199
2293511,4,34902,1334,0,Cluster 0 (com=0.50),0.514356894897024
2298106,4,34902,527,1,Cluster 1 (com=0.69),0.06863486320882421
2298895,4,34902,684,0,Cluster 0 (com=0.50),0.5880377707953032
2301830,4,34902,978,0,Cluster 0 (com=0.50),0.27906517049451063
2306410,4,34902,404,0,Cluster 0 (com=0.50),0.22087668064735472
2332934,4,34902,183,1,Cluster 1 (com=0.69),0.22310561997890385
2339267,4,34902,292,1,Cluster 1 (com=0.69),0.3971643881852538
2341420,4,34902,264,1,Cluster 1 (com=0.69),0.21770544605478337
2343785,4,34902,989,0,Cluster 0 (com=0.50),0.4839723687567016
2351969,4,34902,50,1,Cluster 1 (com=0.69),0.2892905994512229
2360559,4,34902,731,0,Cluster 0 (com=0.50),0.5726725689551637
2366656,4,34902,678,0,Cluster 0 (com=0.50),0.5419013062819801
2378208,4,34902,342,0,Cluster 0 (com=0.50),0.26492464453485726
2386732,4,34902,1293,0,Cluster 0 (com=0.50),0.5581748050954838
2399758,4,34902,684,0,Cluster 0 (com=0.50),0.4896070358930307
2403701,4,34902,2044,0,Cluster 0 (com=0.50),0.5707322069228169
2417433,4,34902,835,0,Cluster 0 (com=0.50),0.4377639589397587
2424257,4,34902,1335,0,Cluster 0 (com=0.50),0.583613810999146
2427845,4,34902,475,0,Cluster 0 (com=0.50),0.5210502186095679
2438784,4,34902,747,0,Cluster 0 (com=0.50),0.5545225377963753
2457440,4,34902,165,0,Cluster 0 (com=0.50),0.25237953664847895
2480886,4,34902,408,0,Cluster 0 (com=0.50),0.4482241141987477
2482710,4,34902,472,1,Cluster 1 (com=0.69),0.493783852016605
2486930,4,34902,227,1,Cluster 1 (com=0.69),0.4887878024246408
2499307,4,34902,557,1,Cluster 1 (com=0.69),0.09047971638387337
2519138,4,34902,481,0,Cluster 0 (com=0.50),0.3954180082129073
2529419,4,34902,630,0,Cluster 0 (com=0.50),0.49420982601424523
2530976,4,34902,175,0,Cluster 0 (com=0.50),0.38830286446178824
2537777,4,34902,538,0,Cluster 0 (com=0.50),0.5729348340759693
2540871,4,34902,337,0,Cluster 0 (com=0.50),0.5218592030601504
2542209,4,34902,639,0,Cluster 0 (com=0.50),0.5511000556211318
2544643,4,34902,1435,0,Cluster 0 (com=0.50),0.49266916950983247
2544766,4,34902,73,1,Cluster 1 (com=0.69),0.19497268296958467
2546315,4,34902,457,0,Cluster 0 (com=0.50),0.3389797399168774
2557008,4,34902,704,1,Cluster 1 (com=0.69),0.26490862020366274
2558365,4,34902,58,0,Cluster 0 (com=0.50),0.15190304619702472
2579891,4,34902,517,0,Cluster 0 (com=0.50),0.5067968025805596
2584244,4,34902,951,0,Cluster 0 (com=0.50),0.5529726455903345
2597117,4,34902,779,0,Cluster 0 (com=0.50),0.554236108991216
2599883,4,34902,400,1,Cluster 1 (com=0.69),0.4513515911191762
2602542,4,34902,671,0,Cluster 0 (com=0.50),0.38458380739507275
2603027,4,34902,529,0,Cluster 0 (com=0.50),0.046944487483081714
2612102,4,34902,757,0,Cluster 0 (com=0.50),0.5766433907207545
2624028,4,34902,467,0,Cluster 0 (com=0.50),0.23497827897933185
2641156,4,34902,177,1,Cluster 1 (com=0.69),0.5115820151622202
2642532,4,34902,120,1,Cluster 1 (com=0.69),0.4835026715845291
2643472,4,34902,239,1,Cluster 1 (com=0.69),0.49717397076804226
2643829,4,34902,685,0,Cluster 0 (com=0.50),0.36782036713341326
2649948,4,34902,234,0,Cluster 0 (com=0.50),0.4554990683116493
2657913,4,34902,242,1,Cluster 1 (com=0.69),0.45846083594884807
2658856,4,34902,577,0,Cluster 0 (com=0.50),0.5719738271215419
2667478,4,34902,853,0,Cluster 0 (com=0.50),0.46355881543316874
2681198,4,34902,290,0,Cluster 0 (com=0.50),0.4171951260668272
2682682,4,34902,637,0,Cluster 0 (com=0.50),0.1723826714683515
2683857,4,34902,2208,0,Cluster 0 (com=0.50),0.5869312587255583
2686035,4,34902,27,0,Cluster 0 (com=0.50),0.43768801855689476
2693932,4,34902,372,1,Cluster 1 (com=0.69),0.03846975398969396
2697921,4,34902,167,0,Cluster 0 (com=0.50),0.11620268608417135
31296,5,34903,233,1,Cluster 1 (com=0.69),0.018194251424466235
40878,5,34903,397,0,Cluster 0 (com=0.50),0.44696984480129104
42552,5,34903,1782,0,Cluster 0 (com=0.50),0.5973084531051521
45423,5,34903,1393,0,Cluster 0 (com=0.50),0.5038429040134098
47861,5,34903,1687,0,Cluster 0 (com=0.50),0.45920657746678384
56637,5,34903,873,0,Cluster 0 (com=0.50),0.5624037935072237
58884,5,34903,1516,0,Cluster 0 (com=0.50),0.5955993283369301
64427,5,34903,1675,0,Cluster 0 (com=0.50),0.5392687122835895
71159,5,34903,1407,0,Cluster 0 (com=0.50),0.5488163212314727
74165,5,34903,526,0,Cluster 0 (com=0.50),0.22705842678325996
75107,5,34903,1366,0,Cluster 0 (com=0.50),0.495028652195515
77692,5,34903,565,1,Cluster 1 (com=0.69),0.23276294683747736
79610,5,34903,874,0,Cluster 0 (com=0.50),0.13660268437462758
84604,5,34903,2529,0,Cluster 0 (com=0.50),0.5557286706245355
87264,5,34903,2103,0,Cluster 0 (com=0.50),0.5453903145888614
102854,5,34903,856,0,Cluster 0 (com=0.50),0.5980957239459755
105939,5,34903,938,0,Cluster 0 (com=0.50),0.5077493385716437
107455,5,34903,366,1,Cluster 1 (com=0.69),0.08298662897075185
109577,5,34903,193,0,Cluster 0 (com=0.50),0.122677666356209
119310,5,34903,223,0,Cluster 0 (com=0.50),0.36275779182584994
119865,5,34903,644,0,Cluster 0 (com=0.50),0.47099061479290477
125063,5,34903,1384,0,Cluster 0 (com=0.50),0.5601711643057893
129907,5,34903,1047,0,Cluster 0 (com=0.50),0.5172857741984282
130409,5,34903,633,1,Cluster 1 (com=0.69),0.33802280891354364
132475,5,34903,1038,0,Cluster 0 (com=0.50),0.5159123236320713
135280,5,34903,560,0,Cluster 0 (com=0.50),0.19301315536747227
136944,5,34903,11,1,Cluster 1 (com=0.69),0.48169011492902286
139206,5,34903,755,0,Cluster 0 (com=0.50),0.5451357075906089
142310,5,34903,1112,0,Cluster 0 (com=0.50),0.4503448507694692
150282,5,34903,189,0,Cluster 0 (com=0.50),0.40212531522437994
152524,5,34903,3143,0,Cluster 0 (com=0.50),0.5760550261071331
152917,5,34903,3410,0,Cluster 0 (com=0.50),0.5764365091823334
155938,5,34903,787,0,Cluster 0 (com=0.50),0.48391093135746255
159947,5,34903,958,0,Cluster 0 (com=0.50),0.5397364170703677
164148,5,34903,390,0,Cluster 0 (com=0.50),0.3863655431219541
166123,5,34903,772,0,Cluster 0 (com=0.50),0.565161895623468
170874,5,34903,136,0,Cluster 0 (com=0.50),0.5203483865432331
172493,5,34903,885,0,Cluster 0 (com=0.50),0.5981749983840405
177492,5,34903,1372,0,Cluster 0 (com=0.50),0.4789714225153026
185994,5,34903,705,0,Cluster 0 (com=0.50),0.5460546162960972
194163,5,34903,940,0,Cluster 0 (com=0.50),0.5511368612766436
195552,5,34903,706,0,Cluster 0 (com=0.50),0.5105776461060242
197536,5,34903,208,1,Cluster 1 (com=0.69),0.49503848663406563
199009,5,34903,403,0,Cluster 0 (com=0.50),0.4884418108182427
228633,5,34903,402,0,Cluster 0 (com=0.50),0.32915358029897807
229498,5,34903,842,0,Cluster 0 (com=0.50),0.4251362525431842
232173,5,34903,1003,0,Cluster 0 (com=0.50),0.5604277910554818
234661,5,34903,1230,0,Cluster 0 (com=0.50),0.512051644921299
235971,5,34903,566,0,Cluster 0 (com=0.50),0.5149932912459313
236090,5,34903,1159,0,Cluster 0 (com=0.50),0.5364498936407004
237891,5,34903,357,1,Cluster 1 (com=0.69),0.21139692866932874
249357,5,34903,924,0,Cluster 0 (com=0.50),0.6016796890211391
251166,5,34903,878,0,Cluster 0 (com=0.50),0.48492773884631385
253633,5,34903,796,0,Cluster 0 (com=0.50),0.5788226285050129
253763,5,34903,993,0,Cluster 0 (com=0.50),0.5150544026686624
258245,5,34903,783,1,Cluster 1 (com=0.69),0.1939075445842075
258509,5,34903,540,0,Cluster 0 (com=0.50),0.4563112155711443
258978,5,34903,911,0,Cluster 0 (com=0.50),0.3989673673179026
262025,5,34903,630,1,Cluster 1 (com=0.69),0.49465047091411546
262394,5,34903,205,1,Cluster 1 (com=0.69),0.5031879366094791
263862,5,34903,469,0,Cluster 0 (com=0.50),0.5616788544601773
269584,5,34903,153,1,Cluster 1 (com=0.69),0.08024352445638225
270421,5,34903,187,1,Cluster 1 (com=0.69),0.3521739966866366
276265,5,34903,1621,0,Cluster 0 (com=0.50),0.507116151600735
278380,5,34903,342,1,Cluster 1 (com=0.69),0.21833944912234318
279440,5,34903,464,0,Cluster 0 (com=0.50),0.2057511392934749
279653,5,34903,1012,0,Cluster 0 (com=0.50),0.5579577563144141
281134,5,34903,1388,0,Cluster 0 (com=0.50),0.5080128957674757
282849,5,34903,1031,0,Cluster 0 (com=0.50),0.4039363163804334
283402,5,34903,753,0,Cluster 0 (com=0.50),0.5048754887734092
286778,5,34903,733,1,Cluster 1 (com=0.69),0.0024770837000132892
287079,5,34903,422,0,Cluster 0 (com=0.50),0.5097221598931178
287258,5,34903,1228,0,Cluster 0 (com=0.50),0.5883626841546294
289247,5,34903,654,0,Cluster 0 (com=0.50),0.46705257208738715
294219,5,34903,868,0,Cluster 0 (com=0.50),0.40309021352894725
297218,5,34903,445,0,Cluster 0 (com=0.50),0.5435623345227256
301074,5,34903,529,0,Cluster 0 (com=0.50),0.10780411397216333
305064,5,34903,538,0,Cluster 0 (com=0.50),0.5028716232050455
305659,5,34903,918,0,Cluster 0 (com=0.50),0.026851435194794444
310205,5,34903,328,0,Cluster 0 (com=0.50),0.37763963689896135
312231,5,34903,224,0,Cluster 0 (com=0.50),0.4754842723560713
312960,5,34903,98,0,Cluster 0 (com=0.50),0.14954624936230823
315795,5,34903,289,1,Cluster 1 (com=0.69),0.1460169377802529
316082,5,34903,187,0,Cluster 0 (com=0.50),0.26456727766004673
318147,5,34903,1152,0,Cluster 0 (com=0.50),0.5859004119310758
319073,5,34903,175,0,Cluster 0 (com=0.50),0.37821267509500356
320133,5,34903,2172,0,Cluster 0 (com=0.50),0.5642648620295129
320612,5,34903,1247,0,Cluster 0 (com=0.50),0.5695885114669158
331789,5,34903,972,0,Cluster 0 (com=0.50),0.5965988519295534
333993,5,34903,199,1,Cluster 1 (com=0.69),0.4351334405511853
337000,5,34903,887,0,Cluster 0 (com=0.50),0.6007061263778145
338689,5,34903,142,1,Cluster 1 (com=0.69),0.5066879148503897
338806,5,34903,642,0,Cluster 0 (com=0.50),0.5204611952489591
339519,5,34903,862,0,Cluster 0 (com=0.50),0.5575541397633618
341629,5,34903,846,1,Cluster 1 (com=0.69),0.038448849316900104
343709,5,34903,122,1,Cluster 1 (com=0.69),0.5134688957030769
345271,5,34903,1327,0,Cluster 0 (com=0.50),0.5318066045085965
347197,5,34903,1086,0,Cluster 0 (com=0.50),0.49492098983791316
348108,5,34903,292,1,Cluster 1 (com=0.69),0.21231205562799652
348324,5,34903,90,0,Cluster 0 (com=0.50),0.2179500757248094
351147,5,34903,994,0,Cluster 0 (com=0.50),0.5183760221748671
354698,5,34903,87,1,Cluster 1 (com=0.69),0.4218228975753104
355293,5,34903,7,0,Cluster 0 (com=0.50),0.5424815323007923
364066,5,34903,1216,0,Cluster 0 (com=0.50),0.587541201280516
366140,5,34903,641,0,Cluster 0 (com=0.50),0.5697572107675215
369242,5,34903,701,0,Cluster 0 (com=0.50),0.5103640565090695
369450,5,34903,1194,0,Cluster 0 (com=0.50),0.5415379357715515
370735,5,34903,615,1,Cluster 1 (com=0.69),0.4924822099032402
372509,5,34903,976,0,Cluster 0 (com=0.50),0.37520159285517957
372511,5,34903,209,1,Cluster 1 (com=0.69),0.07177112507411425
375527,5,34903,535,0,Cluster 0 (com=0.50),0.34412091328158934
378946,5,34903,1484,0,Cluster 0 (com=0.50),0.5924601139420285
380952,5,34903,154,1,Cluster 1 (com=0.69),0.001244880844988569
381257,5,34903,1276,0,Cluster 0 (com=0.50),0.5998408170587115
381414,5,34903,157,1,Cluster 1 (com=0.69),0.4089741126411238
383602,5,34903,626,0,Cluster 0 (com=0.50),0.3898060975821287
383629,5,34903,866,0,Cluster 0 (com=0.50),0.35323830133777157
386389,5,34903,399,0,Cluster 0 (com=0.50),0.5672795836501049
390070,5,34903,336,0,Cluster 0 (com=0.50),0.10895010941968347
396683,5,34903,304,1,Cluster 1 (com=0.69),0.1448939222375484
397219,5,34903,1832,0,Cluster 0 (com=0.50),0.556690527631979
397671,5,34903,1110,0,Cluster 0 (com=0.50),0.5827619875487436
398550,5,34903,587,0,Cluster 0 (com=0.50),0.5929211969179167
398630,5,34903,592,0,Cluster 0 (com=0.50),0.27689891408794615
399429,5,34903,1178,0,Cluster 0 (com=0.50),0.4910170438977828
402695,5,34903,403,0,Cluster 0 (com=0.50),0.3692214579093889
405193,5,34903,1386,0,Cluster 0 (com=0.50),0.471826583960541
407232,5,34903,1078,0,Cluster 0 (com=0.50),0.5696711088588475
410407,5,34903,903,0,Cluster 0 (com=0.50),0.5246132206750314
410883,5,34903,158,1,Cluster 1 (com=0.69),0.3146955149518544
411304,5,34903,550,0,Cluster 0 (com=0.50),0.48315363357652247
412353,5,34903,910,0,Cluster 0 (com=0.50),0.3891275979738323
413180,5,34903,177,0,Cluster 0 (com=0.50),0.3887102637177552
413709,5,34903,516,0,Cluster 0 (com=0.50),0.13998520715506288
413949,5,34903,1066,0,Cluster 0 (com=0.50),0.573292157908524
416199,5,34903,569,0,Cluster 0 (com=0.50),0.478119324633832
416407,5,34903,609,0,Cluster 0 (com=0.50),0.45980106937213666
419059,5,34903,450,0,Cluster 0 (com=0.50),0.43461423341003697
423210,5,34903,219,1,Cluster 1 (com=0.69),0.46431961466110994
423781,5,34903,658,0,Cluster 0 (com=0.50),0.5340408915151504
427256,5,34903,906,0,Cluster 0 (com=0.50),0.44694274663768063
429832,5,34903,168,1,Cluster 1 (com=0.69),0.5160504770242744
431139,5,34903,622,0,Cluster 0 (com=0.50),0.2477695437623242
434476,5,34903,3802,0,Cluster 0 (com=0.50),0.39016132841286094
439995,5,34903,321,0,Cluster 0 (com=0.50),0.5444278900183953
440818,5,34903,1265,0,Cluster 0 (com=0.50),0.5534157840785113
441165,5,34903,323,0,Cluster 0 (com=0.50),0.5647622097694425
442199,5,34903,37,1,Cluster 1 (com=0.69),0.4665347275205148
442563,5,34903,386,0,Cluster 0 (com=0.50),0.3834696022590579
442802,5,34903,310,0,Cluster 0 (com=0.50),0.3482874532041203
443151,5,34903,1030,0,Cluster 0 (com=0.50),0.40262246888971104
443514,5,34903,1186,0,Cluster 0 (com=0.50),0.2296278419515769
443696,5,34903,549,0,Cluster 0 (com=0.50),0.3471267700417985
444011,5,34903,177,0,Cluster 0 (com=0.50),0.3214195836129422
444619,5,34903,2065,0,Cluster 0 (com=0.50),0.4682564759786824
444907,5,34903,595,0,Cluster 0 (com=0.50),0.5130521833568528
445686,5,34903,562,0,Cluster 0 (com=0.50),0.1946470735819443
465294,5,34903,578,0,Cluster 0 (com=0.50),0.5926353965015788
466987,5,34903,422,1,Cluster 1 (com=0.69),0.3702762627130185
467363,5,34903,115,1,Cluster 1 (com=0.69),0.5239619290920063
469499,5,34903,663,0,Cluster 0 (com=0.50),0.5681507204360038
471284,5,34903,846,0,Cluster 0 (com=0.50),0.4913795122341226
474667,5,34903,959,1,Cluster 1 (com=0.69),0.5201943046053349
475015,5,34903,550,0,Cluster 0 (com=0.50),0.5306043458774707
476401,5,34903,494,0,Cluster 0 (com=0.50),0.5065079465656902
476629,5,34903,616,0,Cluster 0 (com=0.50),0.23122024886778433
477833,5,34903,1593,0,Cluster 0 (com=0.50),0.5869006966930648
479939,5,34903,2064,0,Cluster 0 (com=0.50),0.5921907173850763
481717,5,34903,1090,0,Cluster 0 (com=0.50),0.5491690848322089
482644,5,34903,396,0,Cluster 0 (com=0.50),0.26153885500359286
483037,5,34903,1034,0,Cluster 0 (com=0.50),0.5863265057183588
484594,5,34903,1752,0,Cluster 0 (com=0.50),0.5992998523213993
485228,5,34903,1219,0,Cluster 0 (com=0.50),0.49037742860917943
486087,5,34903,630,0,Cluster 0 (com=0.50),0.42035831260904655
486964,5,34903,345,0,Cluster 0 (com=0.50),0.48596333124823965
488525,5,34903,565,0,Cluster 0 (com=0.50),0.5328798177509722
491126,5,34903,519,0,Cluster 0 (com=0.50),0.3999500604467704
491863,5,34903,375,1,Cluster 1 (com=0.69),0.4287458387715087
492024,5,34903,1627,1,Cluster 1 (com=0.69),0.38556543128455417
493793,5,34903,541,0,Cluster 0 (com=0.50),0.5053733400353567
494184,5,34903,173,0,Cluster 0 (com=0.50),0.3255105191823331
497415,5,34903,319,1,Cluster 1 (com=0.69),0.5089908422063101
498442,5,34903,1118,1,Cluster 1 (com=0.69),0.4042916744578952
499404,5,34903,1131,0,Cluster 0 (com=0.50),0.5810119006378516
500068,5,34903,607,0,Cluster 0 (com=0.50),0.5200115057081555
500618,5,34903,464,0,Cluster 0 (com=0.50),0.28067196088162794
501444,5,34903,599,0,Cluster 0 (com=0.50),0.5434013905079866
502011,5,34903,278,0,Cluster 0 (com=0.50),0.23944577529810898
505773,5,34903,1901,0,Cluster 0 (com=0.50),0.5805526882783966
506705,5,34903,398,1,Cluster 1 (com=0.69),0.5199235431879322
507743,5,34903,940,0,Cluster 0 (com=0.50),0.5618139229853759
507935,5,34903,997,0,Cluster 0 (com=0.50),0.5326911627759534
508626,5,34903,2552,0,Cluster 0 (com=0.50),0.6017793154162333
509536,5,34903,1424,0,Cluster 0 (com=0.50),0.5843673226641017
511309,5,34903,245,0,Cluster 0 (com=0.50),0.2762759881591289
511981,5,34903,511,1,Cluster 1 (com=0.69),0.011986373590627576
513422,5,34903,385,1,Cluster 1 (com=0.69),0.10929406131239992
513428,5,34903,283,0,Cluster 0 (com=0.50),0.2856816035619953
514078,5,34903,689,1,Cluster 1 (com=0.69),0.21151825613029765
516602,5,34903,485,0,Cluster 0 (com=0.50),0.1988752804861072
517551,5,34903,293,0,Cluster 0 (com=0.50),0.14705091863393446
519115,5,34903,382,0,Cluster 0 (com=0.50),0.3305065998662602
521115,5,34903,534,0,Cluster 0 (com=0.50),0.3755554461003041
521255,5,34903,26,0,Cluster 0 (com=0.50),0.3632550789594527
522082,5,34903,535,0,Cluster 0 (com=0.50),0.5870432666142067
523017,5,34903,265,0,Cluster 0 (com=0.50),0.5054289338512454
523249,5,34903,489,0,Cluster 0 (com=0.50),0.5455214951726478
526721,5,34903,920,0,Cluster 0 (com=0.50),0.5594132802201502
526819,5,34903,539,0,Cluster 0 (com=0.50),0.46237861200244573
529693,5,34903,435,0,Cluster 0 (com=0.50),0.29392209397505253
529991,5,34903,662,0,Cluster 0 (com=0.50),0.4350441572951754
531018,5,34903,1343,0,Cluster 0 (com=0.50),0.56018973687608
531871,5,34903,194,0,Cluster 0 (com=0.50),0.2973511786064844
532254,5,34903,836,1,Cluster 1 (com=0.69),0.005688417907153703
533418,5,34903,1126,0,Cluster 0 (com=0.50),0.5918722917207134
534457,5,34903,714,0,Cluster 0 (com=0.50),0.3934878709819632
535671,5,34903,1686,0,Cluster 0 (com=0.50),0.2623888027195724
536351,5,34903,466,0,Cluster 0 (com=0.50),0.3005245897040707
536475,5,34903,296,1,Cluster 1 (com=0.69),0.3886906077064194
536963,5,34903,1119,0,Cluster 0 (com=0.50),0.14487093377900057
537322,5,34903,749,0,Cluster 0 (com=0.50),0.2874317143153142
537811,5,34903,1420,0,Cluster 0 (com=0.50),0.5357970315370822
539308,5,34903,239,1,Cluster 1 (com=0.69),0.3348873610492591
539945,5,34903,1659,0,Cluster 0 (com=0.50),0.5376030741844431
540723,5,34903,1837,0,Cluster 0 (com=0.50),0.5309671556571232
541921,5,34903,1026,0,Cluster 0 (com=0.50),0.5506072987736582
542202,5,34903,405,0,Cluster 0 (com=0.50),0.5118915376738971
543010,5,34903,1120,0,Cluster 0 (com=0.50),0.5999612983619805
545164,5,34903,1167,0,Cluster 0 (com=0.50),0.42270154752913275
545962,5,34903,648,0,Cluster 0 (com=0.50),0.25431261959843526
546547,5,34903,867,0,Cluster 0 (com=0.50),0.38364099445809463
546645,5,34903,440,0,Cluster 0 (com=0.50),0.4479484575071345
547347,5,34903,825,0,Cluster 0 (com=0.50),0.2177035295150567
549219,5,34903,726,0,Cluster 0 (com=0.50),0.3848800442658289
549321,5,34903,597,1,Cluster 1 (com=0.69),0.489939429154632
549847,5,34903,857,0,Cluster 0 (com=0.50),0.5877546709652658
550420,5,34903,701,0,Cluster 0 (com=0.50),0.5005641453608768
550703,5,34903,2386,0,Cluster 0 (com=0.50),0.5160956094997923
552173,5,34903,1005,0,Cluster 0 (com=0.50),0.587245289159107
553031,5,34903,732,0,Cluster 0 (com=0.50),0.38674312386855314
553284,5,34903,1088,0,Cluster 0 (com=0.50),0.27677166367715217
554063,5,34903,431,0,Cluster 0 (com=0.50),0.297319258832428
554525,5,34903,506,0,Cluster 0 (com=0.50),0.5181662029849745
555049,5,34903,831,0,Cluster 0 (com=0.50),0.5643892634556925
556126,5,34903,640,0,Cluster 0 (com=0.50),0.25227787360349796
557085,5,34903,1643,0,Cluster 0 (com=0.50),0.5582697904050722
557290,5,34903,440,0,Cluster 0 (com=0.50),0.4692491098440186
558044,5,34903,550,0,Cluster 0 (com=0.50),0.5383058809245428
558764,5,34903,471,0,Cluster 0 (com=0.50),0.413447520248551
560047,5,34903,1335,0,Cluster 0 (com=0.50),0.40501814947946146
560645,5,34903,1164,0,Cluster 0 (com=0.50),0.5556710130607857
561231,5,34903,952,0,Cluster 0 (com=0.50),0.49175086398890694
562064,5,34903,89,1,Cluster 1 (com=0.69),0.4867448883732279
562754,5,34903,266,0,Cluster 0 (com=0.50),0.19992252191277632
563108,5,34903,676,1,Cluster 1 (com=0.69),0.03979385105686467
563414,5,34903,1399,0,Cluster 0 (com=0.50),0.5978902284307097
564243,5,34903,2502,0,Cluster 0 (com=0.50),0.2678620096141076
564617,5,34903,1557,0,Cluster 0 (com=0.50),0.49681218845992847
564933,5,34903,350,0,Cluster 0 (com=0.50),0.44394025165349565
565017,5,34903,2076,0,Cluster 0 (com=0.50),0.5814185224155333
569034,5,34903,1670,0,Cluster 0 (com=0.50),0.5556830512704362
569080,5,34903,699,0,Cluster 0 (com=0.50),0.49618993293900293
569108,5,34903,642,0,Cluster 0 (com=0.50),0.46335631359933954
569876,5,34903,842,0,Cluster 0 (com=0.50),0.5859034358377067
570213,5,34903,606,0,Cluster 0 (com=0.50),0.4682129229714827
571074,5,34903,1191,0,Cluster 0 (com=0.50),0.5128219060808542
572213,5,34903,214,1,Cluster 1 (com=0.69),0.03978532188438468
573583,5,34903,268,1,Cluster 1 (com=0.69),0.3204121479239084
574527,5,34903,1296,0,Cluster 0 (com=0.50),0.497409208839476
575069,5,34903,928,0,Cluster 0 (com=0.50),0.4992361001498994
575112,5,34903,1045,0,Cluster 0 (com=0.50),0.48315495420651305
575302,5,34903,1638,0,Cluster 0 (com=0.50),0.5663719324615298
577533,5,34903,490,0,Cluster 0 (com=0.50),0.3812067824391252
578152,5,34903,312,0,Cluster 0 (com=0.50),0.3706368409622333
578847,5,34903,1544,0,Cluster 0 (com=0.50),0.43367671857305523
579660,5,34903,188,1,Cluster 1 (com=0.69),0.42330745983771356
579686,5,34903,965,0,Cluster 0 (com=0.50),0.5876354239299197
580459,5,34903,929,0,Cluster 0 (com=0.50),0.49250650738612317
580834,5,34903,1822,0,Cluster 0 (com=0.50),0.4842135193355548
580845,5,34903,1592,0,Cluster 0 (com=0.50),0.21613694262849814
581253,5,34903,2370,0,Cluster 0 (com=0.50),0.5365877340109585
581659,5,34903,2650,0,Cluster 0 (com=0.50),0.5450121263475892
581779,5,34903,693,0,Cluster 0 (com=0.50),0.44780011716371904
582117,5,34903,475,0,Cluster 0 (com=0.50),0.5424444088064995
582332,5,34903,1373,0,Cluster 0 (com=0.50),0.5052379572982282
582653,5,34903,129,1,Cluster 1 (com=0.69),0.4760531994471253
582670,5,34903,129,0,Cluster 0 (com=0.50),0.25184013905958147
583318,5,34903,291,0,Cluster 0 (com=0.50),0.3950237487468987
583487,5,34903,3482,0,Cluster 0 (com=0.50),0.5920142860134058
584515,5,34903,1028,0,Cluster 0 (com=0.50),0.4507751326844048
585224,5,34903,851,0,Cluster 0 (com=0.50),0.5925627851843893
585284,5,34903,203,1,Cluster 1 (com=0.69),0.5148107392928531
585503,5,34903,1828,0,Cluster 0 (com=0.50),0.5441699101303706
585958,5,34903,719,0,Cluster 0 (com=0.50),0.5609196002460726
586906,5,34903,764,1,Cluster 1 (com=0.69),0.013010452422356895
587571,5,34903,2410,0,Cluster 0 (com=0.50),0.5939467284004862
588128,5,34903,662,1,Cluster 1 (com=0.69),0.035852558848444335
588628,5,34903,1808,0,Cluster 0 (com=0.50),0.556947534522094
589080,5,34903,1421,0,Cluster 0 (com=0.50),0.598173801336989
589162,5,34903,1068,0,Cluster 0 (com=0.50),0.5211544682218096
589332,5,34903,840,0,Cluster 0 (com=0.50),0.5972116041618304
589828,5,34903,501,1,Cluster 1 (com=0.69),0.12040802184124598
590120,5,34903,748,0,Cluster 0 (com=0.50),0.517131016996898
591525,5,34903,368,0,Cluster 0 (com=0.50),0.5293399766371073
591581,5,34903,956,0,Cluster 0 (com=0.50),0.5084738826189712
591946,5,34903,297,0,Cluster 0 (com=0.50),0.09655873948629164
592218,5,34903,855,0,Cluster 0 (com=0.50),0.5599435296863016
592295,5,34903,868,0,Cluster 0 (com=0.50),0.4650695503625909
592558,5,34903,1048,0,Cluster 0 (com=0.50),0.4681426303412264
592939,5,34903,410,1,Cluster 1 (com=0.69),0.11422591809401483
593136,5,34903,387,0,Cluster 0 (com=0.50),0.38744999261592955
593563,5,34903,604,0,Cluster 0 (com=0.50),0.3284984428079732
593722,5,34903,509,0,Cluster 0 (com=0.50),0.3325306002183264
593796,5,34903,2295,0,Cluster 0 (com=0.50),0.5816445835387016
594065,5,34903,834,0,Cluster 0 (com=0.50),0.5945099691317169
594122,5,34903,1397,0,Cluster 0 (com=0.50),0.5356349984724715
594229,5,34903,683,0,Cluster 0 (com=0.50),0.3732590270190212
594258,5,34903,149,0,Cluster 0 (com=0.50),0.1620971820415096
594406,5,34903,265,0,Cluster 0 (com=0.50),0.42765528148895865
594636,5,34903,641,0,Cluster 0 (com=0.50),0.35135319606674853
595721,5,34903,392,0,Cluster 0 (com=0.50),0.5154661647852429
595943,5,34903,1061,0,Cluster 0 (com=0.50),0.594287065985439
596243,5,34903,694,0,Cluster 0 (com=0.50),0.2959244636977337
596253,5,34903,656,0,Cluster 0 (com=0.50),0.4329481836406136
596758,5,34903,572,0,Cluster 0 (com=0.50),0.4364009425788407
597740,5,34903,252,0,Cluster 0 (com=0.50),0.466319920980402
597937,5,34903,1396,0,Cluster 0 (com=0.50),0.5966343678501206
598308,5,34903,1357,0,Cluster 0 (com=0.50),0.5803730865411012
598540,5,34903,2078,0,Cluster 0 (com=0.50),0.582001677939953
598559,5,34903,1207,0,Cluster 0 (com=0.50),0.5939749091903175
600071,5,34903,670,0,Cluster 0 (com=0.50),0.4636627008961224
601008,5,34903,171,1,Cluster 1 (com=0.69),0.015711787155640908
601235,5,34903,630,0,Cluster 0 (com=0.50),0.5522431492856839
601271,5,34903,434,0,Cluster 0 (com=0.50),0.5855410972999644
601820,5,34903,147,1,Cluster 1 (com=0.69),0.49915002715896034
602594,5,34903,1437,0,Cluster 0 (com=0.50),0.5383557153497592
603648,5,34903,1114,0,Cluster 0 (com=0.50),0.44276960173561936
604567,5,34903,473,0,Cluster 0 (com=0.50),0.5273363385340022
604614,5,34903,455,0,Cluster 0 (com=0.50),0.5561013489765931
605180,5,34903,146,0,Cluster 0 (com=0.50),0.1865438008036216
605394,5,34903,181,0,Cluster 0 (com=0.50),0.11916695238220802
605682,5,34903,651,0,Cluster 0 (com=0.50),0.5775240002742205
606257,5,34903,1703,0,Cluster 0 (com=0.50),0.5534344122129226
606904,5,34903,55,0,Cluster 0 (com=0.50),0.48097655526353356
607243,5,34903,1819,0,Cluster 0 (com=0.50),0.5726361704899671
607303,5,34903,1200,0,Cluster 0 (com=0.50),0.5008597894455715
607501,5,34903,766,0,Cluster 0 (com=0.50),0.5655492163424347
607679,5,34903,1350,0,Cluster 0 (com=0.50),0.568180897921292
607700,5,34903,239,0,Cluster 0 (com=0.50),0.44037800727903226
609142,5,34903,1613,0,Cluster 0 (com=0.50),0.5579225965898271
609240,5,34903,790,0,Cluster 0 (com=0.50),0.5891454623429699
611603,5,34903,295,1,Cluster 1 (com=0.69),0.4100032038170141
612842,5,34903,931,0,Cluster 0 (com=0.50),0.5187773980235483
613165,5,34903,1395,0,Cluster 0 (com=0.50),0.542692698750965
613330,5,34903,1002,0,Cluster 0 (com=0.50),0.430132806471133
613634,5,34903,968,0,Cluster 0 (com=0.50),0.5905953365283989
613899,5,34903,1522,0,Cluster 0 (com=0.50),0.5739658141349459
614059,5,34903,385,0,Cluster 0 (com=0.50),0.4258972121078462
614984,5,34903,684,0,Cluster 0 (com=0.50),0.45906111164938573
615266,5,34903,650,0,Cluster 0 (com=0.50),0.577626066849099
615299,5,34903,1819,0,Cluster 0 (com=0.50),0.5914044550994626
615301,5,34903,1940,0,Cluster 0 (com=0.50),0.5938216283383067
615302,5,34903,1083,0,Cluster 0 (com=0.50),0.5799748503612927
615306,5,34903,1405,0,Cluster 0 (com=0.50),0.5326862968052215
615340,5,34903,412,1,Cluster 1 (com=0.69),0.12483595870881407
615342,5,34903,184,0,Cluster 0 (com=0.50),0.375383343358223
616517,5,34903,819,0,Cluster 0 (com=0.50),0.5721407340027528
616912,5,34903,527,0,Cluster 0 (com=0.50),0.43653881211191176
617010,5,34903,603,0,Cluster 0 (com=0.50),0.4745904291321742
617119,5,34903,993,0,Cluster 0 (com=0.50),0.28102478019411087
617580,5,34903,6450,0,Cluster 0 (com=0.50),0.6019189610501805
617922,5,34903,694,0,Cluster 0 (com=0.50),0.45634581589923906
618663,5,34903,425,1,Cluster 1 (com=0.69),0.38595337213062403
619204,5,34903,292,1,Cluster 1 (com=0.69),0.513691968091381
619292,5,34903,1564,0,Cluster 0 (com=0.50),0.5602886209804429
619321,5,34903,864,0,Cluster 0 (com=0.50),0.4970615641410088
619502,5,34903,361,1,Cluster 1 (com=0.69),0.5151217183389794
620094,5,34903,4234,0,Cluster 0 (com=0.50),0.5826520203433966
620269,5,34903,695,0,Cluster 0 (com=0.50),0.07535362316560465
620431,5,34903,808,0,Cluster 0 (com=0.50),0.47971088093941494
620740,5,34903,444,1,Cluster 1 (com=0.69),-0.004568930994983505
620810,5,34903,320,0,Cluster 0 (com=0.50),0.27682918942984786
622481,5,34903,782,0,Cluster 0 (com=0.50),0.31626700454959517
622760,5,34903,432,0,Cluster 0 (com=0.50),0.3422287199974171
622934,5,34903,896,0,Cluster 0 (com=0.50),0.4296767924363506
623471,5,34903,998,0,Cluster 0 (com=0.50),0.5889634193862247
623589,5,34903,1104,0,Cluster 0 (com=0.50),0.5796868744230728
623765,5,34903,1093,0,Cluster 0 (com=0.50),0.5942805049799621
624282,5,34903,925,0,Cluster 0 (com=0.50),0.40929332021443343
624864,5,34903,960,0,Cluster 0 (com=0.50),0.5385982862917419
624970,5,34903,1056,0,Cluster 0 (com=0.50),0.47225654651745447
625245,5,34903,1058,0,Cluster 0 (com=0.50),0.581170703571266
625743,5,34903,63,0,Cluster 0 (com=0.50),0.374331888001145
625802,5,34903,824,0,Cluster 0 (com=0.50),0.5494660004035368
625838,5,34903,1074,0,Cluster 0 (com=0.50),0.5468456264025731
626033,5,34903,1463,0,Cluster 0 (com=0.50),0.5562851192966616
626349,5,34903,76,0,Cluster 0 (com=0.50),0.36161812755266837
626416,5,34903,984,0,Cluster 0 (com=0.50),0.5417845385828198
626454,5,34903,968,0,Cluster 0 (com=0.50),0.47131520658205417
626477,5,34903,880,0,Cluster 0 (com=0.50),0.4636173757466736
626514,5,34903,462,0,Cluster 0 (com=0.50),0.47941398022027276
626552,5,34903,337,0,Cluster 0 (com=0.50),0.36604825164415783
626579,5,34903,211,0,Cluster 0 (com=0.50),0.08902355201660059
627365,5,34903,1114,0,Cluster 0 (com=0.50),0.31194210102558734
627829,5,34903,773,0,Cluster 0 (com=0.50),0.29547103873011327
628149,5,34903,2787,0,Cluster 0 (com=0.50),0.49897536075744464
628157,5,34903,509,0,Cluster 0 (com=0.50),0.3201531167271359
628383,5,34903,1170,0,Cluster 0 (com=0.50),0.5180456594987773
628521,5,34903,97,1,Cluster 1 (com=0.69),0.4972339563677227
628888,5,34903,601,0,Cluster 0 (com=0.50),0.32172389972211785
628964,5,34903,1081,0,Cluster 0 (com=0.50),0.5837836660737575
629029,5,34903,830,0,Cluster 0 (com=0.50),0.4269334136932692
629491,5,34903,1320,0,Cluster 0 (com=0.50),0.40956601368239615
629818,5,34903,542,1,Cluster 1 (com=0.69),0.46773391414782056
629922,5,34903,781,0,Cluster 0 (com=0.50),0.10129813467500888
629944,5,34903,1108,0,Cluster 0 (com=0.50),0.348441979187713
630109,5,34903,623,0,Cluster 0 (com=0.50),0.08419674192131966
630158,5,34903,2583,0,Cluster 0 (com=0.50),0.5504225078852708
630835,5,34903,1809,0,Cluster 0 (com=0.50),0.5872839773826979
630905,5,34903,5867,0,Cluster 0 (com=0.50),0.603290668262574
630910,5,34903,1154,0,Cluster 0 (com=0.50),0.45697397297655284
631658,5,34903,3383,0,Cluster 0 (com=0.50),0.5927810060474954
631681,5,34903,474,0,Cluster 0 (com=0.50),0.5369155988395593
631715,5,34903,292,0,Cluster 0 (com=0.50),0.08673537761393428
631740,5,34903,620,0,Cluster 0 (com=0.50),0.4742674939251889
631837,5,34903,1647,0,Cluster 0 (com=0.50),0.5979723961917142
631924,5,34903,1199,0,Cluster 0 (com=0.50),0.5607109685634083
632074,5,34903,884,0,Cluster 0 (com=0.50),0.31140066683715256
632290,5,34903,604,0,Cluster 0 (com=0.50),0.35232334129196236
632458,5,34903,3397,0,Cluster 0 (com=0.50),0.5534733807755556
632597,5,34903,26,1,Cluster 1 (com=0.69),0.29800080615284413
632826,5,34903,972,0,Cluster 0 (com=0.50),0.5843496989300137
632836,5,34903,1488,0,Cluster 0 (com=0.50),0.5752895571180098
633079,5,34903,822,0,Cluster 0 (com=0.50),0.4969326492574517
633516,5,34903,717,0,Cluster 0 (com=0.50),0.19575369706081328
633555,5,34903,1538,0,Cluster 0 (com=0.50),0.5863385335560114
633568,5,34903,393,0,Cluster 0 (com=0.50),0.09419347231470353
633867,5,34903,602,0,Cluster 0 (com=0.50),0.5965846973195833
633931,5,34903,1576,0,Cluster 0 (com=0.50),0.5844788589425959
634088,5,34903,684,0,Cluster 0 (com=0.50),0.49102311660089204
634512,5,34903,801,0,Cluster 0 (com=0.50),0.5491027845599382
634526,5,34903,1086,0,Cluster 0 (com=0.50),0.5643631272137873
634749,5,34903,3093,0,Cluster 0 (com=0.50),0.5873187994985317
635184,5,34903,542,0,Cluster 0 (com=0.50),0.5185187908802505
635751,5,34903,185,1,Cluster 1 (com=0.69),0.5118665170544533
635795,5,34903,1266,0,Cluster 0 (com=0.50),0.5051563646948435
636314,5,34903,1088,0,Cluster 0 (com=0.50),0.5943001151480826
636400,5,34903,578,0,Cluster 0 (com=0.50),0.5570240213659765
636408,5,34903,475,0,Cluster 0 (com=0.50),0.37036669281721657
636469,5,34903,772,0,Cluster 0 (com=0.50),0.4705331596533784
636565,5,34903,417,1,Cluster 1 (com=0.69),0.5136581969643224
636656,5,34903,524,0,Cluster 0 (com=0.50),0.5944457771000934
636704,5,34903,307,1,Cluster 1 (com=0.69),0.36101163201934683
636783,5,34903,710,0,Cluster 0 (com=0.50),0.51900235871875
636830,5,34903,1056,0,Cluster 0 (com=0.50),0.5969063695695965
636832,5,34903,1632,0,Cluster 0 (com=0.50),0.5721519782091699
637004,5,34903,865,0,Cluster 0 (com=0.50),0.5336186640573553
637358,5,34903,138,0,Cluster 0 (com=0.50),0.32141412939370717
637582,5,34903,514,0,Cluster 0 (com=0.50),0.5843058982376891
637708,5,34903,1217,0,Cluster 0 (com=0.50),0.5472215107387994
637906,5,34903,511,0,Cluster 0 (com=0.50),0.5309875624204348
637980,5,34903,972,0,Cluster 0 (com=0.50),0.5471154346522986
638034,5,34903,527,0,Cluster 0 (com=0.50),0.4114900267070452
638388,5,34903,297,0,Cluster 0 (com=0.50),0.2475959788630749
638411,5,34903,2093,0,Cluster 0 (com=0.50),0.5756868872891897
638498,5,34903,518,0,Cluster 0 (com=0.50),0.4905032701425231
638515,5,34903,245,0,Cluster 0 (com=0.50),0.5173805510175362
638625,5,34903,1447,0,Cluster 0 (com=0.50),0.5928933310896314
638655,5,34903,851,0,Cluster 0 (com=0.50),0.468709335746024
638831,5,34903,226,1,Cluster 1 (com=0.69),0.332490168822988
639028,5,34903,352,0,Cluster 0 (com=0.50),0.4774857692035306
639231,5,34903,315,1,Cluster 1 (com=0.69),0.030479186578323453
639522,5,34903,829,0,Cluster 0 (com=0.50),0.026234115778319477
640098,5,34903,1215,0,Cluster 0 (com=0.50),0.5591532018907415
640278,5,34903,4942,0,Cluster 0 (com=0.50),0.6002372799708464
640329,5,34903,395,0,Cluster 0 (com=0.50),0.402406986658705
640429,5,34903,1166,0,Cluster 0 (com=0.50),0.4782543577017845
640711,5,34903,843,0,Cluster 0 (com=0.50),0.5068098932622154
640752,5,34903,501,0,Cluster 0 (com=0.50),0.2712379779654245
640848,5,34903,1041,0,Cluster 0 (com=0.50),0.4471048453320149
640892,5,34903,528,0,Cluster 0 (com=0.50),0.4291677794115337
640927,5,34903,1028,0,Cluster 0 (com=0.50),0.5884714808005159
641137,5,34903,765,0,Cluster 0 (com=0.50),0.5302472736271433
641309,5,34903,1154,0,Cluster 0 (com=0.50),0.5274542091494713
641311,5,34903,1516,0,Cluster 0 (com=0.50),0.5727694961792889
641363,5,34903,218,1,Cluster 1 (com=0.69),0.5030241597282893
641401,5,34903,780,0,Cluster 0 (com=0.50),0.2578793444939332
641461,5,34903,239,0,Cluster 0 (com=0.50),0.40030375877647606
641547,5,34903,597,0,Cluster 0 (com=0.50),0.34645123584657445
641864,5,34903,806,0,Cluster 0 (com=0.50),0.5717657691348207
641914,5,34903,1179,0,Cluster 0 (com=0.50),0.5701688812026952
642029,5,34903,206,0,Cluster 0 (com=0.50),0.3076183177003007
642056,5,34903,798,0,Cluster 0 (com=0.50),0.3611648581025844
642375,5,34903,316,0,Cluster 0 (com=0.50),0.5812393323234798
642448,5,34903,369,1,Cluster 1 (com=0.69),0.45035561169643307
642449,5,34903,416,0,Cluster 0 (com=0.50),0.5270696173080387
642493,5,34903,280,0,Cluster 0 (com=0.50),0.4015073676559209
642498,5,34903,809,0,Cluster 0 (com=0.50),0.4981436921202409
642551,5,34903,1123,0,Cluster 0 (com=0.50),0.49845027401038744
642740,5,34903,1890,0,Cluster 0 (com=0.50),0.5964088666877134
642750,5,34903,448,0,Cluster 0 (com=0.50),0.37016377349982604
642843,5,34903,2329,0,Cluster 0 (com=0.50),0.5959220191781859
642872,5,34903,1937,0,Cluster 0 (com=0.50),0.5855596179620942
642909,5,34903,214,1,Cluster 1 (com=0.69),0.5317105920625036
643069,5,34903,1484,0,Cluster 0 (com=0.50),0.506416231088873
643202,5,34903,783,0,Cluster 0 (com=0.50),0.5813763079220052
643220,5,34903,233,0,Cluster 0 (com=0.50),0.27566095674711627
643273,5,34903,1589,0,Cluster 0 (com=0.50),0.41233052193110387
643326,5,34903,2735,0,Cluster 0 (com=0.50),0.5966547678060554
643466,5,34903,991,0,Cluster 0 (com=0.50),0.5200410527438372
643477,5,34903,1040,0,Cluster 0 (com=0.50),0.3587006243206422
643496,5,34903,384,0,Cluster 0 (com=0.50),0.35827485914902274
643502,5,34903,341,0,Cluster 0 (com=0.50),0.5320055545867732
643591,5,34903,1183,0,Cluster 0 (com=0.50),0.5779429591917182
643653,5,34903,1130,0,Cluster 0 (com=0.50),0.44086230989316777
643751,5,34903,1901,0,Cluster 0 (com=0.50),0.5776696166805629
643754,5,34903,1187,0,Cluster 0 (com=0.50),0.3898430372940137
644025,5,34903,928,0,Cluster 0 (com=0.50),0.5884625957523759
644210,5,34903,591,0,Cluster 0 (com=0.50),0.5316814553971441
644343,5,34903,992,1,Cluster 1 (com=0.69),0.11730596289811808
644361,5,34903,6032,0,Cluster 0 (com=0.50),0.5978597828720242
644369,5,34903,165,1,Cluster 1 (com=0.69),0.4643593107391138
644450,5,34903,1545,0,Cluster 0 (com=0.50),0.5392288937460525
644508,5,34903,431,0,Cluster 0 (com=0.50),0.43389553589336843
644761,5,34903,572,0,Cluster 0 (com=0.50),0.3628610494499875
644784,5,34903,599,0,Cluster 0 (com=0.50),0.45616019064733904
644791,5,34903,1609,0,Cluster 0 (com=0.50),0.5802288684623395
644818,5,34903,1652,0,Cluster 0 (com=0.50),0.406891886881515
644847,5,34903,249,0,Cluster 0 (com=0.50),0.4441684925296985
644936,5,34903,148,0,Cluster 0 (com=0.50),0.269048245062567
644974,5,34903,1631,0,Cluster 0 (com=0.50),0.5876417526321022
645020,5,34903,182,1,Cluster 1 (com=0.69),0.44217019939158775
645078,5,34903,1109,0,Cluster 0 (com=0.50),0.5502091175048992
645405,5,34903,1516,0,Cluster 0 (com=0.50),0.5560723529924019
645518,5,34903,566,0,Cluster 0 (com=0.50),0.5327058432553686
645586,5,34903,422,0,Cluster 0 (com=0.50),0.14356054872762797
645705,5,34903,499,0,Cluster 0 (com=0.50),0.5401477303349465
645784,5,34903,1096,0,Cluster 0 (com=0.50),0.2960451284505562
645840,5,34903,1246,0,Cluster 0 (com=0.50),0.5559286203954933
645960,5,34903,311,1,Cluster 1 (com=0.69),0.22647065476602884
645997,5,34903,771,0,Cluster 0 (com=0.50),0.5368401841889571
646015,5,34903,601,0,Cluster 0 (com=0.50),0.5331028990672366
646017,5,34903,1431,0,Cluster 0 (com=0.50),0.4674979560043511
646053,5,34903,1195,0,Cluster 0 (com=0.50),0.5862833451482955
646074,5,34903,1096,0,Cluster 0 (com=0.50),0.5485515029764134
646085,5,34903,1267,0,Cluster 0 (com=0.50),0.5705119039875686
646138,5,34903,396,1,Cluster 1 (com=0.69),0.3582672031229235
646313,5,34903,1409,0,Cluster 0 (com=0.50),0.5331995833965287
646357,5,34903,1217,0,Cluster 0 (com=0.50),0.5919160077049452
646402,5,34903,518,0,Cluster 0 (com=0.50),0.5313561039392757
646460,5,34903,695,0,Cluster 0 (com=0.50),0.5057238647704548
646539,5,34903,51,1,Cluster 1 (com=0.69),0.513797001183223
646540,5,34903,1013,0,Cluster 0 (com=0.50),0.400367235806467
646551,5,34903,1444,0,Cluster 0 (com=0.50),0.5959225735872722
646638,5,34903,176,1,Cluster 1 (com=0.69),0.512939895205543
646670,5,34903,398,1,Cluster 1 (com=0.69),0.2734069317313123
646750,5,34903,456,0,Cluster 0 (com=0.50),0.34716701551690526
646778,5,34903,1475,0,Cluster 0 (com=0.50),0.4583245108126082
646990,5,34903,1119,0,Cluster 0 (com=0.50),0.5822991828940058
647040,5,34903,971,1,Cluster 1 (com=0.69),0.11691956604472643
647154,5,34903,213,0,Cluster 0 (com=0.50),0.13121288088600924
647169,5,34903,1063,0,Cluster 0 (com=0.50),0.5886674382503069
647320,5,34903,788,0,Cluster 0 (com=0.50),0.42331130540211015
647324,5,34903,786,0,Cluster 0 (com=0.50),0.5103626014750673
647391,5,34903,516,1,Cluster 1 (com=0.69),0.35359398351871885
647398,5,34903,478,0,Cluster 0 (com=0.50),0.5673983671825955
647399,5,34903,741,0,Cluster 0 (com=0.50),0.5698764301736131
647425,5,34903,900,1,Cluster 1 (com=0.69),0.08962270993331013
647485,5,34903,410,0,Cluster 0 (com=0.50),0.23535860007569917
647765,5,34903,147,1,Cluster 1 (com=0.69),0.4665347275205148
647841,5,34903,430,0,Cluster 0 (com=0.50),0.0800171610069658
647898,5,34903,820,0,Cluster 0 (com=0.50),0.5256692103951094
647945,5,34903,454,0,Cluster 0 (com=0.50),0.5180155809686436
648027,5,34903,323,0,Cluster 0 (com=0.50),0.1669265467151317
648037,5,34903,897,0,Cluster 0 (com=0.50),0.5037485839683571
648038,5,34903,1651,0,Cluster 0 (com=0.50),0.5448028663915163
648040,5,34903,1153,0,Cluster 0 (com=0.50),0.5602627831932915
648086,5,34903,263,1,Cluster 1 (com=0.69),0.15665319889466617
648105,5,34903,1838,0,Cluster 0 (com=0.50),0.5308868149367449
648114,5,34903,2033,0,Cluster 0 (com=0.50),0.49449292542727985
648116,5,34903,781,0,Cluster 0 (com=0.50),0.5464106197926385
648140,5,34903,617,1,Cluster 1 (com=0.69),0.1571121265860968
648254,5,34903,236,1,Cluster 1 (com=0.69),0.14168834527369822
648287,5,34903,724,0,Cluster 0 (com=0.50),0.5368982358664225
648365,5,34903,2258,0,Cluster 0 (com=0.50),0.572435990973202
648366,5,34903,1048,0,Cluster 0 (com=0.50),0.5850099556154851
648457,5,34903,221,0,Cluster 0 (com=0.50),0.461564870307745
648470,5,34903,1082,0,Cluster 0 (com=0.50),0.583362493420377
648531,5,34903,951,0,Cluster 0 (com=0.50),0.5578537149194639
648536,5,34903,691,0,Cluster 0 (com=0.50),0.5720433959156083
648564,5,34903,973,0,Cluster 0 (com=0.50),0.46119025821084414
648571,5,34903,571,0,Cluster 0 (com=0.50),0.2730198231912768
648590,5,34903,114,0,Cluster 0 (com=0.50),0.4223762475388362
648613,5,34903,429,1,Cluster 1 (com=0.69),0.23291301766550765
648685,5,34903,1077,0,Cluster 0 (com=0.50),0.37226134897209634
648815,5,34903,1400,0,Cluster 0 (com=0.50),0.5682132915157152
648903,5,34903,535,0,Cluster 0 (com=0.50),0.3199760492232605
648972,5,34903,744,0,Cluster 0 (com=0.50),0.40014322855060763
649004,5,34903,2390,0,Cluster 0 (com=0.50),0.5428218805367037
649084,5,34903,285,1,Cluster 1 (com=0.69),0.35296075553703465
649093,5,34903,426,1,Cluster 1 (com=0.69),0.3375043452716751
649118,5,34903,314,1,Cluster 1 (com=0.69),0.12282550507548853
649159,5,34903,647,0,Cluster 0 (com=0.50),0.34274142725214163
649165,5,34903,377,1,Cluster 1 (com=0.69),0.14995372941530855
649207,5,34903,889,0,Cluster 0 (com=0.50),0.5480684104180507
649212,5,34903,629,0,Cluster 0 (com=0.50),0.07999820171331742
649258,5,34903,392,0,Cluster 0 (com=0.50),0.07812100770016732
649284,5,34903,128,1,Cluster 1 (com=0.69),0.4945565236275424
649379,5,34903,1116,0,Cluster 0 (com=0.50),0.5355004187909299
649400,5,34903,204,0,Cluster 0 (com=0.50),0.526101602295219
649434,5,34903,1156,0,Cluster 0 (com=0.50),0.4783551927478246
649435,5,34903,457,0,Cluster 0 (com=0.50),0.4184641948794439
649457,5,34903,616,0,Cluster 0 (com=0.50),0.5113428519391857
649619,5,34903,1020,0,Cluster 0 (com=0.50),0.5527671743418192
649735,5,34903,138,0,Cluster 0 (com=0.50),0.216108409083183
649952,5,34903,1266,0,Cluster 0 (com=0.50),0.5596064286212562
649979,5,34903,226,0,Cluster 0 (com=0.50),0.30013120821182654
650108,5,34903,911,0,Cluster 0 (com=0.50),0.386392258999456
650160,5,34903,628,0,Cluster 0 (com=0.50),0.5086090371178077
650251,5,34903,926,0,Cluster 0 (com=0.50),0.5820159091577262
650363,5,34903,1049,0,Cluster 0 (com=0.50),0.3773711676237449
650370,5,34903,536,1,Cluster 1 (com=0.69),0.33292893647080607
650424,5,34903,664,0,Cluster 0 (com=0.50),0.5078547220044759
650461,5,34903,75,1,Cluster 1 (com=0.69),0.26437990078159856
650469,5,34903,604,0,Cluster 0 (com=0.50),0.5662918293114296
650473,5,34903,1395,0,Cluster 0 (com=0.50),0.6022252690442949
650570,5,34903,794,0,Cluster 0 (com=0.50),0.5019621783560223
650866,5,34903,1514,0,Cluster 0 (com=0.50),0.5813293131804156
650923,5,34903,315,0,Cluster 0 (com=0.50),0.20024983858139464
650960,5,34903,234,0,Cluster 0 (com=0.50),0.29390952357359046
651040,5,34903,371,1,Cluster 1 (com=0.69),0.1726788430739002
651121,5,34903,644,0,Cluster 0 (com=0.50),0.29662089201336095
651126,5,34903,771,1,Cluster 1 (com=0.69),0.5030711991663143
651182,5,34903,95,0,Cluster 0 (com=0.50),0.2312225652241917
651354,5,34903,1068,0,Cluster 0 (com=0.50),0.20192262599536065
651381,5,34903,424,0,Cluster 0 (com=0.50),0.4453390427338303
651419,5,34903,1727,0,Cluster 0 (com=0.50),0.583605181026794
651478,5,34903,1006,0,Cluster 0 (com=0.50),0.49952325126505565
651498,5,34903,1345,0,Cluster 0 (com=0.50),0.5565494505450896
651555,5,34903,244,1,Cluster 1 (com=0.69),0.2728105103915548
651598,5,34903,819,0,Cluster 0 (com=0.50),0.5152568986873435
651881,5,34903,270,0,Cluster 0 (com=0.50),0.43284598605871377
651927,5,34903,893,0,Cluster 0 (com=0.50),0.5895179424536455
651990,5,34903,805,0,Cluster 0 (com=0.50),0.5549049416233031
652008,5,34903,489,0,Cluster 0 (com=0.50),0.47264904944364167
652064,5,34903,1411,0,Cluster 0 (com=0.50),0.5756697115903397
652087,5,34903,164,0,Cluster 0 (com=0.50),0.40611580101702427
652333,5,34903,499,0,Cluster 0 (com=0.50),0.2673395172589929
652335,5,34903,387,0,Cluster 0 (com=0.50),0.40943931063056677
652576,5,34903,389,0,Cluster 0 (com=0.50),0.3907262249834096
652625,5,34903,1452,0,Cluster 0 (com=0.50),0.5907954047784293
652672,5,34903,518,0,Cluster 0 (com=0.50),0.5744236008088445
652684,5,34903,1022,1,Cluster 1 (com=0.69),0.0638570314084135
652711,5,34903,939,0,Cluster 0 (com=0.50),0.5464744080840154
652753,5,34903,949,0,Cluster 0 (com=0.50),0.5124149918446063
652788,5,34903,510,0,Cluster 0 (com=0.50),0.5460788497631143
652887,5,34903,695,0,Cluster 0 (com=0.50),0.3573458993557309
652890,5,34903,107,1,Cluster 1 (com=0.69),0.4298933939203427
652898,5,34903,1010,0,Cluster 0 (com=0.50),0.5582181110976311
652994,5,34903,204,1,Cluster 1 (com=0.69),0.2755423841665607
653045,5,34903,97,0,Cluster 0 (com=0.50),0.3635717577318806
653297,5,34903,776,0,Cluster 0 (com=0.50),0.5094317658804097
653301,5,34903,1318,0,Cluster 0 (com=0.50),0.5568796438621562
653381,5,34903,722,0,Cluster 0 (com=0.50),0.5765139047096717
653417,5,34903,149,1,Cluster 1 (com=0.69),0.4760074086764306
653558,5,34903,246,0,Cluster 0 (com=0.50),0.16692158036031887
653567,5,34903,1261,1,Cluster 1 (com=0.69),0.3417861691696967
653595,5,34903,937,0,Cluster 0 (com=0.50),0.5930497354588534
653653,5,34903,384,0,Cluster 0 (com=0.50),0.4488941907606782
653773,5,34903,715,0,Cluster 0 (com=0.50),0.5156811464733542
654045,5,34903,391,0,Cluster 0 (com=0.50),0.5374059603223633
654114,5,34903,545,0,Cluster 0 (com=0.50),0.5658746959781051
654169,5,34903,536,0,Cluster 0 (com=0.50),0.48932024461749485
654217,5,34903,117,1,Cluster 1 (com=0.69),0.09019084981878976
654236,5,34903,1116,0,Cluster 0 (com=0.50),0.24064920488546732
654260,5,34903,509,0,Cluster 0 (com=0.50),0.11898226678896724
654339,5,34903,888,0,Cluster 0 (com=0.50),0.20103586554079098
654441,5,34903,1820,0,Cluster 0 (com=0.50),0.3219371414588828
654565,5,34903,1338,0,Cluster 0 (com=0.50),0.44822153468141673
654578,5,34903,250,0,Cluster 0 (com=0.50),0.2899215037452702
654597,5,34903,523,0,Cluster 0 (com=0.50),0.4643797363058066
654692,5,34903,514,0,Cluster 0 (com=0.50),0.561743753779399
654819,5,34903,5576,0,Cluster 0 (com=0.50),0.5169480229193882
654824,5,34903,1403,0,Cluster 0 (com=0.50),0.5492520830530144
654834,5,34903,1004,0,Cluster 0 (com=0.50),0.4814794914772837
654867,5,34903,1743,0,Cluster 0 (com=0.50),0.5885889306188177
655115,5,34903,678,0,Cluster 0 (com=0.50),0.5464675250341774
655127,5,34903,321,1,Cluster 1 (com=0.69),0.030177277142649776
655386,5,34903,1304,0,Cluster 0 (com=0.50),0.5769261341383787
655412,5,34903,788,0,Cluster 0 (com=0.50),0.5177164172851898
655445,5,34903,491,0,Cluster 0 (com=0.50),0.5861232949153585
655569,5,34903,304,0,Cluster 0 (com=0.50),0.5139882773299675
655796,5,34903,339,1,Cluster 1 (com=0.69),0.03412622003368492
655927,5,34903,258,1,Cluster 1 (com=0.69),0.4570597379911576
655981,5,34903,596,0,Cluster 0 (com=0.50),0.4111905308552109
656065,5,34903,517,0,Cluster 0 (com=0.50),0.4328947283897046
656092,5,34903,659,0,Cluster 0 (com=0.50),0.5258688543635185
656131,5,34903,1293,0,Cluster 0 (com=0.50),0.4149058028574276
656158,5,34903,430,0,Cluster 0 (com=0.50),0.438637529212059
656159,5,34903,439,0,Cluster 0 (com=0.50),0.49541517939751395
656165,5,34903,333,1,Cluster 1 (com=0.69),0.12863296632366208
656234,5,34903,495,0,Cluster 0 (com=0.50),0.30906381864736154
656323,5,34903,649,0,Cluster 0 (com=0.50),0.4479514855504901
656414,5,34903,1094,0,Cluster 0 (com=0.50),0.5520086931393616
656529,5,34903,1018,0,Cluster 0 (com=0.50),0.5300486288929924
656579,5,34903,840,0,Cluster 0 (com=0.50),0.5792328624884677
656607,5,34903,894,1,Cluster 1 (com=0.69),-0.015427300744498426
656651,5,34903,222,0,Cluster 0 (com=0.50),0.5447265026431674
656734,5,34903,1622,0,Cluster 0 (com=0.50),0.5681218648099479
656791,5,34903,1858,0,Cluster 0 (com=0.50),0.5978979554360881
656882,5,34903,1012,0,Cluster 0 (com=0.50),0.31933463971390824
656996,5,34903,219,0,Cluster 0 (com=0.50),0.48624692715142537
657048,5,34903,297,0,Cluster 0 (com=0.50),0.2944268983898741
657220,5,34903,981,0,Cluster 0 (com=0.50),0.5528835640549655
657330,5,34903,516,0,Cluster 0 (com=0.50),0.5720311092739954
657344,5,34903,927,0,Cluster 0 (com=0.50),0.5317453815249114
674222,5,34903,1397,0,Cluster 0 (com=0.50),0.5463054844165199
674226,5,34903,215,0,Cluster 0 (com=0.50),0.3468144917985446
674236,5,34903,611,0,Cluster 0 (com=0.50),0.41145816492491544
674262,5,34903,2066,0,Cluster 0 (com=0.50),0.5827411281818656
674320,5,34903,517,0,Cluster 0 (com=0.50),0.518714781964639
674387,5,34903,1209,0,Cluster 0 (com=0.50),0.5807647853663621
674451,5,34903,799,0,Cluster 0 (com=0.50),0.5328496620634717
674484,5,34903,1314,0,Cluster 0 (com=0.50),0.5991099653404589
674497,5,34903,742,0,Cluster 0 (com=0.50),0.5342324966867937
674509,5,34903,3101,0,Cluster 0 (com=0.50),0.5897269089801851
674584,5,34903,654,0,Cluster 0 (com=0.50),0.46609832708731835
674644,5,34903,816,0,Cluster 0 (com=0.50),0.5318791576315792
674657,5,34903,598,0,Cluster 0 (com=0.50),0.4474889433527071
674671,5,34903,1465,0,Cluster 0 (com=0.50),0.538326621136758
674691,5,34903,1887,0,Cluster 0 (com=0.50),0.5942298203167756
674694,5,34903,1252,0,Cluster 0 (com=0.50),0.5488460751535545
674699,5,34903,647,0,Cluster 0 (com=0.50),0.4195226196074363
674751,5,34903,953,0,Cluster 0 (com=0.50),0.5387349127076044
674831,5,34903,378,0,Cluster 0 (com=0.50),0.45569975255594186
674870,5,34903,1254,0,Cluster 0 (com=0.50),0.5829980050167952
674921,5,34903,499,1,Cluster 1 (com=0.69),0.13636133936689243
675021,5,34903,1229,0,Cluster 0 (com=0.50),0.21583675569147945
675054,5,34903,436,0,Cluster 0 (com=0.50),0.48537346005886983
675193,5,34903,649,0,Cluster 0 (com=0.50),0.4422345959772352
675225,5,34903,742,0,Cluster 0 (com=0.50),0.33778003743961155
675233,5,34903,1706,0,Cluster 0 (com=0.50),0.5299800228560473
675273,5,34903,244,0,Cluster 0 (com=0.50),0.23666980286965128
675279,5,34903,792,0,Cluster 0 (com=0.50),0.43999758547647905
675315,5,34903,592,0,Cluster 0 (com=0.50),0.38332469142938985
675328,5,34903,535,0,Cluster 0 (com=0.50),0.5769058120470603
675474,5,34903,21,0,Cluster 0 (com=0.50),0.38983198169434796
675566,5,34903,444,0,Cluster 0 (com=0.50),0.18728930977931188
675636,5,34903,1167,0,Cluster 0 (com=0.50),0.5878656410592733
675710,5,34903,761,0,Cluster 0 (com=0.50),0.5420766703840298
675989,5,34903,1946,0,Cluster 0 (com=0.50),0.5935190358210417
676064,5,34903,1292,0,Cluster 0 (com=0.50),0.4125376000768314
676103,5,34903,333,1,Cluster 1 (com=0.69),-0.014016378344191236
676190,5,34903,1425,0,Cluster 0 (com=0.50),0.5856856287329157
676265,5,34903,986,0,Cluster 0 (com=0.50),0.45016301023822536
676272,5,34903,60,1,Cluster 1 (com=0.69),0.24530301122155146
676303,5,34903,59,0,Cluster 0 (com=0.50),0.31490357210716524
676378,5,34903,918,0,Cluster 0 (com=0.50),0.5261360670211344
676444,5,34903,1721,0,Cluster 0 (com=0.50),0.6015333426558506
676459,5,34903,1157,0,Cluster 0 (com=0.50),0.5896293326932592
676478,5,34903,900,0,Cluster 0 (com=0.50),0.5762291812950123
676492,5,34903,955,0,Cluster 0 (com=0.50),0.5566485001416945
676610,5,34903,263,1,Cluster 1 (com=0.69),0.23665872014101602
676626,5,34903,932,0,Cluster 0 (com=0.50),0.5873737348817183
676866,5,34903,616,0,Cluster 0 (com=0.50),0.5425946786880762
677085,5,34903,257,0,Cluster 0 (com=0.50),0.45337238145594183
677111,5,34903,660,0,Cluster 0 (com=0.50),0.36547986620225564
677138,5,34903,872,0,Cluster 0 (com=0.50),0.5825947781098456
677155,5,34903,1565,0,Cluster 0 (com=0.50),0.34668102588155325
677167,5,34903,351,0,Cluster 0 (com=0.50),0.2891096872920475
677206,5,34903,1061,0,Cluster 0 (com=0.50),0.5972954641791922
677221,5,34903,1415,0,Cluster 0 (com=0.50),0.4914729986868569
677235,5,34903,270,0,Cluster 0 (com=0.50),0.46905722934118504
677382,5,34903,842,0,Cluster 0 (com=0.50),0.3501555157356157
677400,5,34903,967,0,Cluster 0 (com=0.50),0.5399025980676808
677436,5,34903,537,0,Cluster 0 (com=0.50),0.43076190441072604
677456,5,34903,1443,0,Cluster 0 (com=0.50),0.5606609760428175
677486,5,34903,181,1,Cluster 1 (com=0.69),0.3463853709470479
677546,5,34903,490,1,Cluster 1 (com=0.69),0.14976174550068408
677655,5,34903,1383,0,Cluster 0 (com=0.50),0.5321010543127409
677748,5,34903,2593,0,Cluster 0 (com=0.50),0.49305450181156485
677767,5,34903,257,1,Cluster 1 (com=0.69),0.07309780743843985
677833,5,34903,984,0,Cluster 0 (com=0.50),0.12872295156660826
678088,5,34903,1520,0,Cluster 0 (com=0.50),0.5755983627442909
678235,5,34903,1835,0,Cluster 0 (com=0.50),0.5951538662339938
678270,5,34903,53,1,Cluster 1 (com=0.69),0.49739261959102626
678381,5,34903,367,0,Cluster 0 (com=0.50),0.4510633330831695
678452,5,34903,109,1,Cluster 1 (com=0.69),0.3883269174084166
678528,5,34903,2133,0,Cluster 0 (com=0.50),0.5982651467482509
678628,5,34903,182,1,Cluster 1 (com=0.69),0.3940423034146014
678659,5,34903,892,0,Cluster 0 (com=0.50),0.4676992173872245
678819,5,34903,1059,0,Cluster 0 (com=0.50),0.5714168342765474
678859,5,34903,1596,0,Cluster 0 (com=0.50),0.5200062226154418
678946,5,34903,985,0,Cluster 0 (com=0.50),0.49606529395148313
678954,5,34903,1474,0,Cluster 0 (com=0.50),0.5854952710633745
679036,5,34903,2700,0,Cluster 0 (com=0.50),0.601479469406178
679189,5,34903,1499,0,Cluster 0 (com=0.50),0.5910560813217138
679237,5,34903,514,0,Cluster 0 (com=0.50),0.23419183932684665
679251,5,34903,216,0,Cluster 0 (com=0.50),0.44773718032223936
679262,5,34903,133,0,Cluster 0 (com=0.50),0.5835046604134299
679278,5,34903,370,0,Cluster 0 (com=0.50),0.4630601504784925
679384,5,34903,652,0,Cluster 0 (com=0.50),0.3201491547970514
679386,5,34903,100,0,Cluster 0 (com=0.50),0.20922177221601065
679402,5,34903,490,0,Cluster 0 (com=0.50),0.5148767383692225
679445,5,34903,474,0,Cluster 0 (com=0.50),0.4394527954421676
679448,5,34903,1717,0,Cluster 0 (com=0.50),0.5606072652275513
679498,5,34903,312,1,Cluster 1 (com=0.69),0.49521269684484664
679509,5,34903,177,0,Cluster 0 (com=0.50),0.23676272005211718
679594,5,34903,1596,0,Cluster 0 (com=0.50),0.5898352859681729
679788,5,34903,411,0,Cluster 0 (com=0.50),0.4115998294269068
679790,5,34903,378,1,Cluster 1 (com=0.69),0.36741904095645495
679939,5,34903,568,0,Cluster 0 (com=0.50),0.29230092229715365
680014,5,34903,462,0,Cluster 0 (com=0.50),0.5486250019047331
680027,5,34903,1525,0,Cluster 0 (com=0.50),0.36218670433105005
680145,5,34903,1031,0,Cluster 0 (com=0.50),0.45469709581572676
680266,5,34903,1627,0,Cluster 0 (com=0.50),0.5611183422333424
680270,5,34903,192,0,Cluster 0 (com=0.50),0.22017156834161639
680322,5,34903,392,0,Cluster 0 (com=0.50),0.5573787855036857
680343,5,34903,1444,0,Cluster 0 (com=0.50),0.20726561849217245
680348,5,34903,773,0,Cluster 0 (com=0.50),0.5762995646232603
680443,5,34903,1094,0,Cluster 0 (com=0.50),0.5855504314778827
680464,5,34903,1329,0,Cluster 0 (com=0.50),0.5528346137974312
680506,5,34903,686,1,Cluster 1 (com=0.69),0.05470143180590795
680572,5,34903,524,0,Cluster 0 (com=0.50),0.3757724084458324
680708,5,34903,415,0,Cluster 0 (com=0.50),0.40159868280037614
680713,5,34903,797,0,Cluster 0 (com=0.50),0.5821203471338053
680747,5,34903,496,0,Cluster 0 (com=0.50),0.5132072810386156
680775,5,34903,165,0,Cluster 0 (com=0.50),0.3448727387428314
680810,5,34903,4753,0,Cluster 0 (com=0.50),0.0541019423485651
680955,5,34903,939,0,Cluster 0 (com=0.50),0.5895103742846413
680974,5,34903,131,0,Cluster 0 (com=0.50),0.2882914130644938
681004,5,34903,735,0,Cluster 0 (com=0.50),0.5599002210448836
681235,5,34903,303,1,Cluster 1 (com=0.69),0.3946243113483289
681328,5,34903,636,0,Cluster 0 (com=0.50),0.5975356261095142
681352,5,34903,360,0,Cluster 0 (com=0.50),0.2873721115924425
681354,5,34903,577,1,Cluster 1 (com=0.69),0.29225085020757496
681452,5,34903,315,0,Cluster 0 (com=0.50),0.37325212949104114
681490,5,34903,1230,0,Cluster 0 (com=0.50),0.5963344645096703
681608,5,34903,147,1,Cluster 1 (com=0.69),0.24073761524575413
681633,5,34903,961,0,Cluster 0 (com=0.50),0.2262964225244901
681652,5,34903,489,0,Cluster 0 (com=0.50),0.3251160040650969
681658,5,34903,275,1,Cluster 1 (com=0.69),-0.005903601148539212
681755,5,34903,759,0,Cluster 0 (com=0.50),0.26071345508481497
681763,5,34903,761,0,Cluster 0 (com=0.50),0.35870713666059423
681938,5,34903,375,0,Cluster 0 (com=0.50),0.5466089335239863
681973,5,34903,135,0,Cluster 0 (com=0.50),0.10132693051847394
682070,5,34903,999,0,Cluster 0 (com=0.50),0.5268512351314724
682298,5,34903,746,0,Cluster 0 (com=0.50),0.36071667806881225
682390,5,34903,259,1,Cluster 1 (com=0.69),0.5214105567725775
682436,5,34903,978,0,Cluster 0 (com=0.50),0.6001515858178536
682437,5,34903,683,0,Cluster 0 (com=0.50),0.4730790768919185
682511,5,34903,916,0,Cluster 0 (com=0.50),0.3408044598851798
682539,5,34903,1099,0,Cluster 0 (com=0.50),0.49718019901457433
682569,5,34903,914,0,Cluster 0 (com=0.50),0.4554787722008733
682613,5,34903,114,0,Cluster 0 (com=0.50),0.24271116031215012
682632,5,34903,812,0,Cluster 0 (com=0.50),0.5348335816666581
682695,5,34903,1045,0,Cluster 0 (com=0.50),0.5953154410987276
682753,5,34903,861,0,Cluster 0 (com=0.50),0.5492744227469546
682839,5,34903,952,0,Cluster 0 (com=0.50),0.5547093300207538
682894,5,34903,470,0,Cluster 0 (com=0.50),0.4698604310503755
682963,5,34903,799,0,Cluster 0 (com=0.50),0.5744067266524405
682981,5,34903,846,0,Cluster 0 (com=0.50),0.5528360495767649
682983,5,34903,635,0,Cluster 0 (com=0.50),0.22134584065809895
682990,5,34903,1483,0,Cluster 0 (com=0.50),0.5951335306621693
683033,5,34903,2266,0,Cluster 0 (com=0.50),0.5631620469166063
683094,5,34903,434,0,Cluster 0 (com=0.50),0.474386150827218
683178,5,34903,856,0,Cluster 0 (com=0.50),0.5662321248115804
683243,5,34903,139,1,Cluster 1 (com=0.69),0.2779614211288719
683305,5,34903,53,0,Cluster 0 (com=0.50),0.31476696448615504
683346,5,34903,806,0,Cluster 0 (com=0.50),0.3870819144810418
683352,5,34903,579,1,Cluster 1 (com=0.69),0.07437902200282105
683353,5,34903,1168,0,Cluster 0 (com=0.50),0.4732847254795083
683375,5,34903,446,0,Cluster 0 (com=0.50),0.24552205783291597
683403,5,34903,885,0,Cluster 0 (com=0.50),0.5957886325164703
683467,5,34903,298,1,Cluster 1 (com=0.69),0.45719983258949326
683530,5,34903,1218,0,Cluster 0 (com=0.50),0.5255736180148947
683550,5,34903,151,0,Cluster 0 (com=0.50),0.28927592159382903
683604,5,34903,954,0,Cluster 0 (com=0.50),0.40619111792688
683624,5,34903,1831,0,Cluster 0 (com=0.50),0.5983733245191742
683820,5,34903,511,0,Cluster 0 (com=0.50),0.49723028844249345
683902,5,34903,55,0,Cluster 0 (com=0.50),0.3481738721242865
683934,5,34903,573,0,Cluster 0 (com=0.50),0.3732720250128424
684013,5,34903,1378,0,Cluster 0 (com=0.50),0.59182077508186
684183,5,34903,1166,0,Cluster 0 (com=0.50),0.5836337548974223
684311,5,34903,794,0,Cluster 0 (com=0.50),0.5677064623236943
684383,5,34903,831,0,Cluster 0 (com=0.50),0.4619777207813398
684386,5,34903,919,0,Cluster 0 (com=0.50),0.3384167691313254
684592,5,34903,366,1,Cluster 1 (com=0.69),0.43491117782833905
684671,5,34903,511,1,Cluster 1 (com=0.69),0.06188443657538769
684675,5,34903,150,1,Cluster 1 (com=0.69),0.5085502790311857
684882,5,34903,2299,0,Cluster 0 (com=0.50),0.5874284972920535
684981,5,34903,443,0,Cluster 0 (com=0.50),0.5853902941650938
685105,5,34903,164,0,Cluster 0 (com=0.50),0.16622526757822767
685128,5,34903,311,0,Cluster 0 (com=0.50),0.12090328795008944
685140,5,34903,74,1,Cluster 1 (com=0.69),0.4241453009055237
685155,5,34903,982,0,Cluster 0 (com=0.50),0.5638314023483939
685212,5,34903,1224,0,Cluster 0 (com=0.50),0.11179470727160697
685276,5,34903,669,0,Cluster 0 (com=0.50),0.45258823378129687
685339,5,34903,1045,0,Cluster 0 (com=0.50),0.5071010018226282
685373,5,34903,810,0,Cluster 0 (com=0.50),0.5713150016790829
685378,5,34903,118,1,Cluster 1 (com=0.69),0.5018433566028446
685410,5,34903,770,0,Cluster 0 (com=0.50),0.5559444037491816
685619,5,34903,777,1,Cluster 1 (com=0.69),0.20004466476722826
685705,5,34903,925,0,Cluster 0 (com=0.50),0.5473575022182015
685708,5,34903,640,0,Cluster 0 (com=0.50),0.4023202010799657
685772,5,34903,1023,0,Cluster 0 (com=0.50),0.5662734062002087
685831,5,34903,304,0,Cluster 0 (com=0.50),0.5755509140006033
686065,5,34903,1324,0,Cluster 0 (com=0.50),0.5627573050657061
686317,5,34903,338,0,Cluster 0 (com=0.50),0.19076030622557494
686344,5,34903,1003,0,Cluster 0 (com=0.50),0.554355650407645
686348,5,34903,677,0,Cluster 0 (com=0.50),0.5288464594519607
686498,5,34903,1365,0,Cluster 0 (com=0.50),0.548100312596739
686522,5,34903,758,0,Cluster 0 (com=0.50),0.573612611809399
686558,5,34903,172,1,Cluster 1 (com=0.69),0.5139457177542334
686700,5,34903,87,1,Cluster 1 (com=0.69),0.27732877372916614
686946,5,34903,110,1,Cluster 1 (com=0.69),0.5189463688731047
687112,5,34903,96,1,Cluster 1 (com=0.69),0.3566343827797795
687115,5,34903,55,1,Cluster 1 (com=0.69),0.4779734001036728
687351,5,34903,641,1,Cluster 1 (com=0.69),-0.010188869959384131
687410,5,34903,414,0,Cluster 0 (com=0.50),0.5631690757960539
687434,5,34903,1843,0,Cluster 0 (com=0.50),0.5938632515248895
687468,5,34903,906,0,Cluster 0 (com=0.50),0.5675244874093657
687485,5,34903,619,0,Cluster 0 (com=0.50),0.578257616486273
687503,5,34903,1786,0,Cluster 0 (com=0.50),0.5783249241945643
687910,5,34903,841,0,Cluster 0 (com=0.50),0.5784847344070511
687930,5,34903,1104,0,Cluster 0 (com=0.50),0.5321762559829721
687931,5,34903,600,0,Cluster 0 (com=0.50),0.48938995831267146
687988,5,34903,1196,0,Cluster 0 (com=0.50),0.584352522820482
688008,5,34903,822,0,Cluster 0 (com=0.50),0.43494325809437784
688127,5,34903,695,0,Cluster 0 (com=0.50),0.1507011253553342
688136,5,34903,1346,0,Cluster 0 (com=0.50),0.5256665446243938
688192,5,34903,886,0,Cluster 0 (com=0.50),0.4911155244603328
688265,5,34903,111,0,Cluster 0 (com=0.50),0.22416658265232042
688337,5,34903,164,0,Cluster 0 (com=0.50),0.5545454779926697
688543,5,34903,667,0,Cluster 0 (com=0.50),0.2788969339811453
688667,5,34903,2096,0,Cluster 0 (com=0.50),0.5480488152891554
688685,5,34903,164,0,Cluster 0 (com=0.50),0.31296028279635363
688727,5,34903,1299,0,Cluster 0 (com=0.50),0.5107963991492626
688891,5,34903,454,1,Cluster 1 (com=0.69),0.27931258811090076
688895,5,34903,1786,0,Cluster 0 (com=0.50),0.5632710879006155
689005,5,34903,107,0,Cluster 0 (com=0.50),0.5253537386592496
689056,5,34903,68,1,Cluster 1 (com=0.69),0.4858421171642586
689260,5,34903,496,0,Cluster 0 (com=0.50),0.3470043751853817
689280,5,34903,913,0,Cluster 0 (com=0.50),0.5525333630330481
689347,5,34903,431,0,Cluster 0 (com=0.50),0.5004104643714516
689796,5,34903,2911,0,Cluster 0 (com=0.50),0.5634946212094802
689832,5,34903,470,0,Cluster 0 (com=0.50),0.2412637463528332
689855,5,34903,546,0,Cluster 0 (com=0.50),0.47884452727522797
689924,5,34903,148,0,Cluster 0 (com=0.50),0.5744952944885057
690075,5,34903,77,1,Cluster 1 (com=0.69),0.503300024581803
690198,5,34903,261,0,Cluster 0 (com=0.50),0.1679995490714019
690628,5,34903,686,0,Cluster 0 (com=0.50),0.4126834219767947
690635,5,34903,180,0,Cluster 0 (com=0.50),0.38329896262610724
690746,5,34903,1368,0,Cluster 0 (com=0.50),0.5455641186431267
690872,5,34903,300,0,Cluster 0 (com=0.50),0.34274500710216477
691269,5,34903,323,0,Cluster 0 (com=0.50),0.4853880198357622
691280,5,34903,9,1,Cluster 1 (com=0.69),0.11925081341882804
691326,5,34903,1023,0,Cluster 0 (com=0.50),0.4727690997815781
691465,5,34903,667,0,Cluster 0 (com=0.50),0.5372101042379336
691699,5,34903,411,0,Cluster 0 (com=0.50),0.4884856957012924
691722,5,34903,926,0,Cluster 0 (com=0.50),0.5681226897791646
691873,5,34903,476,0,Cluster 0 (com=0.50),0.5095244340970229
691932,5,34903,1337,0,Cluster 0 (com=0.50),0.49057058971038725
692010,5,34903,1034,0,Cluster 0 (com=0.50),0.43096565543178605
692097,5,34903,1198,0,Cluster 0 (com=0.50),0.5655440037109556
692220,5,34903,430,0,Cluster 0 (com=0.50),0.4749032708164835
692301,5,34903,61,1,Cluster 1 (com=0.69),0.3533289971289263
692334,5,34903,1782,0,Cluster 0 (com=0.50),0.35701931961377886
692454,5,34903,425,0,Cluster 0 (com=0.50),0.38821160511536146
692612,5,34903,1077,0,Cluster 0 (com=0.50),0.5553724600788251
692893,5,34903,331,0,Cluster 0 (com=0.50),0.31211692519882644
692962,5,34903,1354,0,Cluster 0 (com=0.50),0.4872424435831776
692968,5,34903,453,0,Cluster 0 (com=0.50),0.38575300260233447
693162,5,34903,1171,0,Cluster 0 (com=0.50),0.5468199509129406
693197,5,34903,496,0,Cluster 0 (com=0.50),0.2060203293796023
693236,5,34903,458,0,Cluster 0 (com=0.50),0.34004801892662156
693345,5,34903,469,0,Cluster 0 (com=0.50),0.165090651951486
693373,5,34903,514,0,Cluster 0 (com=0.50),0.459034126795221
693497,5,34903,703,0,Cluster 0 (com=0.50),0.5430540280216176
693519,5,34903,175,1,Cluster 1 (com=0.69),0.2327982740023921
693628,5,34903,405,0,Cluster 0 (com=0.50),0.2153551834332368
693806,5,34903,1080,0,Cluster 0 (com=0.50),0.45535996568412646
693873,5,34903,178,1,Cluster 1 (com=0.69),0.25523628589780883
693903,5,34903,507,0,Cluster 0 (com=0.50),0.4713648609292121
693907,5,34903,1032,0,Cluster 0 (com=0.50),0.5976074877422951
694144,5,34903,638,0,Cluster 0 (com=0.50),0.5889051710383026
694221,5,34903,20,0,Cluster 0 (com=0.50),0.289257621496162
694428,5,34903,258,1,Cluster 1 (com=0.69),0.4665347275205148
694622,5,34903,560,0,Cluster 0 (com=0.50),0.4443668637803182
694716,5,34903,385,1,Cluster 1 (com=0.69),0.31695154239095114
694827,5,34903,756,0,Cluster 0 (com=0.50),0.5293082271414649
694836,5,34903,749,0,Cluster 0 (com=0.50),0.2898664962426518
694848,5,34903,1299,0,Cluster 0 (com=0.50),0.5331114577712843
695090,5,34903,121,1,Cluster 1 (com=0.69),0.48840299982000684
695169,5,34903,188,1,Cluster 1 (com=0.69),0.36339572795712927
695471,5,34903,106,1,Cluster 1 (com=0.69),0.5196748483934905
695485,5,34903,234,1,Cluster 1 (com=0.69),0.31783107815461853
695637,5,34903,493,0,Cluster 0 (com=0.50),0.575463588944685
695729,5,34903,1673,0,Cluster 0 (com=0.50),0.5268847789889252
695803,5,34903,503,0,Cluster 0 (com=0.50),0.5442772372723628
695869,5,34903,1020,0,Cluster 0 (com=0.50),0.577483714777406
696039,5,34903,90,1,Cluster 1 (com=0.69),0.4665347275205148
696043,5,34903,586,0,Cluster 0 (com=0.50),0.5109631645710768
696082,5,34903,552,0,Cluster 0 (com=0.50),0.588759806036333
696188,5,34903,290,1,Cluster 1 (com=0.69),0.4122517466721433
696275,5,34903,1802,0,Cluster 0 (com=0.50),0.5070211523907067
696318,5,34903,674,0,Cluster 0 (com=0.50),0.5604454057761348
696329,5,34903,970,0,Cluster 0 (com=0.50),0.5200141020083364
696347,5,34903,1699,0,Cluster 0 (com=0.50),0.476144919975148
696364,5,34903,322,0,Cluster 0 (com=0.50),0.10582453509620132
696659,5,34903,195,0,Cluster 0 (com=0.50),0.356009276499726
696662,5,34903,2145,0,Cluster 0 (com=0.50),0.5966288641518703
696666,5,34903,56,1,Cluster 1 (com=0.69),0.4665347275205148
696671,5,34903,694,0,Cluster 0 (com=0.50),0.4246560793759959
696672,5,34903,93,0,Cluster 0 (com=0.50),0.1655987597616472
696678,5,34903,461,0,Cluster 0 (com=0.50),0.41431941335103956
696729,5,34903,1065,0,Cluster 0 (com=0.50),0.5547320811927223
697114,5,34903,472,1,Cluster 1 (com=0.69),0.35170306570563864
697255,5,34903,939,0,Cluster 0 (com=0.50),0.32072875928161054
697878,5,34903,343,0,Cluster 0 (com=0.50),0.41270151041534076
697998,5,34903,695,0,Cluster 0 (com=0.50),0.5404079885375489
698015,5,34903,498,0,Cluster 0 (com=0.50),0.2851980059038664
698384,5,34903,780,0,Cluster 0 (com=0.50),0.4940591216696612
698485,5,34903,898,0,Cluster 0 (com=0.50),0.41895508192392744
698656,5,34903,314,0,Cluster 0 (com=0.50),0.45142482086659463
699127,5,34903,43,1,Cluster 1 (com=0.69),0.4665347275205148
699128,5,34903,361,0,Cluster 0 (com=0.50),0.35442011872982904
895524,5,34903,2627,0,Cluster 0 (com=0.50),0.58206150700481
1042726,5,34903,12,1,Cluster 1 (com=0.69),0.48515435100149706
1318759,5,34903,1155,0,Cluster 0 (com=0.50),0.4671620528343582
1348205,5,34903,2177,0,Cluster 0 (com=0.50),0.5602933774940785
1391717,5,34903,583,0,Cluster 0 (com=0.50),0.3253377225314798
1413902,5,34903,501,0,Cluster 0 (com=0.50),0.5065574414259348
1448966,5,34903,304,1,Cluster 1 (com=0.69),0.09443185697663879
1450604,5,34903,737,0,Cluster 0 (com=0.50),0.4007813609559545
1473878,5,34903,591,0,Cluster 0 (com=0.50),0.45405118011045875
1501577,5,34903,611,0,Cluster 0 (com=0.50),0.4571370116140119
1585671,5,34903,1128,0,Cluster 0 (com=0.50),0.5178270319684365
1603549,5,34903,668,1,Cluster 1 (com=0.69),0.0960149051248513
1639699,5,34903,620,0,Cluster 0 (com=0.50),0.5140758703465268
1658963,5,34903,640,0,Cluster 0 (com=0.50),0.34825937857956907
1677677,5,34903,1354,0,Cluster 0 (com=0.50),0.5331164832854742
1722493,5,34903,1435,0,Cluster 0 (com=0.50),0.5508473712971734
1755594,5,34903,799,0,Cluster 0 (com=0.50),0.550365947893806
1810759,5,34903,705,0,Cluster 0 (com=0.50),0.15291561839733736
1816458,5,34903,1871,0,Cluster 0 (com=0.50),0.5433478177088084
1817710,5,34903,967,0,Cluster 0 (com=0.50),0.5884537287386896
1836241,5,34903,1216,0,Cluster 0 (com=0.50),0.5981934606690766
1837138,5,34903,2710,0,Cluster 0 (com=0.50),0.6016428244627539
1871598,5,34903,3789,0,Cluster 0 (com=0.50),0.596839053805177
1871684,5,34903,435,0,Cluster 0 (com=0.50),0.4029769378586989
1877902,5,34903,941,0,Cluster 0 (com=0.50),0.5075227696043028
1879321,5,34903,1636,0,Cluster 0 (com=0.50),0.5525313255217357
1881231,5,34903,598,0,Cluster 0 (com=0.50),0.31921213870652804
1887108,5,34903,1100,0,Cluster 0 (com=0.50),0.5927674482465201
1889752,5,34903,1293,0,Cluster 0 (com=0.50),0.5765407031582912
1948159,5,34903,855,0,Cluster 0 (com=0.50),0.20864339583983715
1962049,5,34903,1803,0,Cluster 0 (com=0.50),0.5564777400075344
1972092,5,34903,1671,0,Cluster 0 (com=0.50),0.5334861495249158
1995177,5,34903,1352,0,Cluster 0 (com=0.50),0.5935787407435653
1998834,5,34903,30,0,Cluster 0 (com=0.50),0.3603577164414526
2017487,5,34903,1464,0,Cluster 0 (com=0.50),0.5998481210595222
2020628,5,34903,6384,0,Cluster 0 (com=0.50),0.5504210832915446
2035700,5,34903,1309,0,Cluster 0 (com=0.50),0.5329691106250485
2047575,5,34903,899,0,Cluster 0 (com=0.50),0.5811167326907228
2065972,5,34903,631,0,Cluster 0 (com=0.50),0.575140004627647
2081123,5,34903,877,0,Cluster 0 (com=0.50),0.3732838059579371
2096251,5,34903,922,0,Cluster 0 (com=0.50),0.5598548752677325
2106955,5,34903,1156,0,Cluster 0 (com=0.50),0.5790453240989331
2138970,5,34903,157,1,Cluster 1 (com=0.69),0.3584953734211699
2140300,5,34903,1035,0,Cluster 0 (com=0.50),0.4680646859963717
2143312,5,34903,1897,0,Cluster 0 (com=0.50),0.595435519046168
2143440,5,34903,614,0,Cluster 0 (com=0.50),0.2500262973292997
2154361,5,34903,188,0,Cluster 0 (com=0.50),0.23488305132869977
2160316,5,34903,1276,0,Cluster 0 (com=0.50),0.5530576502842953
2180090,5,34903,2598,0,Cluster 0 (com=0.50),0.5658127050821872
2185729,5,34903,762,0,Cluster 0 (com=0.50),0.523057897495128
2197766,5,34903,1221,0,Cluster 0 (com=0.50),0.5393509391708394
2254637,5,34903,924,0,Cluster 0 (com=0.50),0.5827139392650921
2274542,5,34903,1410,0,Cluster 0 (com=0.50),0.5606297010892055
2278101,5,34903,413,1,Cluster 1 (com=0.69),0.12131732726700363
2293511,5,34903,725,0,Cluster 0 (com=0.50),0.382041948271629
2298106,5,34903,676,1,Cluster 1 (com=0.69),0.5180136716430209
2298895,5,34903,882,0,Cluster 0 (com=0.50),0.5911911749221697
2301830,5,34903,1748,0,Cluster 0 (com=0.50),0.5123484976324505
2306410,5,34903,446,0,Cluster 0 (com=0.50),0.5628365498934474
2332934,5,34903,90,1,Cluster 1 (com=0.69),0.45844448695656254
2341420,5,34903,162,1,Cluster 1 (com=0.69),0.014424453194891041
2343785,5,34903,673,0,Cluster 0 (com=0.50),0.5546490979612317
2351969,5,34903,104,1,Cluster 1 (com=0.69),0.4665347275205148
2360559,5,34903,848,0,Cluster 0 (com=0.50),0.5549209794626001
2366656,5,34903,448,0,Cluster 0 (com=0.50),0.5831814536083905
2378208,5,34903,443,0,Cluster 0 (com=0.50),0.08101077282855085
2386732,5,34903,2138,0,Cluster 0 (com=0.50),0.5732740947639727
2399758,5,34903,716,0,Cluster 0 (com=0.50),0.47773221774429353
2403701,5,34903,3816,0,Cluster 0 (com=0.50),0.5903733872411572
2417975,5,34903,1123,0,Cluster 0 (com=0.50),0.0990020998663153
2424257,5,34903,798,0,Cluster 0 (com=0.50),0.39647634805424975
2427845,5,34903,953,0,Cluster 0 (com=0.50),0.5971467023977609
2438784,5,34903,640,0,Cluster 0 (com=0.50),0.511123445680374
2457440,5,34903,448,0,Cluster 0 (com=0.50),0.484817007299172
2459292,5,34903,34,1,Cluster 1 (com=0.69),0.5183947148318724
2482710,5,34903,2176,0,Cluster 0 (com=0.50),0.41595585386503175
2486930,5,34903,154,1,Cluster 1 (com=0.69),0.034681986362165115
2499307,5,34903,1066,0,Cluster 0 (com=0.50),0.5162970348150993
2519138,5,34903,761,0,Cluster 0 (com=0.50),0.4798022506292187
2529419,5,34903,1278,0,Cluster 0 (com=0.50),0.4746485019961501
2537777,5,34903,765,0,Cluster 0 (com=0.50),0.42384087569903
2542209,5,34903,771,0,Cluster 0 (com=0.50),0.4238875695680521
2544643,5,34903,1590,0,Cluster 0 (com=0.50),0.5394273633914953
2544766,5,34903,315,1,Cluster 1 (com=0.69),0.49477818044697564
2546315,5,34903,1338,0,Cluster 0 (com=0.50),0.5873557281015398
2557008,5,34903,4003,0,Cluster 0 (com=0.50),0.5938101280228549
2559144,5,34903,320,1,Cluster 1 (com=0.69),0.22943032034505484
2563095,5,34903,1724,0,Cluster 0 (com=0.50),0.4932240676710559
2579891,5,34903,922,0,Cluster 0 (com=0.50),0.5289698495885596
2584244,5,34903,321,1,Cluster 1 (com=0.69),0.3307349417907817
2597117,5,34903,1178,0,Cluster 0 (com=0.50),0.5786327603714934
2599883,5,34903,479,0,Cluster 0 (com=0.50),0.4116223081059096
2602542,5,34903,950,0,Cluster 0 (com=0.50),0.5323365306214829
2603027,5,34903,967,0,Cluster 0 (com=0.50),0.5642257567320631
2612102,5,34903,947,0,Cluster 0 (com=0.50),0.5352295802035004
2624028,5,34903,1217,0,Cluster 0 (com=0.50),0.5090716576225788
2641156,5,34903,162,1,Cluster 1 (com=0.69),0.3284451500196714
2642532,5,34903,165,0,Cluster 0 (com=0.50),0.367362210278788
2649948,5,34903,339,0,Cluster 0 (com=0.50),0.33158364275144536
2657913,5,34903,469,0,Cluster 0 (com=0.50),0.3647082246839333
2658856,5,34903,574,0,Cluster 0 (com=0.50),0.3913174620876221
2681198,5,34903,951,0,Cluster 0 (com=0.50),0.5013842970333825
2682682,5,34903,852,0,Cluster 0 (com=0.50),0.2184506049129473
2683857,5,34903,2307,0,Cluster 0 (com=0.50),0.5829989721343063
2686035,5,34903,511,0,Cluster 0 (com=0.50),0.39756140582485694
2697921,5,34903,395,0,Cluster 0 (com=0.50),0.4167886461697006
