id_student,ciclo,id_assessment,total_clicks,cluster,perfil,silhueta
31296,1,34899,45,0,Tardio,0.315437328497885
35747,1,34899,491,2,Equilibrado,0.21661682453584197
35796,1,34899,277,1,Adiantado,0.15294729840871787
40857,1,34899,207,0,Tardio,-0.06052504045922379
40878,1,34899,345,2,Equilibrado,0.03505141692455995
42552,1,34899,500,1,Adiantado,0.20282788251095363
43958,1,34899,297,2,Equilibrado,0.1326639435294906
45423,1,34899,807,1,Adiantado,0.11368172573489888
47861,1,34899,2276,1,Adiantado,0.04840393018526705
56637,1,34899,1140,1,Adiantado,0.16300190192861994
56667,1,34899,54,0,Tardio,0.42085274804503486
58884,1,34899,667,2,Equilibrado,0.15599526827431853
63112,1,34899,126,2,Equilibrado,0.06110864836954251
64427,1,34899,415,2,Equilibrado,0.14775557906844397
66892,1,34899,81,2,Equilibrado,0.14737575249795842
69439,1,34899,229,1,Adiantado,0.12665162302414237
71159,1,34899,459,2,Equilibrado,0.03157036489802551
74165,1,34899,461,2,Equilibrado,0.13422976874105028
75107,1,34899,938,1,Adiantado,0.058453330045198
77692,1,34899,600,0,Tardio,0.4096509767462574
77995,1,34899,103,0,Tardio,-0.027433364401209765
79610,1,34899,304,1,Adiantado,0.1184696009906575
80438,1,34899,903,2,Equilibrado,-0.0238158887474583
84604,1,34899,710,2,Equilibrado,0.08796988404871192
85241,1,34899,142,2,Equilibrado,0.12023908362615374
87264,1,34899,500,2,Equilibrado,0.24896233738385448
87322,1,34899,88,2,Equilibrado,0.13964153332481147
91801,1,34899,795,2,Equilibrado,0.11244559398287642
94749,1,34899,584,2,Equilibrado,-0.04005324065649246
98256,1,34899,164,2,Equilibrado,-0.006841688300911019
101217,1,34899,62,1,Adiantado,0.17294494661392398
102854,1,34899,610,1,Adiantado,0.12857826968707356
105125,1,34899,388,2,Equilibrado,0.25811538009888657
105939,1,34899,265,2,Equilibrado,0.2123646042841936
107455,1,34899,252,1,Adiantado,0.2542695501753184
109577,1,34899,143,1,Adiantado,0.09271376969060449
110820,1,34899,471,1,Adiantado,0.10453227169789454
113702,1,34899,973,1,Adiantado,0.10312152184093178
116529,1,34899,11,2,Equilibrado,0.1409655791247535
119310,1,34899,232,1,Adiantado,0.08861760823408267
119865,1,34899,410,2,Equilibrado,0.1531812812699809
125063,1,34899,490,2,Equilibrado,0.17777741282075954
129907,1,34899,639,2,Equilibrado,0.17630246771649283
131597,1,34899,60,1,Adiantado,0.09025394645535531
132423,1,34899,278,1,Adiantado,0.12473117515790604
132475,1,34899,590,2,Equilibrado,0.07169755872257182
135280,1,34899,863,1,Adiantado,0.015925651110875055
136944,1,34899,6,2,Equilibrado,0.12247117334633863
139206,1,34899,627,2,Equilibrado,-0.002810988628514543
142310,1,34899,244,1,Adiantado,0.18499293829094582
143755,1,34899,1129,2,Equilibrado,0.02956567137711246
144959,1,34899,66,0,Tardio,0.001144815121821108
149178,1,34899,532,1,Adiantado,0.2049729479308337
150282,1,34899,168,1,Adiantado,0.08745254269843201
152524,1,34899,964,1,Adiantado,0.179175144116385
152917,1,34899,694,2,Equilibrado,0.11464904804770015
155938,1,34899,557,1,Adiantado,0.06734216183714502
157225,1,34899,201,0,Tardio,0.2109301950689766
159906,1,34899,266,2,Equilibrado,0.03333818757106836
159947,1,34899,129,0,Tardio,0.24440713835714645
164148,1,34899,306,0,Tardio,0.17212595987730578
166123,1,34899,339,0,Tardio,0.07055258206848618
169596,1,34899,336,2,Equilibrado,0.20388017145186416
170874,1,34899,336,2,Equilibrado,0.05680288670070707
172493,1,34899,458,2,Equilibrado,0.23499654663795444
177492,1,34899,908,1,Adiantado,0.1709665466866326
184627,1,34899,315,2,Equilibrado,0.17812121925242483
184720,1,34899,323,1,Adiantado,0.09726049203795843
185994,1,34899,330,1,Adiantado,0.14098023384555242
191504,1,34899,178,2,Equilibrado,0.039570102234672166
194163,1,34899,369,2,Equilibrado,0.10787864567272096
195246,1,34899,558,1,Adiantado,0.13507706976122735
195552,1,34899,474,1,Adiantado,0.09703658922197823
199009,1,34899,354,2,Equilibrado,0.0718071304234896
204117,1,34899,386,2,Equilibrado,0.1247905436328158
226955,1,34899,721,2,Equilibrado,-0.007524570123246407
228633,1,34899,602,1,Adiantado,0.24366827953848047
229498,1,34899,682,2,Equilibrado,-0.006554608433728008
230947,1,34899,101,0,Tardio,0.10302074708900048
232173,1,34899,1155,2,Equilibrado,0.12068147015259258
234661,1,34899,466,1,Adiantado,0.07879414805495522
235747,1,34899,136,0,Tardio,0.39141944155243674
235768,1,34899,410,0,Tardio,0.054495200046311094
235971,1,34899,693,2,Equilibrado,0.005763332714797166
236090,1,34899,558,2,Equilibrado,0.09793869663591448
237891,1,34899,217,2,Equilibrado,0.09814105488857805
249357,1,34899,410,0,Tardio,0.350978142145148
251166,1,34899,560,1,Adiantado,0.13059377745549614
253633,1,34899,370,1,Adiantado,0.044677648716417405
253763,1,34899,1234,1,Adiantado,0.08752774982333716
258245,1,34899,377,1,Adiantado,0.10772671454313063
258509,1,34899,311,2,Equilibrado,0.13420492309588042
258978,1,34899,343,1,Adiantado,0.11802720863613798
261863,1,34899,228,2,Equilibrado,0.02101881852099973
262025,1,34899,349,2,Equilibrado,0.05097277267768986
262394,1,34899,156,2,Equilibrado,0.09959045767155507
263862,1,34899,262,2,Equilibrado,0.204413478348094
265497,1,34899,400,1,Adiantado,0.13589466222519103
268823,1,34899,48,0,Tardio,-0.018723290846682797
269584,1,34899,140,2,Equilibrado,0.044447761892399414
270421,1,34899,124,0,Tardio,0.14800140627883857
275127,1,34899,184,2,Equilibrado,0.048579408242077765
277384,1,34899,602,2,Equilibrado,0.054684034302308726
278380,1,34899,564,2,Equilibrado,0.05557108897968667
279440,1,34899,674,2,Equilibrado,0.16004581234211324
279653,1,34899,534,1,Adiantado,0.3177675268073152
279883,1,34899,136,2,Equilibrado,0.003941642592012818
281134,1,34899,420,1,Adiantado,0.12298410321210997
282849,1,34899,614,1,Adiantado,0.20284599427902208
283402,1,34899,1046,2,Equilibrado,-0.01572277662264815
286778,1,34899,398,2,Equilibrado,0.10171710010323873
287079,1,34899,109,1,Adiantado,0.04248124039731153
287258,1,34899,446,1,Adiantado,0.26162910718527127
289247,1,34899,286,1,Adiantado,0.060955734478438516
294112,1,34899,910,2,Equilibrado,0.03548630804642275
294219,1,34899,1512,2,Equilibrado,-0.04464786127803933
294920,1,34899,1025,2,Equilibrado,0.1682404626451782
294929,1,34899,800,2,Equilibrado,0.23708112855171817
297218,1,34899,321,2,Equilibrado,0.13741903938717764
297341,1,34899,720,1,Adiantado,0.08453894820569646
301074,1,34899,463,1,Adiantado,0.009191204967421367
301561,1,34899,354,1,Adiantado,0.13403842214818473
305064,1,34899,1013,1,Adiantado,0.12262785863567179
305659,1,34899,198,1,Adiantado,0.2482552266493387
310205,1,34899,739,2,Equilibrado,0.0857948546480346
312126,1,34899,510,2,Equilibrado,0.05632053802611709
312231,1,34899,139,1,Adiantado,0.06310748673507018
312960,1,34899,27,0,Tardio,-0.05372958220346277
315795,1,34899,284,2,Equilibrado,0.02579131361308622
316082,1,34899,112,2,Equilibrado,0.1662166737935799
318139,1,34899,515,1,Adiantado,0.19308721500243003
318147,1,34899,558,2,Equilibrado,0.12700006715436515
319073,1,34899,589,1,Adiantado,0.13166650420271653
320133,1,34899,997,1,Adiantado,0.11311035778818816
320612,1,34899,698,1,Adiantado,0.03919324898586444
322499,1,34899,124,1,Adiantado,0.07893879282641694
328797,1,34899,212,0,Tardio,0.3953352683880491
331789,1,34899,206,2,Equilibrado,0.19643069499484017
332237,1,34899,23,2,Equilibrado,0.04551779346542717
333993,1,34899,584,1,Adiantado,0.3054490677813946
334224,1,34899,96,1,Adiantado,0.25385003370801307
335095,1,34899,495,2,Equilibrado,0.2210518982147356
337000,1,34899,414,1,Adiantado,0.19273328123898154
338689,1,34899,40,1,Adiantado,0.16118608310715477
338806,1,34899,31,0,Tardio,0.28772990997492326
339519,1,34899,452,1,Adiantado,0.11519416684933347
340831,1,34899,55,0,Tardio,0.0317014652346886
341093,1,34899,117,1,Adiantado,0.09402198128709939
341457,1,34899,591,2,Equilibrado,0.013917837342344056
341629,1,34899,381,1,Adiantado,0.25306323649111
343709,1,34899,132,1,Adiantado,0.17293857656916756
345271,1,34899,2534,1,Adiantado,0.07118614647058456
347197,1,34899,692,1,Adiantado,0.3205157263451145
348108,1,34899,207,2,Equilibrado,0.10735947173506881
348324,1,34899,380,1,Adiantado,0.1331960833358231
349515,1,34899,385,1,Adiantado,0.23391549771017672
351147,1,34899,261,1,Adiantado,0.06448784847313332
354698,1,34899,220,0,Tardio,0.1202350711027974
355293,1,34899,212,0,Tardio,0.17142909189217456
364066,1,34899,954,2,Equilibrado,0.11732606849346734
366140,1,34899,1052,1,Adiantado,0.05668478383849071
367151,1,34899,533,2,Equilibrado,0.2131901848193572
369242,1,34899,230,2,Equilibrado,-0.00861832514706501
369450,1,34899,612,2,Equilibrado,0.036526674516284274
369644,1,34899,758,2,Equilibrado,0.0038970594510798298
370735,1,34899,352,1,Adiantado,0.12800103507505417
372345,1,34899,518,2,Equilibrado,0.07766685677754812
372509,1,34899,24,1,Adiantado,0.08046949268796323
372511,1,34899,153,2,Equilibrado,0.1277043898205799
374353,1,34899,696,2,Equilibrado,0.15250976967456403
375527,1,34899,105,2,Equilibrado,0.13682015600072872
378705,1,34899,341,2,Equilibrado,0.13950269377734922
378946,1,34899,1083,2,Equilibrado,-0.013789707287488174
379278,1,34899,1209,1,Adiantado,0.0679676714654096
379311,1,34899,160,1,Adiantado,0.30699604103010736
379563,1,34899,86,0,Tardio,0.3268040460902573
380952,1,34899,257,2,Equilibrado,0.005256433513383027
381257,1,34899,778,2,Equilibrado,0.08852252407729129
381414,1,34899,174,2,Equilibrado,0.15505306450664957
381428,1,34899,502,1,Adiantado,0.095050241084347
381529,1,34899,435,2,Equilibrado,0.010056026997644152
383445,1,34899,143,1,Adiantado,0.29210005515294385
383602,1,34899,632,2,Equilibrado,0.0012988165838855297
383629,1,34899,58,0,Tardio,0.4141796844282903
384107,1,34899,567,2,Equilibrado,0.13913016372611148
386121,1,34899,185,1,Adiantado,0.19866925320358989
386389,1,34899,291,2,Equilibrado,-0.009583459654758026
386956,1,34899,475,1,Adiantado,0.13982633776351733
389853,1,34899,386,2,Equilibrado,0.020726135615958798
390070,1,34899,361,0,Tardio,0.2820936744069477
393141,1,34899,645,1,Adiantado,0.05394662365909299
395758,1,34899,277,2,Equilibrado,0.08077923817181279
396683,1,34899,1038,1,Adiantado,0.060043737267130824
396834,1,34899,70,2,Equilibrado,0.04686682952526428
396907,1,34899,424,1,Adiantado,0.16698148492821782
397219,1,34899,830,2,Equilibrado,0.026039839347796252
397292,1,34899,115,0,Tardio,0.2692055984446974
397671,1,34899,782,1,Adiantado,0.08107368918682678
398550,1,34899,160,1,Adiantado,0.20540909865733634
398630,1,34899,123,0,Tardio,0.349440019526892
399429,1,34899,732,2,Equilibrado,0.08147587711886776
402695,1,34899,227,0,Tardio,0.2310480242283261
405193,1,34899,729,1,Adiantado,0.012551069388052378
407232,1,34899,1067,1,Adiantado,0.14010127802230912
408499,1,34899,670,1,Adiantado,0.07590841300888111
410407,1,34899,889,2,Equilibrado,0.15973132957061356
410883,1,34899,244,2,Equilibrado,0.09805275665727627
411304,1,34899,241,0,Tardio,-0.041614929507599985
412353,1,34899,1925,1,Adiantado,0.13044519314767855
413180,1,34899,80,2,Equilibrado,0.14165792157137547
413709,1,34899,226,2,Equilibrado,0.03480884401487567
413949,1,34899,505,2,Equilibrado,0.17994757953375876
416199,1,34899,218,1,Adiantado,0.18849649119960482
416407,1,34899,465,1,Adiantado,0.10496542026767915
418201,1,34899,781,2,Equilibrado,-0.017917591217389336
419059,1,34899,173,1,Adiantado,0.25832634429894125
419081,1,34899,209,1,Adiantado,0.10209312122138525
420834,1,34899,900,1,Adiantado,0.23240485270573447
421070,1,34899,85,0,Tardio,0.21844724697710982
423210,1,34899,142,2,Equilibrado,0.14647592758287784
423488,1,34899,553,1,Adiantado,0.049692232429032666
423781,1,34899,438,0,Tardio,0.029880366593266254
427256,1,34899,677,1,Adiantado,0.16537820827430702
429832,1,34899,48,0,Tardio,0.041729302585126145
431139,1,34899,157,1,Adiantado,0.0767953480371586
434476,1,34899,1363,2,Equilibrado,-0.04198151725534699
438063,1,34899,404,1,Adiantado,0.2756151846947848
438644,1,34899,111,1,Adiantado,0.0452127640614553
439950,1,34899,174,0,Tardio,0.33152047850014393
439995,1,34899,292,1,Adiantado,0.04538366732384517
440818,1,34899,1279,1,Adiantado,0.051388738735690664
441165,1,34899,372,2,Equilibrado,0.09297758777270393
441421,1,34899,524,1,Adiantado,0.048925124966175515
442199,1,34899,204,2,Equilibrado,0.008337169889287774
442347,1,34899,438,2,Equilibrado,-0.006084651214272814
442563,1,34899,290,2,Equilibrado,0.03459231130133402
442802,1,34899,526,1,Adiantado,0.19564794812438357
443151,1,34899,167,2,Equilibrado,-0.018564607878963524
443514,1,34899,145,0,Tardio,0.01028245906536932
443696,1,34899,539,1,Adiantado,0.021989422816070414
444011,1,34899,234,2,Equilibrado,0.16233460236494288
444619,1,34899,97,0,Tardio,0.047655003692206384
444907,1,34899,448,2,Equilibrado,0.13798176937598372
445686,1,34899,231,2,Equilibrado,0.020687559917653996
464522,1,34899,376,2,Equilibrado,0.17830190114467612
465009,1,34899,142,1,Adiantado,0.006339031902624271
465078,1,34899,828,2,Equilibrado,0.20670878836132192
465121,1,34899,246,2,Equilibrado,-0.016874068672824215
465294,1,34899,299,2,Equilibrado,0.03544132629130437
466120,1,34899,521,2,Equilibrado,0.0568770298395964
466807,1,34899,27,1,Adiantado,0.12254384324122103
466987,1,34899,331,2,Equilibrado,0.03428519213893521
467363,1,34899,419,1,Adiantado,0.0558950946765645
469499,1,34899,844,1,Adiantado,0.19527520602915796
471284,1,34899,356,0,Tardio,0.3009929030570017
474667,1,34899,340,1,Adiantado,0.14436663181950268
475015,1,34899,644,2,Equilibrado,0.00017022578372720152
476401,1,34899,656,2,Equilibrado,0.08079460828551517
476629,1,34899,838,1,Adiantado,0.21697486077825617
477833,1,34899,133,2,Equilibrado,0.1647684866970657
479939,1,34899,763,1,Adiantado,0.0952079272004142
480303,1,34899,782,2,Equilibrado,0.10653881087823479
481240,1,34899,35,0,Tardio,0.3953352683880491
481717,1,34899,901,1,Adiantado,0.17948667293166257
482644,1,34899,210,1,Adiantado,0.09570772041895764
483037,1,34899,443,2,Equilibrado,0.18302479817897646
483656,1,34899,460,1,Adiantado,0.13536705182975245
484010,1,34899,340,1,Adiantado,0.1251864514493896
484494,1,34899,209,2,Equilibrado,0.23013054631852556
484594,1,34899,1474,1,Adiantado,0.24982733883377098
485228,1,34899,678,1,Adiantado,0.05167825015640927
486087,1,34899,433,2,Equilibrado,0.15562850444598691
486964,1,34899,115,1,Adiantado,0.18214714552566993
488525,1,34899,273,1,Adiantado,0.11139993222407245
489553,1,34899,145,1,Adiantado,0.10312262693107359
490297,1,34899,65,2,Equilibrado,0.10414615822852644
491077,1,34899,302,1,Adiantado,0.10584070103128547
491126,1,34899,575,2,Equilibrado,0.08289322881563135
491863,1,34899,439,2,Equilibrado,0.1314284541442569
491959,1,34899,468,2,Equilibrado,0.25789101322392044
492024,1,34899,309,1,Adiantado,0.11481408240546244
492557,1,34899,16,1,Adiantado,0.16957346063463347
493793,1,34899,286,2,Equilibrado,0.1089642357156419
494046,1,34899,255,1,Adiantado,0.03383623977224515
494184,1,34899,217,2,Equilibrado,0.0064410296411507905
496493,1,34899,344,1,Adiantado,0.07148075086913927
497415,1,34899,944,2,Equilibrado,0.08577377807667264
498442,1,34899,515,2,Equilibrado,0.05493744807509512
499244,1,34899,311,2,Equilibrado,0.019320211393319953
499404,1,34899,296,2,Equilibrado,0.2352876890554821
500068,1,34899,325,1,Adiantado,0.18049986630319698
500618,1,34899,398,1,Adiantado,0.17897700427796723
501444,1,34899,412,2,Equilibrado,0.09530680066969967
501897,1,34899,59,1,Adiantado,0.15768210692182533
502011,1,34899,768,1,Adiantado,0.11937004922058489
503684,1,34899,57,0,Tardio,0.02975939465304945
505773,1,34899,985,1,Adiantado,0.300950619464031
506705,1,34899,260,2,Equilibrado,0.026746052730984633
507311,1,34899,254,1,Adiantado,0.1704272557318252
507743,1,34899,688,2,Equilibrado,0.07061641308279429
507935,1,34899,1167,2,Equilibrado,0.1104993194436065
508626,1,34899,1208,1,Adiantado,0.04793265338561582
509536,1,34899,738,2,Equilibrado,0.19759272392951666
511309,1,34899,511,1,Adiantado,0.15135273735368351
511350,1,34899,22,0,Tardio,0.27819471891703335
511981,1,34899,464,1,Adiantado,0.1308977197612938
513272,1,34899,79,0,Tardio,0.14390493862149945
513422,1,34899,137,1,Adiantado,0.1157870222590774
513428,1,34899,183,0,Tardio,0.08370799579046193
514078,1,34899,1024,2,Equilibrado,0.09902613754649948
514556,1,34899,617,1,Adiantado,0.04018044710308171
516602,1,34899,237,2,Equilibrado,-0.00964242344433633
517551,1,34899,127,1,Adiantado,0.1512949232099694
519115,1,34899,189,2,Equilibrado,0.11365179981375902
521032,1,34899,295,1,Adiantado,0.15254396420901553
521115,1,34899,317,2,Equilibrado,0.1348158107084827
521153,1,34899,92,0,Tardio,0.0921650518418082
522082,1,34899,484,2,Equilibrado,0.013763473238081947
523017,1,34899,344,1,Adiantado,0.18671682924926972
523249,1,34899,347,2,Equilibrado,0.060769214053790495
524827,1,34899,511,2,Equilibrado,0.14736944874938268
526721,1,34899,865,1,Adiantado,0.12573189473381324
526819,1,34899,19,0,Tardio,0.043443630135072284
527619,1,34899,83,1,Adiantado,0.12810123819532881
529693,1,34899,486,2,Equilibrado,0.18151781774046244
529991,1,34899,165,2,Equilibrado,0.13144008988961137
530148,1,34899,474,1,Adiantado,0.09842299964174954
531018,1,34899,575,2,Equilibrado,0.08528436222326281
531871,1,34899,430,0,Tardio,-0.07091028365298349
532254,1,34899,819,2,Equilibrado,0.03492375915450272
533418,1,34899,842,1,Adiantado,0.14619052154857548
534018,1,34899,440,2,Equilibrado,0.1016302313250966
534112,1,34899,364,1,Adiantado,0.11368966715582254
534457,1,34899,270,2,Equilibrado,-0.008076465504590466
535542,1,34899,474,1,Adiantado,0.3059332772698617
535997,1,34899,203,1,Adiantado,0.13186593282217535
536351,1,34899,438,2,Equilibrado,0.01769192986566469
536475,1,34899,473,2,Equilibrado,0.0856166372704719
536963,1,34899,633,1,Adiantado,0.08390680332679733
537322,1,34899,270,2,Equilibrado,0.01743521915766286
537606,1,34899,264,2,Equilibrado,0.20154098212965174
537811,1,34899,2515,1,Adiantado,0.11356798245323947
539308,1,34899,358,2,Equilibrado,0.07848081012109932
539945,1,34899,158,2,Equilibrado,0.10085590792309876
540723,1,34899,894,2,Equilibrado,0.035702970230150226
541532,1,34899,461,1,Adiantado,0.10807045615411381
541921,1,34899,869,1,Adiantado,0.25624833500200794
542202,1,34899,991,2,Equilibrado,0.1944403651000976
542550,1,34899,506,1,Adiantado,0.20477651466596195
543010,1,34899,846,2,Equilibrado,0.059129687233173064
543432,1,34899,588,2,Equilibrado,0.01976852773506813
544141,1,34899,176,2,Equilibrado,0.04745551077242072
544745,1,34899,447,1,Adiantado,0.06683844388689045
545164,1,34899,315,2,Equilibrado,0.025684564582605436
545962,1,34899,895,2,Equilibrado,0.14122720208326067
546547,1,34899,311,0,Tardio,0.18651910491485552
546645,1,34899,666,1,Adiantado,0.18057510552741868
547347,1,34899,76,0,Tardio,0.16519740620717452
549219,1,34899,578,2,Equilibrado,0.09634533722539249
549321,1,34899,179,2,Equilibrado,0.20877243138624077
549523,1,34899,197,1,Adiantado,0.18605753266658043
549847,1,34899,530,2,Equilibrado,0.10734898604496396
550420,1,34899,376,1,Adiantado,0.0812760583557455
550703,1,34899,834,1,Adiantado,0.15078146601819137
552173,1,34899,1364,1,Adiantado,0.16751803649846195
553031,1,34899,503,2,Equilibrado,0.050819277336132215
553284,1,34899,605,1,Adiantado,0.14278057203780878
553813,1,34899,98,0,Tardio,0.2247700793286506
554063,1,34899,572,2,Equilibrado,0.09325748608794487
554525,1,34899,1275,1,Adiantado,0.061513247246071
555049,1,34899,684,2,Equilibrado,0.16468840058052847
555827,1,34899,200,1,Adiantado,0.01905086875927441
556126,1,34899,69,1,Adiantado,0.13549547649319946
557085,1,34899,614,1,Adiantado,0.11773975389538141
557290,1,34899,690,1,Adiantado,0.22255528450702683
557792,1,34899,173,1,Adiantado,0.0752402728974958
557830,1,34899,348,1,Adiantado,0.16335675999425514
558044,1,34899,293,1,Adiantado,0.14264858257531535
558342,1,34899,271,2,Equilibrado,0.0813890649001068
558764,1,34899,664,2,Equilibrado,0.12335644974806426
560047,1,34899,207,1,Adiantado,0.2120224664114609
560459,1,34899,251,1,Adiantado,0.18615289138864927
560645,1,34899,721,2,Equilibrado,0.011484039245373974
560765,1,34899,486,1,Adiantado,0.048014951358185176
561231,1,34899,527,2,Equilibrado,0.025915444977790705
562754,1,34899,822,2,Equilibrado,0.15796894699872766
562990,1,34899,351,0,Tardio,0.04089061391014621
563108,1,34899,157,2,Equilibrado,0.20829184438614437
563414,1,34899,1032,2,Equilibrado,0.12167849795214118
564243,1,34899,567,2,Equilibrado,0.03920556808223417
564617,1,34899,1364,1,Adiantado,0.18828931603661558
564770,1,34899,176,1,Adiantado,0.1558805891574624
564821,1,34899,146,2,Equilibrado,0.015263047337325433
564933,1,34899,476,0,Tardio,-0.0369429982592057
565017,1,34899,1239,2,Equilibrado,-0.016513495238618864
566823,1,34899,38,1,Adiantado,0.09661585557812742
568987,1,34899,182,1,Adiantado,0.20140579546117157
568998,1,34899,66,0,Tardio,-0.023359266366188666
569034,1,34899,1701,1,Adiantado,0.14992594465842202
569080,1,34899,818,2,Equilibrado,0.18739922153527677
569108,1,34899,594,2,Equilibrado,0.20550970059595303
569876,1,34899,922,1,Adiantado,0.1001319430800051
570004,1,34899,33,1,Adiantado,0.13245800303531452
570213,1,34899,100,0,Tardio,0.27228859117273885
570689,1,34899,121,1,Adiantado,0.13779967976080493
571074,1,34899,608,2,Equilibrado,-0.01326374041017633
571950,1,34899,68,1,Adiantado,0.14506274031673347
572071,1,34899,118,2,Equilibrado,0.051007637712062785
572074,1,34899,48,2,Equilibrado,0.12298750936816687
572213,1,34899,518,1,Adiantado,0.13644731196623552
572265,1,34899,97,0,Tardio,0.3259399620523395
573007,1,34899,93,0,Tardio,0.274876015224249
573583,1,34899,303,1,Adiantado,0.04679043859323185
573697,1,34899,240,1,Adiantado,0.17777202523624244
574527,1,34899,631,2,Equilibrado,-0.015184415994499168
574695,1,34899,509,0,Tardio,-0.016152259442892898
575069,1,34899,495,1,Adiantado,0.11589078535520461
575112,1,34899,217,2,Equilibrado,0.1623249309550225
575302,1,34899,1025,1,Adiantado,0.17026040583334853
575685,1,34899,10,0,Tardio,0.12909901905539387
577032,1,34899,262,1,Adiantado,0.22129934487630956
577429,1,34899,549,2,Equilibrado,0.109642564206323
577533,1,34899,8,0,Tardio,0.0013561980354472257
578152,1,34899,132,1,Adiantado,0.2306124082940603
578495,1,34899,152,0,Tardio,0.33859324361975557
578847,1,34899,332,1,Adiantado,0.0798978897244447
579221,1,34899,389,2,Equilibrado,0.07031624916843901
579660,1,34899,346,1,Adiantado,0.06122762020675334
579686,1,34899,96,2,Equilibrado,0.17818715931203014
580459,1,34899,261,2,Equilibrado,0.12679775891976744
580834,1,34899,1192,2,Equilibrado,0.0527494324611343
580845,1,34899,272,1,Adiantado,0.10520726306676458
580926,1,34899,64,2,Equilibrado,0.025652016846788906
581253,1,34899,911,2,Equilibrado,0.08494337295220133
581659,1,34899,964,2,Equilibrado,0.21627257638537623
581779,1,34899,149,2,Equilibrado,0.15153071086491904
582034,1,34899,282,2,Equilibrado,0.11579753426338509
582117,1,34899,411,1,Adiantado,0.14028486975193616
582266,1,34899,130,1,Adiantado,0.09907607770392225
582332,1,34899,418,2,Equilibrado,0.0656439054051164
582530,1,34899,162,0,Tardio,0.24610485193952147
582653,1,34899,210,2,Equilibrado,0.12491941531441234
582670,1,34899,29,1,Adiantado,0.08867866926688109
583056,1,34899,53,1,Adiantado,0.07599837070483925
583318,1,34899,19,2,Equilibrado,0.1052955061959345
583487,1,34899,5643,1,Adiantado,0.05696401376239537
584515,1,34899,1772,1,Adiantado,0.2070712532735979
584673,1,34899,562,1,Adiantado,0.21227591581322694
585224,1,34899,727,2,Equilibrado,0.04598114363705604
585261,1,34899,511,2,Equilibrado,0.13858956723256435
585284,1,34899,390,2,Equilibrado,0.121870464453301
585503,1,34899,1038,1,Adiantado,0.15882600361727445
585572,1,34899,1143,1,Adiantado,0.12777463763468086
585825,1,34899,498,1,Adiantado,0.21668156395768368
585958,1,34899,331,2,Equilibrado,0.16173106408518362
586811,1,34899,224,2,Equilibrado,0.17509239375980265
586906,1,34899,612,2,Equilibrado,0.20935311557390138
587509,1,34899,447,1,Adiantado,0.2022037844650307
587571,1,34899,1349,1,Adiantado,0.07280513790246583
587654,1,34899,274,0,Tardio,0.33039761236337273
587706,1,34899,415,2,Equilibrado,0.10132660626403699
588128,1,34899,239,1,Adiantado,0.23178074628417342
588628,1,34899,919,2,Equilibrado,0.131087530316339
589080,1,34899,832,2,Equilibrado,0.1241681490339041
589162,1,34899,272,2,Equilibrado,0.18046042489573755
589332,1,34899,1636,1,Adiantado,0.15681386844204118
589389,1,34899,138,1,Adiantado,0.05981978138408656
589441,1,34899,80,0,Tardio,0.37112194899775247
589798,1,34899,38,2,Equilibrado,0.003435937600133987
589828,1,34899,60,2,Equilibrado,0.08092040111611787
590120,1,34899,631,2,Equilibrado,0.03279253427319907
590462,1,34899,254,1,Adiantado,0.08873825296960719
591525,1,34899,505,1,Adiantado,0.11153310869433022
591581,1,34899,260,1,Adiantado,0.10808664290284682
591746,1,34899,234,2,Equilibrado,0.1266453580852878
591946,1,34899,520,1,Adiantado,0.07553805348587385
592218,1,34899,413,2,Equilibrado,0.10155766984224257
592295,1,34899,150,2,Equilibrado,0.11144662952959854
592558,1,34899,528,2,Equilibrado,0.05581440727684443
592939,1,34899,62,0,Tardio,0.11831260017730902
593136,1,34899,669,1,Adiantado,0.18441125739188644
593563,1,34899,312,2,Equilibrado,0.1516908997054007
593722,1,34899,504,2,Equilibrado,0.1017540454289159
593796,1,34899,1424,2,Equilibrado,0.1574982726126667
594065,1,34899,601,2,Equilibrado,0.10165290279581986
594122,1,34899,334,2,Equilibrado,0.15540991317076489
594229,1,34899,673,1,Adiantado,0.07665424477294708
594258,1,34899,39,2,Equilibrado,0.08731420185738166
594406,1,34899,140,1,Adiantado,0.0315774606012677
594615,1,34899,124,0,Tardio,-0.00043607687876296786
594636,1,34899,589,1,Adiantado,0.1101980842425632
595262,1,34899,549,2,Equilibrado,0.06846651506143557
595721,1,34899,159,1,Adiantado,0.13313624167560956
595943,1,34899,431,2,Equilibrado,0.13992400803143204
596052,1,34899,452,0,Tardio,-0.06733399907923511
596203,1,34899,370,1,Adiantado,0.149265040807616
596243,1,34899,288,0,Tardio,-0.03692494271795697
596253,1,34899,369,2,Equilibrado,0.1307027562913402
596464,1,34899,37,1,Adiantado,0.1576816082734227
596758,1,34899,581,2,Equilibrado,0.007896635836335588
596805,1,34899,87,0,Tardio,0.10100865355638271
597740,1,34899,739,1,Adiantado,0.15604387809019657
597937,1,34899,243,2,Equilibrado,0.016475122526890176
598308,1,34899,251,2,Equilibrado,0.08296407942290182
598540,1,34899,585,2,Equilibrado,0.13283812863616562
598559,1,34899,395,2,Equilibrado,0.11319584090964785
598757,1,34899,152,1,Adiantado,0.0673543903693522
599297,1,34899,131,2,Equilibrado,0.015256134132729493
599865,1,34899,117,1,Adiantado,0.0334137116847005
600071,1,34899,642,1,Adiantado,0.05025788232819524
600405,1,34899,444,2,Equilibrado,0.15285291161572362
600615,1,34899,79,1,Adiantado,0.08670698383671577
600773,1,34899,181,1,Adiantado,0.05401411642665957
600893,1,34899,31,1,Adiantado,0.11501966908780893
601008,1,34899,397,2,Equilibrado,0.0604284834635143
601235,1,34899,375,2,Equilibrado,0.016434710156466453
601271,1,34899,232,1,Adiantado,0.2597352639243629
601680,1,34899,308,2,Equilibrado,0.0792686128251242
601820,1,34899,56,2,Equilibrado,0.08103266952250977
602594,1,34899,263,1,Adiantado,0.0850596764218143
603648,1,34899,568,2,Equilibrado,0.11692441883886784
603931,1,34899,100,1,Adiantado,0.19964859587924866
604567,1,34899,520,2,Equilibrado,0.15055102147054664
604614,1,34899,140,2,Equilibrado,0.08543237192449886
604907,1,34899,246,0,Tardio,0.42182064014809884
605180,1,34899,160,0,Tardio,-0.030948743093832384
605228,1,34899,301,0,Tardio,0.16024303479185206
605682,1,34899,318,1,Adiantado,0.022946492814650887
606257,1,34899,649,2,Equilibrado,0.155688606537947
606428,1,34899,723,1,Adiantado,0.1530698969420799
606805,1,34899,105,0,Tardio,0.10915870943243529
606904,1,34899,409,1,Adiantado,0.027049631179354088
607243,1,34899,1153,1,Adiantado,0.05498256294737201
607303,1,34899,686,2,Equilibrado,0.06189091724790274
607501,1,34899,639,1,Adiantado,0.20460863582207994
607679,1,34899,632,1,Adiantado,0.09165908810278456
607700,1,34899,442,1,Adiantado,0.05596522406925515
607733,1,34899,193,1,Adiantado,0.10447122763026555
609142,1,34899,1235,1,Adiantado,0.10010374360677615
609240,1,34899,815,1,Adiantado,0.09977412423788708
611603,1,34899,299,2,Equilibrado,0.027062628722081258
612842,1,34899,570,2,Equilibrado,0.10088388809204009
613165,1,34899,1726,1,Adiantado,0.15544555186516026
613330,1,34899,1747,1,Adiantado,0.06655401512457776
613634,1,34899,176,1,Adiantado,0.10945384705763915
613899,1,34899,1416,1,Adiantado,0.23168221690970983
613966,1,34899,955,2,Equilibrado,0.05412083005576605
614059,1,34899,101,1,Adiantado,0.10760744658897012
614984,1,34899,256,1,Adiantado,0.1232787841440023
615266,1,34899,448,1,Adiantado,0.1340360183770322
615299,1,34899,886,2,Equilibrado,0.06070216745207195
615301,1,34899,281,0,Tardio,0.1595424230731554
615302,1,34899,474,2,Equilibrado,-0.02552110600216545
615306,1,34899,681,2,Equilibrado,0.025065907287112332
615328,1,34899,511,2,Equilibrado,-0.005886505357933759
615340,1,34899,245,1,Adiantado,0.21093603279978188
615342,1,34899,134,0,Tardio,0.1586048572413008
615356,1,34899,371,2,Equilibrado,0.03599874673055228
616517,1,34899,379,2,Equilibrado,0.167150038638005
616912,1,34899,527,1,Adiantado,0.10751351502372643
617010,1,34899,430,2,Equilibrado,-0.0014345599435358855
617119,1,34899,370,1,Adiantado,0.02443012128346846
617150,1,34899,622,2,Equilibrado,0.0029735498716113393
617332,1,34899,197,1,Adiantado,0.054483455256873
617436,1,34899,372,2,Equilibrado,0.0647084060223078
617580,1,34899,1219,2,Equilibrado,-0.008278447294743176
617783,1,34899,328,2,Equilibrado,0.18368984082883133
617922,1,34899,401,1,Adiantado,0.19416275143556955
618252,1,34899,282,2,Equilibrado,0.20387006981008815
618663,1,34899,163,0,Tardio,0.04516498352122023
619204,1,34899,144,2,Equilibrado,0.009524845007133884
619292,1,34899,705,2,Equilibrado,0.23186104226093296
619321,1,34899,731,2,Equilibrado,0.23283337198448428
619502,1,34899,231,0,Tardio,0.2262071534096477
620094,1,34899,1233,1,Adiantado,0.10793016011855817
620112,1,34899,178,0,Tardio,-0.005652502777211637
620269,1,34899,459,1,Adiantado,0.06695330599351486
620349,1,34899,606,1,Adiantado,0.297209395442301
620431,1,34899,561,2,Equilibrado,0.042590047504691836
620740,1,34899,182,1,Adiantado,0.079442906224918
620750,1,34899,409,1,Adiantado,0.04872012245813848
620810,1,34899,301,1,Adiantado,0.23800828088906242
622275,1,34899,489,2,Equilibrado,0.21798142479721286
622362,1,34899,152,2,Equilibrado,0.016618072882752653
622481,1,34899,441,2,Equilibrado,0.2268425470691534
622760,1,34899,250,2,Equilibrado,-0.013438222898043327
622899,1,34899,517,2,Equilibrado,0.15163680114105083
622934,1,34899,550,1,Adiantado,0.262235063114554
622967,1,34899,178,1,Adiantado,0.07125978388007712
623166,1,34899,500,2,Equilibrado,0.2074001864808542
623230,1,34899,797,2,Equilibrado,0.05376810664005752
623471,1,34899,766,1,Adiantado,0.08430047457899488
623589,1,34899,388,1,Adiantado,0.08078106912280343
623765,1,34899,363,2,Equilibrado,0.18016939176602167
623917,1,34899,268,1,Adiantado,0.11077176761534308
623955,1,34899,100,1,Adiantado,0.13103869573864133
624282,1,34899,524,1,Adiantado,0.0745400324246307
624864,1,34899,769,2,Equilibrado,0.17125121885012792
624970,1,34899,545,1,Adiantado,0.04739319017457535
625245,1,34899,693,1,Adiantado,0.06044168955234484
625330,1,34899,774,1,Adiantado,0.17907479960382852
625515,1,34899,82,1,Adiantado,0.11679738007324314
625609,1,34899,289,1,Adiantado,0.07507842806800011
625743,1,34899,335,0,Tardio,0.16770447253242368
625802,1,34899,288,1,Adiantado,0.196412068944505
625838,1,34899,356,2,Equilibrado,0.09772015143894776
626033,1,34899,1240,1,Adiantado,0.058750939894964174
626349,1,34899,86,2,Equilibrado,-0.002957657048186812
626416,1,34899,442,2,Equilibrado,0.0595637564939944
626454,1,34899,197,1,Adiantado,0.11691009400552008
626477,1,34899,367,2,Equilibrado,0.06778321662191975
626514,1,34899,1244,2,Equilibrado,0.07919361089118084
626552,1,34899,307,2,Equilibrado,0.1272429668849709
626579,1,34899,57,2,Equilibrado,0.06955219413018988
627365,1,34899,867,2,Equilibrado,0.13848762338388199
627379,1,34899,150,2,Equilibrado,0.0709698965524188
627829,1,34899,553,2,Equilibrado,0.031825121016963005
628149,1,34899,894,1,Adiantado,0.16687175843910046
628157,1,34899,114,2,Equilibrado,0.08054096072326677
628308,1,34899,150,1,Adiantado,0.1013659046898447
628383,1,34899,280,1,Adiantado,0.11393114135628572
628521,1,34899,79,0,Tardio,-0.07704311771311782
628888,1,34899,348,0,Tardio,0.1989292479200124
628964,1,34899,635,2,Equilibrado,0.07264651483767925
629029,1,34899,395,2,Equilibrado,0.17802859476666447
629491,1,34899,740,1,Adiantado,0.1893353418959104
629522,1,34899,181,0,Tardio,0.19748034276990825
629594,1,34899,208,2,Equilibrado,0.08092975124702348
629686,1,34899,73,1,Adiantado,0.0944135040325907
629818,1,34899,641,1,Adiantado,0.15910614055485714
629922,1,34899,310,2,Equilibrado,0.08001889322524683
629944,1,34899,332,2,Equilibrado,0.027268478856878237
630109,1,34899,362,1,Adiantado,0.2121682609081298
630158,1,34899,760,2,Equilibrado,0.17918466778508385
630168,1,34899,387,1,Adiantado,0.2105766942894456
630186,1,34899,444,2,Equilibrado,-0.04146223676788641
630745,1,34899,511,2,Equilibrado,-0.014427383414159799
630835,1,34899,1511,2,Equilibrado,-0.02225871993478161
630905,1,34899,2066,1,Adiantado,0.07581569992293466
630910,1,34899,536,2,Equilibrado,0.09141228975448969
630992,1,34899,175,1,Adiantado,0.1545980822652739
631193,1,34899,168,0,Tardio,0.02952932515720347
631438,1,34899,237,2,Equilibrado,0.07533542500415191
631524,1,34899,509,2,Equilibrado,-0.012568947170158093
631658,1,34899,1723,1,Adiantado,0.07269119922171946
631681,1,34899,33,2,Equilibrado,0.10091639765857985
631715,1,34899,276,1,Adiantado,0.08917065557784871
631740,1,34899,394,2,Equilibrado,0.1636955737567089
631837,1,34899,759,1,Adiantado,0.15698469361903883
631924,1,34899,452,2,Equilibrado,0.021957162431167198
632074,1,34899,257,2,Equilibrado,0.11847484566668938
632179,1,34899,281,1,Adiantado,0.21511335926317898
632276,1,34899,96,1,Adiantado,0.12288668599706055
632290,1,34899,355,2,Equilibrado,0.018316241191796943
632458,1,34899,761,2,Equilibrado,0.03271456793697016
632556,1,34899,173,2,Equilibrado,0.26684928235273303
632597,1,34899,64,0,Tardio,0.3870151563013506
632826,1,34899,1073,1,Adiantado,0.24769802621840586
632836,1,34899,194,0,Tardio,0.30675042313823
633079,1,34899,779,1,Adiantado,0.2501305788529597
633516,1,34899,390,2,Equilibrado,0.06893432078311094
633555,1,34899,607,1,Adiantado,0.15950044192407828
633568,1,34899,217,0,Tardio,0.40738713485215616
633628,1,34899,378,1,Adiantado,0.10517331745536157
633867,1,34899,389,1,Adiantado,0.2406288486681455
633931,1,34899,1146,1,Adiantado,0.13782022074911257
634088,1,34899,296,2,Equilibrado,0.2640376421792509
634114,1,34899,11,2,Equilibrado,0.12628965421428862
634512,1,34899,146,2,Equilibrado,0.17485949949882906
634526,1,34899,478,2,Equilibrado,0.14087148300951477
634601,1,34899,383,1,Adiantado,0.1945317080779791
634749,1,34899,1381,1,Adiantado,0.15878012920768966
634943,1,34899,222,2,Equilibrado,0.14903361433314327
635184,1,34899,505,2,Equilibrado,0.027163923256096248
635410,1,34899,143,2,Equilibrado,0.0702340949851702
635746,1,34899,191,0,Tardio,-0.07729022712796565
635751,1,34899,188,2,Equilibrado,0.14349236581021876
635795,1,34899,551,1,Adiantado,0.11903215055086455
635903,1,34899,278,2,Equilibrado,0.07081488125276746
636314,1,34899,779,1,Adiantado,0.19446230959488778
636375,1,34899,282,1,Adiantado,0.1412397733371156
636400,1,34899,766,1,Adiantado,0.07795320047858205
636408,1,34899,246,1,Adiantado,0.13997274549563365
636469,1,34899,757,1,Adiantado,0.07719249556699256
636492,1,34899,276,2,Equilibrado,0.16753351562201035
636547,1,34899,285,1,Adiantado,0.2647268186013078
636565,1,34899,212,2,Equilibrado,0.08061552024488741
636634,1,34899,406,1,Adiantado,0.06113873890287359
636656,1,34899,551,1,Adiantado,0.2654088788686653
636704,1,34899,318,1,Adiantado,0.24597311749876694
636783,1,34899,414,1,Adiantado,0.1139956390764358
636830,1,34899,843,1,Adiantado,0.12434918429302269
636832,1,34899,1290,1,Adiantado,0.08460486866699579
637004,1,34899,420,2,Equilibrado,0.05255663160799848
637089,1,34899,182,1,Adiantado,0.07211314050101442
637358,1,34899,240,2,Equilibrado,-0.013384006138857374
637509,1,34899,247,2,Equilibrado,0.13721594797004014
637514,1,34899,148,0,Tardio,0.1240694844115572
637563,1,34899,422,1,Adiantado,0.21990609529607036
637582,1,34899,386,2,Equilibrado,0.048855077901323214
637708,1,34899,702,1,Adiantado,0.17806167402493997
637788,1,34899,155,1,Adiantado,0.18089187214453653
637800,1,34899,371,2,Equilibrado,0.01586781881730871
637906,1,34899,342,1,Adiantado,0.0570635995288653
637939,1,34899,394,2,Equilibrado,0.14991426208310357
637980,1,34899,497,1,Adiantado,0.0422601138516039
638034,1,34899,660,1,Adiantado,0.11559820038885003
638388,1,34899,373,1,Adiantado,0.10007495946579704
638411,1,34899,1198,1,Adiantado,0.11823017598348849
638498,1,34899,477,2,Equilibrado,0.02474988572396378
638515,1,34899,210,2,Equilibrado,0.1693059876777328
638625,1,34899,617,1,Adiantado,0.06867884760492116
638655,1,34899,711,2,Equilibrado,0.23577211168075493
638677,1,34899,326,1,Adiantado,0.05385816104101005
638831,1,34899,106,0,Tardio,0.22383781725660032
639028,1,34899,459,1,Adiantado,0.09409686999606517
639231,1,34899,504,2,Equilibrado,-0.021311029269600122
639234,1,34899,312,2,Equilibrado,0.11085784033851241
639238,1,34899,348,2,Equilibrado,0.15842846469651645
639522,1,34899,254,2,Equilibrado,0.1408728318512916
639919,1,34899,151,1,Adiantado,0.17008961277067933
640098,1,34899,276,1,Adiantado,0.2255092595875099
640278,1,34899,1991,1,Adiantado,0.04649480332072787
640329,1,34899,688,1,Adiantado,0.2040320326112851
640429,1,34899,515,2,Equilibrado,-0.0318952793179676
640552,1,34899,62,2,Equilibrado,0.12451626660294535
640584,1,34899,101,1,Adiantado,0.09635673259688636
640711,1,34899,797,1,Adiantado,0.12758021983282056
640848,1,34899,428,1,Adiantado,0.16769089316563282
640892,1,34899,257,0,Tardio,-0.04291113885872014
640913,1,34899,74,2,Equilibrado,0.23178189856539788
640927,1,34899,536,1,Adiantado,0.11377910116276642
641085,1,34899,198,1,Adiantado,0.1710231223828112
641137,1,34899,457,2,Equilibrado,0.007138438015058715
641275,1,34899,77,1,Adiantado,0.12988929240913505
641309,1,34899,365,2,Equilibrado,0.21065186758817803
641311,1,34899,786,1,Adiantado,0.05483034819734986
641363,1,34899,153,1,Adiantado,0.20968539395377797
641401,1,34899,454,2,Equilibrado,0.15538500436188565
641404,1,34899,833,2,Equilibrado,0.047754902157022126
641433,1,34899,307,2,Equilibrado,0.042931658313392976
641461,1,34899,352,2,Equilibrado,0.2226102956832852
641470,1,34899,308,1,Adiantado,0.053644205294242214
641547,1,34899,157,0,Tardio,0.17997572059998276
641804,1,34899,117,0,Tardio,0.05214056912087025
641864,1,34899,760,1,Adiantado,0.1481744191618967
641914,1,34899,638,1,Adiantado,0.1168004386756403
642029,1,34899,299,1,Adiantado,0.12384052699380493
642056,1,34899,389,2,Equilibrado,0.23019698366769922
642375,1,34899,523,1,Adiantado,0.06838614057075378
642448,1,34899,719,1,Adiantado,0.05735926053464676
642449,1,34899,360,2,Equilibrado,0.02285479087058422
642493,1,34899,910,2,Equilibrado,0.08725665000864508
642496,1,34899,378,1,Adiantado,0.11231121081432782
642498,1,34899,432,2,Equilibrado,0.05463964482012239
642551,1,34899,773,1,Adiantado,0.18421820941832476
642626,1,34899,556,2,Equilibrado,-0.011461585040423019
642730,1,34899,351,1,Adiantado,0.0762272814209241
642740,1,34899,809,1,Adiantado,0.13886872444454154
642750,1,34899,386,1,Adiantado,0.17345209489356278
642790,1,34899,1041,2,Equilibrado,0.11339803580160378
642840,1,34899,751,2,Equilibrado,0.13315655573407043
642843,1,34899,1160,1,Adiantado,0.1829334490294735
642872,1,34899,1094,1,Adiantado,0.07250178366527772
642909,1,34899,375,1,Adiantado,0.18164134578418428
642939,1,34899,689,1,Adiantado,0.2668931308212609
643069,1,34899,277,1,Adiantado,0.06550330656186376
643202,1,34899,599,2,Equilibrado,-0.009385213981190202
643220,1,34899,354,1,Adiantado,0.18695706847267307
643273,1,34899,1084,1,Adiantado,0.13192519698395952
643326,1,34899,778,2,Equilibrado,0.2301446486206582
643372,1,34899,265,1,Adiantado,0.2960988209733395
643466,1,34899,681,2,Equilibrado,0.018749723310316244
643477,1,34899,911,2,Equilibrado,0.09207376932046726
643496,1,34899,627,1,Adiantado,0.12000693010023546
643502,1,34899,402,1,Adiantado,0.1029401218892762
643591,1,34899,865,2,Equilibrado,0.06443870543559484
643653,1,34899,357,2,Equilibrado,-0.006814862846882182
643690,1,34899,341,1,Adiantado,0.1544555844317844
643696,1,34899,682,2,Equilibrado,-0.03186918028175864
643751,1,34899,775,1,Adiantado,0.10028232506003208
643754,1,34899,1173,2,Equilibrado,-0.040294972411126034
643757,1,34899,248,2,Equilibrado,0.13034496874300902
644025,1,34899,475,2,Equilibrado,0.029883058240602556
644210,1,34899,462,2,Equilibrado,0.13923345216878497
644303,1,34899,550,1,Adiantado,0.1742667938602408
644343,1,34899,280,1,Adiantado,0.19657591562119447
644361,1,34899,2146,1,Adiantado,0.10189914899877889
644369,1,34899,59,1,Adiantado,0.16229174416985262
644430,1,34899,140,1,Adiantado,0.17562491330777316
644450,1,34899,961,2,Equilibrado,0.004783434894916126
644508,1,34899,822,2,Equilibrado,0.05609086838679297
644761,1,34899,1032,1,Adiantado,0.05938792669019786
644784,1,34899,1059,1,Adiantado,0.22069775040513293
644791,1,34899,1251,1,Adiantado,0.1457641777039839
644818,1,34899,1067,1,Adiantado,0.08713579994708083
644847,1,34899,580,1,Adiantado,0.17281676699022502
644871,1,34899,258,1,Adiantado,0.1325240929548427
644936,1,34899,256,1,Adiantado,0.04581340047802045
644974,1,34899,883,1,Adiantado,0.11591723962520217
645003,1,34899,576,2,Equilibrado,0.11719909580111797
645020,1,34899,517,1,Adiantado,0.10595726494299314
645078,1,34899,706,2,Equilibrado,0.16178161593643955
645145,1,34899,142,1,Adiantado,0.07932598037879351
645366,1,34899,599,2,Equilibrado,0.13069733691447286
645405,1,34899,2059,2,Equilibrado,0.06875670560311982
645433,1,34899,242,1,Adiantado,0.1667869028469227
645496,1,34899,355,1,Adiantado,0.09565897424370631
645518,1,34899,875,2,Equilibrado,0.04666024473818102
645586,1,34899,357,1,Adiantado,0.06500775251292432
645705,1,34899,519,2,Equilibrado,0.02517581079364072
645732,1,34899,474,1,Adiantado,0.23491347479784447
645784,1,34899,506,2,Equilibrado,-0.014739584221471348
645790,1,34899,34,0,Tardio,0.17041872592131185
645840,1,34899,1472,1,Adiantado,0.15881477293344037
645880,1,34899,524,2,Equilibrado,0.00886632267639712
645948,1,34899,875,2,Equilibrado,0.14283692171844795
645960,1,34899,395,1,Adiantado,0.19189089848694293
645997,1,34899,798,2,Equilibrado,0.09761837385085533
646015,1,34899,489,2,Equilibrado,0.1003659682932908
646017,1,34899,839,1,Adiantado,0.1099281081959897
646053,1,34899,333,2,Equilibrado,0.24731664027840142
646074,1,34899,1053,1,Adiantado,0.06534584131709045
646085,1,34899,663,1,Adiantado,0.0987655865748002
646091,1,34899,246,2,Equilibrado,0.05290529484013854
646138,1,34899,284,2,Equilibrado,0.11378614034867296
646313,1,34899,399,2,Equilibrado,0.16763597553331216
646357,1,34899,990,1,Adiantado,0.09876310557601164
646402,1,34899,472,2,Equilibrado,0.10688972639414053
646460,1,34899,423,1,Adiantado,0.20413155109877873
646539,1,34899,258,1,Adiantado,0.13157440282304825
646540,1,34899,854,1,Adiantado,0.08600273962756581
646551,1,34899,288,2,Equilibrado,0.012981949031944964
646638,1,34899,85,0,Tardio,0.2012606294711026
646670,1,34899,356,0,Tardio,-0.03233421801935081
646734,1,34899,161,0,Tardio,-0.01681742397350776
646742,1,34899,158,1,Adiantado,0.21044964640176736
646750,1,34899,257,1,Adiantado,0.13655378207372706
646778,1,34899,1030,1,Adiantado,0.11846654274020996
646807,1,34899,427,2,Equilibrado,0.04082948292327828
646990,1,34899,552,2,Equilibrado,0.09212544019806482
647005,1,34899,459,1,Adiantado,0.1040253957885116
647033,1,34899,120,2,Equilibrado,0.017750511408552203
647040,1,34899,497,1,Adiantado,0.10791685884503363
647045,1,34899,913,1,Adiantado,0.11990190481270273
647154,1,34899,650,2,Equilibrado,0.20777084825302378
647169,1,34899,384,2,Equilibrado,0.06341306578090686
647171,1,34899,195,2,Equilibrado,0.15047778683273044
647210,1,34899,532,2,Equilibrado,0.05909648045115478
647320,1,34899,1025,1,Adiantado,0.055436283728015866
647324,1,34899,682,1,Adiantado,0.08575972043274863
647339,1,34899,196,1,Adiantado,0.0928056756476425
647348,1,34899,247,0,Tardio,-0.07961473158576515
647391,1,34899,284,1,Adiantado,0.25712625962582114
647398,1,34899,430,1,Adiantado,0.1300389365358483
647399,1,34899,1594,1,Adiantado,0.12840042971598212
647425,1,34899,1300,1,Adiantado,0.31929770118106277
647485,1,34899,200,1,Adiantado,0.1551659805339744
647496,1,34899,329,1,Adiantado,0.08180709662579363
647525,1,34899,456,2,Equilibrado,0.027767135706940536
647765,1,34899,167,2,Equilibrado,0.10604408887851913
647784,1,34899,402,1,Adiantado,0.0743602688537308
647841,1,34899,585,2,Equilibrado,0.14726193430762105
647898,1,34899,606,1,Adiantado,0.02047439979692142
647910,1,34899,254,0,Tardio,0.12101337468718193
647915,1,34899,330,1,Adiantado,0.086321474889771
647945,1,34899,431,2,Equilibrado,0.14099554479478735
647987,1,34899,1197,1,Adiantado,0.03778986485058394
648027,1,34899,335,1,Adiantado,0.07794610814325585
648037,1,34899,1018,2,Equilibrado,0.0677122558452146
648038,1,34899,605,1,Adiantado,0.15305338431261103
648040,1,34899,1784,1,Adiantado,0.059592750496431986
648086,1,34899,647,1,Adiantado,0.08470174741356087
648105,1,34899,58,0,Tardio,0.008609908522621923
648114,1,34899,611,1,Adiantado,0.1832025072649262
648116,1,34899,433,2,Equilibrado,0.05122147224922956
648140,1,34899,265,1,Adiantado,0.05672130891093067
648190,1,34899,176,1,Adiantado,0.14147552559407067
648244,1,34899,120,1,Adiantado,0.23674506158731198
648254,1,34899,200,2,Equilibrado,0.02060927522308568
648287,1,34899,320,0,Tardio,-0.07447425502346539
648353,1,34899,290,2,Equilibrado,-0.014582425471635024
648365,1,34899,1273,1,Adiantado,0.24992312701344202
648366,1,34899,921,1,Adiantado,0.09357232844617241
648455,1,34899,16,0,Tardio,0.14584111834156452
648457,1,34899,207,2,Equilibrado,0.07895078557079888
648470,1,34899,477,2,Equilibrado,0.06592475915742146
648508,1,34899,93,1,Adiantado,0.06784872040890488
648515,1,34899,112,1,Adiantado,0.2829465108006288
648531,1,34899,482,2,Equilibrado,0.04406925374377057
648536,1,34899,795,2,Equilibrado,0.07841938667872424
648564,1,34899,667,1,Adiantado,0.03620784838595103
648571,1,34899,772,2,Equilibrado,0.012691939037496049
648590,1,34899,408,1,Adiantado,0.06452464601742394
648613,1,34899,778,1,Adiantado,0.042317902581192515
648661,1,34899,297,1,Adiantado,0.1818347053333409
648685,1,34899,456,1,Adiantado,0.10739550804857896
648725,1,34899,399,1,Adiantado,0.07275352222461098
648804,1,34899,589,1,Adiantado,0.17022110082891842
648815,1,34899,951,1,Adiantado,0.1810274550256762
648903,1,34899,41,2,Equilibrado,0.04493703775599585
648927,1,34899,937,1,Adiantado,0.12770000548258284
648972,1,34899,143,2,Equilibrado,0.21939872743951402
648995,1,34899,159,2,Equilibrado,0.19667853518015152
649004,1,34899,730,1,Adiantado,0.08249275536430979
649009,1,34899,57,0,Tardio,0.298886179710471
649020,1,34899,110,2,Equilibrado,0.14410088579720345
649036,1,34899,65,0,Tardio,0.058613994397269685
649079,1,34899,1110,2,Equilibrado,0.04034911796205729
649084,1,34899,607,2,Equilibrado,-0.018287391922288714
649093,1,34899,307,2,Equilibrado,0.16353371240358108
649118,1,34899,200,0,Tardio,0.3628830673117216
649141,1,34899,413,1,Adiantado,0.043664535835201954
649159,1,34899,384,2,Equilibrado,-0.01685293034573779
649165,1,34899,228,1,Adiantado,0.22182250698647446
649207,1,34899,544,1,Adiantado,0.12465794867886111
649212,1,34899,638,2,Equilibrado,-0.0011404996019892494
649230,1,34899,337,2,Equilibrado,0.12850388708374225
649258,1,34899,230,2,Equilibrado,0.0882141728931444
649284,1,34899,362,1,Adiantado,0.18575619302495547
649325,1,34899,380,2,Equilibrado,0.11511063993273482
649336,1,34899,108,0,Tardio,0.41665221770964045
649379,1,34899,862,2,Equilibrado,-0.006909420883883321
649385,1,34899,150,1,Adiantado,0.20640821240674542
649400,1,34899,454,1,Adiantado,0.09727780157100814
649434,1,34899,562,1,Adiantado,0.10832016909803124
649435,1,34899,200,2,Equilibrado,0.06003466290826036
649457,1,34899,755,1,Adiantado,0.09649984134885531
649469,1,34899,1233,2,Equilibrado,0.23895300139087353
649566,1,34899,214,0,Tardio,0.062082187532612285
649580,1,34899,442,1,Adiantado,0.07708197029617554
649619,1,34899,537,2,Equilibrado,0.13007711216950382
649735,1,34899,312,1,Adiantado,0.26754008729466205
649806,1,34899,105,2,Equilibrado,0.22451587154865965
649891,1,34899,188,1,Adiantado,0.08933085004439326
649952,1,34899,1203,1,Adiantado,0.06424626937239974
649954,1,34899,693,2,Equilibrado,0.145530647932585
649979,1,34899,289,2,Equilibrado,0.0789706790842539
650031,1,34899,437,2,Equilibrado,0.21567393691746647
650048,1,34899,61,0,Tardio,-0.04542138870052591
650054,1,34899,355,2,Equilibrado,0.16273749488492603
650085,1,34899,456,1,Adiantado,0.11008702378448013
650108,1,34899,562,1,Adiantado,0.269801032653017
650123,1,34899,279,2,Equilibrado,0.08348640204618082
650148,1,34899,152,1,Adiantado,0.14414724914115767
650160,1,34899,433,1,Adiantado,0.16091968277368185
650170,1,34899,1348,1,Adiantado,0.17251337311979104
650251,1,34899,612,1,Adiantado,0.15640691067905035
650287,1,34899,1186,1,Adiantado,0.13802761361549895
650363,1,34899,115,0,Tardio,0.14095038242253455
650370,1,34899,237,1,Adiantado,0.08419493528258118
650424,1,34899,383,2,Equilibrado,0.12740230347544682
650461,1,34899,331,1,Adiantado,0.16972224436893382
650469,1,34899,440,2,Equilibrado,0.13383874227544149
650473,1,34899,691,1,Adiantado,0.15582558325035947
650543,1,34899,316,0,Tardio,0.10696971434742719
650570,1,34899,464,1,Adiantado,0.04050277149302089
650682,1,34899,374,2,Equilibrado,0.08536023582973931
650716,1,34899,22,2,Equilibrado,0.03825288170638465
650717,1,34899,386,2,Equilibrado,0.18352143830245482
650758,1,34899,112,2,Equilibrado,0.08953327244328534
650861,1,34899,143,0,Tardio,0.008600518882146316
650866,1,34899,989,1,Adiantado,0.12554300326979478
650923,1,34899,38,2,Equilibrado,0.028171234541230033
650960,1,34899,76,2,Equilibrado,0.05684643482231083
651040,1,34899,166,1,Adiantado,0.23002531607807938
651121,1,34899,794,2,Equilibrado,0.1467916181168835
651126,1,34899,500,2,Equilibrado,0.10178151386193932
651182,1,34899,327,1,Adiantado,0.1686238295957027
651200,1,34899,28,0,Tardio,0.3953352683880491
651238,1,34899,935,1,Adiantado,0.1612739549952428
651253,1,34899,227,2,Equilibrado,-0.005344676404081152
651330,1,34899,44,2,Equilibrado,0.06272267101757885
651334,1,34899,174,2,Equilibrado,0.12406459161587309
651354,1,34899,1046,1,Adiantado,0.2030119554499724
651381,1,34899,863,2,Equilibrado,0.09439167501559932
651398,1,34899,303,1,Adiantado,0.25812511429278995
651419,1,34899,742,2,Equilibrado,-0.028699103305829487
651478,1,34899,1121,2,Equilibrado,0.14052267950269912
651498,1,34899,500,2,Equilibrado,0.1757555498842013
651555,1,34899,312,2,Equilibrado,0.1370949811282025
651598,1,34899,319,1,Adiantado,0.24116931047255008
651693,1,34899,181,2,Equilibrado,0.17575165949736937
651881,1,34899,713,2,Equilibrado,0.20914463016593254
651886,1,34899,263,2,Equilibrado,0.17200915322885527
651927,1,34899,185,1,Adiantado,0.13514285420860087
651972,1,34899,125,0,Tardio,0.3852230095584047
651990,1,34899,169,2,Equilibrado,0.12220335159794499
652008,1,34899,434,2,Equilibrado,0.01189257868258263
652064,1,34899,978,2,Equilibrado,-0.020315724487236005
652087,1,34899,142,1,Adiantado,0.11078781920405857
652333,1,34899,203,0,Tardio,-0.020183009947644538
652335,1,34899,1447,2,Equilibrado,0.12716857787198038
652336,1,34899,429,2,Equilibrado,-0.02012358779059287
652438,1,34899,157,2,Equilibrado,0.14592130634550096
652576,1,34899,221,0,Tardio,0.05428713896755752
652593,1,34899,130,0,Tardio,-0.07259420178527937
652625,1,34899,454,2,Equilibrado,0.027358694129417993
652647,1,34899,345,2,Equilibrado,0.00890552821106216
652659,1,34899,498,2,Equilibrado,0.10546904924274086
652664,1,34899,93,2,Equilibrado,0.1316139624091418
652672,1,34899,196,0,Tardio,0.12588152253027882
652684,1,34899,1062,2,Equilibrado,0.11667626480414738
652711,1,34899,962,1,Adiantado,0.14161056588992457
652752,1,34899,228,1,Adiantado,0.09204885922846345
652753,1,34899,771,2,Equilibrado,0.09531672499375701
652769,1,34899,136,1,Adiantado,0.09564236988973539
652788,1,34899,508,2,Equilibrado,0.1911382665746278
652801,1,34899,447,2,Equilibrado,0.12056644796739843
652824,1,34899,20,1,Adiantado,0.14647834955278904
652887,1,34899,282,1,Adiantado,0.11597967701570987
652890,1,34899,495,1,Adiantado,0.09067494463598746
652898,1,34899,776,1,Adiantado,0.0767667988736638
652994,1,34899,55,0,Tardio,0.35974350080013445
652998,1,34899,15,2,Equilibrado,0.15063200376758906
653045,1,34899,710,2,Equilibrado,0.02620405598242657
653115,1,34899,184,0,Tardio,0.06009598320795337
653144,1,34899,176,2,Equilibrado,0.07970779006310906
653183,1,34899,244,1,Adiantado,0.09837938406321894
653297,1,34899,763,1,Adiantado,0.15052334434634307
653301,1,34899,630,1,Adiantado,0.14585726506657354
653356,1,34899,478,0,Tardio,-0.05240476400066339
653372,1,34899,398,1,Adiantado,0.19911388477388312
653381,1,34899,411,2,Equilibrado,0.18374166285090313
653417,1,34899,160,2,Equilibrado,0.07025797561774796
653536,1,34899,314,1,Adiantado,0.08226409407333428
653558,1,34899,362,1,Adiantado,0.047985310854515406
653567,1,34899,428,1,Adiantado,0.05341937262789923
653595,1,34899,343,2,Equilibrado,0.04720487323182133
653653,1,34899,331,1,Adiantado,0.31700957879918745
653659,1,34899,103,2,Equilibrado,0.1458208884584944
653773,1,34899,832,2,Equilibrado,0.1675656240143837
653797,1,34899,242,2,Equilibrado,0.14250404767390762
653841,1,34899,171,2,Equilibrado,0.03390209806659618
653846,1,34899,384,1,Adiantado,0.0826424242798848
653857,1,34899,398,1,Adiantado,0.10102087061865683
653988,1,34899,268,2,Equilibrado,0.07015959787999373
654045,1,34899,264,0,Tardio,0.36810953633396776
654048,1,34899,409,2,Equilibrado,0.23156673979068554
654112,1,34899,518,1,Adiantado,0.15618596953375471
654114,1,34899,414,1,Adiantado,0.02865493921556613
654169,1,34899,385,2,Equilibrado,0.03724735446367099
654217,1,34899,280,1,Adiantado,0.1561216252301463
654228,1,34899,440,2,Equilibrado,0.07915922811230561
654236,1,34899,105,1,Adiantado,0.15617969536880283
654260,1,34899,543,2,Equilibrado,0.030585786749806054
654339,1,34899,357,1,Adiantado,0.1142321206820934
654351,1,34899,138,0,Tardio,0.04627624473344949
654441,1,34899,578,2,Equilibrado,0.1984064190713659
654563,1,34899,915,1,Adiantado,0.09445101475793767
654565,1,34899,139,1,Adiantado,0.057768765334693134
654578,1,34899,258,1,Adiantado,0.12191436159333396
654597,1,34899,781,1,Adiantado,0.17816362023836874
654684,1,34899,69,1,Adiantado,0.26801697539779595
654692,1,34899,277,1,Adiantado,0.09954818514755877
654738,1,34899,152,1,Adiantado,0.2090438510469168
654819,1,34899,1479,2,Equilibrado,0.04303405246036767
654824,1,34899,1309,1,Adiantado,0.20373104841877818
654834,1,34899,871,2,Equilibrado,-0.022421623392202373
654852,1,34899,1123,2,Equilibrado,0.13483625795743576
654867,1,34899,866,1,Adiantado,0.1260225990706283
654947,1,34899,173,0,Tardio,-0.04675723082404582
655028,1,34899,46,0,Tardio,0.416044600162499
655088,1,34899,219,1,Adiantado,0.0131680081945824
655113,1,34899,110,1,Adiantado,0.09720716361959661
655115,1,34899,572,2,Equilibrado,-0.025273338997111056
655124,1,34899,279,1,Adiantado,0.014479795249015543
655127,1,34899,460,2,Equilibrado,0.08307222750714659
655353,1,34899,1472,2,Equilibrado,-0.04314367591877855
655386,1,34899,658,1,Adiantado,0.1625175147682828
655412,1,34899,599,2,Equilibrado,0.13152714922859418
655416,1,34899,58,1,Adiantado,0.20042493201659883
655445,1,34899,316,2,Equilibrado,0.020660603487503523
655569,1,34899,421,1,Adiantado,0.14997022307753655
655629,1,34899,195,0,Tardio,-0.0810888974833903
655796,1,34899,621,2,Equilibrado,0.025434221729718227
655852,1,34899,183,2,Equilibrado,0.22158706214512885
655927,1,34899,138,1,Adiantado,0.06232820182943179
655981,1,34899,750,2,Equilibrado,-0.02479729908509945
656029,1,34899,386,1,Adiantado,0.22980518458728658
656065,1,34899,365,2,Equilibrado,0.036069524695163224
656086,1,34899,506,2,Equilibrado,0.024948920127207178
656092,1,34899,582,1,Adiantado,0.06384132913288276
656107,1,34899,23,0,Tardio,0.09048559434101543
656131,1,34899,573,1,Adiantado,0.20222652261666776
656145,1,34899,167,1,Adiantado,0.13672004384121855
656158,1,34899,565,2,Equilibrado,0.18441931757978453
656159,1,34899,673,1,Adiantado,0.23782356095947188
656165,1,34899,458,2,Equilibrado,0.14518911538116305
656234,1,34899,419,1,Adiantado,0.05449549098596374
656323,1,34899,376,1,Adiantado,0.14488525141883085
656353,1,34899,1725,1,Adiantado,0.21544410435401642
656360,1,34899,685,2,Equilibrado,0.06096588947945568
656414,1,34899,360,1,Adiantado,0.07992847521028293
656436,1,34899,172,1,Adiantado,0.2432338534296775
656510,1,34899,186,0,Tardio,0.07001770067164728
656529,1,34899,808,1,Adiantado,0.24406234318612785
656579,1,34899,1232,1,Adiantado,0.1469155702218182
656607,1,34899,341,2,Equilibrado,0.08867586680734993
656651,1,34899,299,2,Equilibrado,0.10661930435395722
656693,1,34899,162,2,Equilibrado,0.07532267859515653
656734,1,34899,686,1,Adiantado,0.17552911742201066
656791,1,34899,1035,2,Equilibrado,0.1132255715328747
656800,1,34899,227,1,Adiantado,0.1469009671804846
656882,1,34899,1107,2,Equilibrado,0.03703877604332723
656988,1,34899,788,2,Equilibrado,0.07525402866775156
656996,1,34899,387,1,Adiantado,0.13010540829901038
657048,1,34899,194,2,Equilibrado,0.0617739467106746
657181,1,34899,29,0,Tardio,0.21475775268624
657220,1,34899,1046,1,Adiantado,0.21732119813431652
657330,1,34899,936,1,Adiantado,0.21218561027434543
657344,1,34899,788,2,Equilibrado,0.07637536849617282
674222,1,34899,657,1,Adiantado,0.09538829127289931
674226,1,34899,311,2,Equilibrado,0.08667382109262516
674236,1,34899,121,1,Adiantado,0.02361516575386748
674260,1,34899,752,1,Adiantado,0.18867757492370993
674262,1,34899,862,1,Adiantado,0.16982905630976453
674320,1,34899,347,1,Adiantado,0.15301986861893085
674387,1,34899,722,2,Equilibrado,-0.02152085806912647
674406,1,34899,307,1,Adiantado,0.10136397730842897
674451,1,34899,345,1,Adiantado,0.12401595294845513
674478,1,34899,270,2,Equilibrado,0.13513436601202777
674484,1,34899,631,2,Equilibrado,0.11900908843191146
674497,1,34899,471,1,Adiantado,0.28781114630608856
674509,1,34899,741,1,Adiantado,0.2770559804665957
674584,1,34899,118,2,Equilibrado,0.1499677121908904
674594,1,34899,645,1,Adiantado,0.08943500613460946
674644,1,34899,531,2,Equilibrado,0.08199937694459396
674657,1,34899,444,1,Adiantado,0.15467860355219648
674671,1,34899,423,2,Equilibrado,0.16957289779432827
674691,1,34899,987,2,Equilibrado,-0.0007376662160115631
674694,1,34899,754,1,Adiantado,0.10993439459521434
674699,1,34899,416,2,Equilibrado,0.05400005732410362
674751,1,34899,580,2,Equilibrado,0.10673720905374812
674831,1,34899,544,2,Equilibrado,0.039120027463057545
674870,1,34899,1222,2,Equilibrado,0.05469730303927365
674921,1,34899,399,0,Tardio,0.09103852022615135
675021,1,34899,488,0,Tardio,0.34231202982438697
675054,1,34899,361,1,Adiantado,0.06260128006127162
675193,1,34899,234,2,Equilibrado,0.061158415705229154
675225,1,34899,234,1,Adiantado,0.1691328167912648
675233,1,34899,484,1,Adiantado,0.12460691196962272
675261,1,34899,258,1,Adiantado,0.2500077618738888
675273,1,34899,207,2,Equilibrado,0.03093719899785142
675279,1,34899,1736,2,Equilibrado,-0.03279594313595963
675315,1,34899,240,2,Equilibrado,-0.008981363407418244
675328,1,34899,471,1,Adiantado,0.19170781731726522
675337,1,34899,178,0,Tardio,0.4136898492791539
675474,1,34899,175,1,Adiantado,0.23636300084769563
675486,1,34899,226,1,Adiantado,0.09871237151995575
675514,1,34899,115,1,Adiantado,0.14662366216777423
675566,1,34899,176,2,Equilibrado,0.1595366281976152
675577,1,34899,548,1,Adiantado,0.18159946724893952
675636,1,34899,553,1,Adiantado,0.2171344240124259
675710,1,34899,415,1,Adiantado,0.2670094881492208
675843,1,34899,453,1,Adiantado,0.24585228979858412
675947,1,34899,284,1,Adiantado,0.3015781049649178
675989,1,34899,593,1,Adiantado,0.18295237820115623
676007,1,34899,289,1,Adiantado,0.16537996059686308
676040,1,34899,448,2,Equilibrado,0.14809872975059657
676064,1,34899,436,1,Adiantado,0.10405151806281562
676103,1,34899,295,1,Adiantado,0.1205843994443859
676139,1,34899,310,1,Adiantado,0.185320591497496
676190,1,34899,606,2,Equilibrado,0.12325003758133266
676265,1,34899,360,1,Adiantado,0.06589958578722205
676272,1,34899,166,1,Adiantado,0.13978952642374523
676303,1,34899,181,0,Tardio,0.056577739563460454
676378,1,34899,573,1,Adiantado,0.03685731924809503
676444,1,34899,1029,1,Adiantado,0.18589390743425122
676458,1,34899,345,1,Adiantado,0.06792211871403062
676459,1,34899,992,1,Adiantado,0.09354711291402446
676478,1,34899,582,1,Adiantado,0.09783966059296158
676492,1,34899,1001,1,Adiantado,0.2283016683313091
676600,1,34899,514,2,Equilibrado,-0.003663907839099115
676610,1,34899,1024,1,Adiantado,0.042093119681506405
676626,1,34899,697,2,Equilibrado,0.09715039662073634
676627,1,34899,50,1,Adiantado,0.006485420783442006
676866,1,34899,423,2,Equilibrado,0.0848353550786813
676882,1,34899,753,1,Adiantado,0.14714662632338651
677081,1,34899,307,2,Equilibrado,0.14035782159663118
677085,1,34899,122,2,Equilibrado,0.13006546825406426
677111,1,34899,793,2,Equilibrado,0.11605469567199063
677138,1,34899,1043,1,Adiantado,0.22297766878273928
677155,1,34899,541,1,Adiantado,0.14209104661064573
677167,1,34899,1279,1,Adiantado,0.2268528218820098
677206,1,34899,153,1,Adiantado,0.17047186262440372
677221,1,34899,724,1,Adiantado,0.0574479873834243
677235,1,34899,266,1,Adiantado,0.09966787738537176
677327,1,34899,532,2,Equilibrado,-0.014413739040456385
677382,1,34899,233,2,Equilibrado,0.10151464192796326
677400,1,34899,991,2,Equilibrado,0.13981069231426282
677436,1,34899,627,1,Adiantado,0.20217532846637806
677456,1,34899,893,2,Equilibrado,-0.014648348772826869
677486,1,34899,166,1,Adiantado,0.09384384958786228
677546,1,34899,459,1,Adiantado,0.21100647516111817
677582,1,34899,270,2,Equilibrado,0.26736690767403787
677608,1,34899,1623,1,Adiantado,0.23693177988212208
677655,1,34899,925,1,Adiantado,0.12273597348083673
677687,1,34899,153,2,Equilibrado,0.02525234822224505
677701,1,34899,528,2,Equilibrado,0.2178092342193687
677748,1,34899,277,1,Adiantado,0.12244433986195451
677767,1,34899,302,1,Adiantado,0.05992416492418155
677833,1,34899,870,1,Adiantado,0.10645706644864951
677867,1,34899,334,2,Equilibrado,0.12352826357949667
677869,1,34899,122,2,Equilibrado,0.11451085601522913
678088,1,34899,1387,1,Adiantado,0.10965123581332767
678203,1,34899,67,0,Tardio,0.24278038645921243
678235,1,34899,734,2,Equilibrado,0.07173783955724092
678270,1,34899,117,1,Adiantado,0.17045992303042065
678381,1,34899,232,2,Equilibrado,0.17766970857034992
678407,1,34899,588,1,Adiantado,0.10948986416497837
678452,1,34899,83,2,Equilibrado,0.03968152670233861
678528,1,34899,510,2,Equilibrado,0.0012212813516244354
678619,1,34899,162,2,Equilibrado,0.08822136133438488
678628,1,34899,395,1,Adiantado,0.09206649426948736
678639,1,34899,497,2,Equilibrado,0.048236017884752624
678659,1,34899,345,0,Tardio,0.20333654172413232
678819,1,34899,624,2,Equilibrado,0.12188885730090662
678831,1,34899,162,1,Adiantado,0.23388796626385155
678859,1,34899,775,1,Adiantado,0.09913417606856277
678877,1,34899,319,1,Adiantado,0.09494450442922958
678946,1,34899,1046,1,Adiantado,0.09706287221604189
678954,1,34899,840,1,Adiantado,0.13037706152095827
679019,1,34899,779,1,Adiantado,0.17651624371448282
679036,1,34899,1752,1,Adiantado,0.07662410774644215
679111,1,34899,498,1,Adiantado,0.03554286339401403
679189,1,34899,1171,1,Adiantado,0.04339734354193277
679227,1,34899,903,1,Adiantado,0.21543626473270824
679237,1,34899,494,0,Tardio,0.23712259840810476
679251,1,34899,278,2,Equilibrado,0.03683795367624952
679262,1,34899,282,1,Adiantado,0.08068001685767553
679269,1,34899,342,2,Equilibrado,0.13186653590800407
679278,1,34899,563,2,Equilibrado,0.0031118676782021064
679342,1,34899,563,2,Equilibrado,-0.020473550522832774
679384,1,34899,705,2,Equilibrado,-0.0050272097777731084
679386,1,34899,296,2,Equilibrado,0.1577979934355531
679402,1,34899,381,2,Equilibrado,-0.01595340094736955
679445,1,34899,367,2,Equilibrado,0.17484046494303165
679448,1,34899,938,2,Equilibrado,0.05224455326938722
679498,1,34899,307,1,Adiantado,0.09411176814641706
679502,1,34899,286,1,Adiantado,0.13197583819918665
679509,1,34899,833,1,Adiantado,0.18064553203020245
679594,1,34899,902,1,Adiantado,0.2105049670757723
679676,1,34899,842,2,Equilibrado,0.14596732503115226
679749,1,34899,82,2,Equilibrado,0.0586176662676615
679788,1,34899,319,1,Adiantado,0.18686001861302323
679790,1,34899,70,1,Adiantado,0.037206716009519115
679939,1,34899,340,2,Equilibrado,0.08862867070852716
680014,1,34899,341,1,Adiantado,0.09906134008383469
680018,1,34899,424,2,Equilibrado,0.08038323110917432
680027,1,34899,1172,2,Equilibrado,-0.03210720182903766
680080,1,34899,887,1,Adiantado,0.2515417929814629
680145,1,34899,162,0,Tardio,0.2772970710759836
680212,1,34899,74,1,Adiantado,0.04745789469228383
680222,1,34899,88,2,Equilibrado,0.19594419348294487
680231,1,34899,204,1,Adiantado,0.14262061554490874
680255,1,34899,42,0,Tardio,-0.03842339066913102
680266,1,34899,727,1,Adiantado,0.17939293939485998
680270,1,34899,183,0,Tardio,0.378167044122603
680273,1,34899,1202,2,Equilibrado,-0.02947419698237858
680322,1,34899,620,1,Adiantado,0.07512484690459537
680343,1,34899,371,2,Equilibrado,0.2544092037929044
680348,1,34899,658,1,Adiantado,0.07951386179218957
680410,1,34899,224,1,Adiantado,0.18525456026527168
680443,1,34899,671,2,Equilibrado,-0.03629154188132211
680464,1,34899,516,1,Adiantado,0.028118640761137667
680506,1,34899,214,0,Tardio,0.24638439271314924
680517,1,34899,125,0,Tardio,0.12067103856161993
680572,1,34899,3178,2,Equilibrado,0.15193406153574607
680708,1,34899,239,1,Adiantado,0.19178295541635307
680713,1,34899,663,1,Adiantado,0.12248910953093392
680747,1,34899,639,1,Adiantado,0.13563444493255977
680775,1,34899,608,1,Adiantado,0.121000691852277
680810,1,34899,808,2,Equilibrado,0.1707122943452651
680855,1,34899,138,1,Adiantado,0.04670273258319478
680872,1,34899,391,1,Adiantado,0.14539182665459174
680912,1,34899,478,1,Adiantado,0.209240784617421
680955,1,34899,538,2,Equilibrado,0.13934003105288054
680974,1,34899,134,1,Adiantado,0.0766881668124381
681004,1,34899,599,1,Adiantado,0.1546326472076576
681073,1,34899,418,2,Equilibrado,0.06954683419649776
681152,1,34899,1143,2,Equilibrado,-0.03303882208875208
681235,1,34899,303,1,Adiantado,0.1005269155492465
681277,1,34899,173,0,Tardio,0.11645081535915552
681328,1,34899,663,1,Adiantado,0.06702856240041385
681335,1,34899,447,0,Tardio,-0.05790513362201793
681341,1,34899,368,1,Adiantado,0.11432350857942034
681352,1,34899,283,2,Equilibrado,0.11552032242893176
681354,1,34899,211,2,Equilibrado,0.12546189866702462
681452,1,34899,72,2,Equilibrado,0.07515170971637804
681490,1,34899,790,2,Equilibrado,0.006561500428592284
681608,1,34899,364,0,Tardio,0.216283960502836
681633,1,34899,650,1,Adiantado,0.1168844738364486
681652,1,34899,615,2,Equilibrado,0.0030983134468578278
681655,1,34899,1124,1,Adiantado,0.18619665068069938
681658,1,34899,154,1,Adiantado,0.1671976408619386
681691,1,34899,57,2,Equilibrado,0.09689125591500632
681735,1,34899,109,1,Adiantado,0.039702391239174135
681755,1,34899,967,1,Adiantado,0.2240358451944503
681763,1,34899,1798,1,Adiantado,0.10059869544556241
681938,1,34899,570,1,Adiantado,0.07041568131145597
681973,1,34899,429,2,Equilibrado,0.02898958639587505
682015,1,34899,273,1,Adiantado,0.0521455216232978
682025,1,34899,131,2,Equilibrado,0.05441654342537505
682070,1,34899,519,1,Adiantado,0.1166096284152718
682276,1,34899,327,2,Equilibrado,0.22421397661788633
682298,1,34899,612,2,Equilibrado,0.09405362725127125
682390,1,34899,189,1,Adiantado,0.29256376375887666
682391,1,34899,431,2,Equilibrado,0.14888878484945628
682436,1,34899,272,2,Equilibrado,0.2647698377477582
682437,1,34899,1046,2,Equilibrado,0.06152684411576088
682504,1,34899,231,1,Adiantado,0.17540422700336247
682511,1,34899,254,0,Tardio,0.13695084998582854
682539,1,34899,468,2,Equilibrado,0.1347847997418025
682546,1,34899,192,0,Tardio,0.1389525976117556
682569,1,34899,805,1,Adiantado,0.07361887797222534
682578,1,34899,532,2,Equilibrado,0.004452435790110849
682588,1,34899,1166,1,Adiantado,0.14615596925169447
682613,1,34899,424,0,Tardio,0.05208521613307044
682632,1,34899,1373,2,Equilibrado,0.10760506441018775
682671,1,34899,327,2,Equilibrado,0.18668182858759022
682695,1,34899,309,2,Equilibrado,0.06396611728904245
682753,1,34899,431,1,Adiantado,0.254209955068004
682839,1,34899,927,2,Equilibrado,0.05076490401843407
682863,1,34899,120,2,Equilibrado,0.07153635826657606
682894,1,34899,448,2,Equilibrado,0.014514663482729735
682946,1,34899,158,0,Tardio,0.4148135853105533
682963,1,34899,301,1,Adiantado,0.18086382087432998
682981,1,34899,603,2,Equilibrado,0.054656953427670595
682982,1,34899,214,0,Tardio,0.37982673988838356
682983,1,34899,455,2,Equilibrado,0.06243830006789757
682985,1,34899,189,2,Equilibrado,0.09884694165314639
682990,1,34899,465,2,Equilibrado,0.09132682685707609
683033,1,34899,908,2,Equilibrado,-0.014810652306535336
683094,1,34899,136,1,Adiantado,0.15799862336778625
683177,1,34899,390,2,Equilibrado,0.04714857131323357
683178,1,34899,581,2,Equilibrado,-0.0013423711228016865
683243,1,34899,79,2,Equilibrado,-0.01390714076648641
683305,1,34899,284,1,Adiantado,0.12217793853938803
683323,1,34899,609,2,Equilibrado,0.1857305711500704
683346,1,34899,735,2,Equilibrado,0.05679773807527784
683347,1,34899,91,1,Adiantado,0.1373464331075806
683352,1,34899,265,1,Adiantado,0.08946322884510689
683353,1,34899,522,1,Adiantado,0.047188237727524375
683375,1,34899,753,2,Equilibrado,0.10883130925398146
683403,1,34899,661,1,Adiantado,0.06394461013268195
683446,1,34899,273,2,Equilibrado,0.11652316395792726
683467,1,34899,120,0,Tardio,0.17291883333165906
683508,1,34899,216,1,Adiantado,0.10934662914808728
683530,1,34899,1318,2,Equilibrado,0.2282336892223404
683550,1,34899,188,0,Tardio,-0.07470436103513434
683555,1,34899,124,1,Adiantado,0.16583343065413136
683576,1,34899,401,1,Adiantado,0.07745287536276434
683604,1,34899,481,2,Equilibrado,0.05886303194397383
683624,1,34899,1208,2,Equilibrado,-0.028318076958143493
683699,1,34899,316,2,Equilibrado,0.057828128390824546
683745,1,34899,761,0,Tardio,-0.09761056932272356
683764,1,34899,116,1,Adiantado,0.2703805395583667
683772,1,34899,419,2,Equilibrado,0.25539901613993155
683820,1,34899,1548,1,Adiantado,0.16777511349245267
683832,1,34899,329,2,Equilibrado,0.03493712387386414
683902,1,34899,318,2,Equilibrado,0.11289488994443783
683934,1,34899,523,2,Equilibrado,0.024639196456170586
684013,1,34899,1028,0,Tardio,0.14553417775982844
684040,1,34899,430,1,Adiantado,0.030717640788440692
684183,1,34899,346,1,Adiantado,0.22461453411341345
684311,1,34899,438,1,Adiantado,0.07211366098438986
684383,1,34899,503,2,Equilibrado,0.11251929230240391
684386,1,34899,520,2,Equilibrado,0.09221888737478591
684526,1,34899,521,2,Equilibrado,0.26946334507525804
684592,1,34899,327,2,Equilibrado,0.09195455642106067
684594,1,34899,214,2,Equilibrado,-0.012315835105113469
684671,1,34899,319,0,Tardio,0.0226141871920403
684675,1,34899,352,2,Equilibrado,0.020173471514858172
684882,1,34899,1471,1,Adiantado,0.07299528436624102
684981,1,34899,1136,1,Adiantado,0.2100657329818791
685004,1,34899,414,1,Adiantado,0.12924103691938624
685100,1,34899,417,1,Adiantado,0.09265999641899413
685105,1,34899,9,0,Tardio,0.3588422373208207
685128,1,34899,323,1,Adiantado,0.2376311701652585
685140,1,34899,21,2,Equilibrado,0.043227932682929744
685155,1,34899,646,2,Equilibrado,0.054056254689786726
685192,1,34899,295,2,Equilibrado,-0.006800323485245403
685212,1,34899,485,1,Adiantado,0.12726302969622763
685276,1,34899,894,2,Equilibrado,-0.004462215371503408
685283,1,34899,279,2,Equilibrado,0.2373527946125966
685330,1,34899,1101,1,Adiantado,0.23157446541714186
685339,1,34899,509,0,Tardio,0.06608994805286061
685373,1,34899,365,1,Adiantado,0.13980284244307228
685378,1,34899,62,0,Tardio,-0.07684059806213779
685410,1,34899,589,1,Adiantado,0.15363158943427274
685619,1,34899,94,2,Equilibrado,0.17335025319289915
685657,1,34899,163,2,Equilibrado,0.05708602253523439
685705,1,34899,576,1,Adiantado,0.05219785235541875
685708,1,34899,113,1,Adiantado,0.06948102413974963
685772,1,34899,656,1,Adiantado,0.1694039962000934
685831,1,34899,574,1,Adiantado,0.16334457973941807
685860,1,34899,591,1,Adiantado,0.14488058176930635
685928,1,34899,49,2,Equilibrado,0.10930729136512737
685998,1,34899,424,1,Adiantado,0.13147533028836575
686065,1,34899,552,1,Adiantado,0.10381274278622811
686164,1,34899,68,1,Adiantado,0.18592005780146084
686314,1,34899,215,1,Adiantado,0.2639189902329656
686317,1,34899,275,1,Adiantado,0.08394441432554099
686344,1,34899,999,1,Adiantado,0.14531701637151573
686348,1,34899,1557,1,Adiantado,0.1683754254376936
686448,1,34899,157,0,Tardio,0.008195533028313213
686498,1,34899,452,1,Adiantado,0.06906714923299816
686522,1,34899,565,1,Adiantado,0.07450322879673556
686558,1,34899,103,2,Equilibrado,0.07274056803737626
686700,1,34899,229,2,Equilibrado,-0.005422391485461887
686705,1,34899,318,1,Adiantado,0.10439870558213026
686786,1,34899,409,1,Adiantado,0.15194365970859103
686946,1,34899,160,1,Adiantado,0.21196501341116222
687007,1,34899,343,0,Tardio,0.06435582570132854
687033,1,34899,81,0,Tardio,0.40879358801969795
687073,1,34899,565,2,Equilibrado,-0.006863048402889158
687112,1,34899,405,1,Adiantado,0.2521282651562033
687115,1,34899,75,2,Equilibrado,0.029096018499270536
687288,1,34899,231,2,Equilibrado,0.09999221812343785
687331,1,34899,485,2,Equilibrado,0.1934556284004998
687341,1,34899,358,1,Adiantado,0.020788303541316337
687345,1,34899,189,2,Equilibrado,0.21915333580506585
687351,1,34899,613,2,Equilibrado,0.06891644424052788
687410,1,34899,191,2,Equilibrado,-0.015122776159270154
687434,1,34899,2276,1,Adiantado,0.17067147719777082
687468,1,34899,471,1,Adiantado,0.0912166894842074
687485,1,34899,359,1,Adiantado,0.12326374499877714
687503,1,34899,824,1,Adiantado,0.2895158871120792
687510,1,34899,484,1,Adiantado,0.11751902540028696
687511,1,34899,184,2,Equilibrado,0.10451153829765218
687525,1,34899,208,1,Adiantado,0.23377556455843426
687686,1,34899,299,2,Equilibrado,0.18239970748903656
687752,1,34899,177,1,Adiantado,0.1589076372891119
687846,1,34899,343,1,Adiantado,0.03959565178780514
687910,1,34899,537,2,Equilibrado,0.07272945884158208
687930,1,34899,1069,2,Equilibrado,-0.004738017233310801
687931,1,34899,679,1,Adiantado,0.09264138607722822
687988,1,34899,318,1,Adiantado,0.14608885238241223
688008,1,34899,487,2,Equilibrado,0.14888996490519693
688071,1,34899,75,0,Tardio,0.04479755497859639
688127,1,34899,327,1,Adiantado,0.1747131164958497
688136,1,34899,2012,1,Adiantado,0.2245169099191202
688159,1,34899,456,1,Adiantado,0.12454149608303577
688192,1,34899,430,2,Equilibrado,0.1235877180618989
688225,1,34899,377,2,Equilibrado,0.06507669577177584
688250,1,34899,73,1,Adiantado,0.16458189475868906
688265,1,34899,78,2,Equilibrado,0.1444626105976556
688337,1,34899,470,1,Adiantado,0.07136200311935277
688453,1,34899,181,2,Equilibrado,0.1239792490433682
688470,1,34899,196,1,Adiantado,0.15493861318459196
688543,1,34899,386,2,Equilibrado,0.14812234892596937
688664,1,34899,326,2,Equilibrado,0.007500111629997922
688667,1,34899,1600,1,Adiantado,0.1425305187502664
688685,1,34899,716,2,Equilibrado,0.06861239476652034
688727,1,34899,806,2,Equilibrado,0.017391767052537165
688881,1,34899,352,1,Adiantado,0.14326865265162564
688891,1,34899,370,2,Equilibrado,0.1607563420435602
688895,1,34899,411,1,Adiantado,0.04944580001844728
688904,1,34899,1044,1,Adiantado,0.13621821758311503
688976,1,34899,431,1,Adiantado,0.12667190631057812
689005,1,34899,283,1,Adiantado,0.16914070259474698
689052,1,34899,416,1,Adiantado,0.029389050504565983
689056,1,34899,578,1,Adiantado,0.20889040817947888
689225,1,34899,436,1,Adiantado,0.07445504823539631
689260,1,34899,402,2,Equilibrado,0.028328441880949642
689280,1,34899,752,1,Adiantado,0.21328109461147113
689347,1,34899,592,2,Equilibrado,0.0449013686368745
689444,1,34899,678,2,Equilibrado,0.04080884971365797
689498,1,34899,146,0,Tardio,0.08840261918600609
689626,1,34899,109,0,Tardio,0.09050319800761804
689796,1,34899,885,2,Equilibrado,0.11134033591671516
689827,1,34899,106,2,Equilibrado,0.14172244435852469
689832,1,34899,294,2,Equilibrado,0.011492786818533853
689855,1,34899,387,2,Equilibrado,0.07476125800365055
689924,1,34899,169,1,Adiantado,0.30768597479778786
690075,1,34899,110,1,Adiantado,0.2666809131294607
690198,1,34899,508,2,Equilibrado,-0.007780022010738256
690296,1,34899,386,1,Adiantado,0.2543362744021749
690382,1,34899,42,0,Tardio,-0.061759530961461466
690585,1,34899,117,0,Tardio,0.14079101783820328
690628,1,34899,468,1,Adiantado,0.05190084306448018
690635,1,34899,66,1,Adiantado,0.057914118783264176
690746,1,34899,999,2,Equilibrado,0.12800287619257505
690832,1,34899,336,2,Equilibrado,0.09048129177992774
690872,1,34899,138,2,Equilibrado,0.047180869720314565
690962,1,34899,209,2,Equilibrado,0.10311198416857284
691269,1,34899,416,0,Tardio,-0.049064467644665
691280,1,34899,338,1,Adiantado,0.18985905564272287
691326,1,34899,994,2,Equilibrado,-0.036022215165528705
691375,1,34899,517,2,Equilibrado,0.0241510953693962
691465,1,34899,111,2,Equilibrado,0.1696947497310702
691699,1,34899,349,1,Adiantado,0.1345200472030829
691722,1,34899,807,2,Equilibrado,-0.04249444218149323
691805,1,34899,71,2,Equilibrado,0.020848535805088022
691873,1,34899,224,2,Equilibrado,0.14768098789852713
691932,1,34899,991,2,Equilibrado,0.08136040455353627
692010,1,34899,1060,1,Adiantado,0.20199786902511815
692097,1,34899,694,2,Equilibrado,-0.012921108770785677
692220,1,34899,449,1,Adiantado,0.033932435162068626
692297,1,34899,43,0,Tardio,0.19151011133356144
692301,1,34899,195,2,Equilibrado,0.19267442964070797
692334,1,34899,388,0,Tardio,-0.05426678545716059
692454,1,34899,694,1,Adiantado,0.10261716981149567
692612,1,34899,534,2,Equilibrado,0.14488235694915583
692632,1,34899,315,2,Equilibrado,0.21887068049364417
692893,1,34899,224,2,Equilibrado,0.07536596436646761
692946,1,34899,118,2,Equilibrado,0.07700084301129498
692962,1,34899,711,2,Equilibrado,0.20079246456738564
692968,1,34899,146,0,Tardio,0.0731593743553756
693160,1,34899,548,2,Equilibrado,0.06242751838591511
693162,1,34899,1091,1,Adiantado,0.1279553194138672
693197,1,34899,224,1,Adiantado,0.14460336750363947
693236,1,34899,435,2,Equilibrado,0.19429157033719657
693345,1,34899,354,1,Adiantado,0.12766220565349404
693373,1,34899,420,1,Adiantado,0.044230649821851334
693497,1,34899,819,1,Adiantado,0.08821998605092767
693519,1,34899,296,1,Adiantado,0.11476033420599452
693573,1,34899,677,1,Adiantado,0.108939838738447
693628,1,34899,523,1,Adiantado,0.197234604057245
693764,1,34899,60,2,Equilibrado,0.221594006098001
693806,1,34899,627,1,Adiantado,0.24179944257651692
693812,1,34899,31,0,Tardio,0.3400586593415148
693873,1,34899,417,1,Adiantado,0.17447582330742448
693903,1,34899,243,1,Adiantado,0.11674617541348382
693906,1,34899,246,2,Equilibrado,0.1481768170517661
693907,1,34899,449,2,Equilibrado,0.09544874755402184
694128,1,34899,257,2,Equilibrado,0.13437415704293196
694144,1,34899,637,1,Adiantado,0.22167698139651618
694221,1,34899,176,1,Adiantado,0.3140228307507827
694284,1,34899,96,0,Tardio,0.18810202448082755
694376,1,34899,396,2,Equilibrado,0.20268610053245453
694428,1,34899,372,0,Tardio,0.2279057834083162
694456,1,34899,606,2,Equilibrado,0.10699876762851228
694622,1,34899,419,1,Adiantado,0.2962232081929701
694716,1,34899,327,0,Tardio,-0.09641366422331307
694827,1,34899,421,1,Adiantado,0.24185582529873523
694836,1,34899,479,2,Equilibrado,0.049972492922304754
694848,1,34899,721,2,Equilibrado,0.10955618187805945
695090,1,34899,116,2,Equilibrado,0.1009191091262602
695169,1,34899,356,1,Adiantado,0.1720678710518784
695220,1,34899,302,2,Equilibrado,0.0009767839302935206
695250,1,34899,644,2,Equilibrado,0.08083469426370148
695251,1,34899,535,2,Equilibrado,-0.03549090753713256
695369,1,34899,176,1,Adiantado,0.1664844770903885
695471,1,34899,279,1,Adiantado,0.05530530604680341
695485,1,34899,315,1,Adiantado,0.00817715319172655
695550,1,34899,192,0,Tardio,0.12117307739690578
695637,1,34899,464,1,Adiantado,0.11127859371457113
695676,1,34899,320,2,Equilibrado,0.11127858705364055
695700,1,34899,277,2,Equilibrado,0.011210914297688552
695729,1,34899,765,1,Adiantado,0.07121058268254807
695748,1,34899,402,1,Adiantado,0.16615591873495247
695803,1,34899,860,2,Equilibrado,0.07259341481141054
695825,1,34899,729,2,Equilibrado,-0.026020152918255504
695869,1,34899,478,2,Equilibrado,0.17104832553531452
695879,1,34899,192,2,Equilibrado,0.01572164076023906
695926,1,34899,440,1,Adiantado,0.16480809717556244
695964,1,34899,109,0,Tardio,-0.015324056097412773
696039,1,34899,277,2,Equilibrado,0.05128421027392494
696043,1,34899,126,2,Equilibrado,0.21817576427674742
696071,1,34899,398,1,Adiantado,0.07302110025655542
696082,1,34899,243,2,Equilibrado,0.0995876474205893
696188,1,34899,204,0,Tardio,0.006775451191267824
696275,1,34899,503,2,Equilibrado,0.08635555875146197
696318,1,34899,250,1,Adiantado,0.20631332426362625
696329,1,34899,959,2,Equilibrado,0.006199345412831566
696347,1,34899,532,1,Adiantado,0.11023192426250068
696364,1,34899,440,2,Equilibrado,0.0282607383311543
696410,1,34899,296,1,Adiantado,0.20532239501737892
696456,1,34899,125,2,Equilibrado,0.04372257764629133
696583,1,34899,283,0,Tardio,0.053445039095717066
696615,1,34899,282,2,Equilibrado,0.0835081459698625
696653,1,34899,362,1,Adiantado,0.09964656701162172
696659,1,34899,117,2,Equilibrado,0.189899531197744
696662,1,34899,991,2,Equilibrado,0.0801878270811838
696666,1,34899,103,2,Equilibrado,0.1950280084749133
696671,1,34899,257,1,Adiantado,0.19170782338275114
696672,1,34899,89,2,Equilibrado,0.15853360161796182
696674,1,34899,187,1,Adiantado,0.013223305557715906
696678,1,34899,246,2,Equilibrado,0.10838776767554513
696729,1,34899,811,2,Equilibrado,-0.0012978340078420836
697027,1,34899,1104,2,Equilibrado,-0.016367675748222423
697042,1,34899,769,1,Adiantado,0.13069018005957087
697114,1,34899,119,0,Tardio,0.18997923431443073
697160,1,34899,82,1,Adiantado,0.09267590922645337
697192,1,34899,188,1,Adiantado,0.15715123507495682
697255,1,34899,610,1,Adiantado,0.08463811032687768
697299,1,34899,158,1,Adiantado,0.22672067737298787
697438,1,34899,632,2,Equilibrado,-0.00887044579111422
697478,1,34899,486,1,Adiantado,0.22410823164386254
697665,1,34899,89,2,Equilibrado,0.11162050477380084
697878,1,34899,436,2,Equilibrado,0.08907492753513256
697998,1,34899,294,1,Adiantado,0.12776802020833752
698015,1,34899,87,2,Equilibrado,0.14962356756994927
698020,1,34899,570,1,Adiantado,0.1538171324275886
698112,1,34899,125,1,Adiantado,0.12312465493846717
698193,1,34899,140,1,Adiantado,0.14388533928674685
698278,1,34899,486,1,Adiantado,0.11477075090136295
698384,1,34899,725,1,Adiantado,0.12465615685686515
698407,1,34899,74,0,Tardio,-0.0631182869711556
698485,1,34899,259,2,Equilibrado,0.20043082467741405
698656,1,34899,290,1,Adiantado,0.15833440029683013
698762,1,34899,294,1,Adiantado,0.2093793823172405
699126,1,34899,89,0,Tardio,0.17723637915331875
699127,1,34899,183,0,Tardio,0.056645741843949354
699128,1,34899,559,1,Adiantado,0.27774297946492615
836614,1,34899,357,1,Adiantado,0.24074077758327547
884652,1,34899,415,2,Equilibrado,0.1497470794468559
895524,1,34899,1746,2,Equilibrado,0.03301288355957647
1021350,1,34899,284,1,Adiantado,0.02321587166995497
1042726,1,34899,636,1,Adiantado,0.10988887922709843
1318759,1,34899,624,2,Equilibrado,0.15624668436909706
1348205,1,34899,1806,1,Adiantado,0.13603579866479565
1391717,1,34899,224,1,Adiantado,0.25778845064797834
1409532,1,34899,531,1,Adiantado,0.11742367943666608
1413902,1,34899,617,2,Equilibrado,0.03633735410943565
1424608,1,34899,209,0,Tardio,0.3309594425691956
1448966,1,34899,281,2,Equilibrado,0.005177825647422785
1450604,1,34899,416,1,Adiantado,0.056211044093457126
1473878,1,34899,507,2,Equilibrado,0.06298974157205196
1477284,1,34899,234,0,Tardio,0.07036442149758712
1501577,1,34899,639,2,Equilibrado,0.06806063753661622
1514245,1,34899,107,1,Adiantado,0.1717262250703482
1532711,1,34899,203,2,Equilibrado,0.11004776424570206
1585671,1,34899,478,2,Equilibrado,0.10592049907704272
1588621,1,34899,93,1,Adiantado,0.05760113565185321
1603549,1,34899,151,2,Equilibrado,0.05211960181629748
1631797,1,34899,431,1,Adiantado,0.15912805467892574
1639699,1,34899,399,2,Equilibrado,0.0782397406002725
1640680,1,34899,324,1,Adiantado,0.027113318372492222
1658963,1,34899,374,1,Adiantado,0.14588681024934488
1677677,1,34899,717,2,Equilibrado,0.2352701125705019
1683192,1,34899,113,0,Tardio,0.23830671090003708
1722493,1,34899,1590,1,Adiantado,0.06191989852035109
1733664,1,34899,3191,2,Equilibrado,-0.04295342440216277
1752994,1,34899,648,2,Equilibrado,0.20612376405115024
1755594,1,34899,945,1,Adiantado,0.09796413693331826
1765045,1,34899,38,1,Adiantado,0.04367632440262451
1771775,1,34899,381,2,Equilibrado,0.1253573523473939
1796402,1,34899,631,1,Adiantado,0.0929887239515105
1810759,1,34899,359,2,Equilibrado,0.11132721742351906
1816458,1,34899,1087,2,Equilibrado,-0.013443571700196914
1817710,1,34899,145,0,Tardio,0.016895180293372874
1818385,1,34899,598,2,Equilibrado,0.10936003469549249
1836241,1,34899,547,2,Equilibrado,0.15927883138988908
1837138,1,34899,2382,1,Adiantado,0.15164019671652262
1856869,1,34899,260,0,Tardio,0.33129861080160333
1871598,1,34899,3429,2,Equilibrado,-0.02028047049079757
1871684,1,34899,431,1,Adiantado,0.16144605243027663
1877902,1,34899,725,2,Equilibrado,0.21337243766994074
1879321,1,34899,1095,1,Adiantado,0.13554869100702488
1881231,1,34899,449,0,Tardio,0.354187007919719
1887108,1,34899,273,2,Equilibrado,-0.029483727906831427
1889752,1,34899,792,1,Adiantado,0.27126413264940435
1944167,1,34899,357,0,Tardio,0.31531537190029785
1948159,1,34899,1226,1,Adiantado,0.1486133542239296
1962049,1,34899,750,1,Adiantado,0.2568397023471236
1962062,1,34899,419,2,Equilibrado,0.03324607346794318
1972092,1,34899,2078,2,Equilibrado,-0.0031531346682285247
1995177,1,34899,830,1,Adiantado,0.24444582999171438
1998834,1,34899,200,0,Tardio,0.40272948640142536
2017487,1,34899,973,2,Equilibrado,0.0448338825989057
2020628,1,34899,2605,1,Adiantado,0.21666451991343333
2026075,1,34899,482,2,Equilibrado,0.26575036953795633
2028523,1,34899,609,2,Equilibrado,0.10701376168967323
2029571,1,34899,585,2,Equilibrado,0.055003729613286624
2035700,1,34899,741,1,Adiantado,0.09868409791605481
2036893,1,34899,790,1,Adiantado,0.24068846505354155
2047575,1,34899,706,2,Equilibrado,0.0518488371325255
2065972,1,34899,454,1,Adiantado,0.13166151702128595
2067799,1,34899,424,0,Tardio,-0.0304034711863195
2081123,1,34899,81,2,Equilibrado,0.022528270866666245
2096251,1,34899,629,2,Equilibrado,0.2046704577461982
2103552,1,34899,409,2,Equilibrado,0.06506312662558217
2104819,1,34899,659,1,Adiantado,0.12660737014302179
2106955,1,34899,995,2,Equilibrado,0.09970633357961496
2107747,1,34899,504,2,Equilibrado,-0.01131854410884504
2128283,1,34899,702,2,Equilibrado,0.03868960445675631
2138970,1,34899,300,2,Equilibrado,0.22010331369991196
2140300,1,34899,634,1,Adiantado,0.0743246219677809
2143312,1,34899,635,2,Equilibrado,0.11698041305588497
2143440,1,34899,534,1,Adiantado,0.17151165182695108
2154361,1,34899,457,1,Adiantado,0.07096746643814598
2160316,1,34899,707,1,Adiantado,0.16390166823618024
2161710,1,34899,41,2,Equilibrado,0.034907694598012996
2178837,1,34899,276,2,Equilibrado,0.06925146134517447
2180090,1,34899,1046,1,Adiantado,0.0607042849120086
2185729,1,34899,942,1,Adiantado,0.09169835467446028
2195853,1,34899,391,0,Tardio,0.22056572544490835
2197766,1,34899,318,2,Equilibrado,-0.025132169390032395
2198970,1,34899,197,1,Adiantado,0.284370023891588
2223401,1,34899,236,2,Equilibrado,0.13782864975676415
2254637,1,34899,261,2,Equilibrado,-0.007145842031012136
2256134,1,34899,371,2,Equilibrado,0.10091272398468826
2272023,1,34899,214,2,Equilibrado,0.14930460824903644
2274542,1,34899,619,1,Adiantado,0.1933275929267001
2278101,1,34899,161,2,Equilibrado,0.07607345677680681
2282620,1,34899,143,0,Tardio,-0.05583723500376909
2283708,1,34899,1873,1,Adiantado,0.18193058809512044
2293511,1,34899,794,1,Adiantado,0.03447636255337495
2298106,1,34899,170,0,Tardio,0.05922719376248559
2298895,1,34899,674,2,Equilibrado,0.05144361629765152
2301830,1,34899,982,1,Adiantado,0.2229397750885671
2306410,1,34899,455,1,Adiantado,0.18258566796807393
2316717,1,34899,361,1,Adiantado,0.03594693814889961
2332934,1,34899,172,1,Adiantado,0.05731853317410456
2339267,1,34899,499,2,Equilibrado,0.24611235100858112
2341420,1,34899,885,1,Adiantado,0.23133701616851235
2343785,1,34899,709,2,Equilibrado,-0.008204157827869348
2351969,1,34899,235,0,Tardio,-0.09186743351300128
2360559,1,34899,280,1,Adiantado,0.11088328349023788
2366656,1,34899,268,2,Equilibrado,0.07112585084126483
2378208,1,34899,347,0,Tardio,-0.06229729883222925
2386732,1,34899,421,1,Adiantado,0.06838449009457041
2395016,1,34899,381,2,Equilibrado,0.06298849256299428
2399758,1,34899,315,0,Tardio,0.1211198357366859
2403701,1,34899,2492,2,Equilibrado,-0.026647528230804803
2417433,1,34899,158,0,Tardio,-0.007302711130228461
2417975,1,34899,381,1,Adiantado,0.24391875374679797
2424257,1,34899,261,1,Adiantado,0.21907135216093473
2427845,1,34899,462,2,Equilibrado,0.01752220710554026
2438784,1,34899,712,1,Adiantado,0.2892276698225067
2449490,1,34899,173,0,Tardio,0.09308944616372111
2457440,1,34899,154,1,Adiantado,0.16211170846738923
2459292,1,34899,111,1,Adiantado,0.0915562027411733
2470326,1,34899,280,1,Adiantado,0.07568700004618795
2480886,1,34899,718,2,Equilibrado,0.022675148934169925
2482710,1,34899,623,2,Equilibrado,0.16407238731474663
2486930,1,34899,158,0,Tardio,0.3564521863180976
2499307,1,34899,338,2,Equilibrado,0.0952252019338941
2504129,1,34899,167,0,Tardio,-0.016564271585316512
2505058,1,34899,128,0,Tardio,0.2566916118678772
2519138,1,34899,798,1,Adiantado,0.09782936096094698
2529052,1,34899,234,1,Adiantado,0.2167460447117207
2529419,1,34899,725,1,Adiantado,0.16510006207066735
2530976,1,34899,411,2,Equilibrado,-0.0022253848455647614
2537777,1,34899,433,2,Equilibrado,0.06521771606131302
2540871,1,34899,569,2,Equilibrado,0.16334026094811085
2542209,1,34899,274,1,Adiantado,0.1365618430918494
2544643,1,34899,510,2,Equilibrado,0.18809246419608838
2544766,1,34899,210,1,Adiantado,0.016374948972896486
2546315,1,34899,770,2,Equilibrado,0.16348016235951127
2550534,1,34899,404,2,Equilibrado,0.02109088308476333
2557008,1,34899,854,1,Adiantado,0.3089805082570624
2559144,1,34899,102,1,Adiantado,0.14973753185188135
2563095,1,34899,125,1,Adiantado,0.17065499366187822
2579891,1,34899,304,0,Tardio,0.11657050727236258
2584244,1,34899,141,2,Equilibrado,0.09294195136869321
2597117,1,34899,608,1,Adiantado,0.06592666054219308
2599162,1,34899,60,0,Tardio,0.3114638291354369
2599883,1,34899,765,2,Equilibrado,0.15621244733241857
2602542,1,34899,514,2,Equilibrado,0.21940329556353283
2603027,1,34899,1067,2,Equilibrado,0.05854619562000236
2612102,1,34899,753,2,Equilibrado,0.14413592381526313
2612728,1,34899,324,1,Adiantado,0.058337762657890216
2624028,1,34899,639,2,Equilibrado,0.03211738716581517
2641156,1,34899,259,1,Adiantado,0.17127333158998254
2642532,1,34899,142,2,Equilibrado,0.047697237098143226
2643472,1,34899,294,1,Adiantado,0.06390809878852674
2643829,1,34899,801,1,Adiantado,0.12755085117412576
2649948,1,34899,385,2,Equilibrado,0.06672841525710207
2657913,1,34899,425,1,Adiantado,0.2228703611725569
2658856,1,34899,312,1,Adiantado,0.2318768932683348
2667478,1,34899,704,1,Adiantado,0.055621812742821256
2678580,1,34899,177,1,Adiantado,0.15076498340016065
2681198,1,34899,886,2,Equilibrado,0.0849658763567645
2682682,1,34899,538,1,Adiantado,0.13583395471216048
2683857,1,34899,944,1,Adiantado,0.20343667936279908
2684048,1,34899,281,1,Adiantado,0.22172247909551773
2686035,1,34899,356,2,Equilibrado,-0.013297809884632729
2693932,1,34899,731,0,Tardio,0.03087029847560566
2694139,1,34899,101,0,Tardio,0.4302813770904531
2697921,1,34899,251,2,Equilibrado,0.09595401299432531
31296,2,34900,42,0,Tardio,0.40994064854273266
40878,2,34900,398,2,Equilibrado,0.006627094535038403
42552,2,34900,1187,2,Equilibrado,0.01522050634951707
43958,2,34900,420,2,Equilibrado,0.16301713012693486
45423,2,34900,698,1,Adiantado,0.07682440982212688
47861,2,34900,1491,2,Equilibrado,-0.027251783903594583
56637,2,34900,696,1,Adiantado,0.09779820269438065
56667,2,34900,7,0,Tardio,0.34690685186102915
58884,2,34900,678,2,Equilibrado,0.07931795404989923
63112,2,34900,51,0,Tardio,0.3656521308958662
64427,2,34900,532,1,Adiantado,0.053736909365078
69439,2,34900,49,0,Tardio,0.14823635182466297
71159,2,34900,483,2,Equilibrado,0.18564851250629993
74165,2,34900,204,1,Adiantado,0.029593764722507947
75107,2,34900,642,1,Adiantado,0.09864155569072884
77692,2,34900,205,2,Equilibrado,0.23603151282808238
77995,2,34900,37,0,Tardio,0.17285964227667827
79610,2,34900,456,1,Adiantado,0.17123777254821337
80438,2,34900,450,2,Equilibrado,-0.0058337240749564735
84604,2,34900,1106,1,Adiantado,0.2615673403376385
87264,2,34900,1281,2,Equilibrado,-0.01939443757405513
87322,2,34900,259,1,Adiantado,0.09046857281742575
94749,2,34900,596,2,Equilibrado,0.034067108743556604
98256,2,34900,118,0,Tardio,-0.07760136506369675
102854,2,34900,379,2,Equilibrado,-0.030167315290941837
105939,2,34900,409,2,Equilibrado,0.03588588346734111
107455,2,34900,138,2,Equilibrado,0.10582337544396256
109577,2,34900,176,1,Adiantado,0.14008509327573052
110820,2,34900,378,1,Adiantado,0.05605124368800177
113702,2,34900,458,2,Equilibrado,0.21075867077736454
119310,2,34900,333,2,Equilibrado,0.20609381998300874
119865,2,34900,552,1,Adiantado,0.07936458305940985
125063,2,34900,376,1,Adiantado,0.10542752445722882
127179,2,34900,347,0,Tardio,-0.06551789440909028
129907,2,34900,446,1,Adiantado,0.22781621416447356
130409,2,34900,214,1,Adiantado,0.20687527705307251
131597,2,34900,557,2,Equilibrado,0.2327662206956888
132475,2,34900,519,2,Equilibrado,0.1498433898568117
135280,2,34900,166,1,Adiantado,0.12330537239549547
139206,2,34900,684,2,Equilibrado,0.08446083064334212
142310,2,34900,234,2,Equilibrado,0.21599674697685392
143755,2,34900,530,1,Adiantado,0.2624443272170583
144959,2,34900,53,2,Equilibrado,0.1255201815378017
149178,2,34900,659,2,Equilibrado,0.07345721926382076
150282,2,34900,123,1,Adiantado,0.06290785249220733
152524,2,34900,1030,2,Equilibrado,-0.00038574301961888716
152917,2,34900,894,2,Equilibrado,0.06479363047910744
155938,2,34900,508,1,Adiantado,0.14097611093789963
159906,2,34900,228,1,Adiantado,0.17584259796403065
159947,2,34900,659,1,Adiantado,0.10773950669923626
164148,2,34900,727,1,Adiantado,0.07342023827097593
166123,2,34900,603,1,Adiantado,0.03674521080421559
169596,2,34900,216,2,Equilibrado,0.18915556847021323
170874,2,34900,299,1,Adiantado,0.12939061553865208
172493,2,34900,346,1,Adiantado,0.07584120507272699
173412,2,34900,47,2,Equilibrado,0.017219457301102133
177492,2,34900,578,1,Adiantado,0.2140685019513995
184720,2,34900,167,1,Adiantado,0.2641825207783012
185994,2,34900,505,1,Adiantado,0.2949673428106518
194163,2,34900,416,2,Equilibrado,-0.0013907873567736548
195246,2,34900,208,1,Adiantado,0.07515462632606029
195552,2,34900,587,1,Adiantado,0.14593414323510992
197536,2,34900,376,0,Tardio,0.03840834688393327
199009,2,34900,196,2,Equilibrado,0.15481074995299732
204117,2,34900,351,2,Equilibrado,0.1814605865355775
226955,2,34900,81,2,Equilibrado,0.09504270634686601
228633,2,34900,518,2,Equilibrado,0.010870677726020605
229498,2,34900,722,1,Adiantado,0.09212650697314995
232173,2,34900,437,2,Equilibrado,0.08271576187291849
234661,2,34900,644,2,Equilibrado,0.1288624974476737
235768,2,34900,508,2,Equilibrado,0.06246323396903593
235971,2,34900,653,1,Adiantado,0.15806209682722366
236090,2,34900,587,1,Adiantado,0.1939091896024069
237891,2,34900,283,2,Equilibrado,0.24162980008460733
249357,2,34900,678,2,Equilibrado,0.04279433444856955
251166,2,34900,746,2,Equilibrado,0.06730405652735406
253633,2,34900,453,2,Equilibrado,0.04593861692883115
253763,2,34900,957,2,Equilibrado,0.026834411488421736
258245,2,34900,380,2,Equilibrado,0.14915282802242252
258509,2,34900,459,2,Equilibrado,0.29019693039473227
258978,2,34900,277,2,Equilibrado,0.21445270292921567
261863,2,34900,191,2,Equilibrado,0.1956375482247929
262025,2,34900,230,1,Adiantado,0.15757841689464017
262394,2,34900,117,0,Tardio,-0.04876660034030809
263862,2,34900,247,2,Equilibrado,0.08761232974968895
265497,2,34900,151,2,Equilibrado,0.05564696835475753
269584,2,34900,252,0,Tardio,0.21291631620471882
270421,2,34900,116,0,Tardio,0.40794979092427264
276337,2,34900,33,1,Adiantado,0.0679951917617836
277384,2,34900,590,1,Adiantado,0.12523271749883125
278380,2,34900,372,1,Adiantado,0.029307322472197177
279440,2,34900,232,2,Equilibrado,0.0004880127632180173
279653,2,34900,499,2,Equilibrado,0.055718170559564906
281134,2,34900,542,2,Equilibrado,-0.019291889462730607
282849,2,34900,734,1,Adiantado,0.17055893903527516
283402,2,34900,631,2,Equilibrado,0.26419576360558084
286778,2,34900,583,1,Adiantado,0.03181723369646096
287079,2,34900,787,2,Equilibrado,0.020735189472205973
287258,2,34900,392,1,Adiantado,0.2256855462409234
289247,2,34900,471,2,Equilibrado,0.12691669314628073
294112,2,34900,550,2,Equilibrado,0.20273482930562042
294219,2,34900,516,1,Adiantado,0.20483670655749597
294920,2,34900,898,2,Equilibrado,0.15761549416086398
294929,2,34900,739,2,Equilibrado,0.06562173169706094
295893,2,34900,79,0,Tardio,0.25708929553492904
297218,2,34900,87,2,Equilibrado,0.11688051555646396
297341,2,34900,427,2,Equilibrado,0.014222581788874587
301074,2,34900,235,1,Adiantado,0.12628738442299978
301561,2,34900,42,0,Tardio,0.22502515666754078
305064,2,34900,565,1,Adiantado,0.08743239147209884
305659,2,34900,193,0,Tardio,-0.019543575459060714
310205,2,34900,462,1,Adiantado,0.11890508663083059
312126,2,34900,216,1,Adiantado,0.22381061168225969
312231,2,34900,102,0,Tardio,0.17123156714570126
312960,2,34900,52,2,Equilibrado,0.07108399893818004
315795,2,34900,55,1,Adiantado,0.16133328467914956
316082,2,34900,413,1,Adiantado,0.23951064648874842
318139,2,34900,86,2,Equilibrado,0.08794428385459958
318147,2,34900,412,2,Equilibrado,0.16505140242735317
319073,2,34900,379,2,Equilibrado,0.06454471310623888
320133,2,34900,791,1,Adiantado,0.21008667401605796
320612,2,34900,727,1,Adiantado,0.14625481497385875
322499,2,34900,375,2,Equilibrado,0.039800102423115345
328797,2,34900,407,0,Tardio,0.37056277106594276
329895,2,34900,68,0,Tardio,0.4092824864220786
331789,2,34900,457,1,Adiantado,0.019951976530183612
333993,2,34900,635,2,Equilibrado,0.014249931942451305
334224,2,34900,32,1,Adiantado,0.06911587053856254
335095,2,34900,464,2,Equilibrado,0.04552809281062158
337000,2,34900,300,1,Adiantado,0.09554339494953007
338689,2,34900,129,2,Equilibrado,0.14760421899114928
339519,2,34900,520,2,Equilibrado,0.09976398916550301
341457,2,34900,403,2,Equilibrado,0.15173357701379184
341629,2,34900,137,1,Adiantado,0.13290350425149655
345271,2,34900,1678,2,Equilibrado,-0.0246320719572026
347197,2,34900,354,1,Adiantado,0.03943413049709129
348108,2,34900,102,0,Tardio,0.4233411214994286
348324,2,34900,94,0,Tardio,0.06248514477813572
349515,2,34900,500,1,Adiantado,0.09978681931994074
351147,2,34900,274,1,Adiantado,0.21464383359560935
354698,2,34900,174,2,Equilibrado,0.060533088989548955
355293,2,34900,5,1,Adiantado,0.15668157141773228
364066,2,34900,1185,1,Adiantado,0.09585070091814572
366140,2,34900,538,2,Equilibrado,0.07146216972600639
367151,2,34900,519,1,Adiantado,0.2123306991886493
369242,2,34900,216,2,Equilibrado,0.12497803709043623
369450,2,34900,707,2,Equilibrado,0.016266532372664594
369644,2,34900,249,0,Tardio,0.0031031906000575722
370735,2,34900,385,1,Adiantado,0.18780705034449027
372345,2,34900,432,0,Tardio,0.05430668237845578
372509,2,34900,153,2,Equilibrado,-0.012510107672181624
372511,2,34900,117,2,Equilibrado,0.20168543253233046
374353,2,34900,168,1,Adiantado,0.12758548634770617
378705,2,34900,247,2,Equilibrado,0.17652844946969723
378946,2,34900,861,2,Equilibrado,-0.018104512367579626
379278,2,34900,1348,1,Adiantado,0.10798009668298049
379311,2,34900,89,0,Tardio,0.11251731652384775
381257,2,34900,546,1,Adiantado,0.16348087631127461
381414,2,34900,60,1,Adiantado,0.25357578488616955
381428,2,34900,216,1,Adiantado,0.03361682112046579
383445,2,34900,121,2,Equilibrado,0.11573130436691502
383602,2,34900,735,2,Equilibrado,0.05720300425608872
383629,2,34900,174,2,Equilibrado,0.15580928917338924
384107,2,34900,377,1,Adiantado,0.035317787505113094
386389,2,34900,389,1,Adiantado,0.12794506450346743
386956,2,34900,248,2,Equilibrado,0.20675309410005038
389853,2,34900,68,2,Equilibrado,0.07434426523951415
390070,2,34900,105,0,Tardio,-0.03717282698004394
393141,2,34900,27,0,Tardio,0.015882698637565296
395758,2,34900,108,2,Equilibrado,0.1798017568350634
396683,2,34900,211,2,Equilibrado,-0.001114792384658847
396834,2,34900,222,1,Adiantado,0.0377955455113681
396907,2,34900,544,2,Equilibrado,0.152213561791979
397219,2,34900,925,2,Equilibrado,0.07643185355564855
397292,2,34900,220,0,Tardio,0.312997259604344
397671,2,34900,381,1,Adiantado,0.23875785400625324
398550,2,34900,409,2,Equilibrado,0.23112892545105124
398630,2,34900,205,2,Equilibrado,-0.008387526932946998
399429,2,34900,721,1,Adiantado,0.12644083839789716
402695,2,34900,339,1,Adiantado,0.23752591893095396
405193,2,34900,757,2,Equilibrado,0.09083031911824187
407232,2,34900,897,2,Equilibrado,0.04776040992398205
408499,2,34900,580,1,Adiantado,0.22332414503411757
410407,2,34900,1233,1,Adiantado,0.0791170202170907
410883,2,34900,247,0,Tardio,0.2559791032806244
411304,2,34900,249,2,Equilibrado,0.012604079837807845
412353,2,34900,1483,1,Adiantado,0.051517152223762686
413180,2,34900,130,1,Adiantado,0.07434717688376243
413709,2,34900,172,2,Equilibrado,0.08298022388193724
413949,2,34900,530,1,Adiantado,0.2286083263279455
416199,2,34900,736,2,Equilibrado,0.11143516262718525
416407,2,34900,391,1,Adiantado,0.15537958911257446
418201,2,34900,407,1,Adiantado,0.28807253990903076
419059,2,34900,319,2,Equilibrado,-0.007947915112860745
419081,2,34900,317,0,Tardio,-0.01963120946158871
421070,2,34900,226,1,Adiantado,0.18656496316628549
423210,2,34900,74,0,Tardio,0.41022082457811104
423488,2,34900,311,2,Equilibrado,0.09546637009136553
423781,2,34900,325,1,Adiantado,0.04093805231552747
427256,2,34900,422,1,Adiantado,0.0739933666073328
429832,2,34900,42,0,Tardio,0.005353666366360884
431139,2,34900,266,2,Equilibrado,0.24873590597540246
434476,2,34900,1947,1,Adiantado,0.2069207011309197
438063,2,34900,44,2,Equilibrado,0.10426664280293474
438644,2,34900,13,1,Adiantado,0.051129383328126755
439950,2,34900,178,0,Tardio,0.36063090442971524
439995,2,34900,293,2,Equilibrado,0.018906332104184676
440818,2,34900,1143,1,Adiantado,0.1245599946850356
441165,2,34900,324,2,Equilibrado,-0.020793267532507403
441421,2,34900,116,0,Tardio,0.09321920991038174
442563,2,34900,338,2,Equilibrado,-0.010123799092579122
442802,2,34900,921,2,Equilibrado,0.01519324885237335
443151,2,34900,252,1,Adiantado,0.05878965969265133
443514,2,34900,416,1,Adiantado,0.04965664516151801
443696,2,34900,213,0,Tardio,0.041917252574175806
444011,2,34900,338,1,Adiantado,0.07102921274044449
444619,2,34900,78,0,Tardio,0.3132842595215105
444907,2,34900,268,2,Equilibrado,0.23839704503176798
445686,2,34900,104,2,Equilibrado,0.09113360057549261
465078,2,34900,465,1,Adiantado,0.15656480715691468
465121,2,34900,150,0,Tardio,0.1955252720161825
465294,2,34900,619,1,Adiantado,0.054955578267714154
466120,2,34900,342,1,Adiantado,0.12862111866571999
466807,2,34900,35,0,Tardio,0.21685467758668908
466987,2,34900,393,2,Equilibrado,0.13797499268171023
467363,2,34900,54,1,Adiantado,0.01119313606731461
469499,2,34900,673,2,Equilibrado,0.18967847612662064
471284,2,34900,38,1,Adiantado,0.046235820934322276
474667,2,34900,403,2,Equilibrado,0.07782003866184996
475015,2,34900,500,1,Adiantado,0.12874940067237545
476401,2,34900,1659,1,Adiantado,0.1528896164393355
476629,2,34900,392,1,Adiantado,0.06282728152339488
477833,2,34900,446,2,Equilibrado,-0.04007134143918135
479939,2,34900,749,2,Equilibrado,0.0842321775129535
480303,2,34900,316,1,Adiantado,0.1608863115880753
481717,2,34900,752,1,Adiantado,0.21061000985262493
482644,2,34900,320,2,Equilibrado,0.2527471521991179
483037,2,34900,664,2,Equilibrado,0.09591792919800074
483656,2,34900,147,1,Adiantado,0.04548281248725389
484010,2,34900,399,2,Equilibrado,-0.0024552716254748383
484594,2,34900,1606,1,Adiantado,0.16469519378013664
485228,2,34900,477,1,Adiantado,0.0634574075481945
486087,2,34900,271,2,Equilibrado,0.10364460296157688
486964,2,34900,119,2,Equilibrado,0.10010218711833661
488525,2,34900,129,2,Equilibrado,0.058367778161370884
489553,2,34900,140,0,Tardio,-0.0758246713252673
491126,2,34900,422,1,Adiantado,0.21613979838783648
491863,2,34900,139,2,Equilibrado,0.13041490582965107
492024,2,34900,134,0,Tardio,0.07023325327231493
492557,2,34900,15,1,Adiantado,0.1266484391394876
493793,2,34900,171,2,Equilibrado,0.12521598535714953
494046,2,34900,418,1,Adiantado,0.018117306684923448
494184,2,34900,319,1,Adiantado,0.11170715548077115
496493,2,34900,42,1,Adiantado,0.09910266012396055
497415,2,34900,806,1,Adiantado,0.08379016337928433
498442,2,34900,669,1,Adiantado,0.1491778905079447
499244,2,34900,134,0,Tardio,-0.06995926879569818
499404,2,34900,500,2,Equilibrado,0.049572931186666835
500068,2,34900,812,2,Equilibrado,0.012761721239362204
500618,2,34900,126,1,Adiantado,0.0578345064590229
501444,2,34900,314,2,Equilibrado,0.12845788637608305
501897,2,34900,383,2,Equilibrado,0.01748669908407979
502011,2,34900,425,2,Equilibrado,0.07760874037072996
504270,2,34900,69,0,Tardio,0.005848115380674315
505773,2,34900,377,2,Equilibrado,0.16380071301954544
506705,2,34900,220,2,Equilibrado,0.0350421565885188
507743,2,34900,734,2,Equilibrado,0.06645373176533755
507935,2,34900,969,2,Equilibrado,0.08204136795181784
508626,2,34900,1207,1,Adiantado,0.0585091874272214
509536,2,34900,682,2,Equilibrado,-0.021983451831264798
511309,2,34900,213,2,Equilibrado,0.02750681177600881
511350,2,34900,42,0,Tardio,0.38090007111133817
511981,2,34900,217,2,Equilibrado,0.24962093172123248
513272,2,34900,62,2,Equilibrado,0.14407829900287078
513422,2,34900,164,2,Equilibrado,0.15963558402526065
513428,2,34900,105,2,Equilibrado,0.0847901050097248
514078,2,34900,415,1,Adiantado,0.04009686058900137
514556,2,34900,208,1,Adiantado,0.055329157473040784
516602,2,34900,114,1,Adiantado,0.07011933635928777
517551,2,34900,260,2,Equilibrado,0.09538233896727465
519115,2,34900,88,2,Equilibrado,0.15742508420004614
521115,2,34900,405,1,Adiantado,0.16431260025312303
521153,2,34900,66,0,Tardio,0.4079300567884516
522082,2,34900,319,1,Adiantado,0.2302412697142391
523017,2,34900,300,2,Equilibrado,0.014330459390097272
523249,2,34900,225,0,Tardio,0.21981999948194156
524827,2,34900,166,1,Adiantado,0.052254638571395624
526721,2,34900,814,2,Equilibrado,0.0601138894697545
526819,2,34900,178,1,Adiantado,0.06569101411558333
529693,2,34900,139,2,Equilibrado,0.07777384295804335
529991,2,34900,252,2,Equilibrado,0.157852649693848
530148,2,34900,226,1,Adiantado,0.12237618505033772
531018,2,34900,519,2,Equilibrado,0.08269931240684347
531871,2,34900,410,1,Adiantado,0.16550152360430218
532254,2,34900,466,2,Equilibrado,0.10089670512038694
533418,2,34900,403,1,Adiantado,0.25984250739741754
534112,2,34900,347,1,Adiantado,0.050991829602991395
534457,2,34900,271,1,Adiantado,0.06733559050910559
535671,2,34900,99,2,Equilibrado,0.1832715926926966
536351,2,34900,609,1,Adiantado,0.09679953851692757
536475,2,34900,126,0,Tardio,0.2770493284512959
536963,2,34900,266,2,Equilibrado,0.06573517360181833
537322,2,34900,342,2,Equilibrado,0.034517419248687224
537606,2,34900,373,1,Adiantado,0.05078274514173218
537811,2,34900,2087,2,Equilibrado,0.021772596257248936
539308,2,34900,283,1,Adiantado,0.07601435099022964
539945,2,34900,471,2,Equilibrado,0.24093899314544318
540723,2,34900,1089,1,Adiantado,0.08105497730488678
541532,2,34900,419,1,Adiantado,0.23761970097351687
541921,2,34900,1011,1,Adiantado,0.12292191618422553
542202,2,34900,565,1,Adiantado,0.2481709946316186
542550,2,34900,21,1,Adiantado,0.16124942414317867
543010,2,34900,430,1,Adiantado,0.14938146244008255
543432,2,34900,419,1,Adiantado,0.18915048642044024
544141,2,34900,219,1,Adiantado,0.05899469161264224
544745,2,34900,219,1,Adiantado,0.21933916404817236
545164,2,34900,489,1,Adiantado,0.05801613209705259
545962,2,34900,758,1,Adiantado,0.08600136315590257
546547,2,34900,977,1,Adiantado,0.10180679523855651
546645,2,34900,630,1,Adiantado,0.154788024054164
547347,2,34900,43,1,Adiantado,0.08498084782177341
549219,2,34900,435,2,Equilibrado,0.0776627563960582
549321,2,34900,526,1,Adiantado,0.11836002340595296
549523,2,34900,900,2,Equilibrado,0.1528413031759798
549847,2,34900,554,2,Equilibrado,-0.020843214252343943
550420,2,34900,492,1,Adiantado,0.05612593215290698
550703,2,34900,385,1,Adiantado,0.15672401317443288
552173,2,34900,1157,1,Adiantado,0.12695326088806788
553031,2,34900,591,1,Adiantado,0.2507691386663711
553284,2,34900,764,1,Adiantado,0.057617483228069276
553813,2,34900,153,0,Tardio,0.27603052063058725
554063,2,34900,724,2,Equilibrado,0.24480824876258322
554525,2,34900,476,1,Adiantado,0.24371209160584445
555049,2,34900,472,1,Adiantado,0.21664208977032176
555827,2,34900,38,2,Equilibrado,0.123332098579047
557085,2,34900,972,2,Equilibrado,0.11496211437004923
557290,2,34900,321,1,Adiantado,0.13349644364529759
558044,2,34900,408,1,Adiantado,0.3164889409986785
558342,2,34900,102,2,Equilibrado,0.12538826075240875
558764,2,34900,528,1,Adiantado,0.16670539566650328
560047,2,34900,370,1,Adiantado,0.10795902664838215
560459,2,34900,219,2,Equilibrado,-0.007727525435711969
560645,2,34900,519,2,Equilibrado,0.14926079580392887
561231,2,34900,654,1,Adiantado,0.2285503208078222
562754,2,34900,528,1,Adiantado,0.23770626435896708
562990,2,34900,201,1,Adiantado,0.09898256104103248
563108,2,34900,135,2,Equilibrado,0.12192469147216779
563414,2,34900,779,2,Equilibrado,0.09121188107711371
564243,2,34900,691,2,Equilibrado,0.21627181172338233
564617,2,34900,1034,1,Adiantado,0.04266513739937115
564933,2,34900,195,1,Adiantado,0.2832909333638995
565017,2,34900,607,1,Adiantado,0.2554347541313698
566823,2,34900,177,0,Tardio,0.3971245384053347
568987,2,34900,85,0,Tardio,0.344492398452506
568998,2,34900,166,0,Tardio,0.14577746305416336
569034,2,34900,1536,2,Equilibrado,-0.024234716338554327
569080,2,34900,507,2,Equilibrado,0.08684629775538971
569108,2,34900,351,2,Equilibrado,0.19415635465383863
569876,2,34900,984,2,Equilibrado,-0.002667458173812697
570004,2,34900,42,1,Adiantado,0.14025481918716484
570213,2,34900,703,2,Equilibrado,0.07105172858044757
570689,2,34900,55,2,Equilibrado,0.12210162803036308
571074,2,34900,528,1,Adiantado,0.057510916909444855
572074,2,34900,1334,2,Equilibrado,0.08655099399220134
572213,2,34900,172,1,Adiantado,0.19956445421784436
572265,2,34900,70,0,Tardio,0.16890585524252785
573583,2,34900,131,0,Tardio,0.39233873954829535
573697,2,34900,50,1,Adiantado,0.1497668401536155
574527,2,34900,554,2,Equilibrado,0.1075178310672853
575069,2,34900,278,2,Equilibrado,0.18500411672729955
575112,2,34900,174,1,Adiantado,0.05682728064272573
575302,2,34900,663,2,Equilibrado,0.00914217001675606
575685,2,34900,167,1,Adiantado,0.1542868510140668
577032,2,34900,263,1,Adiantado,0.14039873818148874
577429,2,34900,445,1,Adiantado,0.18265088215498318
578152,2,34900,167,2,Equilibrado,0.0973708774218217
578847,2,34900,821,1,Adiantado,0.2523057645997867
579221,2,34900,413,2,Equilibrado,0.10080974619037461
579660,2,34900,267,1,Adiantado,0.28854093705710127
579686,2,34900,142,2,Equilibrado,0.12283935898294757
580459,2,34900,314,2,Equilibrado,-0.01424414851515236
580834,2,34900,1175,1,Adiantado,0.10274519644269874
580845,2,34900,181,1,Adiantado,0.05853292114753312
580926,2,34900,46,1,Adiantado,0.06809918491721267
581253,2,34900,476,2,Equilibrado,0.09609065547866365
581659,2,34900,946,2,Equilibrado,-0.009678124030487956
581779,2,34900,351,1,Adiantado,0.03962296566850595
582034,2,34900,446,1,Adiantado,0.18546356372799924
582117,2,34900,280,2,Equilibrado,0.1623093394312682
582266,2,34900,328,2,Equilibrado,0.013108008433863207
582332,2,34900,311,1,Adiantado,0.03289299361455781
582530,2,34900,119,0,Tardio,0.125334029080638
582653,2,34900,119,2,Equilibrado,0.11971249264063782
582670,2,34900,222,0,Tardio,0.06392146812254441
583056,2,34900,20,1,Adiantado,0.12663224249258648
583318,2,34900,109,0,Tardio,0.39574766016360785
583487,2,34900,3774,1,Adiantado,0.07583373675155317
584515,2,34900,543,2,Equilibrado,0.06647599544919418
584673,2,34900,272,2,Equilibrado,0.12639347185544197
585224,2,34900,440,2,Equilibrado,0.036781053062244544
585261,2,34900,1123,1,Adiantado,0.14173996890374072
585284,2,34900,143,2,Equilibrado,0.19894359879721063
585503,2,34900,805,2,Equilibrado,0.15376765641199117
585572,2,34900,837,2,Equilibrado,-2.5301406928848796e-06
585825,2,34900,401,1,Adiantado,0.10004478479093767
585958,2,34900,99,1,Adiantado,0.16570636356509694
586906,2,34900,455,2,Equilibrado,0.16231222824347427
587571,2,34900,1232,1,Adiantado,0.08447585759425588
587654,2,34900,398,1,Adiantado,0.09757985264817688
587706,2,34900,156,0,Tardio,0.3081225818001263
588128,2,34900,153,2,Equilibrado,0.13239383753544448
588628,2,34900,918,1,Adiantado,0.1346113814771992
589080,2,34900,1182,2,Equilibrado,-0.018887283731817934
589162,2,34900,574,2,Equilibrado,0.0402914349533925
589332,2,34900,939,1,Adiantado,0.09642031714897369
589389,2,34900,42,2,Equilibrado,0.04741425727502463
589441,2,34900,99,0,Tardio,0.3361455501347078
589828,2,34900,40,0,Tardio,-0.016052515888476945
590120,2,34900,525,1,Adiantado,0.08845357266864119
591525,2,34900,151,2,Equilibrado,0.207734801311274
591581,2,34900,227,2,Equilibrado,-0.0007252951246491706
591746,2,34900,235,2,Equilibrado,-0.021572218954697266
591946,2,34900,318,2,Equilibrado,0.0275109697043564
592218,2,34900,338,2,Equilibrado,0.016076674289925357
592295,2,34900,157,1,Adiantado,0.12354272219885881
592558,2,34900,605,2,Equilibrado,0.06955674313713313
592939,2,34900,144,1,Adiantado,0.08350606305597422
593136,2,34900,693,1,Adiantado,0.05208460085813532
593563,2,34900,518,1,Adiantado,0.11137723716296617
593722,2,34900,528,2,Equilibrado,0.05920448881296105
593796,2,34900,1349,2,Equilibrado,-0.028729949439135462
594065,2,34900,399,2,Equilibrado,0.11868659675832777
594122,2,34900,470,2,Equilibrado,0.07619471496644455
594229,2,34900,457,2,Equilibrado,-0.03702554594624981
594258,2,34900,38,2,Equilibrado,0.022779084367441756
594406,2,34900,476,2,Equilibrado,0.052676360741420555
594615,2,34900,110,2,Equilibrado,0.1701081343473435
594636,2,34900,562,1,Adiantado,0.16167837291675966
595262,2,34900,247,2,Equilibrado,0.13280285374592674
595721,2,34900,249,2,Equilibrado,0.0855558045515964
595943,2,34900,513,2,Equilibrado,0.13513485829373065
596243,2,34900,73,1,Adiantado,0.026705485864892117
596253,2,34900,634,2,Equilibrado,0.137125595867966
596758,2,34900,199,2,Equilibrado,0.09452545810346144
596805,2,34900,97,1,Adiantado,0.08822207925368271
597740,2,34900,393,2,Equilibrado,0.11647202284144755
597937,2,34900,539,1,Adiantado,0.06881207752985329
598308,2,34900,275,2,Equilibrado,0.12766351118824454
598540,2,34900,868,1,Adiantado,0.1996475612399116
598559,2,34900,521,2,Equilibrado,0.01620730843407213
599297,2,34900,14,1,Adiantado,0.1507408403806808
600071,2,34900,539,2,Equilibrado,0.05495408246256751
600405,2,34900,441,1,Adiantado,0.051198864042360195
600615,2,34900,7,1,Adiantado,0.08046949268796323
600773,2,34900,876,1,Adiantado,0.07440362890989231
601008,2,34900,183,0,Tardio,0.4107314082571833
601235,2,34900,421,1,Adiantado,0.13883784698522758
601271,2,34900,332,1,Adiantado,0.040785174231459075
601680,2,34900,336,2,Equilibrado,0.11968822768500906
601820,2,34900,112,0,Tardio,0.2744331522372186
602594,2,34900,275,2,Equilibrado,0.16096025321578353
603648,2,34900,509,2,Equilibrado,0.1263792937499894
603931,2,34900,9,1,Adiantado,0.010809432087408952
604567,2,34900,207,1,Adiantado,0.11581862327942222
604614,2,34900,205,2,Equilibrado,0.13568579262222652
605180,2,34900,184,2,Equilibrado,0.00013749388259312842
605394,2,34900,144,0,Tardio,0.3509937321269635
605682,2,34900,241,1,Adiantado,0.064123544473558
606257,2,34900,529,2,Equilibrado,0.0895032378446837
606428,2,34900,125,0,Tardio,0.020728855352972152
606805,2,34900,237,2,Equilibrado,0.22878552837522448
606904,2,34900,69,0,Tardio,0.4440046980414875
607243,2,34900,1074,2,Equilibrado,0.01632445637304954
607303,2,34900,409,1,Adiantado,0.13924603632308863
607501,2,34900,1068,2,Equilibrado,0.03472229493907463
607679,2,34900,564,1,Adiantado,0.04583534183050098
607700,2,34900,189,1,Adiantado,0.2112140477179221
609142,2,34900,907,1,Adiantado,0.14321509509537528
609240,2,34900,461,2,Equilibrado,-0.00298085738221963
611603,2,34900,141,2,Equilibrado,-0.008061587417048011
612842,2,34900,174,0,Tardio,0.2710667226544496
613165,2,34900,283,0,Tardio,-0.042142449713950154
613330,2,34900,566,1,Adiantado,0.1967110540199181
613634,2,34900,536,1,Adiantado,0.14119740873728298
613899,2,34900,1327,2,Equilibrado,0.026551121305595102
613966,2,34900,677,2,Equilibrado,-0.00700064202641268
614059,2,34900,344,2,Equilibrado,0.1744282572357979
614984,2,34900,309,1,Adiantado,0.09521070499477156
615266,2,34900,801,1,Adiantado,0.22046054988313749
615299,2,34900,978,2,Equilibrado,0.0007582456150344351
615301,2,34900,970,2,Equilibrado,0.2784038286955419
615302,2,34900,626,2,Equilibrado,0.1110479416449908
615306,2,34900,444,2,Equilibrado,0.047296237181301305
615328,2,34900,310,2,Equilibrado,0.20920245824202224
615340,2,34900,27,2,Equilibrado,0.13881341659434712
615342,2,34900,49,2,Equilibrado,0.04153746975717148
615356,2,34900,301,2,Equilibrado,0.1405688234584322
616517,2,34900,644,1,Adiantado,0.14499362846969374
616912,2,34900,336,2,Equilibrado,0.1744018726145593
617010,2,34900,475,2,Equilibrado,-0.02171683925510828
617119,2,34900,603,2,Equilibrado,0.15998921184743586
617150,2,34900,549,2,Equilibrado,0.0013403347959377884
617436,2,34900,481,2,Equilibrado,0.036279364194523475
617580,2,34900,1604,1,Adiantado,0.12500824659210302
617783,2,34900,194,2,Equilibrado,0.06133139570118708
617922,2,34900,574,1,Adiantado,0.04668731568791058
618663,2,34900,118,0,Tardio,-0.009236231282895474
619204,2,34900,160,2,Equilibrado,0.18344767451623611
619292,2,34900,737,2,Equilibrado,-0.0028639673967087707
619321,2,34900,676,1,Adiantado,0.056772860104926076
619502,2,34900,250,0,Tardio,0.3498290817940079
620094,2,34900,1455,1,Adiantado,0.1852184534726455
620112,2,34900,165,2,Equilibrado,0.09877519021287252
620269,2,34900,247,1,Adiantado,0.09064287177491659
620349,2,34900,557,2,Equilibrado,0.06473813534319851
620431,2,34900,961,1,Adiantado,0.22368169287923179
620740,2,34900,156,0,Tardio,-0.04721704524602657
620750,2,34900,344,1,Adiantado,0.08640852946017734
620810,2,34900,207,0,Tardio,0.3144659477416501
622275,2,34900,609,1,Adiantado,0.08129983424184317
622481,2,34900,498,2,Equilibrado,0.16473759802511143
622760,2,34900,372,2,Equilibrado,0.1406978046289938
622934,2,34900,531,2,Equilibrado,0.21783195724152452
622967,2,34900,204,0,Tardio,0.018235794352917174
623166,2,34900,583,1,Adiantado,0.18113129980477313
623230,2,34900,433,1,Adiantado,0.155993537367222
623471,2,34900,534,1,Adiantado,0.0684563071674889
623589,2,34900,358,1,Adiantado,0.1229206530376088
623765,2,34900,548,2,Equilibrado,0.16862812669536667
624282,2,34900,490,2,Equilibrado,-0.019916473898862825
624864,2,34900,428,1,Adiantado,0.04760516579836774
624970,2,34900,553,1,Adiantado,0.11699712292962694
625245,2,34900,498,2,Equilibrado,0.1843923798379706
625330,2,34900,284,1,Adiantado,0.03009406548500122
625515,2,34900,326,2,Equilibrado,0.1489267144751448
625609,2,34900,161,1,Adiantado,0.21610047043230254
625743,2,34900,505,2,Equilibrado,0.000733013929701806
625802,2,34900,575,2,Equilibrado,0.15313776223451037
625838,2,34900,687,2,Equilibrado,-0.009166604508771124
626033,2,34900,1432,1,Adiantado,0.14587543297156555
626416,2,34900,433,2,Equilibrado,0.09389046694103508
626454,2,34900,427,2,Equilibrado,0.23346161287283676
626477,2,34900,205,1,Adiantado,0.2651338730420549
626514,2,34900,1159,1,Adiantado,0.055564369754807594
626539,2,34900,58,2,Equilibrado,0.07944981156787097
626552,2,34900,279,1,Adiantado,0.10146022994939657
626579,2,34900,101,0,Tardio,0.3493496706877998
627365,2,34900,669,1,Adiantado,0.20307977458639942
627829,2,34900,488,2,Equilibrado,0.07433797713103504
628149,2,34900,929,2,Equilibrado,0.020251146848299713
628157,2,34900,75,2,Equilibrado,0.07175491079843244
628308,2,34900,158,1,Adiantado,0.05540658943854962
628383,2,34900,354,2,Equilibrado,0.12389608219229245
628521,2,34900,275,2,Equilibrado,0.04312045283667459
628888,2,34900,337,1,Adiantado,0.07271067891647219
628964,2,34900,611,2,Equilibrado,-0.01611084156279283
629029,2,34900,351,2,Equilibrado,0.09765074294674962
629182,2,34900,20,1,Adiantado,0.10101920446343406
629491,2,34900,564,2,Equilibrado,0.09793771330565713
629522,2,34900,487,1,Adiantado,0.22644689177265068
629594,2,34900,79,1,Adiantado,0.03860587205375703
629818,2,34900,397,1,Adiantado,0.03251295257110122
629922,2,34900,739,2,Equilibrado,0.11649988043711047
629944,2,34900,315,0,Tardio,0.1712692720112785
630109,2,34900,485,2,Equilibrado,0.23556831781011872
630158,2,34900,502,1,Adiantado,0.051863501650339885
630745,2,34900,367,1,Adiantado,0.1795708746848615
630835,2,34900,1411,2,Equilibrado,-0.024201933108020924
630905,2,34900,1960,1,Adiantado,0.10881679945151568
630910,2,34900,429,1,Adiantado,0.17270292053503777
630992,2,34900,20,1,Adiantado,0.14956674458278357
631524,2,34900,906,2,Equilibrado,0.005976288502185741
631658,2,34900,1999,2,Equilibrado,0.053306577867329286
631681,2,34900,158,2,Equilibrado,0.19963092367485624
631715,2,34900,219,1,Adiantado,0.12042189430386215
631740,2,34900,336,2,Equilibrado,0.09554048310082167
631837,2,34900,552,2,Equilibrado,0.182528145346602
631924,2,34900,560,2,Equilibrado,0.15092415172754417
632074,2,34900,401,1,Adiantado,0.07951463035983378
632179,2,34900,45,0,Tardio,-0.041939090366823265
632290,2,34900,235,2,Equilibrado,0.18716599951249344
632458,2,34900,689,1,Adiantado,0.1823118170530038
632556,2,34900,164,2,Equilibrado,0.185924309696689
632597,2,34900,24,0,Tardio,0.3953352683880491
632826,2,34900,378,2,Equilibrado,0.2408695439126294
632836,2,34900,519,2,Equilibrado,0.09586489034321702
633079,2,34900,317,1,Adiantado,0.043840434566435604
633516,2,34900,141,2,Equilibrado,-0.004120429151239479
633555,2,34900,599,2,Equilibrado,0.16082457553616328
633568,2,34900,500,1,Adiantado,0.06842220441882978
633628,2,34900,106,1,Adiantado,0.04451293671931404
633867,2,34900,499,1,Adiantado,0.16646577492139142
633931,2,34900,918,1,Adiantado,0.1110738255138193
634088,2,34900,287,2,Equilibrado,0.20350504983217801
634114,2,34900,6,2,Equilibrado,0.165691005079487
634512,2,34900,340,1,Adiantado,0.09464216689389121
634526,2,34900,608,2,Equilibrado,0.167620457917341
634601,2,34900,205,0,Tardio,0.10819733575316115
634749,2,34900,1723,2,Equilibrado,-0.015412864073962909
635184,2,34900,246,1,Adiantado,0.11052576303498232
635751,2,34900,127,2,Equilibrado,0.039616771552609
635795,2,34900,827,2,Equilibrado,0.02774141641547763
635903,2,34900,241,1,Adiantado,0.07809413759900824
635985,2,34900,81,0,Tardio,0.2931086734824141
636314,2,34900,836,2,Equilibrado,0.06716044696506797
636375,2,34900,331,1,Adiantado,0.1167812168248006
636400,2,34900,282,2,Equilibrado,0.022929801653885876
636408,2,34900,139,2,Equilibrado,0.14937918823136792
636469,2,34900,267,1,Adiantado,0.2332625679855033
636547,2,34900,11,1,Adiantado,0.1489041229469473
636565,2,34900,65,0,Tardio,0.160505277182642
636656,2,34900,388,2,Equilibrado,0.1874865738823727
636704,2,34900,153,1,Adiantado,0.09178230719752853
636783,2,34900,752,2,Equilibrado,0.15157526936834592
636830,2,34900,929,2,Equilibrado,0.0848906717669022
636832,2,34900,669,1,Adiantado,0.1577066260036244
637004,2,34900,596,1,Adiantado,0.0618008464479561
637358,2,34900,388,2,Equilibrado,0.016452644418869997
637563,2,34900,346,2,Equilibrado,0.09643899056911573
637582,2,34900,269,2,Equilibrado,0.05910028027484756
637708,2,34900,406,2,Equilibrado,0.004725052274870933
637788,2,34900,40,2,Equilibrado,0.22791983020806494
637906,2,34900,403,1,Adiantado,0.2086383796561339
637939,2,34900,153,0,Tardio,0.42810527889283045
637980,2,34900,293,1,Adiantado,0.171367897876298
638034,2,34900,605,1,Adiantado,0.19171090291672443
638388,2,34900,179,1,Adiantado,0.055382918126757434
638411,2,34900,1738,2,Equilibrado,0.00017465572125030938
638498,2,34900,362,1,Adiantado,0.07359225914350988
638515,2,34900,230,1,Adiantado,0.04790178604156189
638625,2,34900,684,1,Adiantado,0.1623408643411665
638655,2,34900,436,2,Equilibrado,0.027803545588579812
638677,2,34900,365,2,Equilibrado,0.14903400874020284
639028,2,34900,393,2,Equilibrado,0.015431143594296691
639231,2,34900,175,2,Equilibrado,0.06974172686849567
639234,2,34900,436,1,Adiantado,0.08254172742291631
639238,2,34900,399,1,Adiantado,0.23436747165832403
639522,2,34900,239,0,Tardio,0.07370870574762386
640098,2,34900,440,1,Adiantado,0.12950905562748444
640278,2,34900,1735,2,Equilibrado,-0.020818661446461363
640329,2,34900,429,2,Equilibrado,-0.02807389872858517
640429,2,34900,911,1,Adiantado,0.03319468857354187
640584,2,34900,86,0,Tardio,0.40793081020842775
640711,2,34900,248,2,Equilibrado,0.0697983607372898
640752,2,34900,768,1,Adiantado,0.17089408089327773
640848,2,34900,74,2,Equilibrado,0.1771657169157967
640892,2,34900,279,2,Equilibrado,0.1314726325535018
640913,2,34900,90,0,Tardio,0.2283890264453124
640927,2,34900,358,2,Equilibrado,0.09949570534155447
641085,2,34900,33,2,Equilibrado,0.1754662217459842
641137,2,34900,194,2,Equilibrado,0.14384170555400783
641309,2,34900,492,1,Adiantado,0.23346202532285093
641311,2,34900,790,1,Adiantado,0.05588781061939835
641363,2,34900,53,0,Tardio,0.43909979959512124
641401,2,34900,234,2,Equilibrado,0.14345277915699436
641433,2,34900,193,2,Equilibrado,0.26142260117690114
641461,2,34900,181,1,Adiantado,0.019439296321484664
641470,2,34900,96,2,Equilibrado,0.00689473713097158
641547,2,34900,60,2,Equilibrado,0.16659594349168141
641804,2,34900,81,1,Adiantado,0.07985922053211086
641864,2,34900,408,2,Equilibrado,0.020137015174793976
641914,2,34900,637,2,Equilibrado,0.013882443298792532
642029,2,34900,469,1,Adiantado,0.2830067416581755
642056,2,34900,284,2,Equilibrado,0.06683552543767692
642375,2,34900,288,2,Equilibrado,-0.01998550557370256
642448,2,34900,583,1,Adiantado,0.2809886742237922
642449,2,34900,190,1,Adiantado,0.17298120166219974
642493,2,34900,663,1,Adiantado,0.18605878232676826
642496,2,34900,177,0,Tardio,0.1267850520193369
642498,2,34900,412,1,Adiantado,0.22037146295451707
642551,2,34900,340,1,Adiantado,0.13081414148563766
642626,2,34900,307,1,Adiantado,0.1188093502674496
642740,2,34900,622,2,Equilibrado,0.17147121342341107
642750,2,34900,667,2,Equilibrado,0.013758814910994488
642790,2,34900,291,1,Adiantado,0.11361304253282778
642840,2,34900,483,2,Equilibrado,0.05507402915195377
642843,2,34900,906,1,Adiantado,0.10193147730159234
642872,2,34900,463,1,Adiantado,0.17630554201952067
642909,2,34900,109,2,Equilibrado,0.023007124074200767
643069,2,34900,134,1,Adiantado,0.08039661776745566
643202,2,34900,249,1,Adiantado,0.20733187910078546
643220,2,34900,178,0,Tardio,0.2984503298325696
643273,2,34900,527,2,Equilibrado,-0.03393169458691439
643326,2,34900,1361,1,Adiantado,0.13480023997650498
643372,2,34900,150,1,Adiantado,0.03851457130660547
643466,2,34900,248,1,Adiantado,0.2183177530127276
643477,2,34900,783,2,Equilibrado,0.11304943079405687
643496,2,34900,1028,1,Adiantado,0.09046005452455119
643502,2,34900,203,1,Adiantado,0.02913168755835141
643591,2,34900,973,1,Adiantado,0.030510351449380354
643653,2,34900,394,1,Adiantado,0.05317432096866744
643696,2,34900,370,1,Adiantado,0.12405247267045391
643751,2,34900,590,2,Equilibrado,0.1218402955635701
643754,2,34900,658,1,Adiantado,0.06527478578500147
643757,2,34900,89,1,Adiantado,0.15927442366767217
644025,2,34900,540,1,Adiantado,0.03897341916221052
644210,2,34900,226,1,Adiantado,0.08029960395823448
644343,2,34900,198,0,Tardio,0.12066262786399021
644361,2,34900,2152,1,Adiantado,0.1841202069129324
644369,2,34900,67,1,Adiantado,0.12085906432225428
644450,2,34900,935,1,Adiantado,0.19888405817964383
644508,2,34900,1901,2,Equilibrado,0.20804864812609394
644761,2,34900,873,1,Adiantado,0.14176785935844222
644784,2,34900,1086,2,Equilibrado,-0.014525213073175707
644791,2,34900,657,2,Equilibrado,0.12989252298374748
644818,2,34900,374,1,Adiantado,0.1823863458598799
644847,2,34900,216,2,Equilibrado,0.142090125176612
644936,2,34900,71,1,Adiantado,0.13346542850666102
644974,2,34900,826,2,Equilibrado,0.021938444837393566
645003,2,34900,410,2,Equilibrado,-0.023916884291295265
645020,2,34900,475,1,Adiantado,0.18307972053616092
645078,2,34900,395,2,Equilibrado,0.1027813702083761
645145,2,34900,116,1,Adiantado,0.2110430915371074
645405,2,34900,1361,2,Equilibrado,0.057497029103617515
645433,2,34900,143,2,Equilibrado,0.11580590053996698
645496,2,34900,409,1,Adiantado,0.14847546575975787
645518,2,34900,843,1,Adiantado,0.04228385644186442
645586,2,34900,277,2,Equilibrado,0.08409753888506717
645705,2,34900,292,2,Equilibrado,0.1892227850036257
645732,2,34900,156,1,Adiantado,0.08676187415560575
645784,2,34900,385,2,Equilibrado,0.01211103352060583
645790,2,34900,12,2,Equilibrado,0.006665094106366794
645840,2,34900,788,1,Adiantado,0.13624784625300868
645880,2,34900,72,0,Tardio,0.229398082552764
645948,2,34900,656,1,Adiantado,0.15175745716188124
645960,2,34900,232,2,Equilibrado,0.00710783244434172
645997,2,34900,603,1,Adiantado,0.05384538467897718
646015,2,34900,350,1,Adiantado,0.029389921764792725
646017,2,34900,1005,2,Equilibrado,0.05946662696382223
646053,2,34900,635,1,Adiantado,0.13503133362284564
646074,2,34900,825,1,Adiantado,0.05527741743192257
646085,2,34900,552,2,Equilibrado,0.03940124667221705
646138,2,34900,202,2,Equilibrado,0.05501370713474633
646313,2,34900,516,2,Equilibrado,0.016363185106261256
646357,2,34900,758,2,Equilibrado,-0.014357302839942167
646402,2,34900,576,1,Adiantado,0.1542248368824265
646460,2,34900,436,2,Equilibrado,0.016261480887246216
646539,2,34900,254,2,Equilibrado,0.03351791286935543
646540,2,34900,493,2,Equilibrado,0.2643106817137252
646551,2,34900,825,2,Equilibrado,0.11797651899101984
646638,2,34900,106,2,Equilibrado,0.27618892070299544
646670,2,34900,275,2,Equilibrado,0.17332908652524842
646734,2,34900,108,0,Tardio,0.17285436212653488
646750,2,34900,379,2,Equilibrado,0.17235472606419638
646778,2,34900,537,1,Adiantado,0.22020393560734366
646807,2,34900,480,2,Equilibrado,0.07176433735020683
646990,2,34900,434,2,Equilibrado,0.07323272724545421
647005,2,34900,425,2,Equilibrado,0.013168247017625017
647040,2,34900,828,1,Adiantado,0.04542244793367092
647154,2,34900,384,2,Equilibrado,0.20419473151053558
647169,2,34900,331,2,Equilibrado,0.028181580075939093
647320,2,34900,829,1,Adiantado,0.28633476451614537
647324,2,34900,709,2,Equilibrado,-0.011901221015617877
647339,2,34900,45,0,Tardio,-0.039622582422596524
647348,2,34900,85,0,Tardio,0.3876235676873366
647391,2,34900,133,2,Equilibrado,0.2818718450591238
647398,2,34900,496,1,Adiantado,0.07194975275128186
647399,2,34900,926,2,Equilibrado,0.017750451919831305
647425,2,34900,1275,1,Adiantado,0.19925605807774288
647485,2,34900,216,2,Equilibrado,0.29382296980167705
647496,2,34900,169,2,Equilibrado,0.06724193386067145
647765,2,34900,312,2,Equilibrado,0.00039872519451230774
647841,2,34900,508,1,Adiantado,0.08810970339516257
647898,2,34900,187,2,Equilibrado,0.2044390141018928
647910,2,34900,651,0,Tardio,-0.01235521289121724
647945,2,34900,304,1,Adiantado,0.22762653030001867
647987,2,34900,693,1,Adiantado,0.13404846145107668
648027,2,34900,302,2,Equilibrado,0.07830711871711318
648037,2,34900,1234,1,Adiantado,0.11231448558148051
648038,2,34900,495,1,Adiantado,0.03866336130263518
648040,2,34900,653,2,Equilibrado,-0.025444557706443566
648086,2,34900,178,2,Equilibrado,0.05173923375915611
648105,2,34900,550,2,Equilibrado,0.15522018640241808
648114,2,34900,574,1,Adiantado,0.10180646357670757
648116,2,34900,505,2,Equilibrado,0.07016210580771577
648140,2,34900,261,2,Equilibrado,0.1932550933071963
648244,2,34900,87,0,Tardio,0.2849066326963966
648254,2,34900,358,2,Equilibrado,0.04395796622566413
648287,2,34900,522,2,Equilibrado,0.00347241775409263
648353,2,34900,118,1,Adiantado,0.06264345892785342
648365,2,34900,1236,1,Adiantado,0.18593287735729974
648366,2,34900,722,2,Equilibrado,0.09566711415951289
648457,2,34900,362,1,Adiantado,0.26883876032891374
648470,2,34900,795,2,Equilibrado,0.06314929095982999
648508,2,34900,18,1,Adiantado,0.027844614302026578
648515,2,34900,219,1,Adiantado,0.24541586991822897
648531,2,34900,479,1,Adiantado,0.13904497435735033
648536,2,34900,498,1,Adiantado,0.12869552149367405
648564,2,34900,656,1,Adiantado,0.041507447534127336
648571,2,34900,433,2,Equilibrado,0.07597632917832657
648590,2,34900,280,2,Equilibrado,0.02354406599507373
648613,2,34900,145,1,Adiantado,0.09054011164460075
648661,2,34900,116,2,Equilibrado,0.2733868956448353
648685,2,34900,769,2,Equilibrado,0.12397627903749688
648804,2,34900,374,2,Equilibrado,0.16610941832201767
648815,2,34900,745,1,Adiantado,0.2226923458546426
648903,2,34900,553,1,Adiantado,0.040928386199220956
648972,2,34900,117,2,Equilibrado,0.12758037205940023
648995,2,34900,218,1,Adiantado,0.21969871643232045
649004,2,34900,1408,2,Equilibrado,0.042116713473315005
649009,2,34900,69,0,Tardio,0.19693867505554372
649036,2,34900,60,0,Tardio,0.09139473620465753
649079,2,34900,1017,1,Adiantado,0.09205605581801213
649084,2,34900,513,2,Equilibrado,-0.004290764262716305
649093,2,34900,275,2,Equilibrado,0.028523298715858226
649118,2,34900,313,1,Adiantado,0.12336075828250814
649141,2,34900,358,1,Adiantado,0.18304401714714605
649159,2,34900,400,1,Adiantado,0.235728694158801
649165,2,34900,387,2,Equilibrado,0.17242063904920768
649207,2,34900,606,2,Equilibrado,0.03619919076465134
649212,2,34900,256,2,Equilibrado,0.10643759195929123
649230,2,34900,298,2,Equilibrado,0.2439693467794968
649258,2,34900,133,2,Equilibrado,0.24421352502802327
649284,2,34900,281,2,Equilibrado,0.12833215931519806
649325,2,34900,67,1,Adiantado,0.1635088043146813
649336,2,34900,196,0,Tardio,0.4151083888869221
649379,2,34900,651,2,Equilibrado,-0.005415902953650778
649385,2,34900,89,2,Equilibrado,0.0536157077087961
649400,2,34900,103,1,Adiantado,0.14778086539319504
649434,2,34900,429,2,Equilibrado,0.0013577346427141033
649435,2,34900,60,1,Adiantado,0.07742317063973347
649457,2,34900,869,1,Adiantado,0.16159293420672602
649469,2,34900,713,1,Adiantado,0.06351890412926633
649566,2,34900,35,0,Tardio,0.1724669950797037
649619,2,34900,467,1,Adiantado,0.04352179638351322
649735,2,34900,175,2,Equilibrado,0.11021182013221627
649806,2,34900,168,2,Equilibrado,0.16427023382989472
649891,2,34900,160,0,Tardio,0.22761998800867428
649952,2,34900,399,2,Equilibrado,0.2320491989727215
649954,2,34900,512,2,Equilibrado,0.06328929714668818
649979,2,34900,280,2,Equilibrado,0.16354085848505345
650031,2,34900,396,1,Adiantado,0.1618052864398613
650054,2,34900,451,2,Equilibrado,0.013475698237925592
650108,2,34900,757,1,Adiantado,0.06992119865637265
650123,2,34900,355,2,Equilibrado,0.008590454525092066
650148,2,34900,61,2,Equilibrado,0.04766313697546984
650160,2,34900,503,2,Equilibrado,0.0304201834269281
650170,2,34900,1044,2,Equilibrado,-0.03548573487598838
650251,2,34900,478,2,Equilibrado,0.17655284099094395
650287,2,34900,681,2,Equilibrado,0.06363872171942121
650363,2,34900,75,2,Equilibrado,0.170235500666203
650370,2,34900,212,2,Equilibrado,0.016180270636220954
650424,2,34900,488,1,Adiantado,0.1263103058186338
650461,2,34900,137,0,Tardio,0.0522653412986683
650469,2,34900,312,2,Equilibrado,0.05654309931859025
650473,2,34900,389,2,Equilibrado,-0.028283265678613424
650570,2,34900,348,2,Equilibrado,-0.00967329517511766
650682,2,34900,356,1,Adiantado,0.11497264988068648
650717,2,34900,637,1,Adiantado,0.19294954665229325
650758,2,34900,109,0,Tardio,0.20910029877177616
650861,2,34900,19,0,Tardio,0.3953352683880491
650866,2,34900,1131,1,Adiantado,0.06216677374211423
650923,2,34900,144,1,Adiantado,0.23744682909581968
650960,2,34900,39,1,Adiantado,0.030506468942190664
651040,2,34900,107,1,Adiantado,0.10045498231576609
651121,2,34900,340,2,Equilibrado,0.15221006099765813
651126,2,34900,125,1,Adiantado,0.21419034776438384
651182,2,34900,99,0,Tardio,0.20007565311053205
651200,2,34900,152,1,Adiantado,0.1654233780108835
651238,2,34900,717,2,Equilibrado,0.15945647766420468
651253,2,34900,390,2,Equilibrado,0.07306089479023656
651330,2,34900,61,0,Tardio,0.4151763302771391
651334,2,34900,105,1,Adiantado,0.04783085482542928
651354,2,34900,625,1,Adiantado,0.09922258780468896
651381,2,34900,533,1,Adiantado,0.042663349563598275
651419,2,34900,598,1,Adiantado,0.08689539140617432
651478,2,34900,1282,1,Adiantado,0.10455496738178272
651498,2,34900,419,1,Adiantado,0.08293244339927727
651555,2,34900,219,2,Equilibrado,0.18589736148517458
651598,2,34900,440,1,Adiantado,0.1975002356113519
651881,2,34900,385,1,Adiantado,0.2002239795288485
651886,2,34900,231,2,Equilibrado,0.18841531630613692
651927,2,34900,169,1,Adiantado,0.18223676898071273
651990,2,34900,343,1,Adiantado,0.22985372929921566
652008,2,34900,384,2,Equilibrado,0.037676363206930304
652064,2,34900,682,2,Equilibrado,0.20669765271650853
652087,2,34900,273,2,Equilibrado,0.057425059412729886
652333,2,34900,190,1,Adiantado,0.19586027745369183
652335,2,34900,642,1,Adiantado,0.20762663862297448
652438,2,34900,216,1,Adiantado,0.02278513215553281
652576,2,34900,383,2,Equilibrado,0.21189082863245812
652625,2,34900,428,2,Equilibrado,0.12980313053968814
652647,2,34900,187,1,Adiantado,0.15297345331100384
652659,2,34900,251,1,Adiantado,0.02906177524446623
652664,2,34900,87,1,Adiantado,0.10824187439381945
652672,2,34900,262,1,Adiantado,0.05398993738315059
652684,2,34900,1320,1,Adiantado,0.1350953078721684
652711,2,34900,361,2,Equilibrado,0.15513181191038017
652753,2,34900,1081,2,Equilibrado,0.10906565632034414
652769,2,34900,51,2,Equilibrado,0.11854211602778604
652788,2,34900,507,2,Equilibrado,0.1881352692911272
652801,2,34900,464,1,Adiantado,0.3078079521414066
652832,2,34900,132,2,Equilibrado,0.1796825048046411
652887,2,34900,290,1,Adiantado,0.07258396181334865
652890,2,34900,113,2,Equilibrado,0.023356585609614174
652898,2,34900,666,2,Equilibrado,0.023657778441341034
652994,2,34900,79,0,Tardio,0.22087075983415783
653045,2,34900,765,2,Equilibrado,0.009091959725720293
653115,2,34900,35,0,Tardio,0.42030285472632156
653144,2,34900,189,2,Equilibrado,-0.0025575068115215177
653297,2,34900,321,2,Equilibrado,0.15523494660874726
653301,2,34900,459,1,Adiantado,0.21635167961125976
653356,2,34900,226,0,Tardio,0.020339013485286276
653372,2,34900,44,0,Tardio,0.080250864836992
653381,2,34900,397,2,Equilibrado,0.029292144809856795
653417,2,34900,96,2,Equilibrado,0.12982858046579104
653536,2,34900,251,1,Adiantado,0.13246579238982464
653558,2,34900,575,1,Adiantado,0.21153734437505006
653567,2,34900,375,1,Adiantado,0.04656627628262388
653595,2,34900,439,2,Equilibrado,0.1368349385400839
653653,2,34900,149,2,Equilibrado,0.17196065468984623
653659,2,34900,55,0,Tardio,0.23980597460359032
653773,2,34900,520,1,Adiantado,0.02903758245761612
653797,2,34900,458,1,Adiantado,0.18071038673526707
653841,2,34900,388,0,Tardio,0.02075787210029644
653857,2,34900,266,0,Tardio,0.07040993731808973
654045,2,34900,325,0,Tardio,-0.0062232116819812755
654048,2,34900,276,1,Adiantado,0.1877970086719157
654094,2,34900,125,1,Adiantado,0.15799537512835346
654114,2,34900,536,2,Equilibrado,0.13082286599166112
654169,2,34900,408,1,Adiantado,0.03784951732393604
654217,2,34900,271,1,Adiantado,0.1999196958205245
654228,2,34900,79,2,Equilibrado,0.12406950032163291
654236,2,34900,251,2,Equilibrado,0.13807703628053497
654260,2,34900,183,1,Adiantado,0.060400217196956915
654339,2,34900,130,1,Adiantado,0.2448230149770037
654441,2,34900,894,2,Equilibrado,0.026582667326010844
654563,2,34900,332,1,Adiantado,0.07100203771277142
654565,2,34900,79,2,Equilibrado,0.24419119685703794
654578,2,34900,373,2,Equilibrado,0.030763813188579604
654597,2,34900,421,2,Equilibrado,0.1675769684416866
654692,2,34900,402,2,Equilibrado,0.15045091482418463
654819,2,34900,1674,1,Adiantado,0.08274049114240717
654824,2,34900,801,1,Adiantado,0.10442842546357828
654834,2,34900,673,1,Adiantado,0.1173927056408602
654852,2,34900,481,1,Adiantado,0.09344222227184594
654867,2,34900,520,2,Equilibrado,0.13179507358736056
654947,2,34900,425,0,Tardio,0.08512387337496921
655028,2,34900,249,0,Tardio,-0.017860278883955517
655115,2,34900,616,2,Equilibrado,0.11625955382983932
655124,2,34900,17,0,Tardio,0.08898822007930145
655127,2,34900,528,1,Adiantado,0.030531438946659505
655353,2,34900,870,1,Adiantado,0.21894010942067485
655386,2,34900,766,2,Equilibrado,0.14299901400795428
655412,2,34900,234,0,Tardio,-0.03855295485569402
655416,2,34900,86,2,Equilibrado,0.1222529714712729
655445,2,34900,402,2,Equilibrado,0.09777140290594392
655569,2,34900,201,2,Equilibrado,0.06173166553736247
655796,2,34900,205,2,Equilibrado,0.05333007960919964
655927,2,34900,146,0,Tardio,-0.017242008572654285
655981,2,34900,151,1,Adiantado,0.061961944754220996
656065,2,34900,429,1,Adiantado,0.1938397211618348
656086,2,34900,468,2,Equilibrado,-0.010483816399024154
656092,2,34900,427,2,Equilibrado,0.06912674565264626
656131,2,34900,308,2,Equilibrado,0.21991726231357117
656145,2,34900,20,0,Tardio,0.2257473620622479
656158,2,34900,719,1,Adiantado,0.12966558125688443
656159,2,34900,325,2,Equilibrado,0.11759175803588845
656165,2,34900,288,2,Equilibrado,0.19121147097408925
656234,2,34900,499,1,Adiantado,0.04248996613702854
656323,2,34900,486,2,Equilibrado,0.0015291094031390671
656353,2,34900,564,1,Adiantado,0.2031878012899139
656360,2,34900,422,2,Equilibrado,0.016089626025948742
656414,2,34900,346,1,Adiantado,0.25357983261182476
656436,2,34900,186,2,Equilibrado,0.04983820789644559
656529,2,34900,829,1,Adiantado,0.12364601837340479
656579,2,34900,356,1,Adiantado,0.17636656953193022
656607,2,34900,274,1,Adiantado,0.06301722894299182
656651,2,34900,156,1,Adiantado,0.10452268236437649
656734,2,34900,881,1,Adiantado,0.14341054737428335
656791,2,34900,1190,1,Adiantado,0.07866192816941538
656800,2,34900,189,2,Equilibrado,0.08718947515431615
656882,2,34900,1001,1,Adiantado,0.06652421907101899
656988,2,34900,367,1,Adiantado,0.16541097724931428
656996,2,34900,311,2,Equilibrado,0.12828744885604892
657048,2,34900,263,2,Equilibrado,0.11817715942241563
657220,2,34900,220,2,Equilibrado,0.08618682409493668
657330,2,34900,470,1,Adiantado,0.08846286236763333
657344,2,34900,574,2,Equilibrado,0.0009868497125515234
674222,2,34900,412,1,Adiantado,0.12109999150303398
674226,2,34900,442,2,Equilibrado,0.17630529361386935
674236,2,34900,143,1,Adiantado,0.03637669417824272
674262,2,34900,737,2,Equilibrado,0.012002801588162809
674320,2,34900,306,1,Adiantado,0.17061443546329408
674387,2,34900,680,2,Equilibrado,0.10962356399003158
674406,2,34900,223,0,Tardio,0.06324935524996265
674451,2,34900,235,1,Adiantado,0.19488876164700839
674478,2,34900,336,0,Tardio,-0.05399313921984744
674484,2,34900,519,2,Equilibrado,0.15040054188792681
674497,2,34900,321,2,Equilibrado,0.03441540462433446
674509,2,34900,1357,1,Adiantado,0.09049797471182687
674584,2,34900,382,2,Equilibrado,0.10195667820231272
674594,2,34900,296,1,Adiantado,0.22087579100506585
674644,2,34900,423,2,Equilibrado,0.11932097429911605
674657,2,34900,511,2,Equilibrado,0.1368159363625061
674671,2,34900,455,2,Equilibrado,0.03128252167789529
674691,2,34900,733,2,Equilibrado,0.10486208712060542
674694,2,34900,369,1,Adiantado,0.06658567311992905
674699,2,34900,432,2,Equilibrado,0.026932962165967723
674751,2,34900,291,2,Equilibrado,0.2298375601788099
674831,2,34900,342,1,Adiantado,0.06801457943424505
674870,2,34900,951,1,Adiantado,0.10822733972721399
674921,2,34900,673,2,Equilibrado,-0.004653427357015178
675021,2,34900,546,1,Adiantado,0.23261178100029276
675054,2,34900,216,1,Adiantado,0.07878823307753731
675193,2,34900,232,1,Adiantado,0.08617608300602615
675225,2,34900,409,2,Equilibrado,-0.003926948834743804
675233,2,34900,470,2,Equilibrado,0.06315397851378038
675261,2,34900,201,0,Tardio,0.07354545148338724
675273,2,34900,89,2,Equilibrado,0.055529474879384505
675279,2,34900,1639,1,Adiantado,0.05576733109735967
675315,2,34900,572,2,Equilibrado,0.21440554016451485
675328,2,34900,337,1,Adiantado,0.1745837784494089
675474,2,34900,75,0,Tardio,-0.01769124262750689
675566,2,34900,284,2,Equilibrado,0.10568587091585015
675577,2,34900,278,1,Adiantado,0.032430601346801355
675636,2,34900,471,2,Equilibrado,0.11065971371100414
675710,2,34900,498,1,Adiantado,0.16944955952206167
675989,2,34900,684,2,Equilibrado,-0.0294794152093965
676007,2,34900,228,1,Adiantado,0.17607469678937843
676040,2,34900,285,2,Equilibrado,0.026582343077029513
676064,2,34900,528,1,Adiantado,0.17556409853601765
676103,2,34900,341,0,Tardio,0.012670423657432312
676139,2,34900,368,1,Adiantado,0.20375481178619498
676190,2,34900,534,2,Equilibrado,0.24504447479789043
676265,2,34900,316,2,Equilibrado,-0.027487503708234256
676303,2,34900,92,0,Tardio,0.2532645438882674
676378,2,34900,336,2,Equilibrado,0.08931649315168311
676444,2,34900,1107,2,Equilibrado,0.07285334868204488
676458,2,34900,417,2,Equilibrado,0.10185764002201342
676459,2,34900,389,2,Equilibrado,-0.01833278242732713
676478,2,34900,350,1,Adiantado,0.16423840875066267
676492,2,34900,822,2,Equilibrado,0.09994568270008511
676610,2,34900,913,1,Adiantado,0.09924153292783992
676626,2,34900,618,1,Adiantado,0.0791211253943262
676866,2,34900,812,1,Adiantado,0.141193832281874
676882,2,34900,352,2,Equilibrado,0.009266782037204527
677085,2,34900,301,2,Equilibrado,0.15991077054380406
677111,2,34900,616,2,Equilibrado,0.18749258990879292
677138,2,34900,520,2,Equilibrado,0.08070804416607331
677155,2,34900,602,2,Equilibrado,0.1075124716093809
677167,2,34900,231,1,Adiantado,0.134183967227899
677206,2,34900,272,1,Adiantado,0.1535972086564657
677221,2,34900,617,1,Adiantado,0.12363061402469239
677235,2,34900,34,1,Adiantado,0.03743264194485155
677382,2,34900,666,2,Equilibrado,0.17326964426362518
677400,2,34900,558,1,Adiantado,0.2945397749591143
677436,2,34900,430,1,Adiantado,0.1635467310905819
677456,2,34900,703,2,Equilibrado,0.09057148592272116
677486,2,34900,352,2,Equilibrado,0.014612950996647608
677546,2,34900,199,2,Equilibrado,0.08538219957479576
677582,2,34900,490,2,Equilibrado,0.06186460965828278
677655,2,34900,681,1,Adiantado,0.1639736990791897
677687,2,34900,104,2,Equilibrado,0.006082847082392397
677748,2,34900,363,2,Equilibrado,0.03218646068924453
677767,2,34900,299,2,Equilibrado,0.12587747287686132
677833,2,34900,702,2,Equilibrado,0.1308809448797867
677867,2,34900,1039,1,Adiantado,0.13324197950331965
678088,2,34900,1662,1,Adiantado,0.13219639020685778
678203,2,34900,179,0,Tardio,0.3454462670087674
678235,2,34900,1190,1,Adiantado,0.10586425892621491
678270,2,34900,35,2,Equilibrado,0.10515763196491502
678381,2,34900,276,1,Adiantado,0.059785436602641455
678407,2,34900,669,1,Adiantado,0.16381922645813232
678452,2,34900,92,1,Adiantado,0.21738588587080174
678528,2,34900,650,1,Adiantado,0.23319540655172713
678619,2,34900,204,1,Adiantado,0.22045299240060873
678628,2,34900,216,1,Adiantado,0.1259896027377394
678659,2,34900,225,1,Adiantado,0.03369560491844995
678819,2,34900,448,1,Adiantado,0.25878124866323177
678831,2,34900,46,2,Equilibrado,0.12387881245792869
678859,2,34900,585,1,Adiantado,0.16190431375343933
678877,2,34900,352,1,Adiantado,0.27877173163315083
678946,2,34900,701,1,Adiantado,0.11400198458709236
678954,2,34900,591,2,Equilibrado,0.00038703643998207123
679019,2,34900,120,2,Equilibrado,0.20266251595771767
679036,2,34900,2804,2,Equilibrado,0.02513055455974515
679111,2,34900,317,2,Equilibrado,0.11896898044821574
679189,2,34900,715,2,Equilibrado,0.05860210255094186
679227,2,34900,576,1,Adiantado,0.20900143364953175
679237,2,34900,592,2,Equilibrado,0.26082704996442474
679251,2,34900,119,2,Equilibrado,0.0478314497479282
679262,2,34900,197,2,Equilibrado,0.03329534983352924
679278,2,34900,224,2,Equilibrado,0.0493509851182808
679342,2,34900,453,1,Adiantado,0.0622125743003641
679384,2,34900,494,2,Equilibrado,0.01852632232209827
679386,2,34900,133,2,Equilibrado,0.14265093608288004
679402,2,34900,238,2,Equilibrado,-0.023627638736536553
679445,2,34900,337,2,Equilibrado,0.05665456302000802
679448,2,34900,741,2,Equilibrado,-0.019211805771542075
679498,2,34900,186,1,Adiantado,0.2685812536556764
679509,2,34900,203,1,Adiantado,0.08478285297075876
679594,2,34900,839,1,Adiantado,0.10473665594186936
679676,2,34900,900,1,Adiantado,0.18235792574385346
679788,2,34900,129,1,Adiantado,0.10463697605808576
679790,2,34900,505,2,Equilibrado,0.04673265764088878
679939,2,34900,152,2,Equilibrado,0.039391498730023365
680014,2,34900,594,1,Adiantado,0.23345409507632453
680018,2,34900,247,2,Equilibrado,0.060164422196066325
680027,2,34900,1299,2,Equilibrado,-0.037455183329610384
680080,2,34900,830,2,Equilibrado,0.04493053035467435
680145,2,34900,71,0,Tardio,0.3262239173717997
680212,2,34900,465,2,Equilibrado,0.27424469732934975
680231,2,34900,225,1,Adiantado,0.07169859487087071
680266,2,34900,488,2,Equilibrado,0.13109497227405095
680270,2,34900,607,2,Equilibrado,0.01053886194313607
680273,2,34900,898,1,Adiantado,0.13047291924236412
680322,2,34900,468,1,Adiantado,0.1211887254474264
680343,2,34900,799,2,Equilibrado,0.08326202581170139
680348,2,34900,447,1,Adiantado,0.15534805347541292
680443,2,34900,855,2,Equilibrado,0.08184354795907302
680464,2,34900,312,1,Adiantado,0.05715777150569061
680506,2,34900,71,0,Tardio,0.3200774525785713
680572,2,34900,1448,1,Adiantado,0.07882984300952442
680708,2,34900,234,2,Equilibrado,0.09905678153443868
680713,2,34900,573,2,Equilibrado,0.06150441290197928
680747,2,34900,351,1,Adiantado,0.20534135607807705
680775,2,34900,128,2,Equilibrado,0.23728752265587685
680810,2,34900,1252,2,Equilibrado,-0.017139752772111834
680872,2,34900,135,2,Equilibrado,0.196115107153872
680912,2,34900,301,2,Equilibrado,-0.016037493927133467
680955,2,34900,624,2,Equilibrado,0.046551548648791824
680974,2,34900,172,1,Adiantado,0.09310255960258132
681004,2,34900,476,2,Equilibrado,0.15376735978308242
681152,2,34900,317,1,Adiantado,0.11977529587062731
681235,2,34900,282,2,Equilibrado,0.20971960048961855
681277,2,34900,55,0,Tardio,0.43852141406112066
681328,2,34900,581,2,Equilibrado,0.03940953111941042
681341,2,34900,96,2,Equilibrado,0.1207536204063929
681352,2,34900,336,2,Equilibrado,0.17236805125931826
681354,2,34900,100,2,Equilibrado,0.04668767410025624
681452,2,34900,39,0,Tardio,0.3405954120881606
681490,2,34900,730,2,Equilibrado,0.08442102993924569
681608,2,34900,106,2,Equilibrado,0.21596766975867773
681633,2,34900,464,2,Equilibrado,0.004186613906453545
681652,2,34900,373,1,Adiantado,0.29085392659699166
681655,2,34900,376,2,Equilibrado,0.1555562838696222
681658,2,34900,415,1,Adiantado,0.08760170155997642
681735,2,34900,152,2,Equilibrado,0.04877896270217444
681755,2,34900,201,1,Adiantado,0.1370297100523796
681763,2,34900,836,2,Equilibrado,0.1338997737804963
681938,2,34900,254,1,Adiantado,0.11073079489308195
681973,2,34900,194,0,Tardio,0.27716203343067797
682019,2,34900,226,2,Equilibrado,0.024275072141052272
682025,2,34900,106,0,Tardio,0.020403236708684973
682070,2,34900,509,1,Adiantado,0.11621206668499548
682276,2,34900,372,1,Adiantado,0.09807787906060832
682298,2,34900,411,1,Adiantado,0.07715639909276387
682358,2,34900,359,2,Equilibrado,0.06752848020617198
682390,2,34900,80,0,Tardio,0.004670824109874206
682391,2,34900,248,2,Equilibrado,0.01442754679129021
682436,2,34900,451,2,Equilibrado,0.13216686611336045
682437,2,34900,918,1,Adiantado,0.15421383292189197
682504,2,34900,145,1,Adiantado,0.09893115660022522
682511,2,34900,297,2,Equilibrado,0.03453811651312655
682539,2,34900,644,2,Equilibrado,0.03896619637551158
682569,2,34900,819,1,Adiantado,0.09949091679569544
682588,2,34900,632,1,Adiantado,0.15700958030731085
682613,2,34900,871,1,Adiantado,0.1536975194029526
682632,2,34900,865,1,Adiantado,0.037330978638902716
682695,2,34900,348,1,Adiantado,0.15966126442448877
682753,2,34900,521,1,Adiantado,0.11601882211731535
682839,2,34900,846,1,Adiantado,0.04300081851343972
682863,2,34900,217,2,Equilibrado,0.12922208204230518
682894,2,34900,555,2,Equilibrado,-0.004346286885995904
682963,2,34900,324,1,Adiantado,0.024957105832399462
682981,2,34900,548,2,Equilibrado,0.20613420936649304
682983,2,34900,293,1,Adiantado,0.12934691176340235
682985,2,34900,240,0,Tardio,0.044982426666185814
682990,2,34900,758,2,Equilibrado,0.048322481999000445
683033,2,34900,707,2,Equilibrado,0.02037775930831198
683094,2,34900,98,1,Adiantado,0.14068686949482406
683177,2,34900,410,0,Tardio,-0.0643215719276896
683178,2,34900,487,2,Equilibrado,0.22004941071773554
683243,2,34900,179,2,Equilibrado,0.1137756012137976
683305,2,34900,95,0,Tardio,-0.04609265394897452
683346,2,34900,583,2,Equilibrado,-0.0018994622036281163
683352,2,34900,446,2,Equilibrado,0.15314721634183592
683353,2,34900,455,2,Equilibrado,0.1316110730262636
683375,2,34900,326,1,Adiantado,0.13643287192837508
683403,2,34900,775,2,Equilibrado,0.04860028089707745
683446,2,34900,214,2,Equilibrado,0.015911190422139357
683467,2,34900,86,0,Tardio,0.3293120651931151
683530,2,34900,1446,1,Adiantado,0.1326015557127602
683550,2,34900,74,2,Equilibrado,0.11153964004570943
683555,2,34900,102,0,Tardio,0.01726788982782367
683604,2,34900,682,1,Adiantado,0.19985432264027939
683624,2,34900,1374,2,Equilibrado,-0.016155339473850863
683699,2,34900,127,1,Adiantado,0.03473351401052708
683745,2,34900,386,2,Equilibrado,0.05677592085599625
683764,2,34900,197,2,Equilibrado,0.21516540391326833
683772,2,34900,431,2,Equilibrado,0.1352222617034563
683820,2,34900,327,1,Adiantado,0.0790077856261376
683832,2,34900,239,1,Adiantado,0.04312896108970074
683902,2,34900,105,1,Adiantado,0.11551275599182871
683934,2,34900,600,2,Equilibrado,0.10523906085535506
684013,2,34900,509,1,Adiantado,0.08658479672376768
684040,2,34900,473,1,Adiantado,0.14740504186971456
684183,2,34900,524,2,Equilibrado,0.014652068590809789
684311,2,34900,228,1,Adiantado,0.14409346447416893
684383,2,34900,518,2,Equilibrado,0.1393446636309749
684386,2,34900,624,1,Adiantado,0.21735463538636554
684526,2,34900,540,2,Equilibrado,-0.014965731227627455
684592,2,34900,290,1,Adiantado,0.07045404459583567
684671,2,34900,556,1,Adiantado,0.14267368517513004
684675,2,34900,127,2,Equilibrado,0.07282406065541647
684882,2,34900,1889,2,Equilibrado,0.0409253612920705
684981,2,34900,1184,2,Equilibrado,-0.01629864997482599
685004,2,34900,222,2,Equilibrado,0.19242168858086747
685105,2,34900,56,0,Tardio,0.3066964641145375
685128,2,34900,310,1,Adiantado,0.025728222110598747
685140,2,34900,224,2,Equilibrado,0.15461098640846485
685155,2,34900,414,2,Equilibrado,0.08854709857219145
685212,2,34900,678,2,Equilibrado,-0.005110270034792338
685276,2,34900,482,2,Equilibrado,0.156247431444242
685283,2,34900,97,0,Tardio,0.03262742220394852
685330,2,34900,1366,1,Adiantado,0.13281937954895093
685339,2,34900,258,2,Equilibrado,0.05942221021808769
685367,2,34900,416,2,Equilibrado,0.1973733853915529
685373,2,34900,537,2,Equilibrado,-0.0027433231404889445
685378,2,34900,45,2,Equilibrado,0.013376301128058628
685410,2,34900,811,2,Equilibrado,0.05814034120130007
685619,2,34900,127,0,Tardio,0.39240045539046253
685657,2,34900,161,1,Adiantado,0.024898895690048328
685705,2,34900,452,2,Equilibrado,0.15967503215845044
685708,2,34900,197,2,Equilibrado,-0.020193959481975266
685772,2,34900,535,2,Equilibrado,0.02831946428546508
685831,2,34900,310,2,Equilibrado,0.14777210284951872
685860,2,34900,441,2,Equilibrado,0.018930909393994454
686065,2,34900,576,1,Adiantado,0.11447396005072759
686314,2,34900,123,0,Tardio,-0.08529762519646637
686317,2,34900,168,0,Tardio,0.22409077415940615
686344,2,34900,542,2,Equilibrado,0.07068776582943002
686348,2,34900,940,2,Equilibrado,-0.00779685726929843
686498,2,34900,404,2,Equilibrado,-0.04035297467456506
686522,2,34900,345,1,Adiantado,0.1709041081045047
686558,2,34900,137,2,Equilibrado,0.04059796895457368
686700,2,34900,72,0,Tardio,0.14803701969812103
686705,2,34900,227,2,Equilibrado,0.07263102490962088
686786,2,34900,189,1,Adiantado,0.10483029342325588
686946,2,34900,131,2,Equilibrado,0.199872914072672
687033,2,34900,150,0,Tardio,0.35770272370600603
687073,2,34900,307,1,Adiantado,0.13641040024551418
687112,2,34900,548,2,Equilibrado,0.06569397027021287
687115,2,34900,119,0,Tardio,0.23466912774873686
687288,2,34900,398,2,Equilibrado,0.1276921736176064
687304,2,34900,281,1,Adiantado,0.036663177137328216
687341,2,34900,231,1,Adiantado,0.23680752468968574
687345,2,34900,126,2,Equilibrado,0.1464734056816263
687351,2,34900,471,2,Equilibrado,0.11199326122183745
687410,2,34900,288,2,Equilibrado,-0.0009703949337202779
687434,2,34900,1210,2,Equilibrado,0.1207158380712357
687468,2,34900,411,1,Adiantado,0.07694835784456446
687485,2,34900,598,2,Equilibrado,0.1101694194893772
687503,2,34900,655,2,Equilibrado,0.08530634351481242
687510,2,34900,50,2,Equilibrado,0.07126485037773633
687511,2,34900,146,2,Equilibrado,0.1530066654742429
687525,2,34900,227,1,Adiantado,0.07001748210508171
687686,2,34900,251,1,Adiantado,0.10618392394468397
687752,2,34900,79,0,Tardio,0.2696224186637038
687846,2,34900,154,0,Tardio,0.35457939370494457
687910,2,34900,460,2,Equilibrado,0.10129725462324449
687930,2,34900,857,2,Equilibrado,-0.03940606741357039
687931,2,34900,484,1,Adiantado,0.24334215142340165
687988,2,34900,380,2,Equilibrado,0.023586943259647712
688008,2,34900,371,2,Equilibrado,0.016202921181614854
688127,2,34900,567,2,Equilibrado,0.000522402161437882
688136,2,34900,979,1,Adiantado,0.15826728234994358
688159,2,34900,495,1,Adiantado,0.07996368080257692
688192,2,34900,391,1,Adiantado,0.18723504199596683
688225,2,34900,543,2,Equilibrado,0.06907235856703219
688250,2,34900,42,2,Equilibrado,0.11236467158713494
688265,2,34900,315,2,Equilibrado,0.061086747517376916
688337,2,34900,318,2,Equilibrado,0.0362574686982504
688470,2,34900,105,0,Tardio,0.22581101585254595
688543,2,34900,638,1,Adiantado,0.05033150765635492
688667,2,34900,782,2,Equilibrado,0.0711173007648029
688685,2,34900,351,1,Adiantado,0.1408182058791874
688727,2,34900,1174,1,Adiantado,0.1292717424761379
688881,2,34900,208,2,Equilibrado,0.08725548532764464
688891,2,34900,70,1,Adiantado,0.10426400526056992
688895,2,34900,776,2,Equilibrado,0.15795983640081734
688904,2,34900,765,2,Equilibrado,0.17725436391360225
688976,2,34900,245,2,Equilibrado,0.06824978228660239
689005,2,34900,115,2,Equilibrado,0.06103093326593709
689052,2,34900,40,2,Equilibrado,0.19252748953508378
689056,2,34900,239,2,Equilibrado,-0.0019011913380207594
689260,2,34900,235,1,Adiantado,0.12419300688419875
689280,2,34900,649,2,Equilibrado,0.012056625172993954
689347,2,34900,221,2,Equilibrado,0.07324979308787931
689444,2,34900,557,1,Adiantado,0.21261061826488026
689796,2,34900,878,2,Equilibrado,0.1291994859982184
689832,2,34900,234,1,Adiantado,0.04221791945219539
689855,2,34900,316,2,Equilibrado,-0.018410023017876448
689924,2,34900,485,0,Tardio,0.013691716089067905
690075,2,34900,250,1,Adiantado,0.05034513139209421
690198,2,34900,516,2,Equilibrado,0.054592723170725874
690296,2,34900,238,1,Adiantado,0.04345105293254553
690382,2,34900,310,1,Adiantado,0.06840610681127125
690628,2,34900,416,2,Equilibrado,0.045855317038619975
690635,2,34900,126,0,Tardio,0.11111284325182512
690746,2,34900,957,2,Equilibrado,0.06083825488532162
690832,2,34900,1191,1,Adiantado,0.24708022943900407
690872,2,34900,351,2,Equilibrado,0.21356818198825814
690962,2,34900,95,2,Equilibrado,0.06843153537960972
691269,2,34900,382,2,Equilibrado,-0.008527647317966994
691280,2,34900,26,1,Adiantado,0.10344719456301199
691326,2,34900,1493,1,Adiantado,0.08656755083997955
691375,2,34900,269,1,Adiantado,0.21890480518033847
691465,2,34900,334,1,Adiantado,0.19273533216753547
691699,2,34900,306,1,Adiantado,0.031084577412112804
691722,2,34900,773,1,Adiantado,0.09569513036498996
691873,2,34900,279,1,Adiantado,0.1530223856479083
691932,2,34900,555,1,Adiantado,0.18248285699366074
692010,2,34900,735,1,Adiantado,0.22477837715526117
692097,2,34900,415,1,Adiantado,0.09932939973610468
692220,2,34900,217,1,Adiantado,0.07722754656286693
692297,2,34900,45,0,Tardio,0.2938369202608002
692301,2,34900,62,0,Tardio,0.012470347469637337
692334,2,34900,474,1,Adiantado,0.25221502894259545
692454,2,34900,327,1,Adiantado,0.13430322622889232
692612,2,34900,780,1,Adiantado,0.18301701736893497
692632,2,34900,291,0,Tardio,-0.06865030871949171
692893,2,34900,102,2,Equilibrado,0.1968572441922976
692946,2,34900,40,0,Tardio,-0.05174573187906982
692962,2,34900,901,1,Adiantado,0.0767936995863535
692968,2,34900,236,1,Adiantado,0.045155675160761945
693160,2,34900,302,1,Adiantado,0.0874542852748999
693162,2,34900,794,1,Adiantado,0.060633205979551796
693197,2,34900,123,1,Adiantado,0.07880740072268005
693236,2,34900,448,2,Equilibrado,0.15656692397477032
693345,2,34900,75,0,Tardio,0.3953352683880491
693373,2,34900,522,2,Equilibrado,0.07149389181331099
693497,2,34900,764,1,Adiantado,0.19278824121573718
693519,2,34900,74,0,Tardio,0.27694765167740193
693573,2,34900,219,2,Equilibrado,0.16829256841274098
693628,2,34900,519,2,Equilibrado,-0.034269039724165375
693764,2,34900,45,1,Adiantado,0.008613893525484393
693806,2,34900,596,2,Equilibrado,0.03082115248949902
693873,2,34900,272,2,Equilibrado,0.06642742560519989
693903,2,34900,206,2,Equilibrado,0.03456386933398386
693906,2,34900,248,1,Adiantado,0.1588619413620408
693907,2,34900,451,2,Equilibrado,0.13354567683738097
694128,2,34900,534,1,Adiantado,0.07372298350838337
694144,2,34900,261,1,Adiantado,0.10806212501210083
694221,2,34900,139,2,Equilibrado,0.14969670755359532
694284,2,34900,488,1,Adiantado,0.0369274951890064
694428,2,34900,116,2,Equilibrado,0.025256730832865892
694456,2,34900,13,2,Equilibrado,0.15132060667377548
694622,2,34900,611,1,Adiantado,0.07101463214818543
694716,2,34900,214,1,Adiantado,0.04044720215443522
694827,2,34900,297,2,Equilibrado,0.20994782172229723
694836,2,34900,438,2,Equilibrado,0.08727450949262287
694848,2,34900,603,1,Adiantado,0.27751583793893797
695090,2,34900,138,2,Equilibrado,0.18016172685513757
695169,2,34900,366,2,Equilibrado,0.12523167764228163
695250,2,34900,408,1,Adiantado,0.2782073105065397
695471,2,34900,258,1,Adiantado,0.23271935005715755
695485,2,34900,387,2,Equilibrado,0.06075209090415719
695550,2,34900,423,2,Equilibrado,0.02864352487607834
695637,2,34900,650,1,Adiantado,0.16586683283592768
695700,2,34900,212,2,Equilibrado,0.13782240784385733
695729,2,34900,1038,1,Adiantado,0.1659425712919979
695748,2,34900,435,2,Equilibrado,0.010809425487185772
695803,2,34900,547,2,Equilibrado,-0.0349079340546065
695825,2,34900,679,2,Equilibrado,0.01998043661012385
695869,2,34900,540,2,Equilibrado,-0.02450452499367489
695926,2,34900,347,2,Equilibrado,0.041444531391434156
696039,2,34900,244,2,Equilibrado,0.08996356266472998
696043,2,34900,101,1,Adiantado,0.113021371216857
696071,2,34900,367,1,Adiantado,0.11469830330518355
696082,2,34900,267,2,Equilibrado,0.09813914998969615
696188,2,34900,49,0,Tardio,0.2785156637784089
696275,2,34900,1319,1,Adiantado,0.10020367567197457
696318,2,34900,316,1,Adiantado,0.2624192108657071
696329,2,34900,701,1,Adiantado,0.11942563290755207
696347,2,34900,695,2,Equilibrado,0.020796178033559102
696364,2,34900,265,1,Adiantado,0.14092138288822167
696456,2,34900,80,0,Tardio,0.0882628536919798
696583,2,34900,122,0,Tardio,0.12525297257032258
696615,2,34900,99,0,Tardio,0.36467381130811216
696653,2,34900,183,1,Adiantado,0.07705373947030902
696659,2,34900,525,2,Equilibrado,0.2539718546009807
696662,2,34900,1178,2,Equilibrado,0.1415981441500591
696666,2,34900,95,1,Adiantado,0.2059455079090075
696671,2,34900,260,1,Adiantado,0.07960089417025178
696674,2,34900,88,2,Equilibrado,0.07993128091369882
696678,2,34900,277,2,Equilibrado,0.04623832225689308
696729,2,34900,439,1,Adiantado,0.19767423596761063
697027,2,34900,568,1,Adiantado,0.11801065664029417
697042,2,34900,721,2,Equilibrado,0.04157687752790901
697114,2,34900,64,0,Tardio,0.42592855487655196
697255,2,34900,418,2,Equilibrado,0.058380270445547854
697438,2,34900,453,1,Adiantado,0.07422936272718303
697478,2,34900,242,1,Adiantado,0.09117388105080024
697878,2,34900,470,2,Equilibrado,-0.01789080730192647
697998,2,34900,215,2,Equilibrado,0.1488828957578299
698015,2,34900,42,2,Equilibrado,0.1700071509990124
698384,2,34900,972,2,Equilibrado,-0.012111447564279634
698485,2,34900,310,0,Tardio,0.17274737333231815
698656,2,34900,372,1,Adiantado,0.15741868133665557
699126,2,34900,41,0,Tardio,0.3953352683880491
699127,2,34900,116,0,Tardio,0.4027734991161615
699128,2,34900,430,1,Adiantado,0.018533369641927745
836614,2,34900,553,1,Adiantado,0.2066854629681692
895524,2,34900,876,2,Equilibrado,0.027641104531119027
1021350,2,34900,47,2,Equilibrado,0.06370606648203295
1042726,2,34900,485,2,Equilibrado,0.21509069413361992
1318759,2,34900,1055,1,Adiantado,0.054375304814093986
1348205,2,34900,974,1,Adiantado,0.10266042616346013
1391717,2,34900,320,1,Adiantado,0.14544369595346215
1409532,2,34900,433,2,Equilibrado,0.16333748973398424
1413902,2,34900,653,2,Equilibrado,0.23121493944186394
1448966,2,34900,99,0,Tardio,0.18837878490340315
1450604,2,34900,412,2,Equilibrado,0.21809634168545072
1473878,2,34900,438,1,Adiantado,0.2705682557038249
1477284,2,34900,401,1,Adiantado,0.0692809006865343
1501577,2,34900,269,2,Equilibrado,0.15055776294590673
1514245,2,34900,181,2,Equilibrado,0.07337796037587917
1532711,2,34900,168,0,Tardio,0.273348527584474
1585671,2,34900,458,1,Adiantado,0.035967793806975984
1603549,2,34900,258,2,Equilibrado,0.18839250437584104
1631797,2,34900,417,2,Equilibrado,0.02610896454995407
1639699,2,34900,481,2,Equilibrado,0.04918117286897548
1640680,2,34900,147,2,Equilibrado,0.12933858802207335
1658963,2,34900,172,0,Tardio,0.26725788176515575
1677677,2,34900,423,2,Equilibrado,0.20014514863395075
1722493,2,34900,1116,1,Adiantado,0.08956676447032909
1733664,2,34900,967,1,Adiantado,0.3037355318113913
1752994,2,34900,477,2,Equilibrado,-0.00996845246835695
1755594,2,34900,424,2,Equilibrado,0.023618414441447116
1771775,2,34900,332,2,Equilibrado,0.02360458565754042
1796402,2,34900,569,1,Adiantado,0.052432045175171325
1810759,2,34900,321,1,Adiantado,0.18451497570653608
1816458,2,34900,659,2,Equilibrado,0.03591678405588681
1817710,2,34900,372,1,Adiantado,0.08799626109480363
1818385,2,34900,295,1,Adiantado,0.2275234090030041
1836241,2,34900,583,1,Adiantado,0.10542790085624373
1837138,2,34900,1848,2,Equilibrado,0.05502599422702301
1856869,2,34900,203,2,Equilibrado,0.20029364931616714
1871598,2,34900,3264,2,Equilibrado,0.015194535387781927
1871684,2,34900,252,1,Adiantado,0.12433073102829269
1877902,2,34900,464,2,Equilibrado,0.030915906168917713
1879321,2,34900,1164,1,Adiantado,0.23944985740380972
1881231,2,34900,146,1,Adiantado,0.02858383640429672
1887108,2,34900,715,1,Adiantado,0.07824278590248294
1889752,2,34900,1092,2,Equilibrado,0.12863679998069794
1944167,2,34900,125,0,Tardio,0.03626341128385664
1948159,2,34900,351,2,Equilibrado,0.16985072145634772
1962049,2,34900,1126,1,Adiantado,0.22164963724394152
1962062,2,34900,302,1,Adiantado,0.11849702130288044
1972092,2,34900,1420,1,Adiantado,0.08663192082807507
1995177,2,34900,909,2,Equilibrado,0.12804225240784958
1998834,2,34900,101,0,Tardio,0.048817551320044617
2017487,2,34900,671,2,Equilibrado,-0.03562228805441908
2020628,2,34900,3904,2,Equilibrado,0.10609191777763306
2026075,2,34900,681,1,Adiantado,0.12029524631095173
2029571,2,34900,800,1,Adiantado,0.21059632105613296
2035700,2,34900,956,1,Adiantado,0.04402464006140864
2047575,2,34900,875,2,Equilibrado,0.036425396993045804
2065972,2,34900,302,1,Adiantado,0.16319642419755387
2067799,2,34900,129,0,Tardio,0.41554494601380904
2081123,2,34900,138,2,Equilibrado,0.07960285625640705
2096251,2,34900,544,2,Equilibrado,0.0221994202021535
2103552,2,34900,422,1,Adiantado,0.1135113928467189
2104819,2,34900,354,2,Equilibrado,0.09153889797460131
2106955,2,34900,770,1,Adiantado,0.05030279850216192
2107747,2,34900,288,1,Adiantado,0.13360296096334343
2128283,2,34900,575,2,Equilibrado,-0.000885951349138169
2138970,2,34900,151,2,Equilibrado,0.19942812003109583
2140300,2,34900,740,1,Adiantado,0.08330678507236272
2143312,2,34900,345,1,Adiantado,0.14557724315315684
2143440,2,34900,436,1,Adiantado,0.10729772467456059
2154361,2,34900,248,1,Adiantado,0.0854555591980581
2160316,2,34900,629,2,Equilibrado,0.15495667534074867
2178837,2,34900,349,2,Equilibrado,0.01470879232613447
2180090,2,34900,1079,1,Adiantado,0.1902717842218084
2185729,2,34900,484,2,Equilibrado,0.010164498160532632
2197766,2,34900,663,1,Adiantado,0.17397001378498922
2198970,2,34900,289,0,Tardio,0.053867340392136816
2254637,2,34900,270,2,Equilibrado,0.18765461827404925
2256134,2,34900,694,1,Adiantado,0.05836806512838021
2272023,2,34900,137,0,Tardio,0.20739373372034192
2274542,2,34900,685,1,Adiantado,0.06687465512795815
2278101,2,34900,265,2,Equilibrado,0.2478199125963325
2282620,2,34900,1091,2,Equilibrado,0.08293719566900969
2283708,2,34900,898,1,Adiantado,0.16825553778525898
2293511,2,34900,719,2,Equilibrado,0.07673683705951095
2298106,2,34900,156,0,Tardio,0.24004064265457342
2298895,2,34900,417,2,Equilibrado,0.05351816543592849
2301830,2,34900,1163,1,Adiantado,0.08450840439053905
2306410,2,34900,391,2,Equilibrado,0.026223278058417662
2316717,2,34900,609,1,Adiantado,0.025054278649879736
2332934,2,34900,171,2,Equilibrado,0.11357287908575646
2339267,2,34900,178,0,Tardio,0.136775220907034
2341420,2,34900,334,1,Adiantado,0.2199404822437656
2343785,2,34900,309,2,Equilibrado,0.1139267890172901
2351969,2,34900,189,2,Equilibrado,0.07488454829753086
2360559,2,34900,1090,1,Adiantado,0.06557336442720695
2366656,2,34900,415,2,Equilibrado,0.11326270076591434
2378208,2,34900,157,0,Tardio,-0.05946673091858293
2386732,2,34900,854,1,Adiantado,0.2160398428760894
2399758,2,34900,615,1,Adiantado,0.1895989972820942
2403701,2,34900,1714,2,Equilibrado,-0.02546884916643261
2417975,2,34900,705,1,Adiantado,0.22925492912691253
2424257,2,34900,440,1,Adiantado,0.05463249616702174
2427845,2,34900,498,2,Equilibrado,0.00864640854181469
2438784,2,34900,152,1,Adiantado,0.06959088102262975
2457440,2,34900,504,1,Adiantado,0.11478950697164524
2459292,2,34900,18,1,Adiantado,0.1411405716993198
2470326,2,34900,20,1,Adiantado,0.100444121990775
2480886,2,34900,398,2,Equilibrado,0.044977849659313396
2482710,2,34900,623,2,Equilibrado,0.013972436738829124
2486930,2,34900,28,1,Adiantado,0.01637869243580597
2499307,2,34900,194,1,Adiantado,0.1674389719045316
2504129,2,34900,93,0,Tardio,0.13936854624882
2519138,2,34900,931,1,Adiantado,0.11812766277419165
2529052,2,34900,58,0,Tardio,0.37208234511451777
2529419,2,34900,351,0,Tardio,0.049144076527507914
2530976,2,34900,274,2,Equilibrado,0.055635763937638
2537777,2,34900,292,2,Equilibrado,0.1256608930564358
2540871,2,34900,585,1,Adiantado,0.09753249285881878
2542209,2,34900,683,2,Equilibrado,-0.014170298639820358
2544643,2,34900,887,2,Equilibrado,0.07904636238586789
2544766,2,34900,44,0,Tardio,0.11885055693683218
2546315,2,34900,419,2,Equilibrado,0.10641949190803943
2550534,2,34900,317,1,Adiantado,0.06628503856020757
2557008,2,34900,1027,2,Equilibrado,0.2432388880638895
2558365,2,34900,127,0,Tardio,0.05320346425869706
2559144,2,34900,73,2,Equilibrado,0.10077742719302556
2563095,2,34900,344,1,Adiantado,0.044861646045430706
2579891,2,34900,320,2,Equilibrado,0.008486527297056798
2584244,2,34900,301,0,Tardio,0.411711159295443
2597117,2,34900,529,2,Equilibrado,0.004317976599514992
2599883,2,34900,457,1,Adiantado,0.10147159341394432
2602542,2,34900,606,2,Equilibrado,0.14026242190234403
2603027,2,34900,937,2,Equilibrado,0.007287206441403563
2612102,2,34900,355,1,Adiantado,0.1046460000881027
2624028,2,34900,727,1,Adiantado,0.226042781191134
2630284,2,34900,197,2,Equilibrado,0.16215324526832753
2641156,2,34900,130,0,Tardio,0.10950032520371242
2642532,2,34900,105,2,Equilibrado,0.2700534036403518
2643472,2,34900,134,0,Tardio,0.3953352683880491
2643829,2,34900,474,2,Equilibrado,0.2008589839760059
2649948,2,34900,284,2,Equilibrado,0.038342490448317126
2657913,2,34900,396,1,Adiantado,0.09996200035262529
2658856,2,34900,276,1,Adiantado,0.2625874670874606
2667478,2,34900,483,1,Adiantado,0.11277776765672642
2678580,2,34900,81,1,Adiantado,0.1619153307311068
2681198,2,34900,536,1,Adiantado,0.20598514766307888
2682682,2,34900,339,2,Equilibrado,0.08621413310709002
2683857,2,34900,418,1,Adiantado,0.09248523654444224
2686035,2,34900,174,2,Equilibrado,0.05286441198870675
2693932,2,34900,405,1,Adiantado,0.10839977540590402
2694139,2,34900,263,0,Tardio,0.05338391094426704
2697921,2,34900,108,0,Tardio,0.16798678767280317
31296,3,34901,171,0,Tardio,0.16748217635443033
40878,3,34901,357,1,Adiantado,0.09057814699479952
42552,3,34901,339,2,Equilibrado,0.19076149683066151
43958,3,34901,357,1,Adiantado,0.26146908363377586
45423,3,34901,830,0,Tardio,0.09891950830910658
47861,3,34901,555,1,Adiantado,0.25436364009440154
56637,3,34901,1151,1,Adiantado,0.3035464644242429
56667,3,34901,17,1,Adiantado,0.18961465610045852
58884,3,34901,327,1,Adiantado,0.23487391018949014
63112,3,34901,77,0,Tardio,0.3245596863011395
64427,3,34901,834,2,Equilibrado,-0.02417671202477987
71159,3,34901,656,0,Tardio,-0.04583724415356993
74165,3,34901,387,0,Tardio,0.13779973851022043
75107,3,34901,687,1,Adiantado,0.11372928533192064
77692,3,34901,171,0,Tardio,0.38267858214152933
79610,3,34901,157,0,Tardio,0.13968373345172524
80438,3,34901,234,1,Adiantado,0.28975906579105826
84604,3,34901,1160,1,Adiantado,0.29580694653422274
87264,3,34901,350,0,Tardio,0.36696400854247796
87322,3,34901,68,0,Tardio,0.34366671138215976
94749,3,34901,232,1,Adiantado,0.10749686722925487
102854,3,34901,774,1,Adiantado,0.1545657443350493
105939,3,34901,400,1,Adiantado,0.3074405273919944
107455,3,34901,98,0,Tardio,0.3279525944929079
108949,3,34901,20,1,Adiantado,0.03917888108586488
109577,3,34901,113,0,Tardio,0.3961372687626395
116529,3,34901,38,1,Adiantado,0.1448967510377346
119310,3,34901,203,0,Tardio,-0.018975569326035353
119865,3,34901,167,1,Adiantado,0.14825650413593947
125063,3,34901,371,2,Equilibrado,0.002878812028160049
129907,3,34901,669,1,Adiantado,0.12632348552790842
130409,3,34901,10,0,Tardio,0.03488826822220276
131597,3,34901,222,1,Adiantado,0.19844002315636985
132475,3,34901,544,1,Adiantado,0.05449108700098299
135280,3,34901,180,0,Tardio,0.0453047696576789
136944,3,34901,30,0,Tardio,0.16532429459481535
139206,3,34901,816,1,Adiantado,0.26460646663787185
142310,3,34901,225,2,Equilibrado,0.13153482916103112
143755,3,34901,579,0,Tardio,-0.09555053260729185
149178,3,34901,558,1,Adiantado,0.21611496479610026
150282,3,34901,120,1,Adiantado,0.0438465283303788
152524,3,34901,1159,1,Adiantado,0.07389643603205544
152917,3,34901,577,1,Adiantado,0.05938277699742337
155938,3,34901,325,1,Adiantado,0.25782466508721325
159906,3,34901,69,0,Tardio,0.11453965601959222
159947,3,34901,263,1,Adiantado,0.10042749795398512
164148,3,34901,1036,1,Adiantado,0.06369908687511419
166123,3,34901,273,2,Equilibrado,0.04172817816807834
169596,3,34901,334,2,Equilibrado,0.14258706856650535
170874,3,34901,463,2,Equilibrado,0.1244335100732528
171692,3,34901,29,0,Tardio,-0.008573838671190355
172493,3,34901,605,1,Adiantado,0.2703984948829689
177492,3,34901,378,1,Adiantado,0.14553547443136516
185994,3,34901,339,1,Adiantado,0.2379634347655107
194163,3,34901,352,2,Equilibrado,-0.007675655659103108
195246,3,34901,69,1,Adiantado,0.2166043453964804
195552,3,34901,477,0,Tardio,-0.018033842126126125
197536,3,34901,139,2,Equilibrado,0.19080533455907925
199009,3,34901,326,2,Equilibrado,0.06853745395201112
226955,3,34901,321,0,Tardio,0.2427131552334903
228633,3,34901,208,2,Equilibrado,-0.01709298461622215
229498,3,34901,412,1,Adiantado,0.18499817877602964
232173,3,34901,733,1,Adiantado,0.23475006177138294
234661,3,34901,509,0,Tardio,0.02744992718460019
235768,3,34901,211,1,Adiantado,0.16131974400890162
235971,3,34901,344,1,Adiantado,0.17908788901163616
236090,3,34901,834,2,Equilibrado,-0.004202946317737865
237891,3,34901,128,1,Adiantado,0.1934327402324523
249357,3,34901,122,0,Tardio,-0.01972748531184896
251166,3,34901,359,1,Adiantado,0.12780787221122472
253633,3,34901,492,1,Adiantado,0.14586057528176036
253763,3,34901,895,1,Adiantado,0.25051980664431056
258245,3,34901,330,0,Tardio,-0.09396964336007659
258509,3,34901,379,2,Equilibrado,-0.01995391532389251
258978,3,34901,232,0,Tardio,0.08155401138091264
261863,3,34901,46,0,Tardio,0.11049171058757128
262025,3,34901,297,0,Tardio,0.3563547629122988
262394,3,34901,140,0,Tardio,0.42220667650110727
263862,3,34901,115,0,Tardio,0.35562255650991575
265497,3,34901,129,0,Tardio,0.13643781315409778
269584,3,34901,206,1,Adiantado,0.2197840606919858
270421,3,34901,102,0,Tardio,0.3953352683880491
276265,3,34901,14,0,Tardio,0.14534025705022555
278380,3,34901,64,0,Tardio,0.08863653819115047
279440,3,34901,454,1,Adiantado,0.10256131352440542
279653,3,34901,776,2,Equilibrado,0.17030542889731545
281134,3,34901,323,1,Adiantado,0.23000648871639612
282849,3,34901,959,1,Adiantado,0.29571677021377096
283402,3,34901,1151,1,Adiantado,0.1867691308375621
286778,3,34901,218,0,Tardio,0.425933540297812
287079,3,34901,309,1,Adiantado,0.28960680594028054
287258,3,34901,377,1,Adiantado,0.07550115517348505
289247,3,34901,304,2,Equilibrado,0.11952659605274246
294219,3,34901,258,0,Tardio,-0.07199888748839288
294929,3,34901,301,1,Adiantado,0.1022727610071422
297218,3,34901,20,2,Equilibrado,0.08339574643562438
297341,3,34901,129,1,Adiantado,0.2121757653151766
301074,3,34901,434,2,Equilibrado,0.08012489682294797
305064,3,34901,1155,1,Adiantado,0.16022185056030092
305659,3,34901,52,0,Tardio,0.3953352683880491
310205,3,34901,572,2,Equilibrado,0.13774296273131634
312960,3,34901,85,0,Tardio,0.41417398790658333
315795,3,34901,194,2,Equilibrado,-0.006423497494537903
316082,3,34901,89,0,Tardio,-0.007664009579368417
318147,3,34901,832,1,Adiantado,0.2333280383452319
319073,3,34901,404,2,Equilibrado,0.11001327038990343
320133,3,34901,1152,2,Equilibrado,0.007513486514976989
320612,3,34901,861,1,Adiantado,0.24822034281175992
328797,3,34901,195,0,Tardio,0.24093915193324314
329895,3,34901,14,1,Adiantado,0.10844692773806767
331789,3,34901,651,1,Adiantado,0.15121847220612591
333993,3,34901,295,0,Tardio,0.2727085355441618
334224,3,34901,175,2,Equilibrado,-0.0075896881010912316
335095,3,34901,602,1,Adiantado,0.1779270444964427
337000,3,34901,217,1,Adiantado,0.3094595962510217
338689,3,34901,176,0,Tardio,0.3026529306507607
339519,3,34901,213,0,Tardio,0.36591162999743976
341457,3,34901,363,0,Tardio,-0.04786823908281378
341629,3,34901,375,2,Equilibrado,0.2683902237809626
343709,3,34901,140,0,Tardio,0.2858327688569376
345271,3,34901,977,1,Adiantado,0.13186019288018033
347197,3,34901,180,2,Equilibrado,0.10823936991352978
348108,3,34901,126,0,Tardio,0.42605140200034425
348324,3,34901,49,1,Adiantado,0.14118501118018897
349515,3,34901,134,0,Tardio,0.41086345510800537
351147,3,34901,484,2,Equilibrado,0.2259288687098222
354698,3,34901,141,0,Tardio,0.3953352683880491
355293,3,34901,56,0,Tardio,0.15466047487781512
364066,3,34901,856,1,Adiantado,0.1526685204600167
366140,3,34901,1064,1,Adiantado,0.20030251497792745
367151,3,34901,560,1,Adiantado,0.16872927131859403
369242,3,34901,443,1,Adiantado,0.24247714419065416
369450,3,34901,669,1,Adiantado,0.2977804383060072
370735,3,34901,322,0,Tardio,-0.10263621082676279
372345,3,34901,258,0,Tardio,0.42376560262467966
372509,3,34901,226,0,Tardio,0.047167902558416866
372511,3,34901,128,0,Tardio,0.07892988472964294
375527,3,34901,178,1,Adiantado,0.16408407851800316
378946,3,34901,1391,1,Adiantado,0.20447094727204856
379278,3,34901,1109,2,Equilibrado,0.2033051696634354
380952,3,34901,88,0,Tardio,0.4055376387664641
381257,3,34901,252,1,Adiantado,0.21082504011188777
381414,3,34901,153,1,Adiantado,0.09283477163886351
383445,3,34901,43,0,Tardio,0.1852357933579318
383602,3,34901,629,0,Tardio,0.3997000414313904
383629,3,34901,130,2,Equilibrado,0.0022879533943863366
384107,3,34901,64,0,Tardio,0.22634157791432444
386389,3,34901,201,0,Tardio,0.22228283812612318
390070,3,34901,275,0,Tardio,0.3232381025439599
396683,3,34901,198,0,Tardio,0.04430396645816428
396834,3,34901,95,0,Tardio,0.3869015598388408
397219,3,34901,1147,1,Adiantado,0.10353193565402473
397671,3,34901,984,1,Adiantado,0.16419703517201245
398550,3,34901,264,1,Adiantado,0.04132066441360968
398630,3,34901,146,0,Tardio,0.3194644026720224
399429,3,34901,609,1,Adiantado,0.2557041285277415
402695,3,34901,143,1,Adiantado,0.09122004191981616
405193,3,34901,705,1,Adiantado,0.032934610566960384
407232,3,34901,797,1,Adiantado,0.2082316317129107
410407,3,34901,1179,1,Adiantado,0.15585337092278015
410883,3,34901,148,0,Tardio,0.43452193711932835
411304,3,34901,246,0,Tardio,-0.03462769354479367
412353,3,34901,368,1,Adiantado,0.2897989390969556
413180,3,34901,57,2,Equilibrado,0.12153229049164836
413709,3,34901,574,1,Adiantado,0.030881320708808786
413949,3,34901,599,1,Adiantado,0.2815399694427156
416199,3,34901,661,1,Adiantado,0.25666085754191403
416407,3,34901,205,1,Adiantado,0.2970219109534881
418201,3,34901,138,1,Adiantado,0.07846707843993335
419059,3,34901,772,1,Adiantado,0.2664922063878236
423210,3,34901,262,0,Tardio,0.2166807469593323
423488,3,34901,345,0,Tardio,0.32383403875225497
423781,3,34901,378,2,Equilibrado,0.1382403117481213
427256,3,34901,367,1,Adiantado,0.23356975097468238
429832,3,34901,49,0,Tardio,0.2274487274724343
431139,3,34901,67,1,Adiantado,0.1458422294115527
434476,3,34901,2660,1,Adiantado,0.06336010611273525
439995,3,34901,326,2,Equilibrado,0.010372215062099854
440818,3,34901,1059,1,Adiantado,0.15080480555594844
441165,3,34901,184,1,Adiantado,0.08648012680804926
441421,3,34901,218,0,Tardio,0.14282994437108104
442199,3,34901,100,0,Tardio,0.32254846599228676
442563,3,34901,176,1,Adiantado,0.13356096525673758
442802,3,34901,596,1,Adiantado,0.18695828930203826
443151,3,34901,89,0,Tardio,0.04275145481063558
443514,3,34901,250,1,Adiantado,0.039170953739064034
443696,3,34901,227,1,Adiantado,0.11541524477780656
444011,3,34901,45,0,Tardio,0.032277491434642536
444619,3,34901,944,2,Equilibrado,0.04184177723621266
444907,3,34901,87,0,Tardio,0.0821041580262512
465121,3,34901,113,0,Tardio,-0.07604403846693497
465294,3,34901,332,2,Equilibrado,0.046967219842391376
466120,3,34901,171,0,Tardio,0.107717458030398
466807,3,34901,167,0,Tardio,0.25324585580787695
466987,3,34901,475,1,Adiantado,0.16658772570143598
467363,3,34901,359,1,Adiantado,0.15339665481205378
469499,3,34901,1955,2,Equilibrado,0.048807182653894395
471284,3,34901,389,0,Tardio,0.22641203435666124
474667,3,34901,251,0,Tardio,0.20655281214972535
475015,3,34901,568,1,Adiantado,0.19379754745314098
476401,3,34901,1412,1,Adiantado,0.04274833812818169
476629,3,34901,82,1,Adiantado,0.17021538596700175
477833,3,34901,329,1,Adiantado,0.10155653494798889
479939,3,34901,1586,2,Equilibrado,0.07053452075762454
481717,3,34901,774,1,Adiantado,0.27876272389531276
482644,3,34901,617,1,Adiantado,0.09687072170887681
483037,3,34901,421,1,Adiantado,0.09107312657755394
484010,3,34901,61,0,Tardio,0.3695170578080433
484594,3,34901,1205,1,Adiantado,0.23720662714897303
485228,3,34901,199,2,Equilibrado,-0.008544080180957408
486087,3,34901,77,2,Equilibrado,0.08042964737554213
486964,3,34901,25,0,Tardio,0.3625271353239556
488525,3,34901,158,0,Tardio,0.218070465393304
489553,3,34901,23,0,Tardio,-0.03303195023029848
491126,3,34901,561,0,Tardio,0.01984054007664397
491756,3,34901,6,1,Adiantado,0.04579485896907829
491863,3,34901,202,2,Equilibrado,-0.02017114051420678
492024,3,34901,129,0,Tardio,0.384165651782141
493793,3,34901,418,0,Tardio,0.15878530154194734
494046,3,34901,558,1,Adiantado,0.04363054342017554
494184,3,34901,253,1,Adiantado,0.02811052538782603
497415,3,34901,589,1,Adiantado,0.03878479765306502
498442,3,34901,1183,1,Adiantado,0.16113447608049994
499404,3,34901,647,2,Equilibrado,0.10298717324423609
500068,3,34901,872,1,Adiantado,0.2473605281138683
500618,3,34901,29,0,Tardio,0.3756862945388268
501444,3,34901,648,1,Adiantado,0.23722400926761536
501897,3,34901,422,1,Adiantado,0.22034958529327808
502011,3,34901,621,1,Adiantado,0.11709115947612454
505773,3,34901,863,1,Adiantado,0.2671403805879005
506705,3,34901,175,0,Tardio,0.12741296013347728
507743,3,34901,1028,1,Adiantado,0.22639505985242867
507935,3,34901,828,1,Adiantado,0.3214223632944489
508626,3,34901,1225,1,Adiantado,0.20406633722454368
509536,3,34901,330,1,Adiantado,0.12086582476682878
511309,3,34901,90,1,Adiantado,0.26384932194959815
511350,3,34901,28,0,Tardio,0.3953352683880491
511981,3,34901,107,2,Equilibrado,0.03729256029517835
513422,3,34901,111,2,Equilibrado,0.039789681555387785
513428,3,34901,236,0,Tardio,0.31801934027789186
514078,3,34901,903,2,Equilibrado,0.011110005355443887
514556,3,34901,44,0,Tardio,0.30948788728592236
516602,3,34901,66,0,Tardio,0.40858573731758974
517551,3,34901,294,2,Equilibrado,0.17275591885576058
519115,3,34901,94,1,Adiantado,0.08498986920238859
521115,3,34901,351,2,Equilibrado,0.1537949171249746
522082,3,34901,104,1,Adiantado,0.12759168513892666
523017,3,34901,326,1,Adiantado,0.08758584023835195
523249,3,34901,336,0,Tardio,0.29745399233267217
526721,3,34901,625,1,Adiantado,0.0514597995446191
526819,3,34901,100,0,Tardio,0.2519277875156874
529693,3,34901,538,0,Tardio,0.30914881353401374
529991,3,34901,441,1,Adiantado,0.032313114544345364
530148,3,34901,35,0,Tardio,0.3254115552921628
531018,3,34901,340,1,Adiantado,0.037017412245304505
531871,3,34901,368,0,Tardio,-0.06497949717569575
532254,3,34901,60,1,Adiantado,0.17801520393234954
533418,3,34901,304,1,Adiantado,0.2482684004212182
534112,3,34901,122,1,Adiantado,0.1755447783868762
534457,3,34901,220,0,Tardio,0.39399287457252485
535671,3,34901,156,0,Tardio,-0.04810134800216359
535997,3,34901,46,2,Equilibrado,0.14099016804160525
536351,3,34901,231,0,Tardio,0.39997845319358594
536475,3,34901,158,0,Tardio,0.4178719937265172
536963,3,34901,152,0,Tardio,0.3536076206276124
537322,3,34901,543,1,Adiantado,0.17622585617392325
537811,3,34901,994,1,Adiantado,0.2724845263857479
539308,3,34901,333,1,Adiantado,0.15268313570665312
539945,3,34901,646,2,Equilibrado,0.20584773899877357
540723,3,34901,1390,1,Adiantado,0.3064715058062219
541532,3,34901,281,1,Adiantado,0.07771912669086994
541921,3,34901,529,1,Adiantado,0.13949764330701908
542202,3,34901,643,1,Adiantado,0.26152457961842773
543010,3,34901,619,1,Adiantado,0.13079415399188962
543432,3,34901,409,1,Adiantado,0.03676536167806151
544745,3,34901,540,0,Tardio,0.09528683625041598
545164,3,34901,322,1,Adiantado,0.14322248433168808
545962,3,34901,696,2,Equilibrado,0.021972177158504167
546547,3,34901,586,0,Tardio,-0.015179874786854623
546645,3,34901,249,1,Adiantado,0.2247179744229074
547347,3,34901,126,1,Adiantado,0.16768756016970165
549219,3,34901,487,1,Adiantado,0.2000689158924854
549321,3,34901,186,2,Equilibrado,0.23499447012106955
549847,3,34901,495,1,Adiantado,0.26588177390122
550420,3,34901,717,1,Adiantado,0.23759095806501046
550703,3,34901,442,2,Equilibrado,0.02512451644211229
552173,3,34901,741,1,Adiantado,0.27556471745963196
553031,3,34901,1043,1,Adiantado,0.1322809089893735
553284,3,34901,663,1,Adiantado,0.11628705851465793
553813,3,34901,325,0,Tardio,-0.004791596309007224
554063,3,34901,289,2,Equilibrado,0.20282230305728988
554525,3,34901,631,1,Adiantado,0.21963834065181462
555049,3,34901,725,2,Equilibrado,0.09822952269932457
555827,3,34901,17,0,Tardio,0.02164912664245559
556126,3,34901,31,2,Equilibrado,0.08172702936068038
557085,3,34901,1158,1,Adiantado,0.14828890547434875
557290,3,34901,256,1,Adiantado,0.08321727562219018
558044,3,34901,650,2,Equilibrado,0.048924683247560274
558764,3,34901,477,1,Adiantado,0.15912208692896554
560047,3,34901,516,1,Adiantado,0.05156479118703001
560459,3,34901,134,0,Tardio,0.054420678175753225
560645,3,34901,1242,1,Adiantado,0.2802420850332654
561231,3,34901,434,2,Equilibrado,0.2108019075619393
562064,3,34901,300,0,Tardio,0.29799787693746227
562754,3,34901,197,2,Equilibrado,0.02404610290184528
562990,3,34901,262,0,Tardio,-0.01066584696133465
563108,3,34901,25,2,Equilibrado,0.1162417383321375
563414,3,34901,1172,1,Adiantado,0.30339310560311766
564243,3,34901,1202,2,Equilibrado,0.02873422303656843
564617,3,34901,724,1,Adiantado,0.07663613657659188
564933,3,34901,222,1,Adiantado,0.07113318531559563
565017,3,34901,1144,2,Equilibrado,0.1888311171597099
568987,3,34901,46,0,Tardio,0.4202306215129382
569034,3,34901,824,1,Adiantado,0.2198920881354593
569080,3,34901,1042,1,Adiantado,0.1411166607704697
569108,3,34901,672,2,Equilibrado,0.11191024474490592
569876,3,34901,1480,1,Adiantado,0.08059685401793767
570004,3,34901,93,2,Equilibrado,0.09758994369911914
570213,3,34901,359,1,Adiantado,0.15553501864389166
571074,3,34901,748,0,Tardio,0.06582861607943007
572074,3,34901,181,1,Adiantado,0.13183524661400137
572213,3,34901,183,0,Tardio,0.33325431871874894
573583,3,34901,387,0,Tardio,0.41691378869761864
574527,3,34901,646,1,Adiantado,0.3155323038527647
575069,3,34901,238,2,Equilibrado,-0.00430396813057167
575112,3,34901,593,1,Adiantado,0.2548613532335652
575302,3,34901,1018,1,Adiantado,0.2509466098213775
575685,3,34901,49,0,Tardio,-0.022752573819148754
577032,3,34901,126,1,Adiantado,0.10584069980941095
577429,3,34901,944,1,Adiantado,0.1402265739510936
577533,3,34901,79,0,Tardio,0.3477555937615676
578152,3,34901,44,1,Adiantado,0.12127745020755361
578847,3,34901,86,0,Tardio,0.176083935135126
579660,3,34901,260,0,Tardio,0.07433981585361926
579686,3,34901,278,1,Adiantado,0.1802780131325873
580459,3,34901,462,1,Adiantado,0.21275545104829435
580834,3,34901,1377,1,Adiantado,0.10784452522547762
580845,3,34901,133,0,Tardio,0.3817117929465302
581253,3,34901,1262,1,Adiantado,0.13684131856479434
581659,3,34901,916,1,Adiantado,0.3021458291088664
581779,3,34901,494,1,Adiantado,0.08959281108910264
582034,3,34901,444,1,Adiantado,0.1363657878935851
582117,3,34901,229,0,Tardio,0.0030819037076117266
582266,3,34901,45,0,Tardio,0.0776268542861319
582332,3,34901,592,1,Adiantado,0.1489753722904772
582653,3,34901,36,0,Tardio,0.4224857925603186
582670,3,34901,65,1,Adiantado,0.09022601510552873
583056,3,34901,692,0,Tardio,0.2557903619459395
583318,3,34901,8,0,Tardio,0.07289521470533647
583487,3,34901,2037,1,Adiantado,0.0677320460795375
584515,3,34901,101,1,Adiantado,0.09583563488923467
585224,3,34901,766,1,Adiantado,0.06351076511302847
585261,3,34901,417,1,Adiantado,0.12709613397439704
585284,3,34901,337,0,Tardio,0.1055129241429466
585503,3,34901,1275,1,Adiantado,0.1995745621315895
585572,3,34901,132,1,Adiantado,0.20080651135848973
585825,3,34901,883,1,Adiantado,0.3135233701629887
585958,3,34901,280,1,Adiantado,0.12906340019513077
586906,3,34901,250,2,Equilibrado,0.0023938794083655556
587571,3,34901,1305,1,Adiantado,0.3071960683024112
588128,3,34901,146,1,Adiantado,0.1600641496408794
588628,3,34901,509,1,Adiantado,0.2173946778203081
589080,3,34901,671,1,Adiantado,0.25097366932143617
589162,3,34901,597,1,Adiantado,0.09181579496107811
589332,3,34901,822,1,Adiantado,0.16900652731693905
589389,3,34901,132,0,Tardio,0.27220394237103784
589828,3,34901,29,1,Adiantado,0.10066671329300934
590120,3,34901,452,2,Equilibrado,0.17876702744499273
591525,3,34901,299,2,Equilibrado,0.08704666974734256
591581,3,34901,163,1,Adiantado,0.1441894016238885
591746,3,34901,582,2,Equilibrado,0.17705151068912076
591946,3,34901,585,1,Adiantado,0.14243061920448785
592218,3,34901,444,2,Equilibrado,0.1589820005778419
592295,3,34901,110,1,Adiantado,0.29916481222639607
592558,3,34901,463,0,Tardio,0.12487140941288381
592939,3,34901,40,1,Adiantado,0.08600756864617248
593136,3,34901,164,1,Adiantado,0.07219233170515978
593563,3,34901,514,1,Adiantado,0.09703589160948525
593722,3,34901,252,2,Equilibrado,0.09454006374254671
593796,3,34901,1184,1,Adiantado,0.24161966181591188
594065,3,34901,248,2,Equilibrado,0.08674698452818103
594122,3,34901,321,1,Adiantado,0.09412730131563042
594229,3,34901,462,1,Adiantado,0.13851173478253911
594258,3,34901,17,0,Tardio,0.2552383588416864
594406,3,34901,139,0,Tardio,0.010593824784659287
594636,3,34901,497,1,Adiantado,0.1348692599695588
595262,3,34901,236,2,Equilibrado,0.18586445295386758
595721,3,34901,152,0,Tardio,0.01385449589304797
595943,3,34901,447,1,Adiantado,0.2892055063213378
596243,3,34901,330,0,Tardio,0.24032929287100058
596253,3,34901,360,0,Tardio,0.19614952727195578
596758,3,34901,572,1,Adiantado,0.22848861618630392
597740,3,34901,231,2,Equilibrado,0.08330908422739677
597937,3,34901,636,1,Adiantado,0.08151318174892146
598308,3,34901,522,1,Adiantado,0.14633660802017134
598540,3,34901,537,1,Adiantado,0.16571986047568088
598559,3,34901,880,1,Adiantado,0.26130622158603667
600071,3,34901,590,1,Adiantado,0.0984587933487979
600773,3,34901,368,1,Adiantado,0.17140343032360106
601008,3,34901,249,0,Tardio,0.40669527799758265
601235,3,34901,603,1,Adiantado,0.27198179979987236
601271,3,34901,145,1,Adiantado,0.10893070148043311
601680,3,34901,107,0,Tardio,0.1743677209150068
602594,3,34901,669,2,Equilibrado,0.004325143288265335
603648,3,34901,550,1,Adiantado,0.1119003762685106
604567,3,34901,351,1,Adiantado,0.1777220656685112
604614,3,34901,103,1,Adiantado,0.059288745113048914
605180,3,34901,28,0,Tardio,0.3953352683880491
605228,3,34901,42,1,Adiantado,0.17015241206196666
605394,3,34901,36,0,Tardio,0.41664399712973665
605682,3,34901,493,1,Adiantado,0.13335389848983425
606257,3,34901,1637,1,Adiantado,0.2218607883597533
606805,3,34901,168,0,Tardio,0.37356473755788916
606904,3,34901,268,1,Adiantado,0.04299645798148785
607243,3,34901,1191,1,Adiantado,0.13778412693536649
607303,3,34901,386,1,Adiantado,0.1666340066256525
607501,3,34901,566,2,Equilibrado,-0.007000121086920094
607679,3,34901,551,1,Adiantado,0.26366839070723513
607700,3,34901,245,1,Adiantado,0.12005295375277936
609142,3,34901,502,1,Adiantado,0.23781819167572582
609240,3,34901,329,0,Tardio,-0.1018065094114031
611603,3,34901,96,2,Equilibrado,0.02331534481020701
612842,3,34901,130,2,Equilibrado,0.06946215778465281
613165,3,34901,281,1,Adiantado,0.1544024557881663
613330,3,34901,690,1,Adiantado,0.30411652996358257
613634,3,34901,214,2,Equilibrado,0.02569098953197151
613899,3,34901,1942,1,Adiantado,0.08247366894030743
614059,3,34901,72,2,Equilibrado,0.10912368779922108
614984,3,34901,380,2,Equilibrado,0.05222913567251422
615266,3,34901,769,1,Adiantado,0.21307325795056178
615299,3,34901,743,2,Equilibrado,0.0351353178528479
615301,3,34901,1148,1,Adiantado,0.3239877373691362
615302,3,34901,766,1,Adiantado,0.2178324111836453
615306,3,34901,892,1,Adiantado,0.17353394281826973
615328,3,34901,265,0,Tardio,0.013614234529069635
615340,3,34901,113,1,Adiantado,0.038694054926492645
615342,3,34901,315,1,Adiantado,0.23555699042052236
615356,3,34901,353,1,Adiantado,0.08058351991379302
616517,3,34901,511,1,Adiantado,0.26526972952405936
616912,3,34901,278,1,Adiantado,0.15605794885768395
617010,3,34901,715,1,Adiantado,0.18262205252353958
617119,3,34901,384,0,Tardio,-0.06415709844559332
617436,3,34901,420,0,Tardio,0.05292131237357882
617580,3,34901,1145,1,Adiantado,0.14723030008834867
617783,3,34901,231,0,Tardio,0.3376570900970519
617922,3,34901,272,1,Adiantado,0.08120416781106299
618663,3,34901,477,0,Tardio,0.07800511886487105
619204,3,34901,58,0,Tardio,0.2986032895369422
619292,3,34901,1149,2,Equilibrado,0.05038626217956407
619321,3,34901,569,2,Equilibrado,0.11643424174318653
619502,3,34901,296,0,Tardio,0.3696344515432166
620094,3,34901,2462,1,Adiantado,0.14895395283767954
620269,3,34901,246,1,Adiantado,0.16269956916735825
620349,3,34901,933,2,Equilibrado,0.0038945639182247837
620431,3,34901,311,2,Equilibrado,0.18345990945336602
620740,3,34901,44,0,Tardio,0.20951606714683332
620810,3,34901,443,0,Tardio,0.20894005115568343
622275,3,34901,546,1,Adiantado,0.12260078953275391
622481,3,34901,574,2,Equilibrado,0.014093783761192791
622760,3,34901,185,0,Tardio,-0.034628520341101206
622934,3,34901,720,0,Tardio,0.19415940878907975
622967,3,34901,79,0,Tardio,0.27561477377932575
623471,3,34901,364,1,Adiantado,0.29123086577282464
623589,3,34901,463,0,Tardio,0.1210027965715232
623765,3,34901,580,2,Equilibrado,-0.003936592294212199
624282,3,34901,360,2,Equilibrado,0.22238933631995525
624864,3,34901,748,1,Adiantado,0.10796040310588943
624970,3,34901,513,1,Adiantado,0.2155484867509765
625245,3,34901,677,1,Adiantado,0.05410452848623292
625330,3,34901,655,1,Adiantado,0.23152168863312844
625515,3,34901,154,1,Adiantado,0.13830778955715073
625743,3,34901,151,0,Tardio,0.13780186597259358
625802,3,34901,202,1,Adiantado,0.3055817461396684
625838,3,34901,633,2,Equilibrado,0.10525030956528453
626033,3,34901,1232,2,Equilibrado,0.06883418321003247
626349,3,34901,182,1,Adiantado,0.24148576177355477
626416,3,34901,421,1,Adiantado,0.25291088839739684
626454,3,34901,379,2,Equilibrado,0.14906310593836936
626477,3,34901,470,2,Equilibrado,0.014316096183623069
626514,3,34901,838,1,Adiantado,0.2280354151262526
626552,3,34901,321,0,Tardio,-0.008176829795810818
626579,3,34901,43,0,Tardio,0.21229954723503958
627365,3,34901,383,1,Adiantado,0.1758209064399906
627829,3,34901,253,1,Adiantado,0.031004069038158683
628149,3,34901,847,1,Adiantado,0.1605308202868356
628157,3,34901,41,0,Tardio,0.38171715911925486
628383,3,34901,413,0,Tardio,-0.07648731786318616
628521,3,34901,342,1,Adiantado,0.08524595268699858
628888,3,34901,363,1,Adiantado,0.06352084985371925
628964,3,34901,620,1,Adiantado,0.09866090730536362
629029,3,34901,166,2,Equilibrado,0.13672269594726022
629491,3,34901,819,2,Equilibrado,0.10418221359616539
629522,3,34901,156,0,Tardio,0.26243498275190535
629818,3,34901,177,0,Tardio,0.3894964329803812
629922,3,34901,322,0,Tardio,0.2888750028157853
629944,3,34901,451,0,Tardio,-0.004867876439073649
630109,3,34901,302,2,Equilibrado,0.1128625061699871
630158,3,34901,520,2,Equilibrado,0.14053795123401575
630835,3,34901,1202,1,Adiantado,0.1611885048488048
630905,3,34901,1707,1,Adiantado,0.2340078802357855
630910,3,34901,617,2,Equilibrado,0.21797907374218925
630992,3,34901,75,0,Tardio,0.021975806570904394
631524,3,34901,527,1,Adiantado,0.23057201930599117
631658,3,34901,1760,1,Adiantado,0.25788062778221493
631681,3,34901,205,2,Equilibrado,0.11275746199884372
631715,3,34901,310,2,Equilibrado,0.22345336568805868
631740,3,34901,322,2,Equilibrado,0.16114158925474004
631837,3,34901,806,1,Adiantado,0.22865986628597462
631924,3,34901,1141,2,Equilibrado,0.10550977966576029
632074,3,34901,422,1,Adiantado,0.09978826422929962
632290,3,34901,154,0,Tardio,-0.04077475026884975
632458,3,34901,944,1,Adiantado,0.2503334090565914
632556,3,34901,191,2,Equilibrado,0.07311934355646442
632597,3,34901,21,0,Tardio,0.4141256158022606
632826,3,34901,583,1,Adiantado,0.209637835531055
632836,3,34901,431,0,Tardio,0.06789066040948369
633079,3,34901,151,0,Tardio,0.18194658637254482
633516,3,34901,139,1,Adiantado,0.23034640356974836
633555,3,34901,981,1,Adiantado,0.2263173248922246
633568,3,34901,566,1,Adiantado,0.13424662345723173
633867,3,34901,459,1,Adiantado,0.23014119179968898
633931,3,34901,1144,1,Adiantado,0.11342235015720957
634088,3,34901,371,1,Adiantado,0.038399908031741384
634114,3,34901,11,1,Adiantado,0.1501589652824655
634512,3,34901,795,1,Adiantado,0.19028909721637374
634526,3,34901,781,1,Adiantado,0.2702996593528886
634601,3,34901,103,0,Tardio,-0.02663483617925776
634749,3,34901,1944,1,Adiantado,0.2747719836011908
635184,3,34901,554,2,Equilibrado,0.1555951073327056
635751,3,34901,74,1,Adiantado,0.12461007099476973
635795,3,34901,233,0,Tardio,0.07284207746874088
635903,3,34901,233,1,Adiantado,0.09008360058063693
636314,3,34901,666,1,Adiantado,0.2918824222664794
636400,3,34901,185,1,Adiantado,0.09196661000577323
636408,3,34901,25,1,Adiantado,0.046314074207212064
636469,3,34901,458,2,Equilibrado,0.0765000028854714
636547,3,34901,201,0,Tardio,0.1231201252952351
636565,3,34901,150,2,Equilibrado,0.05269990720022035
636656,3,34901,209,2,Equilibrado,0.017467807790595116
636704,3,34901,135,1,Adiantado,0.1947435189466182
636783,3,34901,657,1,Adiantado,0.25169719140168195
636830,3,34901,863,1,Adiantado,0.2657253107034361
636832,3,34901,1679,2,Equilibrado,0.06381021487756176
637004,3,34901,387,1,Adiantado,0.1811588707670966
637089,3,34901,165,0,Tardio,0.2988130669420682
637358,3,34901,159,1,Adiantado,0.10379425776234152
637509,3,34901,82,0,Tardio,0.18855762544960972
637514,3,34901,62,1,Adiantado,0.11525560196004606
637582,3,34901,159,1,Adiantado,0.10114284810458256
637708,3,34901,527,1,Adiantado,0.19592048087845115
637906,3,34901,123,2,Equilibrado,0.18413351490943825
637939,3,34901,24,0,Tardio,0.3953352683880491
637980,3,34901,535,1,Adiantado,0.01971847889109223
638034,3,34901,248,0,Tardio,0.28482890561943525
638388,3,34901,137,2,Equilibrado,0.07972266966715381
638411,3,34901,1208,1,Adiantado,0.2174779239432074
638498,3,34901,402,1,Adiantado,0.1399733587550393
638515,3,34901,65,0,Tardio,0.16762894183488797
638625,3,34901,1196,1,Adiantado,0.055988781260122876
638655,3,34901,581,1,Adiantado,0.1618494311700646
638677,3,34901,121,1,Adiantado,0.14683173792669144
638831,3,34901,294,0,Tardio,0.21858622630505692
639028,3,34901,501,2,Equilibrado,0.26960615824254647
639231,3,34901,293,1,Adiantado,0.11171608627176007
639234,3,34901,853,1,Adiantado,0.1933453205071861
639522,3,34901,58,0,Tardio,0.4088235507044819
640098,3,34901,412,1,Adiantado,0.08266395647622315
640278,3,34901,1908,1,Adiantado,0.2033039720439521
640329,3,34901,322,1,Adiantado,0.0891155766814477
640429,3,34901,1274,2,Equilibrado,0.12881290596869632
640711,3,34901,818,1,Adiantado,0.06465595503202501
640752,3,34901,452,2,Equilibrado,0.16459629822920385
640848,3,34901,87,0,Tardio,0.3231469976045694
640892,3,34901,192,0,Tardio,0.32413582293527804
640913,3,34901,131,0,Tardio,0.3953352683880491
640927,3,34901,696,1,Adiantado,0.2251439621914613
641137,3,34901,146,0,Tardio,-0.059893076448450155
641309,3,34901,307,2,Equilibrado,0.13508050932518317
641311,3,34901,826,1,Adiantado,0.15960325793978625
641363,3,34901,42,0,Tardio,0.3953352683880491
641401,3,34901,368,2,Equilibrado,0.08461378463361653
641461,3,34901,158,1,Adiantado,0.12607262067103467
641470,3,34901,64,0,Tardio,-0.06498577341144139
641547,3,34901,369,0,Tardio,0.07922858707528073
641864,3,34901,468,2,Equilibrado,0.015542962195465344
641914,3,34901,1566,1,Adiantado,0.14219267534677224
642029,3,34901,59,1,Adiantado,0.14303017038518726
642056,3,34901,213,2,Equilibrado,0.20215716814105844
642375,3,34901,210,1,Adiantado,0.26200237569278084
642448,3,34901,230,1,Adiantado,0.23772616161664045
642449,3,34901,247,1,Adiantado,0.19509649363495288
642493,3,34901,754,1,Adiantado,0.10148962184042117
642498,3,34901,845,2,Equilibrado,0.10034082142144657
642551,3,34901,639,1,Adiantado,0.20651940496156307
642740,3,34901,499,2,Equilibrado,0.10931739165901495
642750,3,34901,290,1,Adiantado,0.28420930105658065
642840,3,34901,576,1,Adiantado,0.1408613762066244
642843,3,34901,788,1,Adiantado,0.07960282259299194
642872,3,34901,357,1,Adiantado,0.03365342500249123
642909,3,34901,43,0,Tardio,0.4104083580129567
643069,3,34901,155,2,Equilibrado,0.08846785527224425
643202,3,34901,740,1,Adiantado,0.26597915417965695
643220,3,34901,193,0,Tardio,0.42654930536608565
643273,3,34901,596,2,Equilibrado,0.09704271150253375
643326,3,34901,374,1,Adiantado,0.2742202885633651
643466,3,34901,627,2,Equilibrado,0.06318192118507063
643477,3,34901,1113,1,Adiantado,0.21129432733778242
643496,3,34901,1038,2,Equilibrado,0.12319948448947404
643502,3,34901,158,1,Adiantado,0.17311564249973063
643591,3,34901,995,1,Adiantado,0.2635039686519916
643653,3,34901,505,1,Adiantado,0.23454067324451805
643696,3,34901,292,1,Adiantado,0.26801998553531137
643751,3,34901,855,2,Equilibrado,0.048218004875622146
643754,3,34901,588,1,Adiantado,0.15387726145971314
644025,3,34901,363,2,Equilibrado,0.13805813537205136
644210,3,34901,399,1,Adiantado,0.11287949763815162
644343,3,34901,68,0,Tardio,0.28273920145017295
644361,3,34901,2971,1,Adiantado,0.16428075845776685
644369,3,34901,63,2,Equilibrado,0.12313253272190568
644450,3,34901,1422,2,Equilibrado,0.07249519246860538
644508,3,34901,448,1,Adiantado,0.21387474832479958
644761,3,34901,405,1,Adiantado,0.23570345547212265
644784,3,34901,648,0,Tardio,-0.020839293793985934
644791,3,34901,1569,1,Adiantado,0.06399312971936413
644818,3,34901,1324,1,Adiantado,0.2730178616275156
644847,3,34901,161,2,Equilibrado,-0.010329644659234742
644936,3,34901,230,1,Adiantado,0.21091268766817536
644974,3,34901,492,1,Adiantado,0.10559480084727509
645003,3,34901,155,2,Equilibrado,0.04531623481060163
645020,3,34901,179,1,Adiantado,0.12642275345442316
645078,3,34901,550,1,Adiantado,0.09369884896207455
645145,3,34901,27,1,Adiantado,0.25018096620230684
645405,3,34901,1480,1,Adiantado,0.24398279570467557
645433,3,34901,112,0,Tardio,0.4109445790260509
645496,3,34901,494,1,Adiantado,0.03262335664194496
645518,3,34901,393,1,Adiantado,0.24241929512882585
645586,3,34901,324,0,Tardio,0.18240603425827134
645705,3,34901,122,2,Equilibrado,0.0016344397466784358
645732,3,34901,223,2,Equilibrado,0.09919477239836474
645784,3,34901,342,1,Adiantado,0.10599393875320574
645840,3,34901,586,1,Adiantado,0.27486928584136683
645880,3,34901,66,0,Tardio,0.14797005075558373
645948,3,34901,336,1,Adiantado,0.09015422198597446
645960,3,34901,133,0,Tardio,0.4192859882275067
645997,3,34901,481,1,Adiantado,0.17055768876015268
646015,3,34901,555,2,Equilibrado,-0.0275956589591199
646017,3,34901,1191,1,Adiantado,0.30567563545160314
646053,3,34901,483,0,Tardio,-0.027645324057951715
646074,3,34901,1038,1,Adiantado,0.26398336632631975
646085,3,34901,510,1,Adiantado,0.2908346613614317
646138,3,34901,80,1,Adiantado,0.15072032247215938
646313,3,34901,89,0,Tardio,-0.053048216658234074
646357,3,34901,539,1,Adiantado,0.17389261168231235
646402,3,34901,391,2,Equilibrado,0.12213198584079785
646460,3,34901,709,1,Adiantado,0.1985880044051684
646539,3,34901,437,2,Equilibrado,0.2172146193974015
646540,3,34901,173,1,Adiantado,0.1605211910326101
646551,3,34901,1465,1,Adiantado,0.15777412536497176
646638,3,34901,57,0,Tardio,0.22727502257058377
646670,3,34901,67,0,Tardio,0.28323732528148143
646734,3,34901,79,0,Tardio,0.41563193193951603
646750,3,34901,162,2,Equilibrado,0.09875946239412589
646778,3,34901,681,2,Equilibrado,0.033065888110356184
646807,3,34901,362,2,Equilibrado,0.012709456778643427
646990,3,34901,432,2,Equilibrado,0.13542888794787689
647040,3,34901,391,2,Equilibrado,0.07425284735615956
647154,3,34901,103,0,Tardio,0.3587626797445918
647169,3,34901,240,1,Adiantado,0.10478161358836419
647320,3,34901,635,0,Tardio,0.13039267259792164
647324,3,34901,572,1,Adiantado,0.09267124047031138
647391,3,34901,48,0,Tardio,0.43943223350963706
647398,3,34901,527,1,Adiantado,0.1387948760874929
647399,3,34901,1561,1,Adiantado,0.11109628596270749
647425,3,34901,1458,1,Adiantado,0.28848619319668434
647485,3,34901,217,2,Equilibrado,0.24942063898925265
647496,3,34901,253,1,Adiantado,0.029535142771463633
647765,3,34901,302,1,Adiantado,0.1656897411511617
647841,3,34901,683,1,Adiantado,0.16834253432615862
647898,3,34901,353,1,Adiantado,0.2026677504883874
647945,3,34901,444,1,Adiantado,0.07560910297414003
647987,3,34901,161,1,Adiantado,0.21829635120160273
648027,3,34901,263,0,Tardio,0.19250026480441806
648037,3,34901,361,1,Adiantado,0.16205534306777242
648038,3,34901,534,1,Adiantado,0.23856988041654917
648040,3,34901,1030,1,Adiantado,0.27007159709496237
648086,3,34901,431,0,Tardio,-0.08279223903512871
648105,3,34901,814,2,Equilibrado,0.08284892886307711
648114,3,34901,545,2,Equilibrado,0.08528550731645342
648116,3,34901,180,1,Adiantado,0.12688083063060257
648140,3,34901,185,2,Equilibrado,0.09588913252281638
648254,3,34901,216,0,Tardio,0.023854801551478892
648287,3,34901,448,1,Adiantado,0.10519689886107939
648365,3,34901,612,1,Adiantado,0.1402675436826909
648366,3,34901,388,1,Adiantado,0.07917513131407643
648457,3,34901,137,0,Tardio,0.3105345554465656
648470,3,34901,928,1,Adiantado,0.17109660475208116
648531,3,34901,517,2,Equilibrado,-0.021620702527527052
648536,3,34901,197,2,Equilibrado,-0.008249509907729623
648564,3,34901,452,1,Adiantado,0.11381575041765185
648571,3,34901,415,1,Adiantado,0.2083858346745367
648590,3,34901,43,0,Tardio,0.17132180559263635
648613,3,34901,203,0,Tardio,0.42206530485704347
648685,3,34901,586,1,Adiantado,0.1594703035299358
648804,3,34901,515,1,Adiantado,0.3059006348195486
648815,3,34901,1180,1,Adiantado,0.18174838517446168
648903,3,34901,96,0,Tardio,0.37484846021842044
648972,3,34901,40,0,Tardio,0.38889404228151175
649004,3,34901,1889,1,Adiantado,0.20288642234736867
649009,3,34901,9,2,Equilibrado,0.042899532180813375
649079,3,34901,1802,1,Adiantado,0.11941663045728082
649084,3,34901,496,2,Equilibrado,0.15136182890301075
649093,3,34901,234,1,Adiantado,0.19547752573016813
649141,3,34901,280,1,Adiantado,0.06479142302160389
649159,3,34901,444,1,Adiantado,0.1296777525927026
649165,3,34901,205,0,Tardio,0.3303742620291904
649207,3,34901,892,1,Adiantado,0.22844229405011587
649212,3,34901,199,2,Equilibrado,0.14737266583540334
649230,3,34901,88,0,Tardio,0.4166344099752845
649258,3,34901,172,0,Tardio,0.3420276981465994
649284,3,34901,183,0,Tardio,0.4195497681436633
649325,3,34901,453,2,Equilibrado,0.0046599860074420405
649379,3,34901,454,1,Adiantado,0.16927909648318862
649400,3,34901,143,1,Adiantado,0.04723599158847759
649434,3,34901,598,1,Adiantado,0.22242984394794185
649435,3,34901,515,2,Equilibrado,0.11420228205932587
649457,3,34901,659,1,Adiantado,0.2332417076424437
649469,3,34901,152,1,Adiantado,0.15892099069210608
649619,3,34901,425,1,Adiantado,0.19923484832993985
649735,3,34901,105,0,Tardio,0.266145208073309
649806,3,34901,60,2,Equilibrado,0.11266036351820173
649891,3,34901,55,0,Tardio,0.015890355578969544
649952,3,34901,1101,2,Equilibrado,0.14650878304321513
649954,3,34901,1079,1,Adiantado,0.1326221455195486
649979,3,34901,185,1,Adiantado,0.17700052440368613
650031,3,34901,418,2,Equilibrado,0.20036152120816406
650054,3,34901,134,1,Adiantado,0.19618742473791398
650108,3,34901,723,1,Adiantado,0.11622962169437204
650160,3,34901,668,1,Adiantado,0.1310227284300458
650170,3,34901,350,1,Adiantado,0.24451737782785093
650251,3,34901,1004,1,Adiantado,0.0318768376049393
650363,3,34901,149,0,Tardio,0.12198748837125305
650370,3,34901,210,1,Adiantado,0.09309651972775948
650424,3,34901,609,1,Adiantado,0.1352399583550857
650469,3,34901,123,1,Adiantado,0.08585250392604242
650473,3,34901,925,1,Adiantado,0.07785448290074767
650570,3,34901,201,1,Adiantado,0.028131624011008584
650682,3,34901,273,2,Equilibrado,0.16333809142518577
650758,3,34901,119,0,Tardio,0.25897445338612823
650861,3,34901,106,0,Tardio,0.3689937079167254
650866,3,34901,1159,1,Adiantado,0.154487492139059
650923,3,34901,60,1,Adiantado,0.2017020110184961
650960,3,34901,38,0,Tardio,0.37764344120662197
651040,3,34901,36,0,Tardio,0.28487486425127995
651121,3,34901,937,1,Adiantado,0.15422390000981856
651126,3,34901,306,2,Equilibrado,0.08423821134179561
651182,3,34901,8,1,Adiantado,0.09761238419868482
651238,3,34901,537,1,Adiantado,0.29249843566036543
651330,3,34901,63,0,Tardio,0.4208322581540826
651354,3,34901,636,1,Adiantado,0.12663623208839436
651381,3,34901,629,2,Equilibrado,0.09334890839817954
651419,3,34901,771,1,Adiantado,0.2449198081078458
651478,3,34901,2741,1,Adiantado,0.08184814910477238
651498,3,34901,310,1,Adiantado,0.1411784780794561
651555,3,34901,74,0,Tardio,0.3888597419147928
651598,3,34901,569,1,Adiantado,0.1522591000574454
651693,3,34901,194,0,Tardio,0.3953352683880491
651881,3,34901,176,2,Equilibrado,0.1681377715442168
651927,3,34901,184,1,Adiantado,0.05506420543303503
651990,3,34901,310,1,Adiantado,0.160552073624995
652008,3,34901,360,1,Adiantado,0.1929774290753348
652064,3,34901,1144,1,Adiantado,0.29574019851221767
652087,3,34901,426,2,Equilibrado,0.008646966865595239
652333,3,34901,367,2,Equilibrado,0.1211049244816205
652335,3,34901,1507,2,Equilibrado,0.07426909021864911
652438,3,34901,95,0,Tardio,0.12416622582432725
652576,3,34901,184,1,Adiantado,0.0958475132031015
652625,3,34901,476,1,Adiantado,0.18151717115113455
652659,3,34901,64,0,Tardio,0.3186655240547969
652664,3,34901,62,0,Tardio,0.3364428858845376
652672,3,34901,273,1,Adiantado,0.09827471262907478
652684,3,34901,858,2,Equilibrado,0.10130768551550826
652711,3,34901,522,2,Equilibrado,0.08187429910841526
652753,3,34901,488,2,Equilibrado,-6.714221489553332e-05
652788,3,34901,502,2,Equilibrado,0.26471552420558286
652887,3,34901,406,1,Adiantado,0.07097706998408315
652890,3,34901,107,0,Tardio,0.24281425570612344
652898,3,34901,651,1,Adiantado,0.19614330803758387
652994,3,34901,57,0,Tardio,0.3597284968308232
653045,3,34901,646,1,Adiantado,0.23820536008632628
653115,3,34901,273,0,Tardio,-0.03397449779750995
653144,3,34901,264,0,Tardio,0.12467233158425518
653297,3,34901,310,2,Equilibrado,0.2807380204071518
653301,3,34901,344,1,Adiantado,0.032357198053333806
653381,3,34901,138,1,Adiantado,0.07318576364765704
653417,3,34901,101,0,Tardio,0.026555998284258624
653536,3,34901,331,0,Tardio,-0.04833114266865679
653558,3,34901,213,1,Adiantado,0.21167982442816774
653567,3,34901,181,0,Tardio,0.2188744247616916
653595,3,34901,242,1,Adiantado,0.08668102336658817
653653,3,34901,169,1,Adiantado,0.1439574863913887
653773,3,34901,556,1,Adiantado,0.0593523595242182
653841,3,34901,1038,2,Equilibrado,0.030688868419724364
653857,3,34901,548,0,Tardio,0.30618481015000526
654045,3,34901,256,1,Adiantado,0.02656104977249803
654114,3,34901,438,1,Adiantado,0.0604196222446124
654169,3,34901,337,1,Adiantado,0.29206038167842263
654217,3,34901,53,2,Equilibrado,-0.009530064089344011
654236,3,34901,101,1,Adiantado,0.08718909495615547
654260,3,34901,502,2,Equilibrado,0.28827397839017266
654339,3,34901,86,1,Adiantado,0.22042610230819915
654441,3,34901,1258,2,Equilibrado,0.0988493547662421
654565,3,34901,435,0,Tardio,0.12594653789272292
654578,3,34901,576,1,Adiantado,0.19185979055956262
654597,3,34901,489,1,Adiantado,0.09356324519789681
654684,3,34901,218,0,Tardio,0.1514204397796951
654692,3,34901,217,2,Equilibrado,0.07638217556745612
654819,3,34901,1139,1,Adiantado,0.2749109438018853
654824,3,34901,607,1,Adiantado,0.2712281159081691
654834,3,34901,897,1,Adiantado,0.19710818719205622
654852,3,34901,1185,1,Adiantado,0.16929628282591982
654867,3,34901,724,1,Adiantado,0.2285680569890549
654947,3,34901,435,0,Tardio,0.06391510596344065
655028,3,34901,106,2,Equilibrado,0.03570355375089468
655115,3,34901,467,1,Adiantado,0.2759238344457511
655124,3,34901,111,0,Tardio,0.4138376528131221
655127,3,34901,590,1,Adiantado,0.07560376846725626
655353,3,34901,381,1,Adiantado,0.2759353869341425
655386,3,34901,430,1,Adiantado,0.25578042510206395
655412,3,34901,488,1,Adiantado,0.31301702890277194
655445,3,34901,292,1,Adiantado,0.2823615553077716
655569,3,34901,59,1,Adiantado,0.14650347464576974
655796,3,34901,25,1,Adiantado,0.0799371951235154
655927,3,34901,82,0,Tardio,0.37297613538644214
655981,3,34901,161,1,Adiantado,0.2375385984717594
656065,3,34901,179,0,Tardio,0.10600291282835902
656086,3,34901,680,1,Adiantado,0.12167035637591994
656092,3,34901,574,1,Adiantado,0.2606107629099414
656131,3,34901,337,1,Adiantado,0.062428289567996335
656158,3,34901,473,1,Adiantado,0.2544340615371001
656159,3,34901,653,1,Adiantado,0.13410843609834072
656165,3,34901,342,2,Equilibrado,0.06493985328182433
656234,3,34901,526,2,Equilibrado,0.2659228317450039
656323,3,34901,407,1,Adiantado,0.16215483338453834
656353,3,34901,544,1,Adiantado,0.042216563553366886
656414,3,34901,153,1,Adiantado,0.04011924929614567
656436,3,34901,276,0,Tardio,-0.0667369804893674
656529,3,34901,732,0,Tardio,0.2459574852319986
656579,3,34901,495,2,Equilibrado,0.12565764986397399
656607,3,34901,577,2,Equilibrado,0.2483564345915125
656651,3,34901,139,2,Equilibrado,-0.014439731736336383
656734,3,34901,778,1,Adiantado,0.15057352927612266
656791,3,34901,1175,1,Adiantado,0.049622560117973905
656882,3,34901,785,1,Adiantado,0.22314604698791074
656988,3,34901,170,2,Equilibrado,0.08577099915266448
656996,3,34901,184,2,Equilibrado,0.17489193559238475
657048,3,34901,106,0,Tardio,0.4080754247287171
657220,3,34901,75,2,Equilibrado,0.17483587158017527
657330,3,34901,341,1,Adiantado,0.2670825049131139
657344,3,34901,572,1,Adiantado,0.17599593202286498
674222,3,34901,326,1,Adiantado,0.14686397621344685
674226,3,34901,90,2,Equilibrado,0.0869870759141748
674236,3,34901,506,2,Equilibrado,0.22102790911496653
674262,3,34901,604,2,Equilibrado,0.07422653914961963
674320,3,34901,306,2,Equilibrado,0.19455691692627552
674387,3,34901,504,1,Adiantado,0.26614827546696235
674406,3,34901,189,1,Adiantado,0.18200845275413488
674451,3,34901,367,1,Adiantado,0.2480871790069883
674478,3,34901,208,0,Tardio,0.02981348798976328
674484,3,34901,778,1,Adiantado,0.16725090034345497
674497,3,34901,281,1,Adiantado,0.25515611935135213
674509,3,34901,1231,1,Adiantado,0.2713834557242295
674584,3,34901,371,1,Adiantado,0.08352535303718303
674594,3,34901,27,1,Adiantado,0.0698897111533965
674644,3,34901,359,0,Tardio,0.272369253685648
674657,3,34901,200,1,Adiantado,0.18486064568383187
674671,3,34901,715,1,Adiantado,0.1311010602032067
674691,3,34901,778,1,Adiantado,0.07899556346032531
674694,3,34901,738,1,Adiantado,0.09477317006992443
674699,3,34901,159,1,Adiantado,0.03921882642073655
674751,3,34901,351,2,Equilibrado,0.03746435410554457
674831,3,34901,497,1,Adiantado,0.07376205011495787
674870,3,34901,712,2,Equilibrado,0.0018529732570277818
674921,3,34901,689,1,Adiantado,0.11993091493715245
675021,3,34901,788,0,Tardio,-0.028437456240387755
675054,3,34901,98,1,Adiantado,0.11199636987446167
675193,3,34901,551,1,Adiantado,0.26898557726216027
675225,3,34901,618,1,Adiantado,0.1897682704235676
675233,3,34901,1657,1,Adiantado,0.21270871347087958
675261,3,34901,225,1,Adiantado,0.1789358761074262
675273,3,34901,78,0,Tardio,0.4112966247735069
675279,3,34901,755,1,Adiantado,0.24203481466684207
675315,3,34901,566,1,Adiantado,0.2572426376465842
675328,3,34901,477,2,Equilibrado,0.015039474026595136
675474,3,34901,80,0,Tardio,0.13132332185448015
675566,3,34901,181,0,Tardio,0.3349105888473345
675577,3,34901,215,2,Equilibrado,0.022869476291829945
675636,3,34901,708,1,Adiantado,0.14654405349469923
675710,3,34901,377,2,Equilibrado,0.08716249585052785
675989,3,34901,857,1,Adiantado,0.10418215948820461
676007,3,34901,91,1,Adiantado,0.2257491714654359
676064,3,34901,409,1,Adiantado,0.24949987848831842
676103,3,34901,596,1,Adiantado,0.0668736300957443
676139,3,34901,283,0,Tardio,0.022952927251734617
676190,3,34901,503,1,Adiantado,0.09367645010521596
676265,3,34901,639,1,Adiantado,0.17577548349962846
676272,3,34901,18,0,Tardio,0.3953352683880491
676303,3,34901,71,0,Tardio,0.36099567932204235
676378,3,34901,509,1,Adiantado,0.22360322785068434
676444,3,34901,844,1,Adiantado,0.11861225264868486
676458,3,34901,388,1,Adiantado,0.20667434163579684
676459,3,34901,625,1,Adiantado,0.19345803813433757
676478,3,34901,347,1,Adiantado,0.20352289841651863
676492,3,34901,952,1,Adiantado,0.09839133587399167
676610,3,34901,423,1,Adiantado,0.2858565673368643
676626,3,34901,647,1,Adiantado,0.17071147563542743
676866,3,34901,784,1,Adiantado,0.2746262373153984
676882,3,34901,418,1,Adiantado,0.29244802978677026
677085,3,34901,148,1,Adiantado,0.1378241617868466
677111,3,34901,818,2,Equilibrado,0.2536734559757487
677138,3,34901,429,1,Adiantado,0.26786765281827296
677155,3,34901,404,1,Adiantado,0.13714919545700327
677167,3,34901,240,0,Tardio,0.1579160120363801
677206,3,34901,131,2,Equilibrado,0.21620481368787706
677221,3,34901,699,2,Equilibrado,0.08439403959118988
677235,3,34901,15,0,Tardio,0.3953352683880491
677382,3,34901,987,2,Equilibrado,0.16812780316072845
677400,3,34901,324,1,Adiantado,0.19624864504728082
677436,3,34901,319,0,Tardio,0.1654813840123879
677456,3,34901,1008,1,Adiantado,0.15948181444720633
677546,3,34901,195,2,Equilibrado,0.007404537217688045
677582,3,34901,369,2,Equilibrado,0.11500298655871255
677655,3,34901,245,1,Adiantado,0.216366242400086
677687,3,34901,76,0,Tardio,0.33546158052567415
677748,3,34901,431,2,Equilibrado,0.00354071633674423
677767,3,34901,166,0,Tardio,0.37120647315226435
677833,3,34901,496,1,Adiantado,0.31291582615487307
678088,3,34901,714,1,Adiantado,0.15128186393773577
678203,3,34901,42,0,Tardio,0.382080485037503
678235,3,34901,865,1,Adiantado,0.2610854929162177
678270,3,34901,58,1,Adiantado,0.11937513547329412
678381,3,34901,111,2,Equilibrado,0.04280100194040771
678407,3,34901,493,1,Adiantado,0.30256759570999087
678452,3,34901,163,0,Tardio,-0.03929008977866877
678528,3,34901,369,1,Adiantado,0.2721758569507051
678619,3,34901,274,2,Equilibrado,0.031557356046613395
678628,3,34901,73,2,Equilibrado,0.20958908697743098
678659,3,34901,174,2,Equilibrado,0.13938825435649363
678819,3,34901,479,1,Adiantado,0.2700953874320768
678859,3,34901,726,2,Equilibrado,0.23480352531435797
678946,3,34901,453,1,Adiantado,0.04989371460523003
678954,3,34901,784,1,Adiantado,0.08402523728491493
679019,3,34901,30,0,Tardio,0.43288702871841295
679036,3,34901,1798,1,Adiantado,0.27513282959438534
679111,3,34901,435,1,Adiantado,0.09705956974731511
679189,3,34901,627,1,Adiantado,0.2842071141172393
679227,3,34901,219,1,Adiantado,0.11070703501997528
679237,3,34901,532,0,Tardio,0.4020729252004808
679262,3,34901,52,0,Tardio,0.23494882330271508
679278,3,34901,217,1,Adiantado,0.15114245733994428
679342,3,34901,294,1,Adiantado,0.2671993162716535
679384,3,34901,874,1,Adiantado,0.09697821600339704
679386,3,34901,171,1,Adiantado,0.16468038590555112
679402,3,34901,285,1,Adiantado,0.31893365614139263
679445,3,34901,627,1,Adiantado,0.017637400799604862
679448,3,34901,1175,2,Equilibrado,0.14544829340493268
679498,3,34901,151,2,Equilibrado,-0.011916276699005262
679509,3,34901,56,2,Equilibrado,0.1911934773157519
679594,3,34901,577,1,Adiantado,0.16340236011395493
679676,3,34901,686,1,Adiantado,0.058747693948803185
679788,3,34901,461,2,Equilibrado,0.1953661474439238
679790,3,34901,124,1,Adiantado,0.20074343176587944
679939,3,34901,110,0,Tardio,0.026660467986468584
680014,3,34901,385,1,Adiantado,0.09986409604860703
680018,3,34901,266,0,Tardio,0.1859034256800388
680027,3,34901,1406,1,Adiantado,0.20788054428799677
680080,3,34901,968,1,Adiantado,0.2443311792535212
680145,3,34901,60,2,Equilibrado,0.03831667092400548
680212,3,34901,22,0,Tardio,0.3953352683880491
680266,3,34901,762,1,Adiantado,0.2612254223512141
680270,3,34901,433,0,Tardio,-0.08918628655764087
680322,3,34901,352,1,Adiantado,0.13494634384699417
680343,3,34901,536,0,Tardio,0.21471725851943285
680348,3,34901,616,1,Adiantado,0.2053026765343995
680443,3,34901,1126,1,Adiantado,0.1258106330250917
680464,3,34901,464,1,Adiantado,0.23140718273954017
680506,3,34901,229,0,Tardio,0.36364566906562185
680572,3,34901,306,1,Adiantado,0.2305465877796487
680708,3,34901,106,1,Adiantado,0.24129425084657455
680713,3,34901,489,2,Equilibrado,-0.036425993967086255
680747,3,34901,230,0,Tardio,0.12959742065322133
680775,3,34901,64,1,Adiantado,0.0748611577330115
680810,3,34901,622,2,Equilibrado,0.17438141321817538
680872,3,34901,110,1,Adiantado,0.11785111027745306
680912,3,34901,276,1,Adiantado,0.22446202094927295
680955,3,34901,911,1,Adiantado,0.21214677376571786
680974,3,34901,79,0,Tardio,0.37164573955721314
681004,3,34901,693,2,Equilibrado,0.04239295768555042
681235,3,34901,217,0,Tardio,0.3311896127929365
681328,3,34901,619,1,Adiantado,0.18258981354214313
681341,3,34901,262,2,Equilibrado,0.20648898448093658
681352,3,34901,734,2,Equilibrado,0.16817198165638528
681354,3,34901,14,1,Adiantado,0.11121654823207419
681452,3,34901,95,2,Equilibrado,0.16388816955179825
681490,3,34901,763,1,Adiantado,0.08093512583600895
681608,3,34901,43,0,Tardio,0.14081399179614634
681633,3,34901,337,2,Equilibrado,0.08588168701998519
681652,3,34901,107,1,Adiantado,0.10422243225279633
681655,3,34901,863,2,Equilibrado,0.21999501226133536
681658,3,34901,257,1,Adiantado,0.2542926669046455
681755,3,34901,148,1,Adiantado,0.21926140935815006
681763,3,34901,1621,1,Adiantado,0.2764402422154274
681938,3,34901,273,0,Tardio,0.3697317090274104
681973,3,34901,143,0,Tardio,0.4248631235344657
682019,3,34901,68,0,Tardio,0.39415506735483485
682070,3,34901,582,2,Equilibrado,0.06121335007448345
682276,3,34901,284,1,Adiantado,0.22167318087581728
682298,3,34901,336,1,Adiantado,0.1895145463441039
682358,3,34901,160,1,Adiantado,0.16504679791072588
682390,3,34901,49,2,Equilibrado,0.0811185453336837
682436,3,34901,368,2,Equilibrado,0.2415059609494094
682437,3,34901,877,1,Adiantado,0.0635759659305145
682511,3,34901,444,2,Equilibrado,0.0653826675814375
682539,3,34901,458,1,Adiantado,0.15633502777544822
682569,3,34901,753,1,Adiantado,0.13273333525310974
682588,3,34901,532,2,Equilibrado,0.14849730394118074
682613,3,34901,595,1,Adiantado,0.020731609066725106
682632,3,34901,663,1,Adiantado,0.2221613706462159
682695,3,34901,388,1,Adiantado,0.16473998536300657
682753,3,34901,474,1,Adiantado,0.20950298039692533
682839,3,34901,830,0,Tardio,0.043266318136671145
682894,3,34901,143,1,Adiantado,0.23039472987619444
682963,3,34901,905,2,Equilibrado,-0.024365065707282994
682981,3,34901,915,1,Adiantado,0.22799910046966293
682983,3,34901,392,1,Adiantado,0.221900190449027
682985,3,34901,189,0,Tardio,0.3935128504024024
682990,3,34901,909,1,Adiantado,0.29233024972376026
683033,3,34901,249,1,Adiantado,0.27036140577941314
683094,3,34901,66,1,Adiantado,0.2631670396243049
683178,3,34901,555,1,Adiantado,0.06239471431439555
683243,3,34901,52,0,Tardio,0.04201161926867571
683305,3,34901,25,0,Tardio,0.3997285071059893
683346,3,34901,891,1,Adiantado,0.11966103972512145
683352,3,34901,405,2,Equilibrado,0.14587448880681422
683353,3,34901,811,2,Equilibrado,0.0035050135937514625
683375,3,34901,314,1,Adiantado,0.26041005533978906
683403,3,34901,510,1,Adiantado,0.20999581083640612
683467,3,34901,34,0,Tardio,0.35408447883585226
683530,3,34901,1139,1,Adiantado,0.08233757377020254
683550,3,34901,9,0,Tardio,0.0535864607047185
683604,3,34901,895,1,Adiantado,0.2976700026516228
683624,3,34901,791,2,Equilibrado,0.02848851038816243
683764,3,34901,204,1,Adiantado,0.07327810921912824
683820,3,34901,316,1,Adiantado,0.20879565873982892
683902,3,34901,48,0,Tardio,0.15104052218962455
683934,3,34901,356,1,Adiantado,0.10491810903236032
684013,3,34901,1125,1,Adiantado,0.16156555463287836
684183,3,34901,237,1,Adiantado,0.057886071896231316
684311,3,34901,242,1,Adiantado,0.20653701997760995
684383,3,34901,390,1,Adiantado,0.1814864177765467
684386,3,34901,37,1,Adiantado,0.11000254674423392
684526,3,34901,99,1,Adiantado,0.08984032386683663
684592,3,34901,293,2,Equilibrado,0.013666665705863702
684671,3,34901,70,1,Adiantado,0.20565424954431955
684675,3,34901,87,0,Tardio,0.3415144272234762
684882,3,34901,394,1,Adiantado,0.17773790855757926
684981,3,34901,974,1,Adiantado,0.15295473949804886
685128,3,34901,263,2,Equilibrado,0.19357895796377322
685140,3,34901,111,2,Equilibrado,0.11323439847858434
685155,3,34901,580,1,Adiantado,0.15062683238643507
685212,3,34901,867,2,Equilibrado,0.24538560847614066
685276,3,34901,1411,1,Adiantado,0.06825550677121997
685283,3,34901,61,1,Adiantado,0.06637521182294585
685330,3,34901,1282,1,Adiantado,0.20815195473693388
685339,3,34901,195,1,Adiantado,0.16889553957683365
685367,3,34901,110,0,Tardio,0.20730583515864
685373,3,34901,601,1,Adiantado,0.19722321739143053
685410,3,34901,906,1,Adiantado,0.18778006355342008
685619,3,34901,38,0,Tardio,0.18708499649590818
685705,3,34901,489,2,Equilibrado,0.18758884147082527
685708,3,34901,355,1,Adiantado,0.14493985509320878
685772,3,34901,893,2,Equilibrado,-0.01680537359891105
685831,3,34901,286,2,Equilibrado,0.028042425852074854
686065,3,34901,469,1,Adiantado,0.11096462018761184
686314,3,34901,207,1,Adiantado,0.20644248474542606
686317,3,34901,161,0,Tardio,0.23345603362968964
686344,3,34901,546,1,Adiantado,0.10084997364877735
686348,3,34901,862,1,Adiantado,0.16007008028503492
686498,3,34901,488,1,Adiantado,0.25534463307110217
686522,3,34901,162,1,Adiantado,0.17321992707114978
686558,3,34901,62,0,Tardio,0.242351251564337
686700,3,34901,31,0,Tardio,0.34488117020385833
686705,3,34901,385,1,Adiantado,0.12116596385798495
686786,3,34901,158,1,Adiantado,0.2991108458419744
686946,3,34901,71,0,Tardio,0.15388915516114518
687033,3,34901,22,0,Tardio,0.14598117085272994
687073,3,34901,222,1,Adiantado,0.07866402289093966
687112,3,34901,416,0,Tardio,0.23355911230488943
687115,3,34901,112,0,Tardio,0.42575617686015443
687345,3,34901,121,1,Adiantado,0.0863651959272255
687351,3,34901,336,2,Equilibrado,0.10583799875276573
687410,3,34901,333,0,Tardio,0.16245089329490217
687434,3,34901,1073,1,Adiantado,0.1047513371939717
687468,3,34901,502,2,Equilibrado,0.0067889181062232955
687485,3,34901,465,0,Tardio,-0.06832493254908964
687503,3,34901,809,1,Adiantado,0.18801096311953713
687686,3,34901,398,0,Tardio,0.19264444800589672
687846,3,34901,46,0,Tardio,0.3953352683880491
687910,3,34901,502,1,Adiantado,0.2972688364381027
687930,3,34901,284,2,Equilibrado,0.10066618924131633
687931,3,34901,510,1,Adiantado,0.15018099138734523
687988,3,34901,685,1,Adiantado,0.05407807682894207
688008,3,34901,280,1,Adiantado,0.2210153515945715
688127,3,34901,353,2,Equilibrado,0.21913466902198997
688136,3,34901,338,1,Adiantado,0.17642701474052527
688192,3,34901,509,1,Adiantado,0.17357855729072869
688225,3,34901,663,2,Equilibrado,-0.037827951605242875
688265,3,34901,96,2,Equilibrado,0.06673987101266426
688337,3,34901,217,0,Tardio,0.1526065778686127
688470,3,34901,93,0,Tardio,0.4090611937143059
688543,3,34901,229,1,Adiantado,0.11167428318390533
688667,3,34901,907,1,Adiantado,0.1586370996636328
688685,3,34901,312,1,Adiantado,0.2840626207430767
688727,3,34901,1039,1,Adiantado,0.21899665059338924
688891,3,34901,644,1,Adiantado,0.18218592898165417
688895,3,34901,1101,1,Adiantado,0.19392262345951128
688904,3,34901,454,1,Adiantado,0.14035747809586982
689005,3,34901,87,1,Adiantado,0.03128769370555382
689056,3,34901,26,0,Tardio,0.3326929149496977
689260,3,34901,361,1,Adiantado,0.20884808928636056
689280,3,34901,1131,1,Adiantado,0.15952324313531027
689347,3,34901,192,2,Equilibrado,0.08194302937826871
689444,3,34901,172,2,Equilibrado,0.10321159958618202
689796,3,34901,771,2,Equilibrado,0.14762376307204475
689832,3,34901,368,1,Adiantado,0.047312332474302804
689855,3,34901,487,1,Adiantado,0.18415623535495643
689924,3,34901,177,0,Tardio,0.1453016272378331
690075,3,34901,88,2,Equilibrado,0.0894400452571359
690198,3,34901,297,1,Adiantado,0.06262733840600619
690382,3,34901,40,0,Tardio,0.3801096098981093
690628,3,34901,706,2,Equilibrado,-0.015260790727937507
690635,3,34901,212,0,Tardio,0.3799775208387343
690746,3,34901,1052,1,Adiantado,0.22968117972548388
690832,3,34901,67,1,Adiantado,0.0783592409538941
690872,3,34901,926,2,Equilibrado,0.23196200084002053
690962,3,34901,22,0,Tardio,0.25912833558515297
691269,3,34901,695,1,Adiantado,0.027499216042374208
691280,3,34901,116,0,Tardio,0.3774485987396368
691326,3,34901,444,1,Adiantado,0.2382069879877744
691375,3,34901,159,1,Adiantado,0.031141982220685857
691465,3,34901,272,2,Equilibrado,0.01511567669006503
691699,3,34901,198,2,Equilibrado,0.21687300867487966
691722,3,34901,686,1,Adiantado,0.10658509520882661
691873,3,34901,56,1,Adiantado,0.06453076662467523
691932,3,34901,959,1,Adiantado,0.15932147559248244
692010,3,34901,794,1,Adiantado,0.20573885224884692
692097,3,34901,748,2,Equilibrado,-0.005190593679046012
692220,3,34901,441,2,Equilibrado,0.10788196878650753
692301,3,34901,50,0,Tardio,0.42188450782851566
692334,3,34901,447,1,Adiantado,0.132710944952536
692454,3,34901,704,1,Adiantado,0.19827686626186486
692612,3,34901,1301,2,Equilibrado,0.2106444651781993
692893,3,34901,164,2,Equilibrado,0.2193889952053606
692946,3,34901,53,1,Adiantado,0.2460503736610048
692962,3,34901,557,1,Adiantado,0.30081166825358985
692968,3,34901,65,0,Tardio,0.3922131938426455
693160,3,34901,454,1,Adiantado,0.08186265948624778
693162,3,34901,774,1,Adiantado,0.12359271101789936
693197,3,34901,77,2,Equilibrado,0.14489531994116478
693236,3,34901,306,1,Adiantado,0.2853190618680412
693345,3,34901,195,0,Tardio,0.015550339724091434
693373,3,34901,103,1,Adiantado,0.10910980234468313
693497,3,34901,575,1,Adiantado,0.05862805570673631
693519,3,34901,25,2,Equilibrado,0.19439954767324422
693628,3,34901,506,1,Adiantado,0.11236279854626036
693764,3,34901,57,0,Tardio,0.3349679032792689
693806,3,34901,412,1,Adiantado,0.17880139171607118
693873,3,34901,190,0,Tardio,-0.05662152698213772
693903,3,34901,301,1,Adiantado,0.1553165865151605
693907,3,34901,298,0,Tardio,0.22759537185792353
694128,3,34901,276,2,Equilibrado,-0.015492426489166877
694144,3,34901,278,0,Tardio,-0.0619836648677767
694221,3,34901,71,1,Adiantado,0.0734903264612428
694456,3,34901,33,1,Adiantado,0.11220849389610711
694622,3,34901,379,2,Equilibrado,0.019431628043992035
694716,3,34901,593,1,Adiantado,0.28728006984290866
694827,3,34901,185,2,Equilibrado,0.19388379765616137
694836,3,34901,247,2,Equilibrado,0.06925265389768039
694848,3,34901,299,1,Adiantado,0.2289277358290094
695090,3,34901,116,2,Equilibrado,-0.003941064894658431
695169,3,34901,186,0,Tardio,0.4420451353879904
695471,3,34901,630,1,Adiantado,0.23560639205664083
695485,3,34901,77,2,Equilibrado,0.15505839862527818
695637,3,34901,337,1,Adiantado,0.28449870027700763
695729,3,34901,1615,1,Adiantado,0.18119913679680338
695803,3,34901,381,2,Equilibrado,0.15725245105946753
695825,3,34901,469,1,Adiantado,0.17941594123578813
695869,3,34901,824,1,Adiantado,0.19148257311153405
696039,3,34901,167,0,Tardio,0.09850036871340054
696043,3,34901,128,0,Tardio,0.1096764619256419
696082,3,34901,316,2,Equilibrado,0.017807357845188974
696188,3,34901,53,0,Tardio,0.2903895831505756
696275,3,34901,1440,1,Adiantado,0.269110218730416
696318,3,34901,377,1,Adiantado,0.08195316167459303
696329,3,34901,818,1,Adiantado,0.12197654558603377
696347,3,34901,407,1,Adiantado,0.28798201016834896
696364,3,34901,159,2,Equilibrado,0.16001552403797806
696583,3,34901,429,1,Adiantado,0.11658520346287732
696653,3,34901,204,0,Tardio,0.3048606158333266
696659,3,34901,78,1,Adiantado,0.14491216176158495
696662,3,34901,1309,1,Adiantado,0.2405605585419899
696666,3,34901,32,0,Tardio,0.40881343432292366
696671,3,34901,258,2,Equilibrado,0.15467019067594281
696672,3,34901,41,0,Tardio,0.41117144119916
696674,3,34901,116,0,Tardio,-0.06487796988307867
696678,3,34901,168,0,Tardio,0.2817359821935005
696729,3,34901,427,1,Adiantado,0.20610945504993877
697027,3,34901,577,1,Adiantado,0.06942120029998554
697114,3,34901,59,0,Tardio,0.4260097980841622
697255,3,34901,562,2,Equilibrado,0.16802523898019442
697438,3,34901,630,1,Adiantado,0.31094646716459756
697478,3,34901,127,1,Adiantado,0.0864895603862894
697878,3,34901,627,2,Equilibrado,0.09368641652489022
697998,3,34901,73,1,Adiantado,0.13154950807986962
698384,3,34901,407,1,Adiantado,0.1453262587959051
698485,3,34901,282,1,Adiantado,0.09314994819959518
698656,3,34901,602,1,Adiantado,0.19275374526963177
699126,3,34901,53,0,Tardio,0.06347350189978604
699127,3,34901,96,0,Tardio,0.3953352683880491
699128,3,34901,88,0,Tardio,0.4122818308021161
895524,3,34901,1572,1,Adiantado,0.16255892602500707
1042726,3,34901,183,0,Tardio,0.19210746676030235
1318759,3,34901,380,1,Adiantado,0.19118987623120318
1348205,3,34901,1260,1,Adiantado,0.16790940274623348
1391717,3,34901,180,2,Equilibrado,0.0188651258103782
1409532,3,34901,359,1,Adiantado,0.246785547305671
1413902,3,34901,343,1,Adiantado,0.1078821475910227
1448966,3,34901,33,0,Tardio,0.3953352683880491
1450604,3,34901,565,1,Adiantado,0.207625477189647
1473878,3,34901,125,1,Adiantado,0.22977976774550116
1501577,3,34901,193,1,Adiantado,0.19762420913880202
1532711,3,34901,309,2,Equilibrado,0.2023491724602938
1585671,3,34901,517,2,Equilibrado,-0.028091324231664456
1603549,3,34901,113,0,Tardio,-0.01328015234710971
1631797,3,34901,177,0,Tardio,0.17292499446143628
1639699,3,34901,259,1,Adiantado,0.08032564352585456
1640680,3,34901,386,1,Adiantado,0.11064067454872804
1658963,3,34901,17,0,Tardio,0.2494716384413255
1722493,3,34901,911,1,Adiantado,0.2680808799763274
1733664,3,34901,1491,0,Tardio,0.022039463015243968
1752994,3,34901,785,1,Adiantado,0.06418116458007694
1755594,3,34901,314,1,Adiantado,0.14530848612984842
1771775,3,34901,295,0,Tardio,0.0854781850743175
1796402,3,34901,102,2,Equilibrado,0.1428508911553195
1810759,3,34901,149,0,Tardio,0.062474713553304584
1816458,3,34901,817,1,Adiantado,0.18944358590963578
1817710,3,34901,209,0,Tardio,0.21428905807941137
1818385,3,34901,433,1,Adiantado,0.2472572167533405
1836241,3,34901,569,1,Adiantado,0.2966703632429688
1837138,3,34901,1998,1,Adiantado,0.18781377377283795
1856869,3,34901,199,2,Equilibrado,0.035723509094896536
1871598,3,34901,1781,1,Adiantado,0.2506297009708547
1871684,3,34901,125,1,Adiantado,0.19197725026736895
1877902,3,34901,742,1,Adiantado,0.23739920077952759
1879321,3,34901,836,1,Adiantado,0.22639633639666612
1881231,3,34901,329,1,Adiantado,0.08980648036929059
1887108,3,34901,835,2,Equilibrado,0.13807403341116437
1889752,3,34901,300,1,Adiantado,0.26461153138180793
1944167,3,34901,226,1,Adiantado,0.14409715168152057
1948159,3,34901,213,1,Adiantado,0.03560171309041504
1962049,3,34901,1734,1,Adiantado,0.12247883553216479
1962062,3,34901,298,1,Adiantado,0.10193980536221887
1972092,3,34901,1069,1,Adiantado,0.20926521219542601
1995177,3,34901,406,1,Adiantado,0.2505521915531468
1998834,3,34901,110,2,Equilibrado,0.08673331045751713
2017487,3,34901,743,1,Adiantado,0.31270629362797037
2020628,3,34901,1236,1,Adiantado,0.16544981991751287
2026075,3,34901,670,2,Equilibrado,0.10986147032071843
2029571,3,34901,459,2,Equilibrado,0.061296496922566716
2035700,3,34901,1368,1,Adiantado,0.27564527109513304
2047575,3,34901,792,1,Adiantado,0.044407122244524845
2065972,3,34901,465,2,Equilibrado,-0.021784598046908254
2067799,3,34901,53,0,Tardio,0.3953352683880491
2081123,3,34901,194,0,Tardio,-0.057521106890465246
2096251,3,34901,371,1,Adiantado,0.2513786777470104
2103552,3,34901,289,1,Adiantado,0.29492917234982463
2106955,3,34901,1179,1,Adiantado,0.12117189909940076
2128283,3,34901,862,1,Adiantado,0.30632306652197655
2138970,3,34901,103,1,Adiantado,0.1730682962552901
2140300,3,34901,741,1,Adiantado,0.09350412064381929
2143312,3,34901,1448,2,Equilibrado,0.08183147032735233
2143440,3,34901,519,2,Equilibrado,0.06172849670806426
2154361,3,34901,195,0,Tardio,0.02285470938843341
2160316,3,34901,1291,2,Equilibrado,0.005974346537335547
2178837,3,34901,1258,1,Adiantado,0.1858617088243486
2180090,3,34901,1841,1,Adiantado,0.11650716594643294
2185729,3,34901,633,2,Equilibrado,0.08166351740822496
2197766,3,34901,376,2,Equilibrado,0.08357759060453543
2254637,3,34901,493,1,Adiantado,0.22931658074877165
2274542,3,34901,441,1,Adiantado,0.04977183476177864
2278101,3,34901,183,0,Tardio,0.03800349375938934
2293511,3,34901,889,1,Adiantado,0.25759304680090594
2298106,3,34901,1180,0,Tardio,0.03464165928124886
2298895,3,34901,782,1,Adiantado,0.316430451061179
2301830,3,34901,828,1,Adiantado,0.04337380750031331
2306410,3,34901,197,1,Adiantado,0.13639457396824248
2316717,3,34901,736,2,Equilibrado,0.1254424597260379
2339267,3,34901,345,2,Equilibrado,0.19720339283968338
2341420,3,34901,333,1,Adiantado,0.12900979013445943
2343785,3,34901,517,1,Adiantado,0.25773467941594635
2351969,3,34901,111,0,Tardio,0.22599277649688937
2360559,3,34901,938,1,Adiantado,0.20185717575096193
2366656,3,34901,199,2,Equilibrado,0.17326240029623308
2378208,3,34901,390,2,Equilibrado,0.0867693549813869
2386732,3,34901,605,1,Adiantado,0.16259962953672064
2399758,3,34901,217,1,Adiantado,0.27807215904890353
2403701,3,34901,1836,1,Adiantado,0.19246685989546866
2417975,3,34901,731,1,Adiantado,0.14150861994610936
2424257,3,34901,433,1,Adiantado,0.01909396932972286
2427845,3,34901,803,1,Adiantado,0.03850934068884764
2438784,3,34901,379,0,Tardio,0.3363193311207671
2457440,3,34901,99,1,Adiantado,0.14404628567746158
2459292,3,34901,106,0,Tardio,0.2992018716642543
2480886,3,34901,419,1,Adiantado,0.1890323885074198
2482710,3,34901,468,2,Equilibrado,0.1706329262072884
2486930,3,34901,127,0,Tardio,0.39740510700394466
2499307,3,34901,329,2,Equilibrado,0.08443144815923305
2519138,3,34901,435,1,Adiantado,0.06079268559669587
2529419,3,34901,316,1,Adiantado,0.1369377919939753
2530976,3,34901,187,1,Adiantado,0.13129891118424158
2537777,3,34901,288,0,Tardio,-0.03569927249716043
2540871,3,34901,439,1,Adiantado,0.15660975603834262
2542209,3,34901,677,1,Adiantado,0.10652170555804688
2544643,3,34901,743,2,Equilibrado,0.03180053665679467
2544766,3,34901,70,1,Adiantado,0.1592851678638982
2546315,3,34901,177,2,Equilibrado,0.08136064829237191
2550534,3,34901,392,2,Equilibrado,0.07471191579656668
2557008,3,34901,781,1,Adiantado,0.28500747675425037
2558365,3,34901,78,0,Tardio,0.038412823029736934
2559144,3,34901,35,0,Tardio,0.3566496852235619
2563095,3,34901,335,0,Tardio,0.1425566191683095
2579891,3,34901,313,1,Adiantado,0.15778592985750464
2584244,3,34901,236,1,Adiantado,0.29726709488766123
2597117,3,34901,920,2,Equilibrado,0.008530368965479011
2599883,3,34901,522,1,Adiantado,0.02027668768204771
2602542,3,34901,813,2,Equilibrado,0.21544153630148064
2603027,3,34901,1220,1,Adiantado,0.20459167845594042
2612102,3,34901,757,2,Equilibrado,0.20870093092632006
2624028,3,34901,254,1,Adiantado,0.2952797236208111
2641156,3,34901,209,1,Adiantado,0.05976085328616276
2642532,3,34901,187,2,Equilibrado,0.043140251908077076
2643472,3,34901,162,0,Tardio,0.4268384520057979
2643829,3,34901,73,1,Adiantado,0.1591419092853052
2649948,3,34901,236,2,Equilibrado,0.04875316892369452
2657913,3,34901,334,0,Tardio,0.15546875043873434
2658856,3,34901,524,1,Adiantado,0.23151421138333536
2667478,3,34901,123,1,Adiantado,0.2131793067399511
2681198,3,34901,421,2,Equilibrado,0.08437076889406978
2682682,3,34901,367,0,Tardio,0.14256301416394276
2683857,3,34901,972,2,Equilibrado,0.05036301090121327
2686035,3,34901,118,0,Tardio,0.31245297524563714
2693932,3,34901,499,2,Equilibrado,-0.021300921482233396
2694139,3,34901,755,1,Adiantado,0.04122148173533323
2697921,3,34901,122,0,Tardio,0.40855821251291097
31296,4,34902,42,1,Adiantado,0.135505649127489
40878,4,34902,480,2,Equilibrado,0.11307375387336083
42552,4,34902,790,2,Equilibrado,0.060129279502557385
45423,4,34902,124,1,Adiantado,0.11850944205466908
47861,4,34902,811,2,Equilibrado,0.10278210416722812
56637,4,34902,711,1,Adiantado,0.23208479633728
56667,4,34902,42,1,Adiantado,0.12482242671892697
58884,4,34902,1099,1,Adiantado,0.15680129049812558
64427,4,34902,974,1,Adiantado,0.08705856500387235
71159,4,34902,659,2,Equilibrado,0.1878286108761547
74165,4,34902,12,0,Tardio,0.403795264501977
75107,4,34902,1210,1,Adiantado,0.18511406850470558
77692,4,34902,220,0,Tardio,0.3885203463235911
77995,4,34902,50,1,Adiantado,0.13433344149400975
79610,4,34902,480,1,Adiantado,0.0939975745876929
80438,4,34902,1665,1,Adiantado,0.2392617698646891
84604,4,34902,1357,1,Adiantado,0.08920698322791676
87264,4,34902,1628,1,Adiantado,0.18687162388740594
87322,4,34902,167,0,Tardio,0.4113797948441421
102854,4,34902,959,1,Adiantado,0.11674522223532553
105939,4,34902,302,1,Adiantado,0.10917850017510518
107455,4,34902,154,0,Tardio,0.1221795567315394
108949,4,34902,63,2,Equilibrado,0.10644455820532575
119310,4,34902,479,1,Adiantado,0.18936228907623534
119865,4,34902,194,1,Adiantado,0.08503231446672437
125063,4,34902,347,0,Tardio,0.11144408542072021
129907,4,34902,892,1,Adiantado,0.10319879681543587
130409,4,34902,15,1,Adiantado,0.1505680469845714
131597,4,34902,738,2,Equilibrado,0.12936901182648008
132475,4,34902,568,1,Adiantado,0.24443842492477166
135280,4,34902,164,0,Tardio,0.32533201581789406
136944,4,34902,227,2,Equilibrado,0.05337670239318236
139206,4,34902,679,2,Equilibrado,0.1414502195816164
142310,4,34902,387,1,Adiantado,0.10459775692870087
149178,4,34902,268,1,Adiantado,0.15091678645709028
150282,4,34902,105,0,Tardio,0.2923541027888457
152524,4,34902,1172,1,Adiantado,0.19629775288256876
152917,4,34902,1408,2,Equilibrado,0.13996892312399545
155938,4,34902,318,2,Equilibrado,0.02007392458634776
159906,4,34902,284,0,Tardio,0.1450845062470056
159947,4,34902,278,1,Adiantado,0.17102295936470932
164148,4,34902,794,2,Equilibrado,0.08853747718043503
166123,4,34902,488,2,Equilibrado,0.008184477140362445
170874,4,34902,499,1,Adiantado,0.038401492799956805
171692,4,34902,82,0,Tardio,-0.06070183042085887
172493,4,34902,764,1,Adiantado,0.09158403396257861
173412,4,34902,769,1,Adiantado,0.035271695363447965
177492,4,34902,524,1,Adiantado,0.06478303048708191
185994,4,34902,539,1,Adiantado,0.2472809543764226
194163,4,34902,657,1,Adiantado,0.07652473365258941
195246,4,34902,581,1,Adiantado,0.1803225644365743
195552,4,34902,1985,1,Adiantado,0.2849820147495631
197536,4,34902,176,2,Equilibrado,0.1242617019832788
199009,4,34902,728,2,Equilibrado,0.21743267064628333
226955,4,34902,207,1,Adiantado,0.13118267837313446
228633,4,34902,159,2,Equilibrado,0.045834361144685774
229498,4,34902,603,1,Adiantado,0.13194836760087647
232173,4,34902,591,1,Adiantado,0.2059496468284394
234661,4,34902,426,0,Tardio,0.025454004769573785
235768,4,34902,47,2,Equilibrado,0.08258367731910697
235971,4,34902,495,1,Adiantado,0.18069684335958566
236090,4,34902,623,1,Adiantado,0.17900114897976582
237891,4,34902,309,1,Adiantado,0.31473095496741865
249357,4,34902,324,2,Equilibrado,0.06702791251245009
251166,4,34902,748,1,Adiantado,0.13706455796351838
253633,4,34902,312,1,Adiantado,0.2483545025815091
253763,4,34902,805,2,Equilibrado,0.09615133054684606
258245,4,34902,282,1,Adiantado,0.10642219573741281
258509,4,34902,332,0,Tardio,0.03475494608710729
258978,4,34902,308,2,Equilibrado,0.0936883588048571
262025,4,34902,410,0,Tardio,-0.04811144162485942
262394,4,34902,176,0,Tardio,0.34959694012116055
263862,4,34902,270,1,Adiantado,0.1247067522528911
265497,4,34902,228,1,Adiantado,0.17607668123175368
269584,4,34902,102,1,Adiantado,0.1480991086258578
270421,4,34902,239,0,Tardio,0.43801231746685915
278380,4,34902,230,2,Equilibrado,0.21094602012397154
279440,4,34902,107,0,Tardio,0.14798797512059936
279653,4,34902,785,1,Adiantado,0.07859476974798106
281134,4,34902,702,2,Equilibrado,0.024530020459701752
282849,4,34902,1126,2,Equilibrado,0.015530699112250294
283402,4,34902,904,1,Adiantado,0.2924472070778685
286778,4,34902,453,0,Tardio,-0.07010158025894155
287079,4,34902,253,1,Adiantado,0.0352741825942406
287258,4,34902,627,1,Adiantado,0.24863971423105447
289247,4,34902,637,2,Equilibrado,0.0012940634388780036
294219,4,34902,533,0,Tardio,0.30522007672245377
294929,4,34902,868,1,Adiantado,0.04503289342108746
297218,4,34902,41,1,Adiantado,0.02949778441629245
297341,4,34902,250,0,Tardio,0.07884969683805043
301074,4,34902,437,2,Equilibrado,0.05422224374447338
305064,4,34902,1014,1,Adiantado,0.11783064185722124
305659,4,34902,73,0,Tardio,0.18281238921922793
310205,4,34902,577,2,Equilibrado,0.21359038541755088
312231,4,34902,51,2,Equilibrado,0.17466529601567202
312960,4,34902,37,0,Tardio,0.2356749050617696
315795,4,34902,39,2,Equilibrado,0.06700972741178877
316082,4,34902,481,2,Equilibrado,0.12012241038988752
318147,4,34902,1085,1,Adiantado,0.22359896563655335
319073,4,34902,283,0,Tardio,0.14537806256627225
320133,4,34902,907,1,Adiantado,0.253155882417545
320612,4,34902,751,1,Adiantado,0.28733130812355334
328797,4,34902,258,0,Tardio,0.4119590575404704
329895,4,34902,145,1,Adiantado,0.02391118093254064
331789,4,34902,673,1,Adiantado,0.20904872924124626
333993,4,34902,407,2,Equilibrado,0.050603257545348036
335095,4,34902,527,2,Equilibrado,0.2151297438603465
337000,4,34902,624,1,Adiantado,0.21463097841057324
338689,4,34902,600,1,Adiantado,0.09991527886560479
338806,4,34902,110,0,Tardio,-0.021939404037743835
339519,4,34902,494,2,Equilibrado,0.2472034837507302
341629,4,34902,436,1,Adiantado,0.09716046429623972
343709,4,34902,59,0,Tardio,0.2803760743163271
345271,4,34902,878,1,Adiantado,0.1377756036755225
347197,4,34902,1051,2,Equilibrado,-0.0011044063544641
348108,4,34902,195,0,Tardio,0.30389508795088416
348324,4,34902,331,1,Adiantado,0.13399938129991515
349515,4,34902,14,0,Tardio,0.3435546006341477
351147,4,34902,615,1,Adiantado,0.10219174969200875
354698,4,34902,147,0,Tardio,0.28314810059712664
355293,4,34902,396,1,Adiantado,0.09048683121341852
364066,4,34902,694,2,Equilibrado,0.04699760626221601
366140,4,34902,1037,2,Equilibrado,0.07081776877417297
367151,4,34902,689,0,Tardio,0.0010419122356952885
369242,4,34902,323,1,Adiantado,0.14947827743214828
369450,4,34902,974,1,Adiantado,0.05795340841877445
370735,4,34902,306,0,Tardio,0.4091166192202089
372345,4,34902,124,0,Tardio,0.4092983263366642
372509,4,34902,91,1,Adiantado,0.04659015767260476
372511,4,34902,78,0,Tardio,0.42609310199215816
375527,4,34902,425,0,Tardio,0.3872490639309131
378946,4,34902,1297,1,Adiantado,0.21805551266173237
380952,4,34902,162,1,Adiantado,0.18576000761403338
381257,4,34902,760,2,Equilibrado,0.012411235478515583
381414,4,34902,109,1,Adiantado,0.17514812311639405
383445,4,34902,27,1,Adiantado,0.1397765779115232
383602,4,34902,879,1,Adiantado,0.2460779296748796
383629,4,34902,140,1,Adiantado,0.17426371894164208
384107,4,34902,80,0,Tardio,0.11563473576580272
386389,4,34902,435,2,Equilibrado,0.13760121750004148
390070,4,34902,39,1,Adiantado,0.14549923809395304
396683,4,34902,196,0,Tardio,0.20118708539370883
396834,4,34902,325,1,Adiantado,0.10292548966645199
396907,4,34902,340,0,Tardio,0.1989949291303521
397219,4,34902,1527,1,Adiantado,0.263143922338474
397671,4,34902,601,1,Adiantado,0.05854994252650315
398550,4,34902,442,2,Equilibrado,0.031435434343677245
398630,4,34902,167,0,Tardio,0.2903160909151726
399429,4,34902,674,1,Adiantado,0.08327338876104003
402695,4,34902,730,2,Equilibrado,0.26547750754364585
405193,4,34902,1731,1,Adiantado,0.13328598299820033
407232,4,34902,1882,2,Equilibrado,0.04978918484915274
410407,4,34902,433,1,Adiantado,0.23291512846480314
410883,4,34902,320,0,Tardio,0.30863993320425503
411304,4,34902,281,2,Equilibrado,0.2536208285161702
412353,4,34902,862,1,Adiantado,0.24882882969002737
413180,4,34902,1595,2,Equilibrado,0.22291530973614018
413709,4,34902,484,2,Equilibrado,-0.001163320422129443
413949,4,34902,878,2,Equilibrado,0.16193678224735913
416199,4,34902,545,1,Adiantado,0.2242093042967306
416407,4,34902,789,2,Equilibrado,0.13865737036402115
419059,4,34902,272,2,Equilibrado,0.21918240101827838
423210,4,34902,274,0,Tardio,0.4342445464889611
423488,4,34902,195,0,Tardio,0.4099589600372335
423781,4,34902,505,1,Adiantado,0.29001188231291913
427256,4,34902,618,2,Equilibrado,-0.012090759678107006
429832,4,34902,40,0,Tardio,0.4187982727659551
431139,4,34902,569,0,Tardio,0.054013906399159324
434476,4,34902,2834,2,Equilibrado,0.2103977093180243
439950,4,34902,58,0,Tardio,0.33289388766930866
439995,4,34902,322,2,Equilibrado,0.0047253200457794955
440818,4,34902,803,2,Equilibrado,0.04192583637483565
441165,4,34902,75,2,Equilibrado,0.08409294311083607
442199,4,34902,95,0,Tardio,0.10629686963640514
442563,4,34902,238,1,Adiantado,0.06574633643579303
442802,4,34902,596,2,Equilibrado,0.1259353378168173
443151,4,34902,188,0,Tardio,0.232722314149665
443514,4,34902,330,2,Equilibrado,0.07430215887897419
443696,4,34902,295,2,Equilibrado,0.20771870115224408
444011,4,34902,474,2,Equilibrado,0.07085657163623382
444619,4,34902,2312,2,Equilibrado,0.18456470890966978
444907,4,34902,306,2,Equilibrado,0.19610888824435302
445686,4,34902,10,1,Adiantado,0.12797980362471575
465121,4,34902,74,1,Adiantado,0.053110693567643356
465294,4,34902,530,2,Equilibrado,0.05979735288027486
466120,4,34902,237,1,Adiantado,0.05632821213271233
466987,4,34902,546,2,Equilibrado,0.009079213436396564
467363,4,34902,68,0,Tardio,0.32701670077779516
469499,4,34902,1527,2,Equilibrado,0.05629800169913302
471284,4,34902,219,0,Tardio,0.43026651443631875
474667,4,34902,557,0,Tardio,0.07841056018009888
475015,4,34902,340,2,Equilibrado,8.476729717956547e-05
476401,4,34902,1382,1,Adiantado,0.20960826013111786
476629,4,34902,232,1,Adiantado,0.12030583200907849
477833,4,34902,1297,2,Equilibrado,0.020354390486264074
479939,4,34902,1756,1,Adiantado,0.10681320164365897
481717,4,34902,462,1,Adiantado,0.1659059872102674
482644,4,34902,549,2,Equilibrado,0.05225525091928669
483037,4,34902,745,1,Adiantado,0.15740697381706095
484010,4,34902,290,1,Adiantado,0.16996691623813423
484594,4,34902,1366,1,Adiantado,0.0782958133001521
485228,4,34902,624,1,Adiantado,0.0793959422875729
486087,4,34902,708,1,Adiantado,0.21786330858064298
486964,4,34902,37,2,Equilibrado,0.22529455556901523
488525,4,34902,524,2,Equilibrado,0.19823501230371945
489553,4,34902,49,1,Adiantado,0.07752255742169252
491126,4,34902,566,1,Adiantado,0.05185489712197122
491756,4,34902,91,2,Equilibrado,-0.01424739432508137
491863,4,34902,427,1,Adiantado,0.10115814520225487
492024,4,34902,369,0,Tardio,0.10449562916834274
493793,4,34902,650,2,Equilibrado,0.1677003407459644
494046,4,34902,831,1,Adiantado,0.045569035091633604
494184,4,34902,244,0,Tardio,-0.030973857206377728
497415,4,34902,118,1,Adiantado,0.10795324874784863
498442,4,34902,744,2,Equilibrado,-0.012271954072979006
499404,4,34902,796,2,Equilibrado,0.04576591837760192
500068,4,34902,705,1,Adiantado,0.19871562390317776
500618,4,34902,94,1,Adiantado,0.07046659755696894
501444,4,34902,673,1,Adiantado,0.07088150151624752
501897,4,34902,360,1,Adiantado,0.10164323557652773
502011,4,34902,451,2,Equilibrado,0.2262995162845294
505773,4,34902,587,2,Equilibrado,0.0974156749308101
506705,4,34902,229,0,Tardio,0.08121255743580205
507743,4,34902,814,1,Adiantado,0.07837948362950692
507935,4,34902,715,1,Adiantado,0.16066869783001253
508626,4,34902,1456,1,Adiantado,0.06849081681581401
509536,4,34902,726,1,Adiantado,0.2702294848335033
511309,4,34902,257,1,Adiantado,0.10749100073192011
511981,4,34902,363,1,Adiantado,0.09919304330449515
513422,4,34902,209,2,Equilibrado,0.22080561797760828
513428,4,34902,322,1,Adiantado,0.10642416224401564
514078,4,34902,1177,2,Equilibrado,0.08821375139346589
514556,4,34902,468,1,Adiantado,0.1523978256801716
516602,4,34902,56,0,Tardio,0.2680929104325917
517551,4,34902,467,0,Tardio,0.1754613252661615
519115,4,34902,267,0,Tardio,0.17564935621766725
521115,4,34902,658,1,Adiantado,0.11279667126499794
521255,4,34902,491,1,Adiantado,0.14380799034865746
522082,4,34902,374,1,Adiantado,0.12152436239985608
523017,4,34902,979,2,Equilibrado,0.15430220420636603
523249,4,34902,926,1,Adiantado,0.2747008494931807
526721,4,34902,639,1,Adiantado,0.05469383169729109
526819,4,34902,424,2,Equilibrado,0.21252922865457147
529693,4,34902,428,0,Tardio,0.36599376244640597
529991,4,34902,245,2,Equilibrado,0.01378170667115002
530148,4,34902,21,0,Tardio,0.28290816735369584
531018,4,34902,988,1,Adiantado,0.06604509197508505
531871,4,34902,27,2,Equilibrado,0.11086122605208774
532254,4,34902,251,1,Adiantado,0.0989644443929275
533418,4,34902,700,1,Adiantado,0.15430849335773225
534112,4,34902,235,0,Tardio,0.0718210373725878
534457,4,34902,212,0,Tardio,0.439334345624772
535671,4,34902,372,1,Adiantado,0.21296948851602612
536351,4,34902,392,1,Adiantado,0.19865557934005632
536475,4,34902,254,0,Tardio,0.3953352683880491
536963,4,34902,597,1,Adiantado,0.1991194210002074
537322,4,34902,621,2,Equilibrado,0.011240336074573651
537811,4,34902,1541,1,Adiantado,0.18985867518427996
539308,4,34902,95,0,Tardio,0.35204825095062214
539945,4,34902,556,2,Equilibrado,0.12801823055261982
540723,4,34902,1320,1,Adiantado,0.03985012709399578
541532,4,34902,989,1,Adiantado,0.13225024830092472
541921,4,34902,372,2,Equilibrado,-0.008135003905144192
542202,4,34902,975,1,Adiantado,0.21701288275925867
543010,4,34902,703,1,Adiantado,0.09105514101206029
544745,4,34902,796,0,Tardio,0.418490180488612
545164,4,34902,185,1,Adiantado,0.2276089427475818
545962,4,34902,649,2,Equilibrado,0.026954578601798954
546547,4,34902,636,2,Equilibrado,0.13295412276171195
546645,4,34902,740,2,Equilibrado,0.0813902747652408
547347,4,34902,337,1,Adiantado,0.09218939693512575
549219,4,34902,1228,1,Adiantado,0.0712599391203251
549321,4,34902,486,0,Tardio,0.230314425600362
549847,4,34902,949,1,Adiantado,0.11972791688634853
550420,4,34902,605,1,Adiantado,0.04347507163397676
550703,4,34902,825,1,Adiantado,0.3032256905660896
552173,4,34902,800,1,Adiantado,0.1797996948565345
553031,4,34902,558,2,Equilibrado,0.12701781799593254
553284,4,34902,1014,1,Adiantado,0.12708161006839963
553813,4,34902,158,0,Tardio,0.41918030911506127
554063,4,34902,738,2,Equilibrado,-0.009198521121064403
554525,4,34902,489,2,Equilibrado,0.0652211844425326
555049,4,34902,781,1,Adiantado,0.13737653802537228
556126,4,34902,351,0,Tardio,0.2502055952473538
557085,4,34902,1536,2,Equilibrado,-0.013803326963951057
557290,4,34902,371,2,Equilibrado,0.13086641984407674
558044,4,34902,415,2,Equilibrado,-0.025941928942199727
558764,4,34902,773,1,Adiantado,0.03323984011998108
560047,4,34902,247,0,Tardio,0.03143171232462949
560459,4,34902,138,2,Equilibrado,0.1126484684859725
560645,4,34902,599,1,Adiantado,0.10857251359638817
561231,4,34902,422,0,Tardio,-0.017834741075781344
562064,4,34902,102,0,Tardio,0.26515003489833183
562754,4,34902,217,2,Equilibrado,0.12139339660692752
562990,4,34902,443,2,Equilibrado,0.06754873845217226
563108,4,34902,71,2,Equilibrado,0.12255470853435181
563414,4,34902,881,2,Equilibrado,0.024041243425093405
564243,4,34902,852,1,Adiantado,0.1808297815946502
564617,4,34902,847,1,Adiantado,0.22525862307832367
564933,4,34902,468,0,Tardio,-0.05058856040573446
565017,4,34902,1135,1,Adiantado,0.19727924108201844
569034,4,34902,1780,1,Adiantado,0.11451018525249664
569080,4,34902,881,2,Equilibrado,0.0719117145157205
569108,4,34902,617,1,Adiantado,0.11570128362248971
569876,4,34902,656,1,Adiantado,0.2271331246828239
570213,4,34902,426,1,Adiantado,0.23695174346398473
571074,4,34902,831,1,Adiantado,0.029892456360474863
572074,4,34902,2212,1,Adiantado,0.11550177596351287
572213,4,34902,387,2,Equilibrado,0.21987933696905818
573583,4,34902,519,0,Tardio,0.30052065659233523
574527,4,34902,371,2,Equilibrado,-0.032922133410754506
575069,4,34902,362,2,Equilibrado,-0.03472461079473844
575112,4,34902,746,2,Equilibrado,-0.018289476128482363
575302,4,34902,1035,2,Equilibrado,0.0033420933344541436
577032,4,34902,65,2,Equilibrado,0.04242463095763198
577533,4,34902,12,0,Tardio,0.013269054163162545
578152,4,34902,277,1,Adiantado,0.14399608715414494
578847,4,34902,160,1,Adiantado,0.21625848893338592
579660,4,34902,406,2,Equilibrado,0.24471459657417086
579686,4,34902,576,2,Equilibrado,0.2232396271153106
580459,4,34902,603,1,Adiantado,0.12211764665023478
580834,4,34902,1461,2,Equilibrado,0.06220234373670894
580845,4,34902,240,0,Tardio,0.2574916264059285
581219,4,34902,210,2,Equilibrado,0.0062531878090344535
581253,4,34902,782,1,Adiantado,0.1692969284445684
581659,4,34902,1224,1,Adiantado,0.1833512482897581
581779,4,34902,779,1,Adiantado,0.08593122026787219
582117,4,34902,332,1,Adiantado,0.13472750147619902
582266,4,34902,120,1,Adiantado,0.15031344168144378
582332,4,34902,653,1,Adiantado,0.07151232428603191
582653,4,34902,51,0,Tardio,0.4045788854538422
583056,4,34902,713,1,Adiantado,0.1282425763599898
583318,4,34902,133,0,Tardio,0.3396347928238939
583487,4,34902,1672,1,Adiantado,0.1257109281808083
584515,4,34902,152,1,Adiantado,0.07769145591729773
585224,4,34902,627,1,Adiantado,0.1700532365984844
585261,4,34902,790,2,Equilibrado,0.14705963704662334
585284,4,34902,324,1,Adiantado,0.09585807694661448
585503,4,34902,1227,1,Adiantado,0.2481380140336745
585572,4,34902,371,2,Equilibrado,0.11235511979343504
585958,4,34902,689,1,Adiantado,0.27467150806926116
586906,4,34902,543,2,Equilibrado,0.19414053387736535
587571,4,34902,1117,1,Adiantado,0.28055497336116836
588128,4,34902,325,0,Tardio,-0.029216088412433523
588628,4,34902,1132,1,Adiantado,0.16318464601641222
589080,4,34902,1033,1,Adiantado,0.2010595597580301
589162,4,34902,1196,2,Equilibrado,-0.025687407048899713
589332,4,34902,833,1,Adiantado,0.2079676212555301
589389,4,34902,46,2,Equilibrado,-0.014153955354903413
589828,4,34902,185,1,Adiantado,0.03405132627401578
590120,4,34902,628,0,Tardio,-0.013636239128250575
591525,4,34902,601,1,Adiantado,0.26933203964449853
591581,4,34902,445,1,Adiantado,0.18016891369112106
591946,4,34902,404,1,Adiantado,0.04191501227690308
592218,4,34902,724,2,Equilibrado,0.047474590480510725
592295,4,34902,230,1,Adiantado,0.18333645818903058
592558,4,34902,812,0,Tardio,-0.07784250214267754
592939,4,34902,81,1,Adiantado,0.020490090002589872
593136,4,34902,345,2,Equilibrado,0.08150149207625841
593563,4,34902,725,1,Adiantado,0.13907866894135515
593722,4,34902,718,2,Equilibrado,0.2514037051548072
593796,4,34902,2494,2,Equilibrado,0.13498445450935484
594065,4,34902,643,2,Equilibrado,0.03806745738529876
594122,4,34902,393,2,Equilibrado,0.03094225126697706
594229,4,34902,649,1,Adiantado,0.20154428067782454
594258,4,34902,18,0,Tardio,0.0384606642569344
594636,4,34902,1217,1,Adiantado,0.19516765692209412
595721,4,34902,349,0,Tardio,0.19408141143002955
595943,4,34902,700,1,Adiantado,0.1089469827715742
596243,4,34902,304,0,Tardio,0.22884569347516193
596253,4,34902,513,2,Equilibrado,0.19009952465007252
596758,4,34902,594,1,Adiantado,0.18876795691943798
597740,4,34902,450,1,Adiantado,0.2824518104121887
597937,4,34902,473,1,Adiantado,0.15387003130739654
598308,4,34902,444,2,Equilibrado,0.11569167942912517
598540,4,34902,703,1,Adiantado,0.22795544704963108
598559,4,34902,608,1,Adiantado,0.20752750770447823
599865,4,34902,17,0,Tardio,0.2439439772377346
600071,4,34902,730,2,Equilibrado,0.0025460287933255707
600773,4,34902,434,2,Equilibrado,0.06194514111654309
600893,4,34902,83,0,Tardio,0.3592636666634192
601008,4,34902,113,0,Tardio,0.4264227636789403
601235,4,34902,956,1,Adiantado,0.18834628753932786
601271,4,34902,275,1,Adiantado,0.05516027022419935
601820,4,34902,105,0,Tardio,0.4032656232713994
602594,4,34902,801,1,Adiantado,0.12043872942596237
603648,4,34902,863,2,Equilibrado,0.19672627769624548
604567,4,34902,306,2,Equilibrado,0.19698246252966042
604614,4,34902,510,1,Adiantado,0.11972687795995629
605180,4,34902,529,2,Equilibrado,0.016380559006490446
605682,4,34902,646,2,Equilibrado,0.03613139519218764
606257,4,34902,569,2,Equilibrado,0.19470666289170105
606805,4,34902,984,1,Adiantado,0.3052175586317257
606904,4,34902,154,2,Equilibrado,0.03830422543432679
607243,4,34902,1867,2,Equilibrado,0.02941553101990707
607303,4,34902,708,2,Equilibrado,0.07137520434541347
607501,4,34902,824,2,Equilibrado,0.22987470226211387
607679,4,34902,1013,1,Adiantado,0.19461079124949468
607700,4,34902,433,2,Equilibrado,0.15227501583205486
607866,4,34902,15,1,Adiantado,0.025934046327244765
609142,4,34902,814,1,Adiantado,0.18615287007163672
609240,4,34902,549,1,Adiantado,0.1937958841122016
611603,4,34902,145,0,Tardio,0.33828840823760564
612842,4,34902,607,1,Adiantado,0.07439026875334212
613165,4,34902,1730,2,Equilibrado,0.025752675257759768
613330,4,34902,693,1,Adiantado,0.2013135037415571
613634,4,34902,842,1,Adiantado,0.29956626894790056
613899,4,34902,1981,2,Equilibrado,-0.01593547141640318
614059,4,34902,200,2,Equilibrado,0.17546029959247486
614984,4,34902,592,1,Adiantado,0.16220329550609025
615266,4,34902,807,1,Adiantado,0.2708913570079223
615299,4,34902,809,2,Equilibrado,-0.02284828237787202
615301,4,34902,1252,1,Adiantado,0.05096819126560015
615302,4,34902,1028,1,Adiantado,0.03459191363481283
615306,4,34902,949,1,Adiantado,0.08273744587672285
615328,4,34902,531,1,Adiantado,0.30339246888241567
615340,4,34902,9,1,Adiantado,0.08046949268796323
615342,4,34902,769,2,Equilibrado,0.06828600952946913
615356,4,34902,551,1,Adiantado,0.03994722031443951
616517,4,34902,1026,1,Adiantado,0.15420893745679246
616912,4,34902,311,1,Adiantado,0.0426738113797048
617010,4,34902,736,1,Adiantado,0.048121965983370894
617119,4,34902,782,2,Equilibrado,0.23836231740777394
617580,4,34902,1927,1,Adiantado,0.1823034563699352
617783,4,34902,514,0,Tardio,0.23823083436323764
617922,4,34902,270,1,Adiantado,0.14740398652289505
618663,4,34902,166,0,Tardio,0.3953352683880491
619204,4,34902,184,2,Equilibrado,0.255018411037145
619292,4,34902,1044,1,Adiantado,0.2308631554457349
619321,4,34902,451,1,Adiantado,0.2903307855270504
619502,4,34902,395,0,Tardio,0.1661863984478805
620094,4,34902,2235,1,Adiantado,0.16418548265985636
620269,4,34902,273,2,Equilibrado,0.039618715594945716
620349,4,34902,297,2,Equilibrado,0.06132226181659105
620431,4,34902,645,1,Adiantado,0.06511858413284342
620740,4,34902,736,1,Adiantado,0.04709260355540609
620810,4,34902,141,1,Adiantado,0.07902930677388613
622481,4,34902,602,1,Adiantado,0.1027303585359696
622760,4,34902,314,2,Equilibrado,0.17962286324576404
622934,4,34902,868,0,Tardio,0.16614475436898898
623471,4,34902,593,2,Equilibrado,-0.0011874769274888685
623589,4,34902,561,1,Adiantado,0.1480684721246028
623765,4,34902,864,2,Equilibrado,0.14448931043427
624282,4,34902,922,1,Adiantado,0.17946158463643316
624864,4,34902,762,1,Adiantado,0.14251806281180565
624970,4,34902,800,1,Adiantado,0.17725264198158105
625245,4,34902,578,1,Adiantado,0.19221290154856185
625330,4,34902,398,1,Adiantado,0.09662770196294584
625515,4,34902,398,2,Equilibrado,0.025969534314513695
625743,4,34902,609,0,Tardio,0.03150954608146381
625802,4,34902,1117,1,Adiantado,0.04923961498212929
625838,4,34902,416,2,Equilibrado,0.13522489246768682
626033,4,34902,1277,2,Equilibrado,0.034731890309831925
626349,4,34902,192,2,Equilibrado,0.016005558908266698
626416,4,34902,1048,1,Adiantado,0.10774847083289148
626454,4,34902,359,0,Tardio,0.126074953675144
626477,4,34902,582,1,Adiantado,0.09240844377152627
626514,4,34902,757,1,Adiantado,0.13024703110428326
626552,4,34902,508,1,Adiantado,0.1979478901464254
626579,4,34902,25,1,Adiantado,0.1482362149630526
627365,4,34902,319,1,Adiantado,0.1000112135388043
627829,4,34902,298,1,Adiantado,0.05031585282377588
628149,4,34902,723,2,Equilibrado,0.17666696542827662
628157,4,34902,91,0,Tardio,0.3773453877969867
628383,4,34902,549,1,Adiantado,0.10961086618597288
628521,4,34902,130,0,Tardio,0.3478308578043638
628888,4,34902,503,2,Equilibrado,0.06305336540821176
628964,4,34902,624,1,Adiantado,0.2361659941328175
629029,4,34902,201,2,Equilibrado,-0.0026060266694142237
629182,4,34902,174,0,Tardio,0.37871729144314764
629491,4,34902,655,2,Equilibrado,0.05249255339421864
629818,4,34902,139,0,Tardio,0.02899703088148903
629922,4,34902,704,2,Equilibrado,0.0583688516895018
629944,4,34902,229,2,Equilibrado,0.098789382750256
630109,4,34902,238,2,Equilibrado,0.07325288204812051
630158,4,34902,768,2,Equilibrado,-0.008591566598041323
630835,4,34902,1203,1,Adiantado,0.18753836979724478
630905,4,34902,1944,2,Equilibrado,0.12510600031419766
630910,4,34902,605,2,Equilibrado,-0.02263024119008665
630992,4,34902,7,0,Tardio,0.12200462771547282
631075,4,34902,118,1,Adiantado,0.11872727289852368
631658,4,34902,2536,2,Equilibrado,0.12094283349839406
631681,4,34902,174,2,Equilibrado,0.004376375684247471
631715,4,34902,1041,1,Adiantado,0.21462824135535566
631740,4,34902,427,2,Equilibrado,0.0952890328522209
631837,4,34902,1191,1,Adiantado,0.21844679228435745
631924,4,34902,1003,1,Adiantado,0.18764214120425166
632074,4,34902,446,2,Equilibrado,0.18883610861323552
632290,4,34902,98,0,Tardio,0.24577205653693077
632458,4,34902,1932,1,Adiantado,0.1711195996905443
632556,4,34902,25,1,Adiantado,0.009782411301530259
632826,4,34902,449,1,Adiantado,0.2740694453965486
632836,4,34902,680,2,Equilibrado,0.1619957654512704
633079,4,34902,517,1,Adiantado,0.11827139387138404
633516,4,34902,212,0,Tardio,0.18005194875888444
633555,4,34902,982,1,Adiantado,0.11450471930934676
633568,4,34902,498,1,Adiantado,0.2022460140719199
633867,4,34902,554,1,Adiantado,0.11766210054038638
633931,4,34902,596,2,Equilibrado,-0.022496473180122413
634088,4,34902,275,0,Tardio,-0.07694038658555727
634512,4,34902,452,2,Equilibrado,0.21125553127707608
634526,4,34902,879,2,Equilibrado,0.004955989618905496
634749,4,34902,1781,1,Adiantado,0.1051448926271619
635184,4,34902,488,2,Equilibrado,-0.00825648081322366
635795,4,34902,734,2,Equilibrado,0.05764405248336051
635903,4,34902,125,0,Tardio,0.4128553610596553
636314,4,34902,1030,1,Adiantado,0.1782452227256811
636400,4,34902,681,1,Adiantado,0.28280820593170747
636408,4,34902,39,0,Tardio,0.056545824661856404
636469,4,34902,472,2,Equilibrado,0.15758259094524327
636547,4,34902,321,1,Adiantado,0.14084191910920565
636565,4,34902,135,2,Equilibrado,0.15111405930779298
636656,4,34902,321,2,Equilibrado,0.08135117203459051
636704,4,34902,165,0,Tardio,0.038058406337948804
636783,4,34902,1068,1,Adiantado,0.2827128689957661
636830,4,34902,1002,1,Adiantado,0.18126405283175162
636832,4,34902,1519,1,Adiantado,0.10929297655051466
637004,4,34902,1023,2,Equilibrado,0.10941966797294432
637089,4,34902,97,0,Tardio,0.4086614048547268
637358,4,34902,216,2,Equilibrado,0.10939713210731962
637514,4,34902,157,2,Equilibrado,0.24225419170687154
637582,4,34902,225,1,Adiantado,0.27228822201424874
637708,4,34902,953,2,Equilibrado,0.07852967807077563
637906,4,34902,200,2,Equilibrado,0.12506689201531984
637939,4,34902,52,0,Tardio,0.405407121009881
637980,4,34902,791,1,Adiantado,0.09065340257513793
638034,4,34902,731,1,Adiantado,0.10265364076008664
638388,4,34902,265,0,Tardio,0.2268170033655414
638411,4,34902,1560,1,Adiantado,0.16984499456219515
638498,4,34902,422,1,Adiantado,0.16308008303564542
638515,4,34902,153,0,Tardio,0.11203163955411556
638625,4,34902,753,1,Adiantado,0.13313018155546083
638655,4,34902,778,1,Adiantado,0.06568490574539912
638677,4,34902,346,1,Adiantado,0.188028582737708
638831,4,34902,468,2,Equilibrado,0.22843444873003407
639028,4,34902,473,2,Equilibrado,0.19155930464514812
639231,4,34902,422,1,Adiantado,0.14853620079374152
639234,4,34902,566,2,Equilibrado,0.12676805781843065
639522,4,34902,50,2,Equilibrado,0.19799576837343136
640098,4,34902,599,1,Adiantado,0.14395010787465387
640278,4,34902,2970,2,Equilibrado,0.049753658538215145
640329,4,34902,859,1,Adiantado,0.1499110028206817
640429,4,34902,1112,2,Equilibrado,0.005179836038620166
640711,4,34902,693,1,Adiantado,0.14733800247536083
640752,4,34902,313,2,Equilibrado,0.09775571233257763
640848,4,34902,15,2,Equilibrado,0.028910532483096867
640892,4,34902,443,0,Tardio,0.07072352256201037
640913,4,34902,91,0,Tardio,0.3953352683880491
640927,4,34902,782,2,Equilibrado,-0.012603585997248862
641137,4,34902,1149,1,Adiantado,0.18466113539164145
641309,4,34902,712,1,Adiantado,0.02020182067253563
641311,4,34902,1032,1,Adiantado,0.13431544621181143
641363,4,34902,76,0,Tardio,0.37989939198614314
641401,4,34902,832,1,Adiantado,0.12961712207269255
641461,4,34902,413,0,Tardio,-0.003948457885423354
641547,4,34902,76,0,Tardio,0.051150196622245
641864,4,34902,575,1,Adiantado,0.20785500783101094
641914,4,34902,1590,1,Adiantado,0.04925515254670382
642029,4,34902,255,2,Equilibrado,0.03477514454440354
642056,4,34902,137,2,Equilibrado,0.1492036309933351
642375,4,34902,374,2,Equilibrado,0.0016806000878631605
642448,4,34902,293,2,Equilibrado,0.08472654020436476
642449,4,34902,405,0,Tardio,0.03168934555983662
642493,4,34902,475,1,Adiantado,0.2077323558023749
642498,4,34902,152,2,Equilibrado,0.1522014435087778
642551,4,34902,409,1,Adiantado,0.1931103913031093
642740,4,34902,1022,1,Adiantado,0.16541925381722755
642750,4,34902,1073,1,Adiantado,0.22638591300369917
642843,4,34902,1119,1,Adiantado,0.10212607966380187
642872,4,34902,2130,1,Adiantado,0.05708940490416032
642909,4,34902,53,0,Tardio,0.186517810310955
643069,4,34902,126,1,Adiantado,0.05511659403415037
643202,4,34902,851,1,Adiantado,0.18784947270998706
643220,4,34902,128,0,Tardio,0.39882287771846325
643273,4,34902,673,2,Equilibrado,0.15728903821025025
643326,4,34902,1156,1,Adiantado,0.1387469485289327
643466,4,34902,739,1,Adiantado,0.0660191300655209
643477,4,34902,1068,1,Adiantado,0.2746354958158798
643496,4,34902,1232,2,Equilibrado,0.09420859212899262
643502,4,34902,178,2,Equilibrado,0.10487857675721615
643591,4,34902,702,1,Adiantado,0.19967815862958815
643653,4,34902,298,1,Adiantado,0.10998385510270145
643751,4,34902,1349,1,Adiantado,0.09636756059850173
643754,4,34902,1906,1,Adiantado,0.09954797683643739
644025,4,34902,599,1,Adiantado,0.14933447356594703
644210,4,34902,256,1,Adiantado,0.1752556493235765
644343,4,34902,44,2,Equilibrado,0.09120263957817319
644361,4,34902,3202,1,Adiantado,0.19337176857743155
644369,4,34902,123,2,Equilibrado,0.23870154812103572
644450,4,34902,945,1,Adiantado,0.24952150567127918
644508,4,34902,557,2,Equilibrado,0.013515843098317453
644761,4,34902,1112,1,Adiantado,0.17013723325288946
644791,4,34902,1070,1,Adiantado,0.1662642916209384
644818,4,34902,655,1,Adiantado,0.12872665588179044
644936,4,34902,197,0,Tardio,0.19588020467957168
644974,4,34902,737,1,Adiantado,0.1610952037289102
645020,4,34902,331,2,Equilibrado,0.06030213561881204
645078,4,34902,625,1,Adiantado,0.1048975654156212
645405,4,34902,1909,1,Adiantado,0.08051092866647984
645433,4,34902,155,2,Equilibrado,0.21666565239436603
645496,4,34902,688,1,Adiantado,0.17010937190529338
645518,4,34902,722,2,Equilibrado,0.04068261147752216
645586,4,34902,143,0,Tardio,0.40186708278078664
645705,4,34902,275,1,Adiantado,0.03223550674066347
645784,4,34902,201,1,Adiantado,0.06374760845172853
645840,4,34902,649,2,Equilibrado,0.03640157983328473
645880,4,34902,101,0,Tardio,0.41140086160943296
645948,4,34902,176,2,Equilibrado,0.18722948519876886
645960,4,34902,169,0,Tardio,0.410293971403512
645997,4,34902,504,1,Adiantado,0.14194795400182889
646015,4,34902,424,1,Adiantado,0.21838202964918596
646017,4,34902,1526,1,Adiantado,0.07097557430953069
646053,4,34902,854,2,Equilibrado,0.28563871661148077
646074,4,34902,1123,1,Adiantado,0.25764792841423284
646085,4,34902,783,1,Adiantado,0.13630375860376398
646138,4,34902,300,2,Equilibrado,0.10146359067927528
646313,4,34902,739,1,Adiantado,0.23326038913961034
646357,4,34902,612,1,Adiantado,0.26302704304467794
646402,4,34902,525,1,Adiantado,0.06293157386818687
646460,4,34902,493,2,Equilibrado,0.05594330822068049
646539,4,34902,310,0,Tardio,0.18422283701981954
646540,4,34902,1074,1,Adiantado,0.24345795593498026
646551,4,34902,1433,1,Adiantado,0.17203198334883696
646638,4,34902,301,0,Tardio,-0.017244970375523635
646670,4,34902,425,0,Tardio,0.07851781881641184
646734,4,34902,123,0,Tardio,0.3953352683880491
646750,4,34902,106,1,Adiantado,0.22088620150028931
646778,4,34902,913,1,Adiantado,0.1073611321790443
646990,4,34902,505,2,Equilibrado,-0.01458332382327498
647040,4,34902,441,2,Equilibrado,0.14681370744049999
647154,4,34902,418,2,Equilibrado,0.2142306001402797
647169,4,34902,461,1,Adiantado,0.19135153658563406
647320,4,34902,1216,0,Tardio,0.08731360082890337
647324,4,34902,967,1,Adiantado,0.18205282972828782
647391,4,34902,81,0,Tardio,0.0745240009198432
647398,4,34902,457,1,Adiantado,0.25476064679904
647399,4,34902,822,1,Adiantado,0.2232338786933239
647425,4,34902,3121,1,Adiantado,0.24629494987311953
647485,4,34902,209,2,Equilibrado,0.21371006555492167
647496,4,34902,220,1,Adiantado,0.11777555811114417
647765,4,34902,119,0,Tardio,0.3953352683880491
647841,4,34902,224,2,Equilibrado,0.07245754887865535
647898,4,34902,413,1,Adiantado,0.11241797465987405
647910,4,34902,151,2,Equilibrado,0.24707002638387485
647945,4,34902,311,1,Adiantado,0.08672332981124267
647987,4,34902,104,0,Tardio,-0.06674110385914862
648027,4,34902,179,0,Tardio,0.4364755114218279
648037,4,34902,1021,1,Adiantado,0.14301601115639484
648038,4,34902,735,2,Equilibrado,0.057680646567326396
648040,4,34902,854,1,Adiantado,0.13447838049146374
648086,4,34902,324,2,Equilibrado,0.06382203445759223
648105,4,34902,549,0,Tardio,-0.027619348526052964
648114,4,34902,749,2,Equilibrado,0.17662187153060208
648116,4,34902,700,1,Adiantado,0.14961377219501149
648140,4,34902,126,2,Equilibrado,0.19439375366328165
648254,4,34902,350,0,Tardio,0.05719862332563057
648287,4,34902,467,1,Adiantado,0.11434823159706833
648365,4,34902,1018,1,Adiantado,0.19547052198414389
648366,4,34902,664,1,Adiantado,0.17803059091078766
648457,4,34902,350,0,Tardio,0.1049338029177297
648470,4,34902,852,1,Adiantado,0.0771702584703019
648531,4,34902,870,1,Adiantado,0.21377692415629374
648536,4,34902,142,0,Tardio,0.43221042252567876
648564,4,34902,796,0,Tardio,0.13511693280905213
648571,4,34902,592,2,Equilibrado,0.07048722554222035
648590,4,34902,324,0,Tardio,0.12052459444357266
648613,4,34902,443,0,Tardio,0.33395296613804704
648685,4,34902,377,1,Adiantado,0.05332076979201187
648804,4,34902,306,1,Adiantado,0.058757742705117015
648815,4,34902,1115,1,Adiantado,0.15746260101130044
648903,4,34902,381,2,Equilibrado,0.2589373773433305
648972,4,34902,166,0,Tardio,0.4213556987994204
649004,4,34902,1619,1,Adiantado,0.18925661426773302
649009,4,34902,38,1,Adiantado,0.10653808400170438
649079,4,34902,1972,1,Adiantado,0.1592508211392122
649084,4,34902,367,2,Equilibrado,0.06830811103023324
649093,4,34902,223,2,Equilibrado,0.09737245869302925
649118,4,34902,37,1,Adiantado,0.036360817069011016
649141,4,34902,250,2,Equilibrado,0.20130967469269062
649159,4,34902,549,2,Equilibrado,0.12652036722157908
649165,4,34902,192,0,Tardio,0.32023590390608464
649207,4,34902,658,2,Equilibrado,0.07258435283121248
649212,4,34902,859,1,Adiantado,0.21500646491223338
649230,4,34902,860,2,Equilibrado,0.02068079783754323
649258,4,34902,59,2,Equilibrado,0.2780487990291907
649284,4,34902,185,0,Tardio,0.3684232049901823
649379,4,34902,1618,1,Adiantado,0.1987256923446408
649400,4,34902,681,2,Equilibrado,0.20003302958478958
649434,4,34902,710,1,Adiantado,0.02534436461437397
649435,4,34902,382,2,Equilibrado,0.04700225160479215
649457,4,34902,1137,1,Adiantado,0.13373222028425832
649566,4,34902,308,1,Adiantado,0.1228534485455532
649619,4,34902,741,1,Adiantado,0.13195760516727836
649735,4,34902,320,0,Tardio,0.32972071224808935
649806,4,34902,39,0,Tardio,0.23163470999543387
649952,4,34902,844,2,Equilibrado,0.03315868313307393
649979,4,34902,68,0,Tardio,0.25902367077755933
650031,4,34902,240,2,Equilibrado,0.13018192537580692
650108,4,34902,682,1,Adiantado,0.16846299702031953
650160,4,34902,780,2,Equilibrado,0.08753006684463797
650251,4,34902,786,2,Equilibrado,-0.00011759714134831031
650363,4,34902,456,2,Equilibrado,0.1516810896817388
650370,4,34902,217,2,Equilibrado,0.1824969515055123
650424,4,34902,438,1,Adiantado,0.2540691275313793
650461,4,34902,123,1,Adiantado,0.11263566096870248
650469,4,34902,843,1,Adiantado,0.08806758146996718
650473,4,34902,509,1,Adiantado,0.21426505858444622
650570,4,34902,529,1,Adiantado,0.04474884915032376
650866,4,34902,1672,2,Equilibrado,0.009979725539724038
650923,4,34902,134,2,Equilibrado,0.2351600785726326
650960,4,34902,109,2,Equilibrado,0.11234568834307393
651040,4,34902,109,0,Tardio,0.2536909610910426
651121,4,34902,790,1,Adiantado,0.16327611306969228
651126,4,34902,282,0,Tardio,0.3492402099485327
651200,4,34902,23,1,Adiantado,0.08701349317493776
651238,4,34902,470,1,Adiantado,0.0759555570867641
651330,4,34902,203,0,Tardio,0.399712659280088
651354,4,34902,752,2,Equilibrado,0.08415867058150008
651381,4,34902,639,2,Equilibrado,0.25400388526208617
651419,4,34902,1547,2,Equilibrado,0.06334113933357681
651478,4,34902,1179,1,Adiantado,0.04689504244144926
651498,4,34902,1021,1,Adiantado,0.03538563631956573
651555,4,34902,60,0,Tardio,0.41047288757894684
651598,4,34902,336,1,Adiantado,0.07426101984330213
651693,4,34902,135,0,Tardio,0.3953352683880491
651881,4,34902,450,1,Adiantado,0.08667405460474133
651927,4,34902,798,2,Equilibrado,0.24164732583134632
651990,4,34902,460,1,Adiantado,0.20783766129225498
652008,4,34902,484,2,Equilibrado,0.013023824930258053
652064,4,34902,822,1,Adiantado,0.19562117313909047
652087,4,34902,221,1,Adiantado,0.09891143411705043
652333,4,34902,436,0,Tardio,-0.0704276725615176
652335,4,34902,643,1,Adiantado,0.2722398857675228
652438,4,34902,95,0,Tardio,0.040285789454588855
652576,4,34902,487,1,Adiantado,0.14867492574621
652625,4,34902,510,1,Adiantado,0.14345049732670592
652672,4,34902,808,1,Adiantado,0.12878908329083816
652684,4,34902,880,1,Adiantado,0.0996948316855715
652711,4,34902,655,2,Equilibrado,0.1433183961301371
652753,4,34902,275,1,Adiantado,0.1336518776237398
652788,4,34902,489,2,Equilibrado,0.16104075495314757
652887,4,34902,261,1,Adiantado,0.2116100932076003
652890,4,34902,123,0,Tardio,0.4222282193448151
652898,4,34902,1236,1,Adiantado,0.2015619055421205
652994,4,34902,90,1,Adiantado,0.21548081582570297
653045,4,34902,220,1,Adiantado,0.17151332531361654
653115,4,34902,79,2,Equilibrado,0.05871803048392235
653144,4,34902,161,1,Adiantado,0.13801831399980932
653297,4,34902,413,2,Equilibrado,0.02071890413880858
653301,4,34902,711,1,Adiantado,0.1681025001441232
653381,4,34902,462,1,Adiantado,0.19728098828664006
653417,4,34902,110,0,Tardio,0.3762254862516371
653536,4,34902,140,0,Tardio,0.09290825485322064
653558,4,34902,295,2,Equilibrado,0.025066362815236613
653567,4,34902,95,0,Tardio,0.1719549253335846
653595,4,34902,662,1,Adiantado,0.13270034787979543
653653,4,34902,324,1,Adiantado,0.1419087035251087
653773,4,34902,992,1,Adiantado,0.29253825712501336
653841,4,34902,619,1,Adiantado,0.232151494085133
653857,4,34902,78,1,Adiantado,0.015513352632308762
654045,4,34902,8,1,Adiantado,0.02029269217837076
654114,4,34902,488,2,Equilibrado,-0.017999062589562093
654169,4,34902,401,1,Adiantado,0.047178702273991006
654217,4,34902,106,2,Equilibrado,0.034885723230289475
654236,4,34902,347,1,Adiantado,0.030240809490616746
654260,4,34902,397,0,Tardio,0.017073494116407305
654339,4,34902,313,2,Equilibrado,0.08668995214317189
654441,4,34902,1028,2,Equilibrado,0.12059325851642085
654565,4,34902,373,0,Tardio,0.1431793397610144
654578,4,34902,435,1,Adiantado,0.04650398470131226
654597,4,34902,406,2,Equilibrado,0.05861728198169886
654684,4,34902,197,2,Equilibrado,0.05270606677511049
654692,4,34902,408,1,Adiantado,0.19295193806432764
654819,4,34902,2039,1,Adiantado,0.08779854664022514
654824,4,34902,1056,1,Adiantado,0.18397682542639926
654834,4,34902,993,2,Equilibrado,0.037062309246070194
654867,4,34902,1011,1,Adiantado,0.08554943833294075
654947,4,34902,243,0,Tardio,-0.039162385473405364
655115,4,34902,527,1,Adiantado,0.08042396336359063
655124,4,34902,54,0,Tardio,0.34049140105213793
655127,4,34902,706,2,Equilibrado,0.06135797747213074
655353,4,34902,168,1,Adiantado,0.11545005612607863
655386,4,34902,1057,1,Adiantado,0.19120497305587325
655412,4,34902,692,1,Adiantado,0.1086514484488491
655445,4,34902,471,1,Adiantado,0.12321862098733913
655569,4,34902,169,1,Adiantado,0.08986347471215582
655796,4,34902,36,1,Adiantado,0.18530387828879444
655927,4,34902,284,2,Equilibrado,0.0758109901734712
655981,4,34902,270,1,Adiantado,0.145773230123574
656065,4,34902,239,1,Adiantado,0.1216989736800163
656092,4,34902,616,1,Adiantado,0.2416328908863821
656131,4,34902,975,1,Adiantado,0.055770095085644386
656158,4,34902,613,0,Tardio,0.353175177376953
656159,4,34902,696,1,Adiantado,0.10031093401674783
656165,4,34902,445,0,Tardio,0.06719759076452261
656234,4,34902,450,2,Equilibrado,0.2045980680320583
656323,4,34902,348,1,Adiantado,0.10239710499176229
656414,4,34902,494,1,Adiantado,0.09528687254930954
656436,4,34902,83,1,Adiantado,0.10180770106643897
656529,4,34902,523,2,Equilibrado,0.0760106254366845
656579,4,34902,1064,1,Adiantado,0.1507913720724247
656607,4,34902,262,0,Tardio,-0.0397056877422383
656651,4,34902,189,1,Adiantado,0.05834727199368816
656734,4,34902,1407,1,Adiantado,0.12846238701365598
656791,4,34902,1363,1,Adiantado,0.2141181465167585
656882,4,34902,425,1,Adiantado,0.1218586828674468
656988,4,34902,109,2,Equilibrado,0.158034455760178
656996,4,34902,340,2,Equilibrado,0.08784219238805827
657048,4,34902,197,0,Tardio,0.4352525520877971
657220,4,34902,236,2,Equilibrado,0.006875527477916013
657330,4,34902,778,1,Adiantado,0.13107319382944055
657344,4,34902,568,1,Adiantado,0.15301405194528248
674222,4,34902,936,1,Adiantado,0.14755090002678461
674226,4,34902,532,1,Adiantado,0.07820477613487299
674236,4,34902,451,2,Equilibrado,0.12940572658911245
674262,4,34902,983,1,Adiantado,0.2791677184067808
674320,4,34902,320,2,Equilibrado,0.03802851449229981
674387,4,34902,922,2,Equilibrado,0.019131892395794544
674406,4,34902,204,2,Equilibrado,0.017329255979038054
674451,4,34902,427,2,Equilibrado,0.21627144904338289
674484,4,34902,799,1,Adiantado,0.24091174097582807
674497,4,34902,305,1,Adiantado,0.053816575372627046
674509,4,34902,1878,1,Adiantado,0.05621993964463549
674584,4,34902,636,2,Equilibrado,-0.012685861219303178
674644,4,34902,965,1,Adiantado,0.18026498541623429
674657,4,34902,384,1,Adiantado,0.05568162769317794
674671,4,34902,510,1,Adiantado,0.2882884678403878
674691,4,34902,941,1,Adiantado,0.2513054690680726
674694,4,34902,1326,1,Adiantado,0.06461425762327665
674699,4,34902,155,0,Tardio,0.21717580358211835
674751,4,34902,541,1,Adiantado,0.1124577447178449
674831,4,34902,514,2,Equilibrado,0.010298769115890855
674870,4,34902,1293,1,Adiantado,0.18927934278971018
674921,4,34902,1154,2,Equilibrado,0.14863208870721487
675021,4,34902,1312,2,Equilibrado,0.1705248228510216
675054,4,34902,75,0,Tardio,0.2341056314890954
675193,4,34902,460,1,Adiantado,0.12237757224593279
675225,4,34902,499,1,Adiantado,0.13502240956726333
675233,4,34902,1553,1,Adiantado,0.2622249071608353
675261,4,34902,417,0,Tardio,0.08418611056370563
675273,4,34902,363,0,Tardio,-0.023111832801770052
675279,4,34902,542,2,Equilibrado,0.12561870795420985
675315,4,34902,898,1,Adiantado,0.2774759163487792
675328,4,34902,376,1,Adiantado,0.08333904773388592
675474,4,34902,107,2,Equilibrado,-0.0060192628112749474
675566,4,34902,135,0,Tardio,0.37044483485718227
675636,4,34902,716,1,Adiantado,0.07226277063796434
675710,4,34902,686,1,Adiantado,0.2217523369325434
675989,4,34902,906,1,Adiantado,0.10369814323187347
676007,4,34902,104,0,Tardio,0.1188826421133806
676064,4,34902,508,0,Tardio,0.038486555552293016
676103,4,34902,392,0,Tardio,0.3783400407303447
676190,4,34902,1628,1,Adiantado,0.2290955764808838
676265,4,34902,523,1,Adiantado,0.09505861186385214
676272,4,34902,73,0,Tardio,0.3953352683880491
676303,4,34902,213,0,Tardio,0.3733406194495717
676378,4,34902,331,2,Equilibrado,-0.013477835422909035
676444,4,34902,1072,1,Adiantado,0.15585329889212418
676458,4,34902,412,1,Adiantado,0.1785461902248526
676459,4,34902,315,1,Adiantado,0.20085325730993178
676478,4,34902,743,2,Equilibrado,0.11917850306949976
676492,4,34902,1446,2,Equilibrado,0.11554529756136864
676610,4,34902,1059,1,Adiantado,0.049631686534247196
676626,4,34902,677,1,Adiantado,0.06025592703152153
676866,4,34902,515,1,Adiantado,0.0432459093664147
676882,4,34902,719,1,Adiantado,0.13795156992359806
677085,4,34902,462,2,Equilibrado,0.008749651565081009
677111,4,34902,721,2,Equilibrado,0.04552823489878506
677138,4,34902,838,1,Adiantado,0.04752329631651954
677155,4,34902,1225,1,Adiantado,0.11896662960205501
677167,4,34902,764,2,Equilibrado,0.14074082446976646
677206,4,34902,740,2,Equilibrado,0.11005704674340473
677221,4,34902,999,2,Equilibrado,0.13533147525773653
677235,4,34902,26,0,Tardio,0.06404219035145887
677382,4,34902,408,1,Adiantado,0.19678286788098492
677400,4,34902,557,1,Adiantado,0.07788719497287824
677436,4,34902,383,0,Tardio,-0.012159554710395343
677456,4,34902,694,2,Equilibrado,0.040061817879128415
677486,4,34902,366,2,Equilibrado,0.06370019017811471
677546,4,34902,341,2,Equilibrado,0.17434128137967356
677582,4,34902,274,1,Adiantado,0.1522088705256421
677655,4,34902,564,1,Adiantado,0.27620249082485626
677687,4,34902,62,0,Tardio,0.193714977013507
677748,4,34902,225,2,Equilibrado,0.01614581516823429
677767,4,34902,55,2,Equilibrado,0.03517294457202646
677833,4,34902,1257,1,Adiantado,0.032748778129539954
677869,4,34902,36,0,Tardio,-0.05751389089933548
678088,4,34902,859,2,Equilibrado,0.047491829690892724
678203,4,34902,313,0,Tardio,0.34962646795549
678235,4,34902,1039,2,Equilibrado,-0.00660052791312449
678270,4,34902,42,0,Tardio,0.1443334907669101
678381,4,34902,62,0,Tardio,0.3813815732646843
678452,4,34902,183,2,Equilibrado,0.20679766169953573
678528,4,34902,305,0,Tardio,0.08268347049328427
678628,4,34902,348,2,Equilibrado,0.04112325962406327
678659,4,34902,694,0,Tardio,0.36657340141071576
678819,4,34902,814,1,Adiantado,0.18708481617645778
678859,4,34902,731,1,Adiantado,0.14999381561513195
678946,4,34902,613,1,Adiantado,0.1895796868688419
678954,4,34902,1003,1,Adiantado,0.06844149454754096
679036,4,34902,2948,1,Adiantado,0.15132560440038967
679189,4,34902,724,1,Adiantado,0.19435428575899422
679227,4,34902,391,0,Tardio,0.12327913550054681
679237,4,34902,654,0,Tardio,0.42289776011013686
679251,4,34902,273,0,Tardio,0.010965211494877638
679262,4,34902,81,0,Tardio,0.18871946280111973
679278,4,34902,471,1,Adiantado,0.1007583036213431
679384,4,34902,875,1,Adiantado,0.06988387203920068
679386,4,34902,122,2,Equilibrado,0.1176369551322839
679402,4,34902,162,2,Equilibrado,0.12849084838441352
679445,4,34902,474,2,Equilibrado,0.04619338651967618
679448,4,34902,758,1,Adiantado,0.2729380322013948
679498,4,34902,774,1,Adiantado,0.10968794280715076
679509,4,34902,130,0,Tardio,0.22991123015241655
679594,4,34902,1623,2,Equilibrado,-0.03502062152865797
679676,4,34902,473,1,Adiantado,0.16023003568549954
679788,4,34902,196,1,Adiantado,0.11787040784949347
679790,4,34902,646,1,Adiantado,0.024625407735290906
679939,4,34902,241,0,Tardio,0.14760929961352232
680014,4,34902,412,2,Equilibrado,0.1375946287351382
680027,4,34902,254,2,Equilibrado,0.03416514667763074
680080,4,34902,483,2,Equilibrado,0.13841378982694566
680145,4,34902,187,0,Tardio,0.1895342105978436
680212,4,34902,52,0,Tardio,0.41106560870832604
680266,4,34902,362,2,Equilibrado,0.008921083496300095
680270,4,34902,208,1,Adiantado,0.12990808959178948
680322,4,34902,698,2,Equilibrado,0.21959900527773604
680343,4,34902,437,2,Equilibrado,0.12395189662217883
680348,4,34902,524,1,Adiantado,0.16662378625062252
680443,4,34902,736,2,Equilibrado,-0.02253727099509853
680464,4,34902,364,2,Equilibrado,0.1584003744891262
680506,4,34902,442,0,Tardio,0.3991388427876607
680572,4,34902,324,1,Adiantado,0.11669338870316258
680708,4,34902,396,2,Equilibrado,0.12932079548685768
680713,4,34902,969,1,Adiantado,0.09583748391271461
680747,4,34902,527,1,Adiantado,0.14418075927451138
680775,4,34902,224,1,Adiantado,0.08653036862160628
680810,4,34902,1019,1,Adiantado,0.04817492102182353
680872,4,34902,13,2,Equilibrado,0.09468358828502164
680912,4,34902,448,1,Adiantado,0.07669162786416568
680955,4,34902,825,2,Equilibrado,0.024917416554276053
680974,4,34902,55,0,Tardio,0.42245170543955995
681004,4,34902,616,1,Adiantado,0.15284341684610905
681235,4,34902,204,1,Adiantado,0.0943411066156953
681328,4,34902,624,2,Equilibrado,0.0648379138896613
681341,4,34902,230,0,Tardio,0.37686130020206166
681352,4,34902,437,2,Equilibrado,0.10854816478070922
681354,4,34902,75,1,Adiantado,0.15554858322798362
681452,4,34902,140,2,Equilibrado,0.1499849502815027
681490,4,34902,1071,2,Equilibrado,-0.02452622465778732
681608,4,34902,160,0,Tardio,0.27055270154647104
681633,4,34902,1122,1,Adiantado,0.09216993884901645
681652,4,34902,923,2,Equilibrado,0.07008052296552235
681655,4,34902,735,1,Adiantado,0.07390675148493735
681658,4,34902,109,0,Tardio,0.12130333596447804
681755,4,34902,105,2,Equilibrado,0.017059542737898864
681763,4,34902,954,1,Adiantado,0.2734027933723888
681938,4,34902,433,0,Tardio,0.41222246210644703
681973,4,34902,229,0,Tardio,0.3295173711363309
682019,4,34902,116,0,Tardio,0.11230082503569055
682070,4,34902,778,1,Adiantado,0.09467424527958065
682298,4,34902,439,2,Equilibrado,0.056635953221131005
682390,4,34902,162,0,Tardio,0.3713695715732361
682436,4,34902,1056,2,Equilibrado,-0.0058548160998260195
682437,4,34902,1019,1,Adiantado,0.1274840406882081
682511,4,34902,396,0,Tardio,0.06736520217298583
682539,4,34902,1061,1,Adiantado,0.1798886170196034
682569,4,34902,703,1,Adiantado,0.0699075959918864
682588,4,34902,580,2,Equilibrado,0.08465230427499837
682613,4,34902,78,2,Equilibrado,0.23634157629614128
682632,4,34902,1052,1,Adiantado,0.07090937274025566
682695,4,34902,392,1,Adiantado,0.2892018628142402
682753,4,34902,458,2,Equilibrado,0.08911339837129491
682839,4,34902,703,2,Equilibrado,0.06599374330189216
682894,4,34902,531,1,Adiantado,0.019957140876647923
682963,4,34902,749,2,Equilibrado,-0.02476734470636866
682981,4,34902,662,1,Adiantado,0.16759898018101604
682983,4,34902,404,2,Equilibrado,0.00614256518748101
682985,4,34902,184,0,Tardio,0.4093995065057289
682990,4,34902,1672,1,Adiantado,0.052648721335079106
683033,4,34902,548,1,Adiantado,0.24161029354958602
683094,4,34902,248,1,Adiantado,0.238700305658282
683178,4,34902,336,1,Adiantado,0.11866772052194097
683243,4,34902,338,2,Equilibrado,0.09692172150930473
683305,4,34902,165,0,Tardio,0.28676631599006897
683346,4,34902,715,1,Adiantado,0.14927863314819054
683352,4,34902,132,0,Tardio,0.05857123420231946
683353,4,34902,919,2,Equilibrado,0.026726897589973996
683375,4,34902,271,2,Equilibrado,0.13831228135862092
683403,4,34902,755,1,Adiantado,0.1454461715744519
683467,4,34902,68,0,Tardio,0.4120007826375793
683508,4,34902,53,0,Tardio,0.16505016316682605
683530,4,34902,1375,1,Adiantado,0.06651475652530293
683550,4,34902,477,2,Equilibrado,0.10287661621289947
683604,4,34902,957,2,Equilibrado,-0.019249499231896578
683624,4,34902,1912,2,Equilibrado,0.03332970289168955
683820,4,34902,507,1,Adiantado,0.1242802088693166
683902,4,34902,384,2,Equilibrado,0.15433133896047815
683934,4,34902,435,2,Equilibrado,0.10907489894130937
684013,4,34902,749,1,Adiantado,0.15789383102367835
684183,4,34902,270,2,Equilibrado,-0.011412097886290083
684311,4,34902,465,1,Adiantado,0.05247110643455387
684383,4,34902,1008,2,Equilibrado,0.22501669885202402
684386,4,34902,1049,2,Equilibrado,0.013013191630865109
684526,4,34902,543,1,Adiantado,0.06576571326456675
684592,4,34902,329,0,Tardio,-0.062458602885507676
684671,4,34902,167,2,Equilibrado,0.10608594416481015
684675,4,34902,132,0,Tardio,0.3539465267625588
684882,4,34902,560,1,Adiantado,0.053240495858818786
684981,4,34902,990,2,Equilibrado,-0.034358674259272956
685105,4,34902,54,0,Tardio,0.42085274804503486
685128,4,34902,204,0,Tardio,0.4221887399077883
685140,4,34902,58,2,Equilibrado,-0.0031846987482045098
685155,4,34902,863,1,Adiantado,0.05654657657377347
685212,4,34902,720,2,Equilibrado,0.19532876899513815
685276,4,34902,1602,2,Equilibrado,0.05823832636222016
685283,4,34902,65,2,Equilibrado,0.04439005784844473
685330,4,34902,769,2,Equilibrado,0.056199571855352196
685339,4,34902,549,2,Equilibrado,0.02558161130928611
685373,4,34902,430,1,Adiantado,0.07043301183232543
685378,4,34902,89,0,Tardio,0.220460473210496
685410,4,34902,730,2,Equilibrado,0.01625731445372901
685619,4,34902,104,2,Equilibrado,0.11296814668004847
685705,4,34902,66,2,Equilibrado,0.1772425275977118
685708,4,34902,437,1,Adiantado,0.2734040273848238
685772,4,34902,686,1,Adiantado,0.18857847448477455
685831,4,34902,427,1,Adiantado,0.04809482106266625
686065,4,34902,748,1,Adiantado,0.23368009493665343
686314,4,34902,198,0,Tardio,0.04163638512442233
686317,4,34902,64,2,Equilibrado,0.05707169042956716
686344,4,34902,907,2,Equilibrado,0.0053800183793354375
686348,4,34902,1349,2,Equilibrado,0.10954396038690162
686498,4,34902,869,1,Adiantado,0.14379969424036979
686522,4,34902,353,1,Adiantado,0.09978237062307939
686558,4,34902,98,2,Equilibrado,0.20773697086126092
686700,4,34902,36,0,Tardio,0.2620250532312602
686705,4,34902,213,1,Adiantado,0.05407026841723041
686946,4,34902,113,0,Tardio,0.33700735286205097
687112,4,34902,726,2,Equilibrado,0.24345882097026106
687115,4,34902,82,2,Equilibrado,0.0546758101783113
687351,4,34902,483,0,Tardio,0.4091237824038352
687410,4,34902,648,1,Adiantado,0.06868776338733831
687434,4,34902,1305,1,Adiantado,0.0648406558371574
687468,4,34902,753,1,Adiantado,0.0425341495032146
687485,4,34902,305,1,Adiantado,0.11447325922122457
687503,4,34902,1331,2,Equilibrado,0.014056072609307215
687686,4,34902,168,0,Tardio,-0.04160493900907085
687846,4,34902,391,0,Tardio,0.28197619757116055
687910,4,34902,996,1,Adiantado,0.04304947671036582
687930,4,34902,1557,2,Equilibrado,0.025322556589902647
687931,4,34902,387,2,Equilibrado,0.008641792202664034
687988,4,34902,824,2,Equilibrado,-0.02121494609425067
688008,4,34902,351,2,Equilibrado,0.040553272431542636
688127,4,34902,351,2,Equilibrado,0.21961577838098306
688136,4,34902,1553,1,Adiantado,0.2392476274237043
688192,4,34902,511,1,Adiantado,0.07245055313828157
688265,4,34902,23,2,Equilibrado,0.1118546112973565
688337,4,34902,404,2,Equilibrado,0.1393835946503518
688470,4,34902,96,0,Tardio,0.35434872854833144
688543,4,34902,566,1,Adiantado,0.04755477961347569
688667,4,34902,1001,1,Adiantado,0.2462456561324825
688685,4,34902,710,2,Equilibrado,0.01823740952009206
688727,4,34902,1066,1,Adiantado,0.26353224222625127
688891,4,34902,301,1,Adiantado,0.2182730903245755
688895,4,34902,844,1,Adiantado,0.11759559343015387
688976,4,34902,59,0,Tardio,0.2351039183743468
689005,4,34902,106,0,Tardio,0.26794309692664187
689260,4,34902,223,2,Equilibrado,0.17200544135490164
689280,4,34902,1036,2,Equilibrado,0.08845244651923649
689347,4,34902,255,1,Adiantado,0.21118604583084583
689444,4,34902,396,0,Tardio,-0.008068574344915548
689796,4,34902,1525,2,Equilibrado,0.05150936883438513
689832,4,34902,346,2,Equilibrado,0.037668251727416814
689855,4,34902,493,2,Equilibrado,0.06617988701200422
689924,4,34902,340,2,Equilibrado,0.06780511849231503
690075,4,34902,80,0,Tardio,0.19559608456697014
690198,4,34902,478,0,Tardio,0.06847287340646221
690382,4,34902,47,1,Adiantado,0.08454964836677609
690628,4,34902,593,2,Equilibrado,0.12795789573524538
690635,4,34902,125,1,Adiantado,0.15370330363086823
690746,4,34902,1162,1,Adiantado,0.270425875799229
690832,4,34902,1543,2,Equilibrado,0.008052903501513642
690872,4,34902,674,1,Adiantado,0.08710418197370823
691269,4,34902,427,0,Tardio,0.07207826685521052
691280,4,34902,51,0,Tardio,0.1225152555932931
691326,4,34902,501,1,Adiantado,0.20032644704437322
691465,4,34902,159,2,Equilibrado,0.2557379791784814
691699,4,34902,317,1,Adiantado,0.1483861956163298
691722,4,34902,738,1,Adiantado,0.10801027948429186
691873,4,34902,554,2,Equilibrado,0.22511346868513998
691932,4,34902,728,2,Equilibrado,0.009280613828572974
692010,4,34902,712,2,Equilibrado,0.07320035012887267
692097,4,34902,1334,2,Equilibrado,-0.026741280797487884
692220,4,34902,517,1,Adiantado,0.2008104936384496
692301,4,34902,125,0,Tardio,0.3951351045932795
692334,4,34902,881,1,Adiantado,0.2871998258329967
692454,4,34902,826,1,Adiantado,0.20700427552035425
692612,4,34902,600,1,Adiantado,0.2474827531252424
692893,4,34902,210,2,Equilibrado,-0.006681175697946414
692962,4,34902,610,1,Adiantado,0.26712075169913785
692968,4,34902,20,2,Equilibrado,0.06737259529921075
693160,4,34902,242,2,Equilibrado,0.044085388514889946
693162,4,34902,1145,2,Equilibrado,-0.024357267050614112
693197,4,34902,101,2,Equilibrado,0.17038696496990816
693236,4,34902,221,1,Adiantado,0.1253252324646876
693345,4,34902,498,0,Tardio,0.13463211151783772
693373,4,34902,1046,2,Equilibrado,0.2126898159825261
693497,4,34902,463,1,Adiantado,0.10538596989355792
693519,4,34902,68,0,Tardio,0.4102552340201626
693628,4,34902,651,2,Equilibrado,0.1341030613081535
693764,4,34902,85,1,Adiantado,0.11229268414195773
693806,4,34902,195,1,Adiantado,0.22204336990458
693873,4,34902,230,0,Tardio,0.2218396655576339
693903,4,34902,722,1,Adiantado,0.13441809197577403
693907,4,34902,447,2,Equilibrado,0.05483522043685746
694128,4,34902,80,2,Equilibrado,0.10274220902891078
694144,4,34902,499,2,Equilibrado,0.20925325624473057
694221,4,34902,433,1,Adiantado,0.052430695367846655
694428,4,34902,313,1,Adiantado,0.13416979434583734
694456,4,34902,134,0,Tardio,0.41146221623557905
694622,4,34902,738,2,Equilibrado,0.06116667494555252
694716,4,34902,300,0,Tardio,0.13617479733638724
694827,4,34902,94,0,Tardio,0.3985833416145423
694836,4,34902,364,2,Equilibrado,-0.003569887517709597
694848,4,34902,594,2,Equilibrado,0.14610523411812137
695090,4,34902,29,1,Adiantado,0.15314159491382584
695169,4,34902,205,0,Tardio,0.406178149215309
695471,4,34902,65,0,Tardio,0.29913091530444597
695485,4,34902,142,0,Tardio,0.3550913581568393
695637,4,34902,413,1,Adiantado,0.16126045911761014
695729,4,34902,1141,2,Equilibrado,-0.019033757751947645
695803,4,34902,347,1,Adiantado,0.03039009719028709
695825,4,34902,226,1,Adiantado,0.20819658387942452
695869,4,34902,743,1,Adiantado,0.1679837342797531
696039,4,34902,101,0,Tardio,0.24255112570639178
696043,4,34902,527,2,Equilibrado,0.02777375110997447
696082,4,34902,591,2,Equilibrado,-0.013345858705680435
696188,4,34902,244,0,Tardio,0.42690196679750414
696275,4,34902,1576,1,Adiantado,0.08378480090948605
696318,4,34902,674,1,Adiantado,0.07819972349275481
696329,4,34902,1023,2,Equilibrado,0.02186952180719302
696347,4,34902,633,1,Adiantado,0.09059890114945048
696364,4,34902,109,0,Tardio,-0.0325391441109414
696583,4,34902,351,0,Tardio,0.3318288584767866
696659,4,34902,753,2,Equilibrado,0.11485955137509885
696662,4,34902,1527,1,Adiantado,0.07072287300331928
696666,4,34902,55,0,Tardio,0.13987280310928607
696671,4,34902,47,2,Equilibrado,0.10724122698293001
696674,4,34902,345,1,Adiantado,0.07665015192622057
696678,4,34902,963,2,Equilibrado,0.1524050927465976
696729,4,34902,942,1,Adiantado,0.08278643948272585
697255,4,34902,511,2,Equilibrado,-0.009057544156359587
697438,4,34902,410,1,Adiantado,0.17136282441089568
697478,4,34902,364,2,Equilibrado,0.16630221454653954
697878,4,34902,733,2,Equilibrado,0.2194597805823408
697998,4,34902,351,2,Equilibrado,0.28359076790256194
698015,4,34902,110,0,Tardio,-0.011715075916175642
698384,4,34902,511,2,Equilibrado,0.1080557945973366
698485,4,34902,554,1,Adiantado,0.10705594189253063
698656,4,34902,635,1,Adiantado,0.03824325533550845
699126,4,34902,51,1,Adiantado,0.05138506130983922
699127,4,34902,156,0,Tardio,0.3953352683880491
699128,4,34902,51,2,Equilibrado,0.0773840730878522
895524,4,34902,1411,1,Adiantado,0.12488479948817155
1021350,4,34902,100,0,Tardio,0.3953352683880491
1042726,4,34902,141,1,Adiantado,0.09798129094237044
1318759,4,34902,741,1,Adiantado,0.1226243083032445
1348205,4,34902,1459,2,Equilibrado,-0.016694745116342793
1391717,4,34902,266,2,Equilibrado,0.023375141236704797
1409532,4,34902,308,1,Adiantado,0.29731224588408955
1413902,4,34902,473,2,Equilibrado,0.1833981853267045
1448966,4,34902,204,0,Tardio,0.3143257270421204
1450604,4,34902,1757,1,Adiantado,0.11155540689899301
1473878,4,34902,681,1,Adiantado,0.06085400526360851
1501577,4,34902,556,2,Equilibrado,0.021849692670593144
1585671,4,34902,1234,1,Adiantado,0.21584510353626213
1603549,4,34902,313,2,Equilibrado,-0.035446327448278366
1631797,4,34902,334,0,Tardio,0.29269412765614816
1639699,4,34902,302,0,Tardio,-0.024062720154668846
1640680,4,34902,705,1,Adiantado,0.07894851533167252
1658963,4,34902,296,2,Equilibrado,-0.020202855479611346
1677677,4,34902,1070,0,Tardio,-0.0647859257470722
1722493,4,34902,1433,2,Equilibrado,0.003581157294536184
1752994,4,34902,445,1,Adiantado,0.1726700071740345
1755594,4,34902,653,2,Equilibrado,0.12381668138092383
1771775,4,34902,229,0,Tardio,0.14262809492530112
1796402,4,34902,748,1,Adiantado,0.08070087175207563
1810759,4,34902,603,1,Adiantado,0.23660384121267292
1816458,4,34902,932,1,Adiantado,0.2895540819011001
1817710,4,34902,461,2,Equilibrado,0.21580146763682884
1818385,4,34902,675,1,Adiantado,0.03300023494714903
1836241,4,34902,1012,1,Adiantado,0.2759569971809346
1837138,4,34902,1907,1,Adiantado,0.13980192550956247
1856869,4,34902,604,1,Adiantado,0.21597966062385035
1866233,4,34902,273,2,Equilibrado,0.19607779851144144
1871598,4,34902,1554,2,Equilibrado,0.011915558644338565
1871684,4,34902,496,2,Equilibrado,0.11286960420903791
1877902,4,34902,826,1,Adiantado,0.15296031285202263
1879321,4,34902,1120,1,Adiantado,0.24676925764607316
1881231,4,34902,185,1,Adiantado,0.17088596111379734
1887108,4,34902,1150,1,Adiantado,0.2233290152953989
1889752,4,34902,340,0,Tardio,0.3900479002072841
1948159,4,34902,509,1,Adiantado,0.24651522864098807
1962049,4,34902,1319,1,Adiantado,0.19532684962722513
1962062,4,34902,115,0,Tardio,0.30477389942535515
1972092,4,34902,1537,1,Adiantado,0.07363973705089012
1995177,4,34902,821,1,Adiantado,0.138201970126901
2017487,4,34902,807,2,Equilibrado,0.01441071382636259
2020628,4,34902,1664,1,Adiantado,0.2613580063560489
2026075,4,34902,759,1,Adiantado,0.12989719452621465
2029571,4,34902,342,2,Equilibrado,0.09873673113040414
2035700,4,34902,1628,2,Equilibrado,0.04632386250116542
2047575,4,34902,753,1,Adiantado,0.1250860833311409
2065972,4,34902,386,2,Equilibrado,0.20674125132831897
2067799,4,34902,220,0,Tardio,0.3623128196963784
2081123,4,34902,44,1,Adiantado,0.17584121705244846
2096251,4,34902,580,1,Adiantado,0.17650092803113346
2103552,4,34902,394,2,Equilibrado,0.10279108395856454
2106955,4,34902,648,2,Equilibrado,0.18970396837836256
2128283,4,34902,656,1,Adiantado,0.1589518392966033
2138970,4,34902,330,0,Tardio,0.3071606288041425
2140300,4,34902,854,2,Equilibrado,0.035975399607966876
2143312,4,34902,1173,1,Adiantado,0.07395946747503407
2143440,4,34902,554,1,Adiantado,0.22391448928965496
2154361,4,34902,173,0,Tardio,0.39446521461179906
2160316,4,34902,979,1,Adiantado,0.17633960722824957
2161710,4,34902,85,2,Equilibrado,0.04393498294383109
2178837,4,34902,792,1,Adiantado,0.2064153806886739
2180090,4,34902,1447,1,Adiantado,0.11753724550780299
2185729,4,34902,680,1,Adiantado,0.08945387898598452
2197766,4,34902,378,0,Tardio,0.04669318591552355
2254637,4,34902,375,2,Equilibrado,0.1803479803603653
2274542,4,34902,1235,1,Adiantado,0.16298776329053336
2278101,4,34902,234,1,Adiantado,0.03654783174351889
2293511,4,34902,1334,1,Adiantado,0.21507385377812072
2298106,4,34902,527,0,Tardio,0.1959414277674862
2298895,4,34902,684,1,Adiantado,0.19689921663590665
2301830,4,34902,978,2,Equilibrado,0.04280674350616017
2306410,4,34902,404,2,Equilibrado,0.11997642537327977
2332934,4,34902,183,0,Tardio,0.08464358924165118
2339267,4,34902,292,0,Tardio,0.35795419721684363
2341420,4,34902,264,0,Tardio,0.1849469797043453
2343785,4,34902,989,1,Adiantado,0.28768421536814587
2351969,4,34902,50,0,Tardio,0.20391490706060658
2360559,4,34902,731,1,Adiantado,0.2925786902076989
2366656,4,34902,678,1,Adiantado,0.11891023523310734
2378208,4,34902,342,2,Equilibrado,0.09527791239498841
2386732,4,34902,1293,1,Adiantado,0.1773876773709209
2399758,4,34902,684,1,Adiantado,0.053378378178055484
2403701,4,34902,2044,1,Adiantado,0.1511881912641889
2417433,4,34902,835,2,Equilibrado,0.03969477644311715
2424257,4,34902,1335,1,Adiantado,0.25718658479612266
2427845,4,34902,475,2,Equilibrado,-0.010845490960277815
2438784,4,34902,747,1,Adiantado,0.05533860797619858
2457440,4,34902,165,1,Adiantado,0.18533559420585355
2480886,4,34902,408,2,Equilibrado,0.011888660642202998
2482710,4,34902,472,2,Equilibrado,0.19880781246392315
2486930,4,34902,227,0,Tardio,0.2871185658800077
2499307,4,34902,557,2,Equilibrado,0.1308392758944781
2519138,4,34902,481,2,Equilibrado,0.03128988472894573
2529419,4,34902,630,1,Adiantado,0.16248605454506504
2530976,4,34902,175,1,Adiantado,0.19880969707101137
2537777,4,34902,538,1,Adiantado,0.22941013646218064
2540871,4,34902,337,1,Adiantado,0.25034990748796954
2542209,4,34902,639,1,Adiantado,0.08526367759529986
2544643,4,34902,1435,1,Adiantado,0.05112810420231671
2544766,4,34902,73,0,Tardio,0.2620634531680136
2546315,4,34902,457,2,Equilibrado,0.1327435033347021
2557008,4,34902,704,0,Tardio,-0.05055884056221337
2558365,4,34902,58,0,Tardio,-0.0838096370299341
2579891,4,34902,517,2,Equilibrado,-0.029074150958532878
2584244,4,34902,951,1,Adiantado,0.20043564422368154
2597117,4,34902,779,2,Equilibrado,0.007975698482640152
2599883,4,34902,400,0,Tardio,0.3473840894762448
2602542,4,34902,671,1,Adiantado,0.03059673204393914
2603027,4,34902,529,2,Equilibrado,0.013581993099436135
2612102,4,34902,757,1,Adiantado,0.1423246661316125
2624028,4,34902,467,2,Equilibrado,0.07121091288502206
2641156,4,34902,177,2,Equilibrado,0.14390995220907113
2642532,4,34902,120,0,Tardio,-0.0035227938247908517
2643472,4,34902,239,0,Tardio,0.41470802516449246
2643829,4,34902,685,1,Adiantado,0.041137902030180355
2649948,4,34902,234,1,Adiantado,0.0773674494481937
2657913,4,34902,242,2,Equilibrado,0.10713368464403301
2658856,4,34902,577,1,Adiantado,0.21616422453457615
2667478,4,34902,853,1,Adiantado,0.052269689189942285
2681198,4,34902,290,1,Adiantado,0.2371898358147747
2682682,4,34902,637,0,Tardio,0.04942890742692649
2683857,4,34902,2208,1,Adiantado,0.14281540562704884
2686035,4,34902,27,1,Adiantado,0.13835986385092783
2693932,4,34902,372,0,Tardio,0.0027480868073740754
2697921,4,34902,167,2,Equilibrado,0.15585295988739997
31296,5,34903,233,0,Tardio,-0.03178467336168852
40878,5,34903,397,1,Adiantado,0.18147178779123946
42552,5,34903,1782,1,Adiantado,0.10941263498604288
45423,5,34903,1393,1,Adiantado,0.27906803255964696
47861,5,34903,1687,1,Adiantado,0.0815682805334371
56637,5,34903,873,1,Adiantado,0.3150566063185837
58884,5,34903,1516,1,Adiantado,0.22533442109731677
64427,5,34903,1675,1,Adiantado,0.15303318480437364
71159,5,34903,1407,1,Adiantado,0.2948275377722024
74165,5,34903,526,1,Adiantado,0.02644893759487671
75107,5,34903,1366,1,Adiantado,0.2232970055942844
77692,5,34903,565,0,Tardio,0.33647270512984984
79610,5,34903,874,1,Adiantado,0.10595184855130105
84604,5,34903,2529,1,Adiantado,0.10560091691311173
87264,5,34903,2103,1,Adiantado,0.19498654770186785
102854,5,34903,856,1,Adiantado,0.23246600474205015
105939,5,34903,938,1,Adiantado,0.21698036325356815
107455,5,34903,366,2,Equilibrado,0.034781131983795975
109577,5,34903,193,0,Tardio,0.0035537435401311822
119310,5,34903,223,1,Adiantado,0.15230543469365668
119865,5,34903,644,1,Adiantado,0.16303189957594616
125063,5,34903,1384,1,Adiantado,0.22947325261608809
129907,5,34903,1047,1,Adiantado,0.2571426707621789
130409,5,34903,633,2,Equilibrado,0.09848020770371897
132475,5,34903,1038,1,Adiantado,0.1572074486080445
135280,5,34903,560,2,Equilibrado,0.041683767071083365
136944,5,34903,11,0,Tardio,0.37768463578718225
139206,5,34903,755,1,Adiantado,0.3193478117084108
142310,5,34903,1112,1,Adiantado,0.2521754442349698
150282,5,34903,189,1,Adiantado,0.16264272154777834
152524,5,34903,3143,1,Adiantado,0.0875620487909847
152917,5,34903,3410,1,Adiantado,0.2712036514972489
155938,5,34903,787,1,Adiantado,0.22208572689437228
159947,5,34903,958,1,Adiantado,0.28442774868641507
164148,5,34903,390,1,Adiantado,0.2409847479162163
166123,5,34903,772,1,Adiantado,0.27481213881799205
170874,5,34903,136,1,Adiantado,0.14974748187266346
172493,5,34903,885,1,Adiantado,0.12796840207862906
177492,5,34903,1372,2,Equilibrado,0.040326051284579174
185994,5,34903,705,1,Adiantado,0.2710143583889013
194163,5,34903,940,1,Adiantado,0.03512743794243471
195552,5,34903,706,1,Adiantado,0.24251102457464396
197536,5,34903,208,0,Tardio,0.3816717994090878
199009,5,34903,403,1,Adiantado,0.059759642515249324
228633,5,34903,402,1,Adiantado,0.22623230561180688
229498,5,34903,842,1,Adiantado,0.14832972866942515
232173,5,34903,1003,1,Adiantado,0.2631821613755705
234661,5,34903,1230,1,Adiantado,0.1026991534314704
235971,5,34903,566,1,Adiantado,0.2886938314549063
236090,5,34903,1159,1,Adiantado,0.19199444895556883
237891,5,34903,357,2,Equilibrado,0.10252711127724604
249357,5,34903,924,1,Adiantado,0.03751308554598983
251166,5,34903,878,1,Adiantado,0.27581024649070296
253633,5,34903,796,1,Adiantado,0.2357883735852609
253763,5,34903,993,1,Adiantado,0.27010792728087446
258245,5,34903,783,0,Tardio,0.03725104297350483
258509,5,34903,540,2,Equilibrado,-0.026054906153480415
258978,5,34903,911,1,Adiantado,0.18890430865240554
262025,5,34903,630,0,Tardio,0.27840764769012466
262394,5,34903,205,0,Tardio,0.233619642082856
263862,5,34903,469,1,Adiantado,0.29312973402327097
269584,5,34903,153,0,Tardio,0.009640307269979926
270421,5,34903,187,0,Tardio,0.32646572651414857
276265,5,34903,1621,1,Adiantado,0.1705982885687673
278380,5,34903,342,0,Tardio,-0.0874872411645049
279440,5,34903,464,2,Equilibrado,0.028369377793513572
279653,5,34903,1012,1,Adiantado,0.11186939793988887
281134,5,34903,1388,1,Adiantado,0.1479660458426892
282849,5,34903,1031,1,Adiantado,0.17804139479008557
283402,5,34903,753,1,Adiantado,0.20359797870061244
286778,5,34903,733,2,Equilibrado,0.05717871440652702
287079,5,34903,422,1,Adiantado,0.2788407205285148
287258,5,34903,1228,1,Adiantado,0.22738119284981567
289247,5,34903,654,1,Adiantado,0.07726676464436433
294219,5,34903,868,1,Adiantado,0.18817710245638283
297218,5,34903,445,1,Adiantado,0.28782025668167827
301074,5,34903,529,2,Equilibrado,0.05381004691133248
305064,5,34903,538,1,Adiantado,0.13484507918899616
305659,5,34903,918,2,Equilibrado,0.23147654567229675
310205,5,34903,328,2,Equilibrado,-0.009556604349552347
312231,5,34903,224,1,Adiantado,0.08494289481877099
312960,5,34903,98,0,Tardio,-0.08652897732639046
315795,5,34903,289,0,Tardio,0.225806427542356
316082,5,34903,187,1,Adiantado,0.17880902454964984
318147,5,34903,1152,1,Adiantado,0.26656616648671155
319073,5,34903,175,1,Adiantado,0.0717671511212458
320133,5,34903,2172,1,Adiantado,0.05617927568900485
320612,5,34903,1247,1,Adiantado,0.3021274309072185
331789,5,34903,972,1,Adiantado,0.2664757854334684
333993,5,34903,199,0,Tardio,0.009725406579972482
337000,5,34903,887,1,Adiantado,0.2112130588779292
338689,5,34903,142,0,Tardio,0.41725468195109033
338806,5,34903,642,1,Adiantado,0.17673284598704772
339519,5,34903,862,1,Adiantado,0.18011342984798248
341629,5,34903,846,2,Equilibrado,0.15886031843440335
343709,5,34903,122,0,Tardio,0.3995058006685428
345271,5,34903,1327,1,Adiantado,0.1438166296137724
347197,5,34903,1086,1,Adiantado,0.22742711963087622
348108,5,34903,292,0,Tardio,0.23748287490433342
348324,5,34903,90,1,Adiantado,0.0970733744640406
351147,5,34903,994,1,Adiantado,0.24096008476041822
354698,5,34903,87,0,Tardio,0.4286910436605798
355293,5,34903,7,1,Adiantado,0.12442338796614152
364066,5,34903,1216,1,Adiantado,0.22165009488809662
366140,5,34903,641,1,Adiantado,0.22518543328420074
369242,5,34903,701,1,Adiantado,0.20075894766266064
369450,5,34903,1194,1,Adiantado,0.32578891521850106
370735,5,34903,615,0,Tardio,0.015594824117942338
372509,5,34903,976,1,Adiantado,0.09478341128013792
372511,5,34903,209,0,Tardio,0.19785602551728923
375527,5,34903,535,1,Adiantado,0.12673486948017007
378946,5,34903,1484,1,Adiantado,0.2779435161869671
380952,5,34903,154,0,Tardio,0.1668375474029255
381257,5,34903,1276,1,Adiantado,0.15368022805169407
381414,5,34903,157,2,Equilibrado,0.17690643185059915
383602,5,34903,626,1,Adiantado,0.06006408103151033
383629,5,34903,866,1,Adiantado,0.013898292513153202
386389,5,34903,399,1,Adiantado,0.18989148943248219
390070,5,34903,336,1,Adiantado,0.051461051465747656
396683,5,34903,304,0,Tardio,0.0297030897116291
397219,5,34903,1832,1,Adiantado,0.08921401451570807
397671,5,34903,1110,1,Adiantado,0.2669980833750093
398550,5,34903,587,2,Equilibrado,-0.029433733090602935
398630,5,34903,592,2,Equilibrado,0.05069817932199526
399429,5,34903,1178,1,Adiantado,0.17158544423018665
402695,5,34903,403,1,Adiantado,0.17345946253411387
405193,5,34903,1386,1,Adiantado,0.0966525572272851
407232,5,34903,1078,1,Adiantado,0.2916043500820845
410407,5,34903,903,1,Adiantado,0.258237774573748
410883,5,34903,158,0,Tardio,0.02861507257767865
411304,5,34903,550,1,Adiantado,0.04790981914733387
412353,5,34903,910,1,Adiantado,0.21972773138547544
413180,5,34903,177,1,Adiantado,0.11373336488597047
413709,5,34903,516,2,Equilibrado,0.03920614564297264
413949,5,34903,1066,1,Adiantado,0.042767257863527225
416199,5,34903,569,1,Adiantado,0.19023003379350278
416407,5,34903,609,1,Adiantado,0.22808931927813902
419059,5,34903,450,2,Equilibrado,0.015157473699532164
423210,5,34903,219,2,Equilibrado,0.087284150356793
423781,5,34903,658,1,Adiantado,0.252820435178191
427256,5,34903,906,1,Adiantado,0.2942128147650381
429832,5,34903,168,0,Tardio,0.44310115783852294
431139,5,34903,622,1,Adiantado,0.15543657330444827
434476,5,34903,3802,2,Equilibrado,0.14649125798794935
439995,5,34903,321,1,Adiantado,0.1098280963403143
440818,5,34903,1265,1,Adiantado,0.2728869735420483
441165,5,34903,323,1,Adiantado,0.13494664057267364
442199,5,34903,37,0,Tardio,0.3953352683880491
442563,5,34903,386,1,Adiantado,0.23757928714582652
442802,5,34903,310,1,Adiantado,0.11214304533943226
443151,5,34903,1030,1,Adiantado,0.17857309539081462
443514,5,34903,1186,1,Adiantado,0.046967373259612206
443696,5,34903,549,1,Adiantado,0.23365477873648471
444011,5,34903,177,1,Adiantado,0.1942376985801783
444619,5,34903,2065,1,Adiantado,0.2662624868222077
444907,5,34903,595,1,Adiantado,0.24551553628605177
445686,5,34903,562,2,Equilibrado,0.059106591097295554
465294,5,34903,578,1,Adiantado,0.2899403243264369
466987,5,34903,422,2,Equilibrado,0.15439067007807303
467363,5,34903,115,0,Tardio,0.4261439876468834
469499,5,34903,663,1,Adiantado,0.28621521336600736
471284,5,34903,846,1,Adiantado,0.06881545847649057
474667,5,34903,959,0,Tardio,0.28061667116643146
475015,5,34903,550,1,Adiantado,0.3062898444304761
476401,5,34903,494,1,Adiantado,0.21875353800759992
476629,5,34903,616,1,Adiantado,0.10264172797703533
477833,5,34903,1593,1,Adiantado,0.19480234793366952
479939,5,34903,2064,1,Adiantado,0.1701095129657848
481717,5,34903,1090,1,Adiantado,0.1563852397575776
482644,5,34903,396,2,Equilibrado,0.20980767343708
483037,5,34903,1034,1,Adiantado,0.270272545027193
484594,5,34903,1752,1,Adiantado,0.2056190128109303
485228,5,34903,1219,1,Adiantado,0.20604218040030162
486087,5,34903,630,1,Adiantado,0.16078918317376362
486964,5,34903,345,1,Adiantado,0.12824386084484732
488525,5,34903,565,1,Adiantado,0.22481518941304085
491126,5,34903,519,2,Equilibrado,0.08504945378013483
491863,5,34903,375,2,Equilibrado,0.24263747355628063
492024,5,34903,1627,2,Equilibrado,0.23516417040340212
493793,5,34903,541,1,Adiantado,0.2924010915282771
494184,5,34903,173,1,Adiantado,0.15519954165991354
497415,5,34903,319,0,Tardio,0.08409466510170766
498442,5,34903,1118,0,Tardio,-0.015390190200890837
499404,5,34903,1131,1,Adiantado,0.1567219520657534
500068,5,34903,607,1,Adiantado,0.22669669471056175
500618,5,34903,464,2,Equilibrado,0.10020925862969708
501444,5,34903,599,1,Adiantado,0.2133321636758773
502011,5,34903,278,2,Equilibrado,0.13366004594664724
505773,5,34903,1901,1,Adiantado,0.25876174564890037
506705,5,34903,398,0,Tardio,0.43907502082762756
507743,5,34903,940,1,Adiantado,0.29809119893245356
507935,5,34903,997,1,Adiantado,0.1771883171031425
508626,5,34903,2552,1,Adiantado,0.24091108968796898
509536,5,34903,1424,1,Adiantado,0.28627987282889994
511309,5,34903,245,1,Adiantado,0.21024327816958668
511981,5,34903,511,1,Adiantado,0.027771085628768642
513422,5,34903,385,2,Equilibrado,0.2449120017769137
513428,5,34903,283,1,Adiantado,0.04767173123930995
514078,5,34903,689,2,Equilibrado,0.1982415450927621
516602,5,34903,485,1,Adiantado,0.14573974015094782
517551,5,34903,293,0,Tardio,-0.00960040270002369
519115,5,34903,382,2,Equilibrado,0.04822671138913336
521115,5,34903,534,2,Equilibrado,0.119582831187173
521255,5,34903,26,1,Adiantado,0.062438829990234826
522082,5,34903,535,1,Adiantado,0.26149899468856697
523017,5,34903,265,1,Adiantado,0.23685405543575683
523249,5,34903,489,1,Adiantado,0.15018005340609314
526721,5,34903,920,1,Adiantado,0.19646255775111335
526819,5,34903,539,2,Equilibrado,-0.015302635966439469
529693,5,34903,435,2,Equilibrado,0.08969305742096716
529991,5,34903,662,2,Equilibrado,0.012496029014445372
531018,5,34903,1343,1,Adiantado,0.16604977417757716
531871,5,34903,194,1,Adiantado,0.014898831492029894
532254,5,34903,836,2,Equilibrado,0.011522529273852045
533418,5,34903,1126,1,Adiantado,0.172147453678263
534457,5,34903,714,1,Adiantado,0.23984759119309315
535671,5,34903,1686,2,Equilibrado,0.10260595139554139
536351,5,34903,466,1,Adiantado,0.036717825875184365
536475,5,34903,296,0,Tardio,0.29460074138604897
536963,5,34903,1119,2,Equilibrado,0.16774500554112495
537322,5,34903,749,2,Equilibrado,0.0852893736081406
537811,5,34903,1420,1,Adiantado,0.17128188077928186
539308,5,34903,239,2,Equilibrado,0.27437364563490485
539945,5,34903,1659,1,Adiantado,0.1972401122014234
540723,5,34903,1837,2,Equilibrado,-0.020721515330379463
541921,5,34903,1026,1,Adiantado,0.2712052126007967
542202,5,34903,405,1,Adiantado,0.13578910653677295
543010,5,34903,1120,1,Adiantado,0.19322773548070676
545164,5,34903,1167,1,Adiantado,0.08724376533672215
545962,5,34903,648,1,Adiantado,0.012570908682675113
546547,5,34903,867,1,Adiantado,0.044984530265439464
546645,5,34903,440,1,Adiantado,0.2853189850434962
547347,5,34903,825,2,Equilibrado,0.09844583494414372
549219,5,34903,726,2,Equilibrado,0.12165381422072197
549321,5,34903,597,0,Tardio,0.04970869215781268
549847,5,34903,857,1,Adiantado,0.27994067594565647
550420,5,34903,701,1,Adiantado,0.29977723070715645
550703,5,34903,2386,1,Adiantado,0.19849321319004784
552173,5,34903,1005,1,Adiantado,0.22413121348007475
553031,5,34903,732,1,Adiantado,0.04670441446582629
553284,5,34903,1088,2,Equilibrado,0.06286875945308175
554063,5,34903,431,2,Equilibrado,0.07245569801622258
554525,5,34903,506,1,Adiantado,0.27071629490468707
555049,5,34903,831,1,Adiantado,0.28939970189743236
556126,5,34903,640,1,Adiantado,0.1585672868487601
557085,5,34903,1643,1,Adiantado,0.24712312285298027
557290,5,34903,440,1,Adiantado,0.13922394942807392
558044,5,34903,550,1,Adiantado,0.15413894313464316
558764,5,34903,471,1,Adiantado,0.23053078088990914
560047,5,34903,1335,2,Equilibrado,0.02198738973407048
560645,5,34903,1164,1,Adiantado,0.1752567109649885
561231,5,34903,952,1,Adiantado,0.14261932178406003
562064,5,34903,89,0,Tardio,0.24460340785349566
562754,5,34903,266,0,Tardio,-0.01060567956054695
563108,5,34903,676,2,Equilibrado,0.17879803177844056
563414,5,34903,1399,1,Adiantado,0.24973489383613506
564243,5,34903,2502,1,Adiantado,0.04496824649227688
564617,5,34903,1557,1,Adiantado,0.14982349054105548
564933,5,34903,350,1,Adiantado,0.2304765315664704
565017,5,34903,2076,1,Adiantado,0.13370190545904212
569034,5,34903,1670,1,Adiantado,0.2968036671481087
569080,5,34903,699,2,Equilibrado,0.06672575183131173
569108,5,34903,642,1,Adiantado,0.2873335593488842
569876,5,34903,842,1,Adiantado,0.20775737968313032
570213,5,34903,606,1,Adiantado,0.03744309775955475
571074,5,34903,1191,1,Adiantado,0.22060716356973445
572213,5,34903,214,2,Equilibrado,0.04564336999375852
573583,5,34903,268,2,Equilibrado,0.21964995004936846
574527,5,34903,1296,2,Equilibrado,0.015024776599573037
575069,5,34903,928,2,Equilibrado,0.01905858941802131
575112,5,34903,1045,1,Adiantado,0.060577056326269654
575302,5,34903,1638,1,Adiantado,0.2666121568396013
577533,5,34903,490,1,Adiantado,0.17120303568801384
578152,5,34903,312,2,Equilibrado,0.007185249135671751
578847,5,34903,1544,1,Adiantado,0.18489022171888211
579660,5,34903,188,0,Tardio,0.20524978721882658
579686,5,34903,965,1,Adiantado,0.06869896542969063
580459,5,34903,929,1,Adiantado,0.15801911616692954
580834,5,34903,1822,1,Adiantado,0.04741426979804553
580845,5,34903,1592,2,Equilibrado,0.1433622043622056
581253,5,34903,2370,1,Adiantado,0.2501981153620833
581659,5,34903,2650,1,Adiantado,0.06554519409316968
581779,5,34903,693,1,Adiantado,0.26311943182342545
582117,5,34903,475,1,Adiantado,0.18883758311933985
582332,5,34903,1373,1,Adiantado,0.2648864264892577
582653,5,34903,129,2,Equilibrado,0.07794098759530221
582670,5,34903,129,1,Adiantado,0.10223932811484018
583318,5,34903,291,1,Adiantado,0.06554052253196484
583487,5,34903,3482,1,Adiantado,0.26460386372570693
584515,5,34903,1028,1,Adiantado,0.2489312439028396
585224,5,34903,851,1,Adiantado,0.21102736981317438
585284,5,34903,203,2,Equilibrado,0.055584715990991504
585503,5,34903,1828,1,Adiantado,0.09390455521902867
585958,5,34903,719,1,Adiantado,0.1861105021280265
586906,5,34903,764,0,Tardio,-3.321146049031734e-05
587571,5,34903,2410,1,Adiantado,0.19662182324574046
588128,5,34903,662,2,Equilibrado,0.08394079679855451
588628,5,34903,1808,1,Adiantado,0.3164039711901097
589080,5,34903,1421,1,Adiantado,0.19958691530711498
589162,5,34903,1068,1,Adiantado,0.08967575364942322
589332,5,34903,840,1,Adiantado,0.19408259259900087
589828,5,34903,501,0,Tardio,0.22322672230860027
590120,5,34903,748,1,Adiantado,0.24066935370864131
591525,5,34903,368,1,Adiantado,0.1790003852589965
591581,5,34903,956,1,Adiantado,0.22046019993164712
591946,5,34903,297,0,Tardio,-0.020818581763422907
592218,5,34903,855,1,Adiantado,0.12366797941510912
592295,5,34903,868,1,Adiantado,0.07158016558213244
592558,5,34903,1048,2,Equilibrado,-0.005029790142469006
592939,5,34903,410,0,Tardio,0.10413012466724576
593136,5,34903,387,1,Adiantado,0.1552695831794651
593563,5,34903,604,1,Adiantado,0.12428585593793945
593722,5,34903,509,2,Equilibrado,0.1632707078539939
593796,5,34903,2295,1,Adiantado,0.26374028829110946
594065,5,34903,834,1,Adiantado,0.23461709932385807
594122,5,34903,1397,1,Adiantado,0.06132111333673052
594229,5,34903,683,1,Adiantado,0.09811632501664516
594258,5,34903,149,0,Tardio,0.009280540064854792
594406,5,34903,265,1,Adiantado,0.0516643401663792
594636,5,34903,641,1,Adiantado,0.19288870712650638
595721,5,34903,392,1,Adiantado,0.1993095855696603
595943,5,34903,1061,1,Adiantado,0.17666738033228913
596243,5,34903,694,0,Tardio,-0.04930660709686654
596253,5,34903,656,1,Adiantado,0.11545107801892178
596758,5,34903,572,2,Equilibrado,0.031312049449732204
597740,5,34903,252,1,Adiantado,0.03085096095721644
597937,5,34903,1396,1,Adiantado,0.20265819718217237
598308,5,34903,1357,1,Adiantado,0.2778285951023723
598540,5,34903,2078,1,Adiantado,0.2569793907808175
598559,5,34903,1207,1,Adiantado,0.1201599982145583
600071,5,34903,670,1,Adiantado,0.2780871535475174
601008,5,34903,171,0,Tardio,0.0579682447141866
601235,5,34903,630,1,Adiantado,0.22454597297032658
601271,5,34903,434,1,Adiantado,0.1110581550443587
601820,5,34903,147,0,Tardio,0.29318169407563294
602594,5,34903,1437,1,Adiantado,0.1715542880549091
603648,5,34903,1114,1,Adiantado,0.22223638358884706
604567,5,34903,473,1,Adiantado,0.10243560374719964
604614,5,34903,455,1,Adiantado,0.23654824520041087
605180,5,34903,146,1,Adiantado,0.12214882329757264
605394,5,34903,181,0,Tardio,0.005140863065854502
605682,5,34903,651,1,Adiantado,0.2482861370713148
606257,5,34903,1703,1,Adiantado,0.12001899601278031
606904,5,34903,55,1,Adiantado,0.1984214591162452
607243,5,34903,1819,1,Adiantado,0.3168965645383044
607303,5,34903,1200,1,Adiantado,0.02835938910675829
607501,5,34903,766,1,Adiantado,0.23516364820783792
607679,5,34903,1350,1,Adiantado,0.2054527133492018
607700,5,34903,239,1,Adiantado,0.08820832302793924
609142,5,34903,1613,1,Adiantado,0.23100642442948108
609240,5,34903,790,1,Adiantado,0.1522441444477057
611603,5,34903,295,2,Equilibrado,0.22482244183376823
612842,5,34903,931,1,Adiantado,0.30873333323943347
613165,5,34903,1395,1,Adiantado,0.1782943260296639
613330,5,34903,1002,1,Adiantado,0.16395587766673508
613634,5,34903,968,1,Adiantado,0.1940432656963348
613899,5,34903,1522,1,Adiantado,0.17154416838952982
614059,5,34903,385,1,Adiantado,0.27456093282758476
614984,5,34903,684,1,Adiantado,0.19037063963963696
615266,5,34903,650,1,Adiantado,0.15871095046739342
615299,5,34903,1819,1,Adiantado,0.2943347809944269
615301,5,34903,1940,1,Adiantado,0.23251934876572591
615302,5,34903,1083,1,Adiantado,0.2082220365891185
615306,5,34903,1405,1,Adiantado,0.2796946415100256
615340,5,34903,412,0,Tardio,0.14258141765669616
615342,5,34903,184,1,Adiantado,0.20783919296540798
616517,5,34903,819,1,Adiantado,0.20050842682943715
616912,5,34903,527,1,Adiantado,0.22609318029769265
617010,5,34903,603,1,Adiantado,0.051739089602833285
617119,5,34903,993,2,Equilibrado,0.16707655794000653
617580,5,34903,6450,1,Adiantado,0.19955951387616994
617922,5,34903,694,1,Adiantado,0.12682056356572868
618663,5,34903,425,0,Tardio,0.15209119093883178
619204,5,34903,292,0,Tardio,0.24074254195307837
619292,5,34903,1564,1,Adiantado,0.18223625238932978
619321,5,34903,864,1,Adiantado,0.23634407907104313
619502,5,34903,361,0,Tardio,0.2610148113657537
620094,5,34903,4234,1,Adiantado,0.17211000780968705
620269,5,34903,695,1,Adiantado,0.03750567487912276
620431,5,34903,808,1,Adiantado,0.08575192827820763
620740,5,34903,444,2,Equilibrado,0.22761711651988623
620810,5,34903,320,2,Equilibrado,0.15202243693682974
622481,5,34903,782,2,Equilibrado,0.10070078221285679
622760,5,34903,432,2,Equilibrado,0.15122842173429807
622934,5,34903,896,1,Adiantado,0.1506007400768857
623471,5,34903,998,1,Adiantado,0.1479623865722958
623589,5,34903,1104,1,Adiantado,0.18464287589711845
623765,5,34903,1093,1,Adiantado,0.1384400389271239
624282,5,34903,925,1,Adiantado,0.26223247041808684
624864,5,34903,960,1,Adiantado,0.2699447698194458
624970,5,34903,1056,1,Adiantado,0.1601342825099614
625245,5,34903,1058,1,Adiantado,0.24893506406184948
625743,5,34903,63,1,Adiantado,0.2189801625566599
625802,5,34903,824,2,Equilibrado,-0.01386183265929025
625838,5,34903,1074,1,Adiantado,0.11123764945821309
626033,5,34903,1463,1,Adiantado,0.2853459010570769
626349,5,34903,76,1,Adiantado,0.22640257484292514
626416,5,34903,984,1,Adiantado,0.09086318782836698
626454,5,34903,968,2,Equilibrado,-0.003770060486475184
626477,5,34903,880,1,Adiantado,0.10819977269990069
626514,5,34903,462,1,Adiantado,0.3093357874088122
626552,5,34903,337,1,Adiantado,0.027526382444704848
626579,5,34903,211,2,Equilibrado,0.18485185312052077
627365,5,34903,1114,2,Equilibrado,0.05842340907013581
627829,5,34903,773,1,Adiantado,0.05190296066780365
628149,5,34903,2787,1,Adiantado,0.17370474931715235
628157,5,34903,509,1,Adiantado,0.1670505343609493
628383,5,34903,1170,1,Adiantado,0.20519382430315242
628521,5,34903,97,2,Equilibrado,0.14229268095741116
628888,5,34903,601,1,Adiantado,0.034062248554565334
628964,5,34903,1081,1,Adiantado,0.18969657449418953
629029,5,34903,830,1,Adiantado,0.1402445112150078
629491,5,34903,1320,1,Adiantado,0.2595012748119903
629818,5,34903,542,0,Tardio,0.3620734121646037
629922,5,34903,781,1,Adiantado,0.060385061841206025
629944,5,34903,1108,1,Adiantado,0.030789437410007357
630109,5,34903,623,2,Equilibrado,0.18967142758500047
630158,5,34903,2583,2,Equilibrado,-0.014727251376780616
630835,5,34903,1809,1,Adiantado,0.18608152552630045
630905,5,34903,5867,1,Adiantado,0.23619410734479207
630910,5,34903,1154,1,Adiantado,0.06901128111407012
631658,5,34903,3383,1,Adiantado,0.13773304017015792
631681,5,34903,474,1,Adiantado,0.049533937099782384
631715,5,34903,292,0,Tardio,0.04776250875437861
631740,5,34903,620,1,Adiantado,0.13336121403728496
631837,5,34903,1647,1,Adiantado,0.21233302417136163
631924,5,34903,1199,1,Adiantado,0.17759129528639495
632074,5,34903,884,1,Adiantado,0.029993492800629414
632290,5,34903,604,2,Equilibrado,0.13482017146753925
632458,5,34903,3397,1,Adiantado,0.102461581647818
632597,5,34903,26,0,Tardio,0.28529887657417624
632826,5,34903,972,1,Adiantado,0.23942442630989452
632836,5,34903,1488,1,Adiantado,0.21635618479964933
633079,5,34903,822,1,Adiantado,0.3120596272056019
633516,5,34903,717,0,Tardio,-0.057403358361872464
633555,5,34903,1538,1,Adiantado,0.27729150120245427
633568,5,34903,393,1,Adiantado,0.04500821617702833
633867,5,34903,602,1,Adiantado,0.12127739844778893
633931,5,34903,1576,1,Adiantado,0.19575591637856615
634088,5,34903,684,1,Adiantado,0.11631454715871703
634512,5,34903,801,1,Adiantado,0.20003818460052636
634526,5,34903,1086,1,Adiantado,0.04688997292587754
634749,5,34903,3093,1,Adiantado,0.28444020006288934
635184,5,34903,542,1,Adiantado,0.1314690808995996
635751,5,34903,185,0,Tardio,0.376617475653242
635795,5,34903,1266,2,Equilibrado,-0.01797445361902242
636314,5,34903,1088,1,Adiantado,0.2720309874485787
636400,5,34903,578,1,Adiantado,0.30838878876405534
636408,5,34903,475,2,Equilibrado,0.029812761412588075
636469,5,34903,772,1,Adiantado,0.18743195882672548
636565,5,34903,417,0,Tardio,0.4334305949868767
636656,5,34903,524,1,Adiantado,0.13535378024653855
636704,5,34903,307,0,Tardio,0.041734786303111365
636783,5,34903,710,1,Adiantado,0.08933929940075795
636830,5,34903,1056,1,Adiantado,0.2215273232258696
636832,5,34903,1632,1,Adiantado,0.22864558753760086
637004,5,34903,865,1,Adiantado,0.23172631094462146
637358,5,34903,138,2,Equilibrado,0.14509989091680323
637582,5,34903,514,1,Adiantado,0.177098350061394
637708,5,34903,1217,1,Adiantado,0.2339479564063059
637906,5,34903,511,1,Adiantado,0.09813810422941224
637980,5,34903,972,1,Adiantado,0.12629514592072416
638034,5,34903,527,1,Adiantado,0.21176567022556314
638388,5,34903,297,1,Adiantado,0.19841489220011418
638411,5,34903,2093,1,Adiantado,0.14814976012598205
638498,5,34903,518,1,Adiantado,0.13277803642576394
638515,5,34903,245,1,Adiantado,0.1392541956904029
638625,5,34903,1447,1,Adiantado,0.23231232856003095
638655,5,34903,851,1,Adiantado,0.10385613760613932
638831,5,34903,226,0,Tardio,-0.039448527335131676
639028,5,34903,352,1,Adiantado,0.2949319812177268
639231,5,34903,315,2,Equilibrado,0.07962541324815674
639522,5,34903,829,2,Equilibrado,0.14404267765600895
640098,5,34903,1215,1,Adiantado,0.1486620067248493
640278,5,34903,4942,1,Adiantado,0.2011984934792848
640329,5,34903,395,1,Adiantado,0.15461415283730526
640429,5,34903,1166,1,Adiantado,0.2412810621544584
640711,5,34903,843,1,Adiantado,0.26503524527362476
640752,5,34903,501,2,Equilibrado,0.058769170946699624
640848,5,34903,1041,2,Equilibrado,-0.0056047213570848565
640892,5,34903,528,1,Adiantado,0.17374366191703686
640927,5,34903,1028,1,Adiantado,0.2588951087850262
641137,5,34903,765,1,Adiantado,0.2424730400828855
641309,5,34903,1154,1,Adiantado,0.09499894412709453
641311,5,34903,1516,1,Adiantado,0.17258405474743163
641363,5,34903,218,2,Equilibrado,0.18342107643284458
641401,5,34903,780,1,Adiantado,0.10651353468024617
641461,5,34903,239,1,Adiantado,0.27228830975871043
641547,5,34903,597,2,Equilibrado,0.019989930198610395
641864,5,34903,806,1,Adiantado,0.17181745361710715
641914,5,34903,1179,1,Adiantado,0.28870337192223255
642029,5,34903,206,2,Equilibrado,-0.009431266388285448
642056,5,34903,798,1,Adiantado,0.10648040894150135
642375,5,34903,316,1,Adiantado,0.17968960800592387
642448,5,34903,369,2,Equilibrado,0.12741827831422056
642449,5,34903,416,1,Adiantado,0.1331942804205444
642493,5,34903,280,1,Adiantado,0.15437035946107006
642498,5,34903,809,2,Equilibrado,0.036977215021280235
642551,5,34903,1123,1,Adiantado,0.2837659312130467
642740,5,34903,1890,1,Adiantado,0.17059264230752558
642750,5,34903,448,1,Adiantado,0.1421733936779341
642843,5,34903,2329,1,Adiantado,0.20073170705514531
642872,5,34903,1937,1,Adiantado,0.2099634923430422
642909,5,34903,214,0,Tardio,0.42870744432021995
643069,5,34903,1484,1,Adiantado,0.14003591439608698
643202,5,34903,783,1,Adiantado,0.21323861925615062
643220,5,34903,233,0,Tardio,-0.01577554439701908
643273,5,34903,1589,1,Adiantado,0.270098113211951
643326,5,34903,2735,1,Adiantado,0.1697303841112939
643466,5,34903,991,1,Adiantado,0.039359166779685394
643477,5,34903,1040,2,Equilibrado,0.09456473676565766
643496,5,34903,384,1,Adiantado,0.21629737490606527
643502,5,34903,341,1,Adiantado,0.23957564225353406
643591,5,34903,1183,1,Adiantado,0.16794645045763
643653,5,34903,1130,1,Adiantado,0.17674119738983968
643751,5,34903,1901,1,Adiantado,0.11616636847256796
643754,5,34903,1187,1,Adiantado,0.13690945845381391
644025,5,34903,928,1,Adiantado,0.22244008609814991
644210,5,34903,591,1,Adiantado,0.22186385549171575
644343,5,34903,992,0,Tardio,-0.01623973921882265
644361,5,34903,6032,1,Adiantado,0.19645332387730532
644369,5,34903,165,2,Equilibrado,0.2197248779175809
644450,5,34903,1545,1,Adiantado,0.2675334511032607
644508,5,34903,431,1,Adiantado,0.13205929155399682
644761,5,34903,572,1,Adiantado,0.11133825867974978
644784,5,34903,599,1,Adiantado,0.21582174371928672
644791,5,34903,1609,1,Adiantado,0.2552761389999497
644818,5,34903,1652,1,Adiantado,0.27384163855479443
644847,5,34903,249,1,Adiantado,0.24634405582513325
644936,5,34903,148,2,Equilibrado,0.10182468685155183
644974,5,34903,1631,1,Adiantado,0.27189105758405197
645020,5,34903,182,2,Equilibrado,0.2513139050528499
645078,5,34903,1109,1,Adiantado,0.16773570296439205
645405,5,34903,1516,1,Adiantado,0.2160695943769323
645518,5,34903,566,1,Adiantado,0.19927998012183942
645586,5,34903,422,2,Equilibrado,0.22396340557841185
645705,5,34903,499,1,Adiantado,0.14351042573218528
645784,5,34903,1096,2,Equilibrado,0.0779806221867652
645840,5,34903,1246,1,Adiantado,0.20190918853430678
645960,5,34903,311,2,Equilibrado,0.18767971782430468
645997,5,34903,771,2,Equilibrado,0.00576911965336598
646015,5,34903,601,1,Adiantado,0.27628081917783415
646017,5,34903,1431,2,Equilibrado,0.09744217852748406
646053,5,34903,1195,1,Adiantado,0.18279893472071854
646074,5,34903,1096,1,Adiantado,0.1793611141249354
646085,5,34903,1267,1,Adiantado,0.09244991687252783
646138,5,34903,396,2,Equilibrado,0.13004093712092946
646313,5,34903,1409,1,Adiantado,0.19514168511171837
646357,5,34903,1217,1,Adiantado,0.2631778666540291
646402,5,34903,518,1,Adiantado,0.1257676334252592
646460,5,34903,695,1,Adiantado,0.19357382996152492
646539,5,34903,51,0,Tardio,0.4368999237172889
646540,5,34903,1013,1,Adiantado,0.044057484375968035
646551,5,34903,1444,1,Adiantado,0.22451585238996574
646638,5,34903,176,0,Tardio,0.3963596176440504
646670,5,34903,398,2,Equilibrado,0.13947430718424514
646750,5,34903,456,2,Equilibrado,0.11187453214727006
646778,5,34903,1475,1,Adiantado,0.07058922545497769
646990,5,34903,1119,1,Adiantado,0.12421889926561792
647040,5,34903,971,2,Equilibrado,0.10836048165681637
647154,5,34903,213,1,Adiantado,0.11419707705123115
647169,5,34903,1063,1,Adiantado,0.2291054219559354
647320,5,34903,788,1,Adiantado,0.1773541112901585
647324,5,34903,786,1,Adiantado,0.25690038923052577
647391,5,34903,516,2,Equilibrado,0.09263981116413639
647398,5,34903,478,1,Adiantado,0.26434367686636484
647399,5,34903,741,1,Adiantado,0.09398646901326559
647425,5,34903,900,2,Equilibrado,0.20793358199827486
647485,5,34903,410,2,Equilibrado,0.14668888789978554
647765,5,34903,147,0,Tardio,0.3953352683880491
647841,5,34903,430,2,Equilibrado,-0.0020753779740006343
647898,5,34903,820,1,Adiantado,0.22127133260714255
647945,5,34903,454,1,Adiantado,0.3147561004880431
648027,5,34903,323,2,Equilibrado,0.0907677955287017
648037,5,34903,897,1,Adiantado,0.25574239055618503
648038,5,34903,1651,1,Adiantado,0.3188435400423919
648040,5,34903,1153,1,Adiantado,0.28413463778005993
648086,5,34903,263,2,Equilibrado,0.24587220869280133
648105,5,34903,1838,1,Adiantado,0.08577731239349784
648114,5,34903,2033,2,Equilibrado,0.011798716998049068
648116,5,34903,781,1,Adiantado,0.3178696720540725
648140,5,34903,617,2,Equilibrado,0.23513225362599546
648254,5,34903,236,0,Tardio,0.16403975668566512
648287,5,34903,724,1,Adiantado,0.07431160143623938
648365,5,34903,2258,1,Adiantado,0.10492887547162447
648366,5,34903,1048,1,Adiantado,0.18769084769291278
648457,5,34903,221,1,Adiantado,0.11373989091000182
648470,5,34903,1082,1,Adiantado,0.23515682000812171
648531,5,34903,951,1,Adiantado,0.170620953439018
648536,5,34903,691,1,Adiantado,0.16849198931446627
648564,5,34903,973,1,Adiantado,0.18979609489000038
648571,5,34903,571,1,Adiantado,0.059762202500391735
648590,5,34903,114,1,Adiantado,0.26606937268327535
648613,5,34903,429,2,Equilibrado,0.12112770787584479
648685,5,34903,1077,1,Adiantado,0.12215849690277163
648815,5,34903,1400,1,Adiantado,0.26878872167470486
648903,5,34903,535,1,Adiantado,0.055611097465957104
648972,5,34903,744,1,Adiantado,0.11135145560640024
649004,5,34903,2390,1,Adiantado,0.06398691799603398
649084,5,34903,285,0,Tardio,0.3072146879553796
649093,5,34903,426,2,Equilibrado,0.254157360413294
649118,5,34903,314,2,Equilibrado,0.0446450996271099
649159,5,34903,647,1,Adiantado,0.1585658920799131
649165,5,34903,377,2,Equilibrado,0.13062555574713794
649207,5,34903,889,1,Adiantado,0.2121880548850804
649212,5,34903,629,2,Equilibrado,0.10287220619029554
649258,5,34903,392,2,Equilibrado,-0.006251236768318449
649284,5,34903,128,2,Equilibrado,0.12530463298950606
649379,5,34903,1116,1,Adiantado,0.08184621152203589
649400,5,34903,204,1,Adiantado,0.21073514689556966
649434,5,34903,1156,1,Adiantado,0.07351439438075817
649435,5,34903,457,1,Adiantado,0.1520101210610396
649457,5,34903,616,1,Adiantado,0.14213092774778516
649619,5,34903,1020,1,Adiantado,0.18569976318271855
649735,5,34903,138,1,Adiantado,0.1488157239186643
649952,5,34903,1266,1,Adiantado,0.20385754060533595
649979,5,34903,226,1,Adiantado,0.1612386004389507
650108,5,34903,911,2,Equilibrado,0.028646583211542755
650160,5,34903,628,1,Adiantado,0.20944856253951574
650251,5,34903,926,1,Adiantado,0.22620102888965934
650363,5,34903,1049,1,Adiantado,0.0748645316748158
650370,5,34903,536,2,Equilibrado,0.21326154649073634
650424,5,34903,664,1,Adiantado,0.1831946740682618
650461,5,34903,75,0,Tardio,0.1743917586009275
650469,5,34903,604,1,Adiantado,0.2805166622726308
650473,5,34903,1395,1,Adiantado,0.22533542439800214
650570,5,34903,794,1,Adiantado,0.15408159068605148
650866,5,34903,1514,1,Adiantado,0.25791460332880567
650923,5,34903,315,2,Equilibrado,-0.003462083794795633
650960,5,34903,234,1,Adiantado,0.17519105441837474
651040,5,34903,371,2,Equilibrado,0.22041525879514515
651121,5,34903,644,1,Adiantado,0.15229200382838487
651126,5,34903,771,0,Tardio,0.43326552331482554
651182,5,34903,95,1,Adiantado,0.07493602151919503
651354,5,34903,1068,1,Adiantado,0.12657624013850174
651381,5,34903,424,1,Adiantado,0.18180851843593798
651419,5,34903,1727,1,Adiantado,0.3137622490111039
651478,5,34903,1006,1,Adiantado,0.24486261672599527
651498,5,34903,1345,1,Adiantado,0.23066616564484144
651555,5,34903,244,0,Tardio,0.2152955728940618
651598,5,34903,819,1,Adiantado,0.15695223323084698
651881,5,34903,270,1,Adiantado,0.20710582881255185
651927,5,34903,893,1,Adiantado,0.1817409241377112
651990,5,34903,805,1,Adiantado,0.15251203188006857
652008,5,34903,489,1,Adiantado,0.12871818918700828
652064,5,34903,1411,1,Adiantado,0.30531831208539156
652087,5,34903,164,1,Adiantado,0.029009555236240735
652333,5,34903,499,1,Adiantado,0.17316071141319458
652335,5,34903,387,1,Adiantado,0.0868279736634179
652576,5,34903,389,1,Adiantado,0.13836800883601402
652625,5,34903,1452,1,Adiantado,0.18775648147873109
652672,5,34903,518,1,Adiantado,0.09386467465294877
652684,5,34903,1022,2,Equilibrado,0.1511291999617594
652711,5,34903,939,1,Adiantado,0.17866704769904912
652753,5,34903,949,1,Adiantado,0.14759709827692366
652788,5,34903,510,1,Adiantado,0.16774944006603437
652887,5,34903,695,1,Adiantado,0.23126048101990931
652890,5,34903,107,0,Tardio,0.32482549238123887
652898,5,34903,1010,1,Adiantado,0.28280713468166047
652994,5,34903,204,0,Tardio,0.3643260294434665
653045,5,34903,97,1,Adiantado,0.1805292241948913
653297,5,34903,776,2,Equilibrado,0.08990772547568072
653301,5,34903,1318,1,Adiantado,0.21669521005339312
653381,5,34903,722,1,Adiantado,0.15731452093368525
653417,5,34903,149,0,Tardio,0.24921742096620744
653558,5,34903,246,0,Tardio,0.058301108265849166
653567,5,34903,1261,0,Tardio,0.1691946134419145
653595,5,34903,937,1,Adiantado,0.07778855872107507
653653,5,34903,384,1,Adiantado,0.26850473444244266
653773,5,34903,715,1,Adiantado,0.06200855219778671
654045,5,34903,391,1,Adiantado,0.16727728285674923
654114,5,34903,545,1,Adiantado,0.2356894659887219
654169,5,34903,536,1,Adiantado,0.1542806399207398
654217,5,34903,117,2,Equilibrado,0.07550465371042303
654236,5,34903,1116,2,Equilibrado,0.008261156051187093
654260,5,34903,509,2,Equilibrado,0.06335137969485431
654339,5,34903,888,1,Adiantado,0.16818537791728644
654441,5,34903,1820,2,Equilibrado,0.1012650534781018
654565,5,34903,1338,1,Adiantado,0.17481329319657138
654578,5,34903,250,1,Adiantado,0.11300994581684352
654597,5,34903,523,1,Adiantado,0.21528844992626134
654692,5,34903,514,2,Equilibrado,-0.02850149821092328
654819,5,34903,5576,1,Adiantado,0.3010642435566502
654824,5,34903,1403,1,Adiantado,0.2856557828551791
654834,5,34903,1004,1,Adiantado,0.2326625471374627
654867,5,34903,1743,1,Adiantado,0.23394843363498838
655115,5,34903,678,1,Adiantado,0.10232328212717491
655127,5,34903,321,2,Equilibrado,0.07473367102075835
655386,5,34903,1304,1,Adiantado,0.16045555523717184
655412,5,34903,788,1,Adiantado,0.19486578097154109
655445,5,34903,491,1,Adiantado,0.16652600781112245
655569,5,34903,304,1,Adiantado,0.1571378877402471
655796,5,34903,339,0,Tardio,-0.04734731867727687
655927,5,34903,258,0,Tardio,0.006999668200784309
655981,5,34903,596,1,Adiantado,0.1764258477626167
656065,5,34903,517,1,Adiantado,0.185048209484512
656092,5,34903,659,1,Adiantado,0.2827028718433087
656131,5,34903,1293,2,Equilibrado,-0.02999163579580485
656158,5,34903,430,1,Adiantado,0.14401860102330094
656159,5,34903,439,1,Adiantado,0.22127230467727552
656165,5,34903,333,0,Tardio,0.09720782013748432
656234,5,34903,495,2,Equilibrado,0.08157056846361967
656323,5,34903,649,1,Adiantado,0.026360756061898107
656414,5,34903,1094,1,Adiantado,0.3178292210765068
656529,5,34903,1018,1,Adiantado,0.1853604978873052
656579,5,34903,840,1,Adiantado,0.1660918392011284
656607,5,34903,894,2,Equilibrado,-0.008051936806416393
656651,5,34903,222,1,Adiantado,0.1869981305202103
656734,5,34903,1622,1,Adiantado,0.09223735640223098
656791,5,34903,1858,1,Adiantado,0.21034604833781206
656882,5,34903,1012,1,Adiantado,0.17412388215524172
656996,5,34903,219,1,Adiantado,0.06755653854365176
657048,5,34903,297,2,Equilibrado,0.07968007119831094
657220,5,34903,981,1,Adiantado,0.12353141770481921
657330,5,34903,516,1,Adiantado,0.1798696488834028
657344,5,34903,927,1,Adiantado,0.2919308042778399
674222,5,34903,1397,1,Adiantado,0.2981856116999654
674226,5,34903,215,1,Adiantado,0.15609833653321506
674236,5,34903,611,1,Adiantado,0.039382424471652314
674262,5,34903,2066,1,Adiantado,0.24274764393173168
674320,5,34903,517,1,Adiantado,0.17947929733125972
674387,5,34903,1209,1,Adiantado,0.2586296646774392
674451,5,34903,799,1,Adiantado,0.306890351923162
674484,5,34903,1314,1,Adiantado,0.22911273755074824
674497,5,34903,742,1,Adiantado,0.1329444025367373
674509,5,34903,3101,1,Adiantado,0.2826479014252989
674584,5,34903,654,1,Adiantado,0.2864184535949263
674644,5,34903,816,1,Adiantado,0.3000315602770054
674657,5,34903,598,1,Adiantado,0.1411995050750088
674671,5,34903,1465,1,Adiantado,0.23549460384915855
674691,5,34903,1887,1,Adiantado,0.20181579408511174
674694,5,34903,1252,1,Adiantado,0.24821442026477794
674699,5,34903,647,1,Adiantado,0.11746249562533843
674751,5,34903,953,1,Adiantado,0.2423047819283725
674831,5,34903,378,1,Adiantado,0.26753552416936155
674870,5,34903,1254,1,Adiantado,0.2032763594483868
674921,5,34903,499,2,Equilibrado,0.15415821651091696
675021,5,34903,1229,0,Tardio,-0.054100193735029396
675054,5,34903,436,1,Adiantado,0.16743648983133577
675193,5,34903,649,1,Adiantado,0.15591118683760744
675225,5,34903,742,1,Adiantado,0.030701891409010616
675233,5,34903,1706,1,Adiantado,0.05526644162650048
675273,5,34903,244,1,Adiantado,0.0388137498653494
675279,5,34903,792,1,Adiantado,0.25794848441651175
675315,5,34903,592,1,Adiantado,0.022172234221343474
675328,5,34903,535,1,Adiantado,0.20372676694059355
675474,5,34903,21,1,Adiantado,0.15061282174774693
675566,5,34903,444,2,Equilibrado,0.044907030971079384
675636,5,34903,1167,1,Adiantado,0.18759531232152654
675710,5,34903,761,1,Adiantado,0.32217479719047165
675989,5,34903,1946,1,Adiantado,0.15676662888299744
676064,5,34903,1292,1,Adiantado,0.06173152658218963
676103,5,34903,333,0,Tardio,0.15184429134497046
676190,5,34903,1425,1,Adiantado,0.2580473233044047
676265,5,34903,986,1,Adiantado,0.2188690615130956
676272,5,34903,60,0,Tardio,0.04790150954254054
676303,5,34903,59,2,Equilibrado,0.12395990197157315
676378,5,34903,918,1,Adiantado,0.17589991439865152
676444,5,34903,1721,1,Adiantado,0.21123805920748448
676459,5,34903,1157,1,Adiantado,0.24620044018836112
676478,5,34903,900,1,Adiantado,0.2668754872089913
676492,5,34903,955,1,Adiantado,0.2101446074320368
676610,5,34903,263,2,Equilibrado,0.2504366141570599
676626,5,34903,932,1,Adiantado,0.28961266886457915
676866,5,34903,616,1,Adiantado,0.21771702667480816
677085,5,34903,257,1,Adiantado,0.18606621921130148
677111,5,34903,660,2,Equilibrado,0.05523011895331057
677138,5,34903,872,1,Adiantado,0.1689037361819255
677155,5,34903,1565,2,Equilibrado,0.08629491605920399
677167,5,34903,351,1,Adiantado,0.18878175151470478
677206,5,34903,1061,1,Adiantado,0.1419548175516291
677221,5,34903,1415,1,Adiantado,0.08271547003610419
677235,5,34903,270,1,Adiantado,0.1888188959472424
677382,5,34903,842,1,Adiantado,0.16571560247707764
677400,5,34903,967,1,Adiantado,0.255049905960659
677436,5,34903,537,1,Adiantado,0.3061861577693347
677456,5,34903,1443,1,Adiantado,0.1783588302769831
677486,5,34903,181,2,Equilibrado,0.15611208465054005
677546,5,34903,490,0,Tardio,-0.060152937703380184
677655,5,34903,1383,1,Adiantado,0.12028056639515519
677748,5,34903,2593,2,Equilibrado,0.018497969597441814
677767,5,34903,257,0,Tardio,0.1678982984498642
677833,5,34903,984,2,Equilibrado,0.0683466270056195
678088,5,34903,1520,1,Adiantado,0.1490815411650991
678235,5,34903,1835,1,Adiantado,0.2028428837796928
678270,5,34903,53,0,Tardio,0.017533805968860613
678381,5,34903,367,1,Adiantado,0.2306209162773995
678452,5,34903,109,0,Tardio,0.33609465522162
678528,5,34903,2133,1,Adiantado,0.08873396624227568
678628,5,34903,182,2,Equilibrado,0.1351176160945639
678659,5,34903,892,1,Adiantado,0.25147855299877303
678819,5,34903,1059,1,Adiantado,0.08337155286826654
678859,5,34903,1596,2,Equilibrado,0.04245150630270827
678946,5,34903,985,2,Equilibrado,0.021675252076089214
678954,5,34903,1474,1,Adiantado,0.24542921797473835
679036,5,34903,2700,1,Adiantado,0.2533273605355346
679189,5,34903,1499,1,Adiantado,0.24963685431173677
679237,5,34903,514,1,Adiantado,0.1653232615608322
679251,5,34903,216,1,Adiantado,0.1012921972278498
679262,5,34903,133,1,Adiantado,0.12003410330557807
679278,5,34903,370,1,Adiantado,0.21315174196480552
679384,5,34903,652,1,Adiantado,0.06297788603413344
679386,5,34903,100,1,Adiantado,0.02496278581592467
679402,5,34903,490,1,Adiantado,0.3163191874427731
679445,5,34903,474,1,Adiantado,0.018225932772055333
679448,5,34903,1717,1,Adiantado,0.26750541958469237
679498,5,34903,312,0,Tardio,0.24594068118399057
679509,5,34903,177,1,Adiantado,0.10464442098144495
679594,5,34903,1596,1,Adiantado,0.17458221343190278
679788,5,34903,411,1,Adiantado,0.12250529633912595
679790,5,34903,378,0,Tardio,0.32781624445185
679939,5,34903,568,2,Equilibrado,0.06414141147661664
680014,5,34903,462,1,Adiantado,0.2970509632042026
680027,5,34903,1525,1,Adiantado,0.10263219632196183
680145,5,34903,1031,1,Adiantado,0.04332881713534684
680266,5,34903,1627,2,Equilibrado,-0.04094824522202264
680270,5,34903,192,1,Adiantado,0.13344580832562833
680322,5,34903,392,2,Equilibrado,-0.01411633963533041
680343,5,34903,1444,0,Tardio,-0.003372190908570046
680348,5,34903,773,1,Adiantado,0.22796794731110712
680443,5,34903,1094,1,Adiantado,0.2614606026846036
680464,5,34903,1329,1,Adiantado,0.21854354480357577
680506,5,34903,686,0,Tardio,0.09624350120093214
680572,5,34903,524,1,Adiantado,0.18188927660094498
680708,5,34903,415,1,Adiantado,0.2227175973623283
680713,5,34903,797,1,Adiantado,0.29378843810001753
680747,5,34903,496,1,Adiantado,0.04444321173453835
680775,5,34903,165,2,Equilibrado,0.09300372056215472
680810,5,34903,4753,2,Equilibrado,0.17238538245620172
680955,5,34903,939,1,Adiantado,0.1962075419725882
680974,5,34903,131,1,Adiantado,0.07923921402209991
681004,5,34903,735,1,Adiantado,0.25928576374835904
681235,5,34903,303,2,Equilibrado,0.22672715613834624
681328,5,34903,636,1,Adiantado,0.20096681595054944
681352,5,34903,360,2,Equilibrado,-0.003754934743840826
681354,5,34903,577,0,Tardio,0.059904540783253225
681452,5,34903,315,2,Equilibrado,-0.02633871048053063
681490,5,34903,1230,1,Adiantado,0.1433441952018992
681608,5,34903,147,0,Tardio,0.004068026040289943
681633,5,34903,961,1,Adiantado,0.05977352291250354
681652,5,34903,489,2,Equilibrado,0.13187022500714998
681658,5,34903,275,2,Equilibrado,0.10345717017770831
681755,5,34903,759,2,Equilibrado,0.2193018275177148
681763,5,34903,761,1,Adiantado,0.25666019243399124
681938,5,34903,375,1,Adiantado,0.14777043040096624
681973,5,34903,135,0,Tardio,0.0780551342008594
682070,5,34903,999,1,Adiantado,0.14175918267164492
682298,5,34903,746,2,Equilibrado,0.1421808060287098
682390,5,34903,259,0,Tardio,0.32267728394656137
682436,5,34903,978,1,Adiantado,0.1616699173448379
682437,5,34903,683,1,Adiantado,0.20055236867506812
682511,5,34903,916,2,Equilibrado,0.004947246275916448
682539,5,34903,1099,2,Equilibrado,-0.01307418093133253
682569,5,34903,914,2,Equilibrado,-0.015070460616172584
682613,5,34903,114,2,Equilibrado,0.020112679040175555
682632,5,34903,812,1,Adiantado,0.11228964716188006
682695,5,34903,1045,1,Adiantado,0.264593434450149
682753,5,34903,861,1,Adiantado,0.09195246765984974
682839,5,34903,952,2,Equilibrado,-0.017861785273188654
682894,5,34903,470,1,Adiantado,0.20280555410464374
682963,5,34903,799,1,Adiantado,0.20212119761568123
682981,5,34903,846,1,Adiantado,0.08256709389853086
682983,5,34903,635,2,Equilibrado,0.057355501022315916
682990,5,34903,1483,1,Adiantado,0.21766280078245837
683033,5,34903,2266,1,Adiantado,0.255760389149052
683094,5,34903,434,2,Equilibrado,-0.023857495577302778
683178,5,34903,856,1,Adiantado,0.12117188042041903
683243,5,34903,139,2,Equilibrado,0.1790108901728019
683305,5,34903,53,1,Adiantado,0.21159532649344917
683346,5,34903,806,1,Adiantado,0.10896015013653507
683352,5,34903,579,2,Equilibrado,0.04877430100973797
683353,5,34903,1168,2,Equilibrado,0.007102484905326431
683375,5,34903,446,2,Equilibrado,-0.003700157640336353
683403,5,34903,885,1,Adiantado,0.28426784280023254
683467,5,34903,298,0,Tardio,0.2981006370615298
683530,5,34903,1218,1,Adiantado,0.23801249159136004
683550,5,34903,151,1,Adiantado,0.0229756745035991
683604,5,34903,954,1,Adiantado,0.10864142461739744
683624,5,34903,1831,1,Adiantado,0.25075486391246576
683820,5,34903,511,1,Adiantado,0.26659740912040775
683902,5,34903,55,1,Adiantado,0.095820735507761
683934,5,34903,573,1,Adiantado,0.04847082032434649
684013,5,34903,1378,1,Adiantado,0.12544461608724472
684183,5,34903,1166,1,Adiantado,0.07479097633941009
684311,5,34903,794,1,Adiantado,0.26317830999292535
684383,5,34903,831,1,Adiantado,0.2542271596368219
684386,5,34903,919,2,Equilibrado,0.0745597054248233
684592,5,34903,366,0,Tardio,0.21149905137080618
684671,5,34903,511,2,Equilibrado,0.13569812089202063
684675,5,34903,150,2,Equilibrado,0.21057600631279574
684882,5,34903,2299,1,Adiantado,0.1328130881113191
684981,5,34903,443,1,Adiantado,0.1768259820543227
685105,5,34903,164,2,Equilibrado,0.04105121567944074
685128,5,34903,311,2,Equilibrado,0.030203657446045695
685140,5,34903,74,0,Tardio,0.3781078093856193
685155,5,34903,982,1,Adiantado,0.16733576998364222
685212,5,34903,1224,2,Equilibrado,0.19520611215049125
685276,5,34903,669,2,Equilibrado,0.042237617770623154
685339,5,34903,1045,1,Adiantado,0.036583962886747784
685373,5,34903,810,1,Adiantado,0.20967825810290264
685378,5,34903,118,0,Tardio,0.4266142075813879
685410,5,34903,770,1,Adiantado,0.29058608502196986
685619,5,34903,777,0,Tardio,0.017302984767428684
685705,5,34903,925,1,Adiantado,0.10887570646553957
685708,5,34903,640,1,Adiantado,0.1568144145494646
685772,5,34903,1023,1,Adiantado,0.23920695685524035
685831,5,34903,304,1,Adiantado,0.1677055294585808
686065,5,34903,1324,2,Equilibrado,-0.023247476007677435
686317,5,34903,338,1,Adiantado,0.1112257933499227
686344,5,34903,1003,1,Adiantado,0.1474924703991486
686348,5,34903,677,1,Adiantado,0.2043460351217428
686498,5,34903,1365,2,Equilibrado,-0.01870595281254782
686522,5,34903,758,1,Adiantado,0.21977161905607562
686558,5,34903,172,2,Equilibrado,0.17274101479116497
686700,5,34903,87,0,Tardio,0.3301332532406595
686946,5,34903,110,2,Equilibrado,0.17011745911184814
687112,5,34903,96,0,Tardio,0.24085916737220692
687115,5,34903,55,0,Tardio,0.4043463508211376
687351,5,34903,641,2,Equilibrado,0.09408941621005612
687410,5,34903,414,1,Adiantado,0.12729219432710417
687434,5,34903,1843,1,Adiantado,0.277272729711966
687468,5,34903,906,1,Adiantado,0.3142256529378526
687485,5,34903,619,1,Adiantado,0.19544648283979552
687503,5,34903,1786,1,Adiantado,0.26092211894547934
687910,5,34903,841,1,Adiantado,0.26665790440981624
687930,5,34903,1104,1,Adiantado,0.2644033000164851
687931,5,34903,600,1,Adiantado,0.15413239875802703
687988,5,34903,1196,1,Adiantado,0.2660299570044666
688008,5,34903,822,1,Adiantado,0.20303936604297093
688127,5,34903,695,1,Adiantado,0.09287182505250162
688136,5,34903,1346,1,Adiantado,0.2797047897294341
688192,5,34903,886,1,Adiantado,0.09320919012804026
688265,5,34903,111,1,Adiantado,0.1666627994679329
688337,5,34903,164,1,Adiantado,0.045339210932687994
688543,5,34903,667,1,Adiantado,0.03435371686402373
688667,5,34903,2096,1,Adiantado,0.2242201030563644
688685,5,34903,164,2,Equilibrado,0.005010830212327978
688727,5,34903,1299,1,Adiantado,0.273667820378702
688891,5,34903,454,2,Equilibrado,0.09010393681630653
688895,5,34903,1786,1,Adiantado,0.1914089500655691
689005,5,34903,107,1,Adiantado,0.22881754628784168
689056,5,34903,68,0,Tardio,0.3826159137983584
689260,5,34903,496,1,Adiantado,0.16566690904387235
689280,5,34903,913,1,Adiantado,0.13814274645001787
689347,5,34903,431,1,Adiantado,0.043883100214923455
689796,5,34903,2911,1,Adiantado,0.2232196665477024
689832,5,34903,470,2,Equilibrado,0.061908783693079374
689855,5,34903,546,1,Adiantado,0.061949800975437855
689924,5,34903,148,1,Adiantado,0.16834288333168293
690075,5,34903,77,0,Tardio,0.3890969981875744
690198,5,34903,261,2,Equilibrado,0.05815706525130259
690628,5,34903,686,1,Adiantado,0.0641428236214975
690635,5,34903,180,1,Adiantado,0.1607941543448621
690746,5,34903,1368,1,Adiantado,0.3328063238188662
690872,5,34903,300,1,Adiantado,0.23655793556201343
691269,5,34903,323,1,Adiantado,0.150450914219485
691280,5,34903,9,2,Equilibrado,0.007606389341891014
691326,5,34903,1023,1,Adiantado,0.3040812450879422
691465,5,34903,667,1,Adiantado,0.15139924014172107
691699,5,34903,411,1,Adiantado,0.16482717687257464
691722,5,34903,926,1,Adiantado,0.19064367893108528
691873,5,34903,476,1,Adiantado,0.29471658327408606
691932,5,34903,1337,1,Adiantado,0.09640497519380303
692010,5,34903,1034,1,Adiantado,0.23435301489802302
692097,5,34903,1198,1,Adiantado,0.09501837292956244
692220,5,34903,430,1,Adiantado,0.24430889944863932
692301,5,34903,61,2,Equilibrado,0.08739347078443657
692334,5,34903,1782,2,Equilibrado,0.06312693041261117
692454,5,34903,425,1,Adiantado,0.0878938732097935
692612,5,34903,1077,1,Adiantado,0.2804393908461818
692893,5,34903,331,2,Equilibrado,0.008362090745918623
692962,5,34903,1354,1,Adiantado,0.09521942102022352
692968,5,34903,453,1,Adiantado,0.22690055532295336
693162,5,34903,1171,1,Adiantado,0.2827255826269667
693197,5,34903,496,1,Adiantado,0.08955906572891134
693236,5,34903,458,1,Adiantado,0.20280676870421097
693345,5,34903,469,0,Tardio,-0.0042580026276262265
693373,5,34903,514,2,Equilibrado,0.06563297418230703
693497,5,34903,703,1,Adiantado,0.27505756770832723
693519,5,34903,175,2,Equilibrado,0.16188481258118353
693628,5,34903,405,0,Tardio,-0.06418375882232318
693806,5,34903,1080,1,Adiantado,0.2630428986375762
693873,5,34903,178,0,Tardio,0.24367783832733497
693903,5,34903,507,1,Adiantado,0.0810999682527396
693907,5,34903,1032,1,Adiantado,0.20453912998651785
694144,5,34903,638,1,Adiantado,0.19136592693570417
694221,5,34903,20,1,Adiantado,0.029301273099397875
694428,5,34903,258,0,Tardio,0.3953352683880491
694622,5,34903,560,1,Adiantado,0.2821646727859191
694716,5,34903,385,2,Equilibrado,0.23033906969674836
694827,5,34903,756,1,Adiantado,0.1494387293323388
694836,5,34903,749,2,Equilibrado,0.07807837818741042
694848,5,34903,1299,2,Equilibrado,0.0033161920158077452
695090,5,34903,121,0,Tardio,0.3517204893981056
695169,5,34903,188,0,Tardio,0.3240059188147314
695471,5,34903,106,0,Tardio,0.3795360308735752
695485,5,34903,234,0,Tardio,-0.07413957717262334
695637,5,34903,493,1,Adiantado,0.2610351406796058
695729,5,34903,1673,1,Adiantado,0.19477735486866432
695803,5,34903,503,1,Adiantado,0.18108513369885293
695869,5,34903,1020,1,Adiantado,0.13733707634145767
696039,5,34903,90,0,Tardio,0.3953352683880491
696043,5,34903,586,1,Adiantado,0.16786078911399055
696082,5,34903,552,1,Adiantado,0.12227148078979314
696188,5,34903,290,0,Tardio,0.4061211517962951
696275,5,34903,1802,1,Adiantado,0.03699429358819819
696318,5,34903,674,1,Adiantado,0.2505734092623888
696329,5,34903,970,1,Adiantado,0.11838322085274675
696347,5,34903,1699,1,Adiantado,0.2813857777451363
696364,5,34903,322,1,Adiantado,0.019128743987292647
696659,5,34903,195,2,Equilibrado,0.0849913324922559
696662,5,34903,2145,1,Adiantado,0.21834112704938946
696666,5,34903,56,2,Equilibrado,0.11086122605208774
696671,5,34903,694,1,Adiantado,0.03036798494052512
696672,5,34903,93,1,Adiantado,0.12617010463766215
696678,5,34903,461,2,Equilibrado,0.047998116259993465
696729,5,34903,1065,1,Adiantado,0.26155190141491963
697114,5,34903,472,0,Tardio,0.21444193308709464
697255,5,34903,939,1,Adiantado,0.14106923131828727
697878,5,34903,343,1,Adiantado,0.28371817317114323
697998,5,34903,695,1,Adiantado,0.16955996989096933
698015,5,34903,498,2,Equilibrado,0.1355900933463984
698384,5,34903,780,1,Adiantado,0.16191111289761959
698485,5,34903,898,1,Adiantado,0.16637567127262626
698656,5,34903,314,2,Equilibrado,0.07149601134963356
699127,5,34903,43,0,Tardio,0.3953352683880491
699128,5,34903,361,1,Adiantado,0.19100168583662466
895524,5,34903,2627,1,Adiantado,0.1637125306092114
1042726,5,34903,12,0,Tardio,0.40160388049996537
1318759,5,34903,1155,2,Equilibrado,0.003995206463671631
1348205,5,34903,2177,1,Adiantado,0.10966089872710656
1391717,5,34903,583,1,Adiantado,0.16269242785548352
1413902,5,34903,501,1,Adiantado,0.20730022906704587
1448966,5,34903,304,0,Tardio,-0.028783933091343264
1450604,5,34903,737,1,Adiantado,0.21106289058514016
1473878,5,34903,591,1,Adiantado,0.044870571907952086
1501577,5,34903,611,1,Adiantado,0.27172379513798384
1585671,5,34903,1128,1,Adiantado,0.27549156591987317
1603549,5,34903,668,0,Tardio,0.03429430151203057
1639699,5,34903,620,1,Adiantado,0.1656509479080354
1658963,5,34903,640,1,Adiantado,0.12885733105580915
1677677,5,34903,1354,1,Adiantado,0.19176557124487847
1722493,5,34903,1435,1,Adiantado,0.28868331147041815
1755594,5,34903,799,1,Adiantado,0.10307941852976975
1810759,5,34903,705,2,Equilibrado,0.20266646635866073
1816458,5,34903,1871,1,Adiantado,0.31834595481129774
1817710,5,34903,967,1,Adiantado,0.25915845961324574
1836241,5,34903,1216,1,Adiantado,0.18967155493554932
1837138,5,34903,2710,1,Adiantado,0.2295516595590316
1871598,5,34903,3789,1,Adiantado,0.17560425390348308
1871684,5,34903,435,1,Adiantado,0.1682990426019863
1877902,5,34903,941,2,Equilibrado,-0.03352481676680033
1879321,5,34903,1636,1,Adiantado,0.2610531634590585
1881231,5,34903,598,1,Adiantado,0.18923033070553305
1887108,5,34903,1100,1,Adiantado,0.19079414079450832
1889752,5,34903,1293,1,Adiantado,0.29255528859032515
1948159,5,34903,855,2,Equilibrado,0.030977207560256917
1962049,5,34903,1803,1,Adiantado,0.07807993201775419
1972092,5,34903,1671,1,Adiantado,0.26219633722547286
1995177,5,34903,1352,1,Adiantado,0.22347361832648313
1998834,5,34903,30,2,Equilibrado,-0.017282772429648492
2017487,5,34903,1464,1,Adiantado,0.2226900110755445
2020628,5,34903,6384,1,Adiantado,0.2669030426047983
2035700,5,34903,1309,1,Adiantado,0.32652327202819276
2047575,5,34903,899,1,Adiantado,0.21762878070417843
2065972,5,34903,631,1,Adiantado,0.2280800100913079
2081123,5,34903,877,2,Equilibrado,0.03522066116081287
2096251,5,34903,922,1,Adiantado,0.2846532555859517
2106955,5,34903,1156,1,Adiantado,0.31723339873541917
2138970,5,34903,157,0,Tardio,0.35204837434743397
2140300,5,34903,1035,1,Adiantado,0.1507562680019857
2143312,5,34903,1897,1,Adiantado,0.22127676801430235
2143440,5,34903,614,2,Equilibrado,0.13163900935457395
2154361,5,34903,188,1,Adiantado,0.0867907919803441
2160316,5,34903,1276,1,Adiantado,0.1824542073823717
2180090,5,34903,2598,1,Adiantado,0.12095835674573852
2185729,5,34903,762,1,Adiantado,0.22285345159690578
2197766,5,34903,1221,1,Adiantado,0.09768226693210585
2254637,5,34903,924,1,Adiantado,0.19660415288228036
2274542,5,34903,1410,1,Adiantado,0.30181493648323354
2278101,5,34903,413,0,Tardio,0.15735494337494865
2293511,5,34903,725,1,Adiantado,0.21920364480394786
2298106,5,34903,676,0,Tardio,0.02081664923010864
2298895,5,34903,882,1,Adiantado,0.18317319239973442
2301830,5,34903,1748,1,Adiantado,0.15087670086593835
2306410,5,34903,446,1,Adiantado,0.16273991254042602
2332934,5,34903,90,0,Tardio,0.3573253722831877
2341420,5,34903,162,0,Tardio,0.1453805317904715
2343785,5,34903,673,1,Adiantado,0.2863480385806661
2351969,5,34903,104,0,Tardio,0.3953352683880491
2360559,5,34903,848,1,Adiantado,0.20111604413463804
2366656,5,34903,448,1,Adiantado,0.2263280092416717
2378208,5,34903,443,0,Tardio,-0.06861009312334068
2386732,5,34903,2138,1,Adiantado,0.2814722717676309
2399758,5,34903,716,1,Adiantado,0.29089627902925
2403701,5,34903,3816,1,Adiantado,0.16016712771163408
2417975,5,34903,1123,2,Equilibrado,0.1485614128559443
2424257,5,34903,798,2,Equilibrado,0.07239051078071412
2427845,5,34903,953,1,Adiantado,0.16807006274011743
2438784,5,34903,640,1,Adiantado,0.31001604113874015
2457440,5,34903,448,1,Adiantado,0.025594537221750337
2459292,5,34903,34,0,Tardio,0.06927725723741518
2482710,5,34903,2176,2,Equilibrado,0.01616892649065769
2486930,5,34903,154,0,Tardio,0.1863329783332979
2499307,5,34903,1066,1,Adiantado,0.30461561359795014
2519138,5,34903,761,1,Adiantado,0.08996063722047402
2529419,5,34903,1278,1,Adiantado,0.02896369232924179
2537777,5,34903,765,1,Adiantado,0.20491235623846712
2542209,5,34903,771,1,Adiantado,0.0802881714838635
2544643,5,34903,1590,1,Adiantado,0.17128811055127702
2544766,5,34903,315,0,Tardio,0.418789805704462
2546315,5,34903,1338,2,Equilibrado,-0.018745198398345805
2557008,5,34903,4003,1,Adiantado,0.21370203858831113
2559144,5,34903,320,2,Equilibrado,0.1962541660793364
2563095,5,34903,1724,2,Equilibrado,0.05351037320850778
2579891,5,34903,922,1,Adiantado,0.2068970717211463
2584244,5,34903,321,0,Tardio,0.3859806493963235
2597117,5,34903,1178,1,Adiantado,0.20067493423050814
2599883,5,34903,479,1,Adiantado,0.23385820377995173
2602542,5,34903,950,1,Adiantado,0.25806226123417625
2603027,5,34903,967,1,Adiantado,0.21761972941859292
2612102,5,34903,947,2,Equilibrado,-0.006499417898779822
2624028,5,34903,1217,1,Adiantado,0.32462561515064026
2641156,5,34903,162,0,Tardio,0.21871091284102237
2642532,5,34903,165,2,Equilibrado,0.04934023945647873
2649948,5,34903,339,2,Equilibrado,0.1265506552894897
2657913,5,34903,469,1,Adiantado,0.03601305488512261
2658856,5,34903,574,1,Adiantado,0.2676151586685448
2681198,5,34903,951,1,Adiantado,0.2875854121729951
2682682,5,34903,852,2,Equilibrado,0.03261372737402079
2683857,5,34903,2307,1,Adiantado,0.28177115206698433
2686035,5,34903,511,1,Adiantado,0.0678607697052099
2697921,5,34903,395,1,Adiantado,0.12989009718262573
